#include "picopad.h"

// format: compressed 8-bit paletted pixel graphics
// image width: 320 pixels
// image height: 240 lines
// image pitch: 320 bytes
const u16 Background_Pal[249] __attribute__ ((aligned(4))) = {
	0xDEFB, 0xDEFC, 0xE71B, 0xDF1C, 0xE6FB, 0xDF1B, 0xE6FC, 0xE719, 0xD739, 0xD75A, 0xE73C, 0x4C66, 0x4C86, 0x5467, 0x3C86, 0x4C48, 
	0x4485, 0x4445, 0x3C45, 0x3C43, 0x3C85, 0x4C88, 0x5487, 0xF6DD, 0x5465, 0xCF38, 0xA985, 0xA9A5, 0xD5B7, 0xE6BB, 0xB944, 0xF658, 
	0xC30B, 0xD3AE, 0xA185, 0xA185, 0xDF1C, 0xCCB2, 0xA9C6, 0xA185, 0xCDF6, 0xDF7D, 0xED34, 0xBA27, 0xB30B, 0xA985, 0xE6BA, 0xB34C, 
	0xB207, 0xD5D5, 0xDEBA, 0xE6F9, 0xDC30, 0xA9A6, 0xA1A5, 0xC42F, 0xE71C, 0xA9A6, 0xD5F7, 0xA289, 0xCAAA, 0xF637, 0xC2AA, 0xAA48, 
	0xAA28, 0xCDB5, 0xE71C, 0xE6DC, 0xA964, 0xD3EF, 0xF6BA, 0xDF1B, 0xE6FB, 0xDF1B, 0x9985, 0xA985, 0xDE9A, 0xE553, 0xE71B, 0xB207, 
	0xBC10, 0xC430, 0xCDD6, 0xC2CA, 0xEE18, 0xE71C, 0xFE18, 0xCAEB, 0xAA07, 0xD554, 0xE6DB, 0xBCB1, 0xA9C6, 0xDEBA, 0xFEDA, 0xE4F3, 
	0xB2CA, 0xDE79, 0xAB2B, 0xDD54, 0xE3CF, 0xDEDB, 0xC5B6, 0xBAA9, 0xEDF7, 0xFDB6, 0xCACA, 0xAA07, 0xCD33, 0xB430, 0xC3AE, 0xECD3, 
	0xB2EA, 0xDE18, 0xDE38, 0xD6B9, 0xA9E6, 0xDD13, 0xFE37, 0xDB6C, 0xBBAD, 0xC554, 0xA1E7, 0xE5D8, 0xC533, 0xCAAA, 0xA9E7, 0xC4F2, 
	0xDEFB, 0xA1C6, 0xC3AD, 0xEE7B, 0xB2A9, 0xB2AA, 0x9185, 0xB1C6, 0xD4D2, 0xA9C6, 0xBB8D, 0x0000, 0xBB6D, 0xDE99, 0xDCB1, 0xDDF6, 
	0xAA89, 0xF699, 0xCB6D, 0xAA07, 0xCDB6, 0xA9E7, 0xD38D, 0xF6FA, 0xC289, 0xDE17, 0xE492, 0xEE7A, 0xE6B9, 0xB38D, 0xE6DA, 0xE6FA, 
	0xBA48, 0xFE99, 0xDB6E, 0xC492, 0xAA27, 0xF679, 0xCB0B, 0xFF1B, 0xF595, 0xB248, 0xC5B5, 0xBC2F, 0xA9A5, 0xD42F, 0xF73C, 0xED74, 
	0xE595, 0xEF5E, 0xDBAE, 0xA227, 0xBACA, 0xEE58, 0x9945, 0xCD14, 0xB471, 0xCBCE, 0xDE9A, 0xF491, 0xB289, 0xD5F7, 0xAB0C, 0xE3AD, 
	0xC595, 0xD5B5, 0xFCF4, 0xD2A9, 0xC450, 0xD67A, 0xB44F, 0xA1A5, 0xBB0B, 0xDE39, 0xB9E6, 0xCD75, 0xA165, 0xCC0F, 0xCE99, 0xD638, 
	0xCCF2, 0xB289, 0xB2EB, 0xE638, 0xDEDA, 0x9492, 0x8410, 0xB269, 0x9CF3, 0xE659, 0xA534, 0x8430, 0xBB4C, 0xB5B6, 0xC679, 0xBDD7, 
	0xC36D, 0xC638, 0xCE79, 0xD6BA, 0x8C71, 0xDEDB, 0x8B6D, 0x838E, 0x7D0E, 0xC678, 0x83CE, 0xCE99, 0x4C67, 0xB616, 0x4466, 0xD5B6, 
	0x83EF, 0x9D14, 0xBBCE, 0xD638, 0xB820, 0x4C65, 0xCCF3, 0xC471, 0xDD95, 
};

const u8 Background[25432] __attribute__ ((aligned(4))) = {
	0xA9, 0x00, 0x00, 0x38, 0x8F, 0x00, 0x00, 0x01, 0x84, 0x00, 0x01, 0x02, 0x01, 0x85, 0x00, 0x00, 
	0x02, 0x8A, 0x00, 0x00, 0x38, 0x87, 0x00, 0x03, 0x04, 0x00, 0x00, 0x01, 0x86, 0x00, 0x00, 0x38, 
	0x80, 0x00, 0x00, 0x02, 0x82, 0x00, 0x05, 0x38, 0x00, 0x01, 0x00, 0x00, 0x47, 0x82, 0x00, 0x03, 
	0x38, 0x00, 0x00, 0x01, 0x84, 0x00, 0x00, 0x47, 0x82, 0x00, 0x00, 0x02, 0x80, 0x00, 0x02, 0x01, 
	0x00, 0x02, 0x94, 0x00, 0x00, 0x01, 0x90, 0x00, 0x00, 0x02, 0x8B, 0x00, 0x00, 0x02, 0x81, 0x00, 
	0x00, 0x01, 0x82, 0x00, 0x00, 0x38, 0x83, 0x00, 0x00, 0x01, 0x91, 0x00, 0x00, 0x02, 0x88, 0x00, 
	0x00, 0x38, 0x9A, 0x00, 0x00, 0x38, 0x88, 0x00, 0x01, 0x38, 0x01, 0x80, 0x00, 0x02, 0x00, 0x00, 
	0x47, 0x80, 0x00, 0x01, 0x01, 0x38, 0x89, 0x00, 0x00, 0x47, 0x84, 0x00, 0x00, 0x38, 0x8E, 0x00, 
	0x00, 0x01, 0x8B, 0x00, 0x00, 0x38, 0x8A, 0x00, 0x00, 0x38, 0x83, 0x00, 0x00, 0x01, 0x84, 0x00, 
	0x00, 0x38, 0x8D, 0x00, 0x00, 0x24, 0x85, 0x00, 0x00, 0x38, 0x84, 0x00, 0x00, 0x01, 0x91, 0x00, 
	0x00, 0x02, 0xA9, 0x00, 0x03, 0x38, 0x00, 0x00, 0x01, 0x81, 0x00, 0x00, 0x38, 0x81, 0x00, 0x00, 
	0x38, 0x89, 0x00, 0x00, 0x38, 0x85, 0x00, 0x03, 0x01, 0x00, 0x00, 0x02, 0x84, 0x00, 0x00, 0x24, 
	0x87, 0x00, 0x00, 0x38, 0x83, 0x00, 0x00, 0x01, 0x84, 0x00, 0x00, 0x01, 0x89, 0x00, 0x00, 0x01, 
	0x84, 0x00, 0x00, 0x38, 0x88, 0x00, 0x02, 0x38, 0x00, 0x01, 0x85, 0x00, 0x00, 0x38, 0x8A, 0x00, 
	0x80, 0x00, 0x00, 0x38, 0x83, 0x00, 0x03, 0x47, 0x00, 0x00, 0x01, 0x83, 0x00, 0x00, 0x38, 0x81, 
	0x00, 0x00, 0x01, 0x81, 0x00, 0x00, 0x47, 0x81, 0x00, 0x00, 0x47, 0x80, 0x00, 0x00, 0x38, 0x96, 
	0x00, 0x00, 0x47, 0x8A, 0x00, 0x02, 0x38, 0x00, 0x47, 0x81, 0x00, 0x00, 0x01, 0x87, 0x00, 0x00, 
	0x24, 0x8C, 0x00, 0x00, 0x38, 0x82, 0x00, 0x00, 0x02, 0x83, 0x00, 0x00, 0x01, 0x88, 0x00, 0x00, 
	0x38, 0x82, 0x00, 0x00, 0x01, 0x87, 0x00, 0x02, 0x38, 0x00, 0x01, 0x83, 0x00, 0x00, 0x47, 0x94, 
	0x00, 0x00, 0x47, 0x95, 0x00, 0x00, 0x38, 0x85, 0x00, 0x00, 0x01, 0x85, 0x00, 0x02, 0x38, 0x00, 
	0x01, 0x81, 0x00, 0x00, 0x38, 0x84, 0x00, 0x00, 0x01, 0x84, 0x00, 0x00, 0x02, 0x82, 0x00, 0x00, 
	0x02, 0x86, 0x00, 0x00, 0x38, 0x81, 0x00, 0x00, 0x01, 0xA9, 0x00, 0x87, 0x00, 0x00, 0x38, 0x89, 
	0x00, 0x00, 0x24, 0x83, 0x00, 0x00, 0x38, 0x8B, 0x00, 0x01, 0x47, 0x38, 0x8F, 0x00, 0x00, 0x38, 
	0x82, 0x00, 0x00, 0x01, 0x92, 0x00, 0x00, 0x38, 0x86, 0x00, 0x00, 0x38, 0x87, 0x00, 0x09, 0x01, 
	0x00, 0x00, 0x47, 0x00, 0x00, 0x01, 0x00, 0x00, 0x38, 0x84, 0x00, 0x00, 0x02, 0x80, 0x00, 0x00, 
	0x38, 0x83, 0x00, 0x00, 0x47, 0x82, 0x00, 0x00, 0x38, 0x86, 0x00, 0x00, 0x47, 0x82, 0x00, 0x00, 
	0x38, 0x99, 0x00, 0x00, 0x38, 0x82, 0x00, 0x04, 0x38, 0x80, 0x00, 0x00, 0x38, 0x81, 0x00, 0x00, 
	0x38, 0x88, 0x00, 0x01, 0x02, 0x01, 0x8E, 0x00, 0x00, 0x47, 0x80, 0x00, 0x01, 0x38, 0x80, 0x81, 
	0x00, 0x00, 0x38, 0x86, 0x00, 0x00, 0x38, 0x8D, 0x00, 0x00, 0x02, 0x91, 0x00, 0x00, 0x38, 0x86, 
	0x00, 0x00, 0x38, 0x87, 0x00, 0x01, 0x38, 0x00, 0x01, 0x00, 0x38, 0x80, 0x00, 0x00, 0x24, 0x86, 
	0x00, 0x00, 0x01, 0x8F, 0x00, 0x00, 0x38, 0x8B, 0x00, 0x05, 0x01, 0x00, 0x00, 0x01, 0x00, 0x38, 
	0x81, 0x00, 0x00, 0x01, 0x80, 0x00, 0x06, 0x47, 0x00, 0x00, 0x01, 0x00, 0x00, 0x02, 0x83, 0x00, 
	0x01, 0x80, 0x38, 0x84, 0x00, 0x01, 0x01, 0x02, 0x88, 0x00, 0x02, 0x01, 0x00, 0x02, 0x83, 0x00, 
	0x00, 0x38, 0x87, 0x00, 0x00, 0x02, 0x83, 0x00, 0x01, 0x47, 0x01, 0x95, 0x00, 0x01, 0x38, 0x01, 
	0x84, 0x00, 0x00, 0x47, 0x9C, 0x00, 0x00, 0x01, 0x8F, 0x00, 0x00, 0x38, 0x89, 0x00, 0x03, 0x47, 
	0x00, 0x00, 0x01, 0x83, 0x00, 0x00, 0x01, 0x89, 0x00, 0x00, 0x01, 0x81, 0x00, 0x00, 0x38, 0x80, 
	0x00, 0x00, 0x24, 0x95, 0x00, 0x00, 0x38, 0x82, 0x00, 0x00, 0x38, 0x8C, 0x00, 0x00, 0x38, 0x86, 
	0x00, 0x00, 0x38, 0x83, 0x00, 0x80, 0x00, 0x06, 0x24, 0x00, 0x00, 0x04, 0x47, 0x00, 0x01, 0x89, 
	0x00, 0x00, 0x38, 0x8E, 0x00, 0x01, 0x02, 0x01, 0x99, 0x00, 0x00, 0x01, 0x80, 0x00, 0x00, 0x38, 
	0x8E, 0x00, 0x04, 0x01, 0x00, 0x00, 0x02, 0x01, 0x85, 0x00, 0x00, 0x38, 0x91, 0x00, 0x00, 0x01, 
	0x85, 0x00, 0x03, 0x01, 0x00, 0x00, 0x38, 0x80, 0x00, 0x00, 0x01, 0x81, 0x00, 0x00, 0x01, 0x8D, 
	0x00, 0x00, 0x01, 0x80, 0x00, 0x00, 0x38, 0x97, 0x00, 0x03, 0x38, 0x00, 0x00, 0x01, 0x81, 0x00, 
	0x00, 0x38, 0x81, 0x00, 0x00, 0x38, 0x81, 0x00, 0x00, 0x01, 0x85, 0x00, 0x00, 0x38, 0x86, 0x00, 
	0x03, 0x01, 0x00, 0x00, 0x02, 0x81, 0x00, 0x03, 0x01, 0x47, 0x00, 0x01, 0x81, 0x00, 0x02, 0x02, 
	0x00, 0x01, 0x86, 0x00, 0x00, 0x38, 0x93, 0x00, 0x02, 0x47, 0x00, 0x38, 0x80, 0x00, 0x00, 0x24, 
	0x83, 0x00, 0x00, 0x47, 0x94, 0x00, 0x05, 0x00, 0x00, 0x04, 0x00, 0x00, 0x01, 0x88, 0x00, 0x02, 
	0x01, 0x02, 0x24, 0x8C, 0x00, 0x00, 0x38, 0x80, 0x00, 0x00, 0x01, 0x81, 0x00, 0x00, 0x38, 0x84, 
	0x00, 0x01, 0x02, 0x24, 0x80, 0x00, 0x00, 0x01, 0x86, 0x00, 0x00, 0x02, 0x8E, 0x00, 0x00, 0x38, 
	0x89, 0x00, 0x00, 0x38, 0x85, 0x00, 0x00, 0x01, 0x81, 0x00, 0x01, 0x38, 0x47, 0x8F, 0x00, 0x00, 
	0x38, 0x8D, 0x00, 0x02, 0x38, 0x00, 0x01, 0x88, 0x00, 0x00, 0x02, 0x9A, 0x00, 0x00, 0x47, 0x8F, 
	0x00, 0x00, 0x02, 0x83, 0x00, 0x00, 0x47, 0x82, 0x00, 0x00, 0x38, 0x80, 0x00, 0x00, 0x02, 0x81, 
	0x00, 0x00, 0x01, 0x82, 0x00, 0x02, 0x01, 0x00, 0x02, 0x87, 0x00, 0x00, 0x47, 0x8C, 0x00, 0x00, 
	0x24, 0x86, 0x00, 0x00, 0x38, 0x8F, 0x00, 0x00, 0x38, 0x8C, 0x00, 0x01, 0x01, 0x02, 0x81, 0x00, 
	0x80, 0x00, 0x03, 0x01, 0x00, 0x00, 0x38, 0x93, 0x00, 0x00, 0x38, 0x99, 0x00, 0x00, 0x47, 0x82, 
	0x00, 0x02, 0x38, 0x00, 0x47, 0x80, 0x00, 0x00, 0x01, 0x80, 0x00, 0x00, 0x47, 0x83, 0x00, 0x00, 
	0x38, 0x83, 0x00, 0x00, 0x01, 0x8F, 0x00, 0x01, 0x01, 0x02, 0x83, 0x00, 0x00, 0x01, 0x80, 0x00, 
	0x00, 0x38, 0x83, 0x00, 0x00, 0x02, 0x80, 0x00, 0x00, 0x47, 0x86, 0x00, 0x01, 0x02, 0x01, 0x81, 
	0x00, 0x00, 0x01, 0x82, 0x00, 0x00, 0x02, 0xAA, 0x00, 0x00, 0x38, 0x82, 0x00, 0x04, 0x38, 0x80, 
	0x00, 0x00, 0x38, 0x90, 0x00, 0x02, 0x47, 0x00, 0x01, 0x85, 0x00, 0x01, 0x02, 0x01, 0x86, 0x00, 
	0x00, 0x38, 0x8E, 0x00, 0x00, 0x01, 0x82, 0x00, 0x03, 0x24, 0x00, 0x00, 0x38, 0x82, 0x00, 0x01, 
	0x01, 0x24, 0x83, 0x00, 0x00, 0x38, 0x8A, 0x00, 0x00, 0x38, 0x82, 0x00, 0x03, 0x47, 0x00, 0x00, 
	0x24, 0x82, 0x00, 0x8B, 0x00, 0x04, 0x38, 0x47, 0x00, 0x00, 0x01, 0x8D, 0x00, 0x00, 0x01, 0x82, 
	0x00, 0x02, 0x47, 0x00, 0x38, 0x83, 0x00, 0x02, 0x01, 0x02, 0x01, 0x81, 0x00, 0x00, 0x04, 0x85, 
	0x00, 0x00, 0x38, 0x8C, 0x00, 0x00, 0x38, 0xA3, 0x00, 0x00, 0x47, 0x85, 0x00, 0x00, 0x38, 0x80, 
	0x00, 0x00, 0x01, 0x87, 0x00, 0x00, 0x02, 0x82, 0x00, 0x00, 0x01, 0x86, 0x00, 0x03, 0x38, 0x00, 
	0x00, 0x01, 0x9D, 0x00, 0x00, 0x01, 0x97, 0x00, 0x00, 0x38, 0x9F, 0x00, 0x00, 0x38, 0x82, 0x00, 
	0x03, 0x01, 0x00, 0x02, 0x24, 0x81, 0x00, 0x00, 0x04, 0x89, 0x00, 0x00, 0x02, 0x85, 0x00, 0x00, 
	0x38, 0x8C, 0x00, 0x02, 0x38, 0x00, 0x04, 0x83, 0x00, 0x02, 0x00, 0x00, 0x01, 0x83, 0x00, 0x00, 
	0x38, 0x86, 0x00, 0x00, 0x02, 0x82, 0x00, 0x00, 0x01, 0x82, 0x00, 0x00, 0x02, 0x8C, 0x00, 0x00, 
	0x38, 0x83, 0x00, 0x00, 0x02, 0x80, 0x00, 0x00, 0x01, 0x80, 0x00, 0x00, 0x01, 0x86, 0x00, 0x00, 
	0x38, 0x85, 0x00, 0x00, 0x01, 0x8D, 0x00, 0x02, 0x38, 0x00, 0x47, 0x84, 0x00, 0x02, 0x01, 0x00, 
	0x02, 0x85, 0x00, 0x02, 0x01, 0x00, 0x38, 0x80, 0x00, 0x02, 0x01, 0x00, 0x38, 0x81, 0x00, 0x00, 
	0x01, 0x81, 0x00, 0x00, 0x01, 0x85, 0x00, 0x00, 0x01, 0x87, 0x00, 0x00, 0x38, 0x80, 0x00, 0x00, 
	0x24, 0xA3, 0x00, 0x03, 0x38, 0x00, 0x00, 0x01, 0x81, 0x00, 0x00, 0x38, 0x81, 0x00, 0x03, 0x38, 
	0x00, 0x00, 0x47, 0x94, 0x00, 0x00, 0x38, 0x8A, 0x00, 0x00, 0x38, 0x80, 0x00, 0x00, 0x47, 0x8C, 
	0x00, 0x00, 0x01, 0x93, 0x00, 0x00, 0x24, 0x86, 0x00, 0x00, 0x38, 0x83, 0x00, 0x00, 0x01, 0x80, 
	0x00, 0x01, 0x38, 0x00, 0x05, 0x00, 0x02, 0x00, 0x01, 0x00, 0x47, 0x83, 0x00, 0x00, 0x38, 0x95, 
	0x00, 0x00, 0x38, 0x8A, 0x00, 0x00, 0x01, 0x8D, 0x00, 0x00, 0x38, 0x82, 0x00, 0x00, 0x47, 0x82, 
	0x00, 0x01, 0x02, 0x01, 0x9B, 0x00, 0x07, 0x01, 0x00, 0x02, 0x01, 0x00, 0x02, 0x47, 0x01, 0x88, 
	0x00, 0x00, 0x02, 0x81, 0x00, 0x08, 0x02, 0x00, 0x00, 0x01, 0x00, 0x00, 0x24, 0x38, 0x02, 0x86, 
	0x00, 0x00, 0x01, 0xA8, 0x00, 0x00, 0x47, 0x8E, 0x00, 0x00, 0x38, 0x81, 0x00, 0x00, 0x38, 0x87, 
	0x00, 0x00, 0x02, 0x88, 0x00, 0x00, 0x01, 0x80, 0x00, 0x05, 0x38, 0x00, 0x00, 0x47, 0x00, 0x01, 
	0x8C, 0x00, 0x00, 0x38, 0x82, 0x00, 0x03, 0x47, 0x01, 0x00, 0x02, 0x81, 0x00, 0x00, 0x38, 0x8B, 
	0x00, 0x00, 0x04, 0x80, 0x00, 0x00, 0x38, 0x84, 0x00, 0x01, 0x38, 0x01, 0x81, 0x00, 0x00, 0x01, 
	0x80, 0x00, 0x86, 0x00, 0x02, 0x47, 0x00, 0x01, 0x9F, 0x00, 0x01, 0x01, 0x47, 0x85, 0x00, 0x02, 
	0x02, 0x01, 0x47, 0x80, 0x00, 0x00, 0x38, 0x86, 0x00, 0x02, 0x01, 0x00, 0x38, 0x85, 0x00, 0x00, 
	0x02, 0x8D, 0x00, 0x00, 0x01, 0x83, 0x00, 0x00, 0x38, 0x8F, 0x00, 0x00, 0x38, 0x8B, 0x00, 0x00, 
	0x02, 0x82, 0x00, 0x04, 0x01, 0x00, 0x00, 0x47, 0x01, 0x80, 0x00, 0x00, 0x02, 0x86, 0x00, 0x00, 
	0x38, 0xA2, 0x00, 0x00, 0x38, 0x82, 0x00, 0x04, 0x38, 0x80, 0x00, 0x00, 0x38, 0x90, 0x00, 0x00, 
	0x01, 0x84, 0x00, 0x00, 0x38, 0x8F, 0x00, 0x02, 0x01, 0x00, 0x38, 0x99, 0x00, 0x01, 0x47, 0x38, 
	0x90, 0x00, 0x00, 0x47, 0x84, 0x00, 0x01, 0x00, 0x38, 0x95, 0x00, 0x00, 0x38, 0x8C, 0x00, 0x00, 
	0x38, 0x83, 0x00, 0x01, 0x02, 0x01, 0x8E, 0x00, 0x00, 0x01, 0x8A, 0x00, 0x00, 0x01, 0x81, 0x00, 
	0x00, 0x38, 0x80, 0x00, 0x00, 0x01, 0x8B, 0x00, 0x00, 0x47, 0x82, 0x00, 0x02, 0x38, 0x00, 0x01, 
	0x8D, 0x00, 0x00, 0x01, 0x98, 0x00, 0x00, 0x38, 0xA7, 0x00, 0x00, 0x01, 0x90, 0x00, 0x00, 0x01, 
	0x82, 0x00, 0x00, 0x38, 0x8F, 0x00, 0x01, 0x02, 0x01, 0x84, 0x00, 0x00, 0x38, 0x84, 0x00, 0x03, 
	0x38, 0x00, 0x00, 0x01, 0x8C, 0x00, 0x07, 0x01, 0x04, 0x00, 0x24, 0x00, 0x06, 0x01, 0x04, 0x81, 
	0x00, 0x00, 0x38, 0x91, 0x00, 0x03, 0x38, 0x00, 0x00, 0xEE, 0x89, 0x00, 0x00, 0x01, 0x8D, 0x00, 
	0x00, 0x38, 0x85, 0x00, 0x00, 0x38, 0x86, 0x00, 0x00, 0x01, 0x8B, 0x00, 0x00, 0x38, 0x81, 0x00, 
	0x00, 0x47, 0x83, 0x00, 0x00, 0x38, 0xAB, 0x00, 0x00, 0x38, 0x82, 0x00, 0x00, 0x38, 0x82, 0x00, 
	0x00, 0x38, 0x80, 0x00, 0x00, 0x01, 0x85, 0x00, 0x00, 0x38, 0x84, 0x00, 0x01, 0x01, 0x38, 0x85, 
	0x00, 0x02, 0x47, 0x00, 0x01, 0xA2, 0x00, 0x03, 0x38, 0x00, 0x00, 0x01, 0x81, 0x00, 0x00, 0x38, 
	0x86, 0x00, 0x00, 0x02, 0x91, 0x00, 0x00, 0x38, 0x86, 0x00, 0x00, 0x38, 0x84, 0x00, 0x00, 0x38, 
	0x82, 0x00, 0x01, 0x02, 0x01, 0x81, 0x00, 0x0E, 0x38, 0x00, 0x00, 0x01, 0x38, 0x00, 0x00, 0x02, 
	0x02, 0x00, 0x00, 0x03, 0x03, 0x04, 0x48, 0x89, 0x00, 0x06, 0x38, 0x00, 0x00, 0x01, 0x00, 0x00, 
	0x02, 0x88, 0x00, 0x00, 0x0B, 0x84, 0x00, 0x00, 0x01, 0x80, 0x00, 0x00, 0x02, 0x83, 0x00, 0x04, 
	0x01, 0x00, 0x00, 0x47, 0x38, 0x80, 0x00, 0x00, 0x47, 0x8A, 0x00, 0x00, 0x38, 0x82, 0x00, 0x01, 
	0x01, 0x02, 0x81, 0x00, 0x07, 0x38, 0x47, 0x00, 0x00, 0x04, 0x00, 0x00, 0x38, 0x84, 0x00, 0x00, 
	0x38, 0x85, 0x00, 0x00, 0x38, 0x81, 0x00, 0x00, 0x38, 0x90, 0x00, 0x00, 0x38, 0x86, 0x00, 0x00, 
	0x47, 0x89, 0x00, 0x00, 0x24, 0x82, 0x00, 0x05, 0x02, 0x00, 0x00, 0x01, 0x00, 0x38, 0x87, 0x00, 
	0x00, 0x01, 0x82, 0x00, 0x00, 0x02, 0x84, 0x00, 0x00, 0x01, 0xA7, 0x00, 0x00, 0x47, 0x93, 0x00, 
	0x00, 0x38, 0x82, 0x00, 0x06, 0x01, 0x00, 0x00, 0x02, 0x00, 0x00, 0x47, 0x87, 0x00, 0x02, 0x01, 
	0x00, 0x38, 0x82, 0x00, 0x01, 0x01, 0x02, 0x84, 0x00, 0x00, 0x01, 0x92, 0x00, 0x07, 0x01, 0x42, 
	0x00, 0x00, 0x47, 0x00, 0x00, 0x01, 0x86, 0x00, 0x00, 0x24, 0x83, 0x00, 0x02, 0x47, 0x38, 0x01, 
	0x81, 0x00, 0x00, 0xEE, 0x80, 0x00, 0x04, 0x38, 0x00, 0x00, 0x01, 0x02, 0x88, 0x00, 0x00, 0x02, 
	0x82, 0x00, 0x00, 0x38, 0x9C, 0x00, 0x00, 0x01, 0x89, 0x00, 0x00, 0x38, 0x8D, 0x00, 0x06, 0x38, 
	0x00, 0x00, 0x01, 0x47, 0x00, 0x38, 0x94, 0x00, 0x00, 0x38, 0x82, 0x00, 0x04, 0x01, 0x00, 0x04, 
	0x00, 0x47, 0x80, 0x00, 0x03, 0x01, 0x00, 0x00, 0x47, 0x89, 0x00, 0x00, 0x02, 0x85, 0x00, 0x00, 
	0x24, 0x81, 0x00, 0x00, 0x02, 0x82, 0x00, 0x00, 0x01, 0xA5, 0x00, 0x00, 0x38, 0x82, 0x00, 0x04, 
	0x38, 0x80, 0x00, 0x00, 0x38, 0x87, 0x00, 0x01, 0x01, 0x47, 0x9C, 0x00, 0x02, 0x47, 0x00, 0x01, 
	0x83, 0x00, 0x00, 0x01, 0x86, 0x00, 0x00, 0x38, 0x86, 0x00, 0x05, 0x0B, 0x00, 0x38, 0x00, 0x0B, 
	0x0B, 0x80, 0x00, 0x03, 0x01, 0x47, 0x00, 0xEC, 0x84, 0x0B, 0x03, 0xEC, 0x0B, 0x0B, 0xEE, 0x80, 
	0x00, 0x01, 0x0B, 0x0B, 0x81, 0x00, 0x00, 0x02, 0x8A, 0x00, 0x00, 0x01, 0x80, 0x00, 0x02, 0x01, 
	0x06, 0x01, 0x86, 0x00, 0x00, 0x38, 0x87, 0x00, 0x00, 0x38, 0x8E, 0x00, 0x02, 0x47, 0x01, 0x02, 
	0x85, 0x00, 0x00, 0x01, 0x85, 0x00, 0x00, 0x47, 0x80, 0x00, 0x00, 0x01, 0x89, 0x00, 0x00, 0x38, 
	0x86, 0x00, 0x02, 0x38, 0x00, 0x01, 0x88, 0x00, 0x00, 0x01, 0x88, 0x00, 0x00, 0x47, 0x81, 0x00, 
	0x00, 0x38, 0x85, 0x00, 0x00, 0x38, 0x8A, 0x00, 0x00, 0x38, 0xA7, 0x00, 0x00, 0x01, 0x8B, 0x00, 
	0x00, 0x01, 0x86, 0x00, 0x03, 0x38, 0x00, 0x00, 0x01, 0x83, 0x00, 0x00, 0x01, 0x80, 0x00, 0x00, 
	0x38, 0x86, 0x00, 0x00, 0x38, 0x89, 0x00, 0x00, 0x02, 0x84, 0x00, 0x00, 0x01, 0x88, 0x00, 0x05, 
	0x47, 0x11, 0x0B, 0xEE, 0x00, 0x00, 0x80, 0x0B, 0x81, 0x00, 0x85, 0x0B, 0x05, 0x0C, 0x0B, 0xEE, 
	0xEC, 0x00, 0x00, 0x81, 0x0B, 0x02, 0x00, 0x00, 0x01, 0x8F, 0x00, 0x06, 0x38, 0x47, 0x06, 0x00, 
	0x00, 0x01, 0x38, 0x88, 0x00, 0x01, 0x38, 0x47, 0x8A, 0x00, 0x02, 0x38, 0x00, 0x47, 0x84, 0x00, 
	0x02, 0x01, 0x38, 0x80, 0x82, 0x00, 0x00, 0x38, 0x8C, 0x00, 0x00, 0x02, 0x80, 0x00, 0x01, 0x47, 
	0x38, 0x88, 0x00, 0x00, 0x38, 0x8A, 0x00, 0x04, 0x38, 0x00, 0x00, 0x47, 0x38, 0x82, 0x00, 0x01, 
	0x02, 0x01, 0x82, 0x00, 0x00, 0x38, 0x88, 0x00, 0x00, 0x01, 0x83, 0x00, 0x03, 0x01, 0x00, 0x00, 
	0x47, 0x80, 0x00, 0x00, 0x38, 0xAC, 0x00, 0x03, 0x38, 0x00, 0x00, 0x01, 0x81, 0x00, 0x00, 0x38, 
	0x80, 0x00, 0x00, 0x47, 0x8C, 0x00, 0x00, 0x38, 0x82, 0x00, 0x00, 0x02, 0x96, 0x00, 0x01, 0x01, 
	0x47, 0x80, 0x00, 0x00, 0x04, 0x84, 0x00, 0x00, 0x38, 0x82, 0x00, 0x81, 0x0B, 0x04, 0xEC, 0x00, 
	0xEE, 0x0B, 0x0B, 0x81, 0x00, 0x01, 0x0C, 0xEC, 0x80, 0x0B, 0x00, 0x0C, 0x80, 0x0B, 0x03, 0xEE, 
	0x0B, 0x00, 0x00, 0x82, 0x0B, 0x82, 0x00, 0x00, 0x01, 0x89, 0x00, 0x00, 0x01, 0x81, 0x00, 0x01, 
	0x05, 0x03, 0x82, 0x00, 0x00, 0x38, 0x89, 0x00, 0x00, 0x01, 0x8D, 0x00, 0x03, 0x38, 0x00, 0x00, 
	0x47, 0x9B, 0x00, 0x00, 0x47, 0x85, 0x00, 0x00, 0x24, 0x93, 0x00, 0x00, 0x01, 0x8A, 0x00, 0x00, 
	0x38, 0x81, 0x00, 0x05, 0x01, 0x00, 0x02, 0x00, 0x00, 0x01, 0xB6, 0x00, 0x00, 0x47, 0x89, 0x00, 
	0x00, 0x38, 0x83, 0x00, 0x00, 0x38, 0x85, 0x00, 0x00, 0x01, 0x85, 0x00, 0x00, 0x47, 0x81, 0x00, 
	0x00, 0x38, 0x87, 0x00, 0x07, 0x38, 0x00, 0x00, 0x80, 0x38, 0x00, 0x00, 0x04, 0x82, 0x00, 0x01, 
	0x80, 0x47, 0x86, 0x00, 0x04, 0x01, 0x00, 0x0C, 0x0B, 0xEC, 0x85, 0x0B, 0x01, 0xEE, 0xEC, 0x84, 
	0x0B, 0x05, 0xEC, 0x0B, 0x0B, 0xEE, 0x0B, 0xEC, 0x83, 0x0B, 0x83, 0x00, 0x00, 0x02, 0x80, 0x00, 
	0x80, 0x1A, 0x84, 0x00, 0x07, 0x02, 0x00, 0x00, 0x05, 0x01, 0x00, 0x00, 0x01, 0x80, 0x00, 0x00, 
	0x47, 0x98, 0x00, 0x00, 0x38, 0x8B, 0x00, 0x00, 0x38, 0x80, 0x00, 0x00, 0x47, 0x8C, 0x00, 0x00, 
	0x38, 0x83, 0x00, 0x00, 0x01, 0x82, 0x00, 0x00, 0x38, 0x81, 0x00, 0x01, 0x01, 0x47, 0x89, 0x00, 
	0x00, 0x02, 0x88, 0x00, 0x00, 0x01, 0x82, 0x00, 0x00, 0x47, 0x86, 0x00, 0x00, 0x38, 0x84, 0x00, 
	0x02, 0x02, 0x01, 0x01, 0xAD, 0x00, 0x00, 0x38, 0x82, 0x00, 0x01, 0x38, 0x80, 0x80, 0x00, 0x00, 
	0x38, 0x89, 0x00, 0x03, 0x24, 0x04, 0x00, 0x38, 0x9F, 0x00, 0x02, 0x47, 0x47, 0x01, 0x81, 0x00, 
	0x05, 0x47, 0x00, 0x00, 0x38, 0x00, 0x00, 0x85, 0x0B, 0x00, 0xEC, 0x8B, 0x0B, 0x02, 0xEC, 0x0B, 
	0x0C, 0x83, 0x0B, 0x01, 0x00, 0x38, 0x83, 0x00, 0x05, 0xBA, 0x6B, 0x1A, 0x1A, 0x2D, 0x2D, 0x85, 
	0x00, 0x01, 0x38, 0x05, 0x80, 0x00, 0x00, 0x01, 0x89, 0x00, 0x00, 0x38, 0x80, 0x00, 0x00, 0x47, 
	0x80, 0x00, 0x04, 0x47, 0x00, 0x00, 0x38, 0x01, 0x84, 0x00, 0x00, 0x01, 0x90, 0x00, 0x00, 0x38, 
	0x81, 0x00, 0x01, 0x38, 0x01, 0x8A, 0x00, 0x00, 0x02, 0x8A, 0x00, 0x00, 0x38, 0x81, 0x00, 0x00, 
	0x01, 0x85, 0x00, 0x00, 0x38, 0x82, 0x00, 0x00, 0x38, 0x82, 0x00, 0x00, 0x01, 0x81, 0x00, 0x00, 
	0x38, 0x8E, 0x00, 0x00, 0x02, 0xAD, 0x00, 0x00, 0x01, 0x90, 0x00, 0x00, 0x01, 0x87, 0x00, 0x00, 
	0x38, 0x87, 0x00, 0x00, 0x38, 0x81, 0x00, 0x00, 0x38, 0x82, 0x00, 0x00, 0x47, 0x82, 0x00, 0x01, 
	0x38, 0x47, 0x81, 0x00, 0x00, 0x47, 0x86, 0x00, 0x89, 0x0B, 0x07, 0xEC, 0x0C, 0x0B, 0xEE, 0x0B, 
	0x0B, 0x0C, 0xEC, 0x83, 0x0B, 0x06, 0xEC, 0x0B, 0x0B, 0xEE, 0x0B, 0x0B, 0xEE, 0x02, 0x00, 0x00, 
	0x47, 0x82, 0x00, 0x00, 0xF2, 0x82, 0x1A, 0x86, 0x00, 0x00, 0x49, 0x90, 0x00, 0x00, 0x01, 0x81, 
	0x00, 0x00, 0x38, 0x88, 0x00, 0x01, 0x01, 0x02, 0x9D, 0x00, 0x01, 0x01, 0x38, 0x82, 0x00, 0x00, 
	0x01, 0x83, 0x00, 0x00, 0x38, 0x99, 0x00, 0x00, 0x38, 0x83, 0x00, 0x00, 0x01, 0x89, 0x00, 0x00, 
	0x38, 0xB6, 0x00, 0x03, 0x38, 0x00, 0x00, 0x01, 0x81, 0x00, 0x00, 0x38, 0x8D, 0x00, 0x00, 0x01, 
	0x82, 0x00, 0x01, 0x38, 0x01, 0x82, 0x00, 0x00, 0x01, 0x83, 0x00, 0x00, 0x47, 0x82, 0x00, 0x00, 
	0x38, 0x84, 0x00, 0x03, 0x01, 0x00, 0x00, 0x80, 0x85, 0x00, 0x00, 0xEC, 0x80, 0x0B, 0x01, 0xEC, 
	0x0C, 0x85, 0x0B, 0x00, 0xEE, 0x80, 0x0B, 0x00, 0xEC, 0x81, 0x0B, 0x01, 0xEE, 0xEE, 0x83, 0x0B, 
	0x02, 0xEC, 0x0B, 0x0B, 0x83, 0x00, 0x02, 0x01, 0xCF, 0x26, 0x82, 0x1A, 0x00, 0x2D, 0x85, 0x00, 
	0x00, 0x48, 0x80, 0x00, 0x01, 0x02, 0x38, 0x80, 0x00, 0x02, 0x47, 0x00, 0x01, 0x80, 0x00, 0x00, 
	0x47, 0x8B, 0x00, 0x05, 0x01, 0x02, 0x00, 0x00, 0x01, 0x02, 0x85, 0x00, 0x01, 0x47, 0x38, 0x82, 
	0x00, 0x06, 0x01, 0x00, 0x00, 0x38, 0x00, 0x00, 0x01, 0x81, 0x00, 0x00, 0x38, 0x81, 0x00, 0x00, 
	0x38, 0x84, 0x00, 0x00, 0x38, 0x85, 0x00, 0x00, 0x01, 0x83, 0x00, 0x01, 0x01, 0x02, 0x83, 0x00, 
	0x00, 0x02, 0x82, 0x00, 0x00, 0x38, 0x8B, 0x00, 0x01, 0x02, 0x01, 0x86, 0x00, 0x00, 0x47, 0xB7, 
	0x00, 0x00, 0x47, 0x8F, 0x00, 0x00, 0x38, 0x81, 0x00, 0x00, 0x38, 0x8E, 0x00, 0x00, 0x01, 0x80, 
	0x00, 0x00, 0x04, 0x88, 0x00, 0x03, 0x38, 0x00, 0x00, 0x01, 0x84, 0x00, 0x00, 0x38, 0x80, 0x00, 
	0x8A, 0x0B, 0x00, 0xEC, 0x86, 0x0B, 0x01, 0xEC, 0x0C, 0x86, 0x0B, 0x0A, 0x04, 0x02, 0x06, 0x06, 
	0x00, 0x01, 0x00, 0xC8, 0x2D, 0x1A, 0x22, 0x81, 0x1A, 0x81, 0x00, 0x05, 0x0A, 0x01, 0x24, 0x06, 
	0x06, 0x01, 0x83, 0x00, 0x00, 0x38, 0x82, 0x00, 0x00, 0x38, 0x80, 0x00, 0x00, 0x01, 0x84, 0x00, 
	0x00, 0x38, 0x8C, 0x00, 0x02, 0x01, 0x00, 0x38, 0x84, 0x00, 0x00, 0x02, 0x82, 0x00, 0x02, 0x02, 
	0x00, 0x01, 0x81, 0x00, 0x00, 0x02, 0x82, 0x00, 0x00, 0x47, 0x81, 0x00, 0x00, 0x01, 0x89, 0x00, 
	0x00, 0x38, 0x80, 0x00, 0x00, 0x01, 0x81, 0x00, 0x00, 0x38, 0x86, 0x00, 0x00, 0x38, 0x80, 0x00, 
	0x00, 0x47, 0x85, 0x00, 0x03, 0x01, 0x00, 0x00, 0x38, 0x87, 0x00, 0x02, 0x01, 0x00, 0x38, 0xB6, 
	0x00, 0x00, 0x38, 0x82, 0x00, 0x04, 0x38, 0x80, 0x00, 0x00, 0x38, 0x88, 0x00, 0x04, 0x02, 0x38, 
	0x00, 0x00, 0x47, 0x81, 0x00, 0x04, 0x01, 0x00, 0x00, 0x02, 0x38, 0x92, 0x00, 0x00, 0x02, 0x80, 
	0x00, 0x01, 0x01, 0x01, 0x82, 0x00, 0x84, 0x0B, 0x00, 0x0C, 0x85, 0x0B, 0x00, 0x0C, 0x81, 0x0B, 
	0x00, 0x0C, 0x81, 0x0B, 0x00, 0xEC, 0x81, 0x0B, 0x02, 0xEE, 0x0B, 0x0B, 0x06, 0x49, 0x01, 0x00, 
	0x02, 0x00, 0x00, 0x6C, 0x84, 0x1A, 0x09, 0x2D, 0x2D, 0x00, 0x00, 0x04, 0x05, 0x38, 0x06, 0x03, 
	0x03, 0x87, 0x00, 0x00, 0x38, 0x83, 0x00, 0x00, 0x01, 0x81, 0x00, 0x00, 0x24, 0x82, 0x00, 0x00, 
	0x38, 0x95, 0x00, 0x00, 0x47, 0x82, 0x00, 0x02, 0x38, 0x00, 0x47, 0x87, 0x00, 0x00, 0x38, 0x84, 
	0x00, 0x03, 0x01, 0x00, 0x00, 0x47, 0x89, 0x00, 0x00, 0x24, 0x8B, 0x00, 0x00, 0x38, 0x81, 0x00, 
	0x03, 0x38, 0x00, 0x00, 0x02, 0x88, 0x00, 0x00, 0x38, 0xBA, 0x00, 0x00, 0x01, 0x91, 0x00, 0x00, 
	0x01, 0xA5, 0x00, 0x03, 0x02, 0x00, 0x00, 0x01, 0x80, 0x00, 0x85, 0x0B, 0x00, 0xEC, 0x82, 0x0B, 
	0x00, 0xEC, 0x81, 0x0B, 0x00, 0xEE, 0x87, 0x0B, 0x03, 0xEC, 0x0B, 0x0B, 0xEE, 0x0C, 0x03, 0x00, 
	0x03, 0x03, 0x24, 0xBA, 0x58, 0x1A, 0x2D, 0x2D, 0x60, 0x1A, 0x22, 0x80, 0x1A, 0x0B, 0x00, 0x00, 
	0x04, 0x05, 0x05, 0x06, 0x01, 0x01, 0x42, 0x01, 0x00, 0x02, 0x8B, 0x00, 0x00, 0x02, 0x8C, 0x00, 
	0x00, 0x38, 0x84, 0x00, 0x00, 0x38, 0x85, 0x00, 0x01, 0x01, 0x38, 0x88, 0x00, 0x00, 0x01, 0x9F, 
	0x00, 0x02, 0x01, 0x00, 0x38, 0x83, 0x00, 0x00, 0x02, 0x81, 0x00, 0x00, 0x47, 0x96, 0x00, 0x00, 
	0x38, 0xB5, 0x00, 0x03, 0x38, 0x00, 0x00, 0x01, 0x80, 0x00, 0x03, 0x01, 0x02, 0x00, 0x01, 0x89, 
	0x00, 0x00, 0x38, 0x89, 0x00, 0x00, 0x38, 0x87, 0x00, 0x00, 0x38, 0x83, 0x00, 0x00, 0x01, 0x87, 
	0x00, 0x00, 0x38, 0x86, 0x0B, 0x00, 0x0C, 0x87, 0x0B, 0x00, 0xEC, 0x83, 0x0B, 0x00, 0x0C, 0x83, 
	0x0B, 0x05, 0x49, 0x38, 0x05, 0x00, 0x00, 0xF2, 0x80, 0x1A, 0x04, 0x39, 0xF3, 0x51, 0x2D, 0x2D, 
	0x80, 0x1A, 0x0B, 0x00, 0x03, 0x04, 0x05, 0x00, 0x00, 0x05, 0x00, 0x05, 0x00, 0x00, 0x38, 0x81, 
	0x00, 0x00, 0x0A, 0x8C, 0x00, 0x00, 0x38, 0xA4, 0x00, 0x03, 0x38, 0x00, 0x00, 0x01, 0x82, 0x00, 
	0x00, 0x47, 0x81, 0x00, 0x03, 0x01, 0x00, 0x02, 0x24, 0x81, 0x00, 0x00, 0x38, 0x83, 0x00, 0x01, 
	0x01, 0x47, 0x85, 0x00, 0x00, 0x38, 0x87, 0x00, 0x00, 0x38, 0x8A, 0x00, 0x02, 0x01, 0x00, 0x02, 
	0xBB, 0x00, 0x00, 0x47, 0x88, 0x00, 0x01, 0x47, 0x38, 0x8D, 0x00, 0x00, 0x38, 0x81, 0x00, 0x00, 
	0x01, 0x84, 0x00, 0x00, 0x01, 0x8A, 0x00, 0x00, 0x38, 0x87, 0x00, 0x83, 0x0B, 0x00, 0xEC, 0x84, 
	0x0B, 0x00, 0x0C, 0x81, 0x0B, 0x00, 0x0C, 0x81, 0x0B, 0x00, 0xEC, 0x85, 0x0B, 0x00, 0xEE, 0x0B, 
	0x05, 0x00, 0x0A, 0x00, 0xEF, 0x27, 0x2D, 0x1A, 0x1A, 0xC4, 0x00, 0x32, 0x80, 0x1A, 0x0B, 0x2D, 
	0x2D, 0x00, 0x00, 0x04, 0x49, 0x00, 0x00, 0x49, 0x00, 0x02, 0x01, 0x85, 0x00, 0x03, 0x01, 0x00, 
	0x00, 0x38, 0x83, 0x00, 0x00, 0x38, 0x8C, 0x00, 0x01, 0x38, 0x24, 0x9B, 0x00, 0x00, 0x02, 0x97, 
	0x00, 0x00, 0x38, 0x88, 0x00, 0x00, 0x01, 0x8D, 0x00, 0x01, 0x01, 0x38, 0xC5, 0x00, 0x00, 0x38, 
	0x81, 0x00, 0x01, 0x01, 0x02, 0x81, 0x00, 0x00, 0x38, 0x98, 0x00, 0x00, 0x02, 0x95, 0x00, 0x86, 
	0x0B, 0x00, 0x0C, 0x81, 0x0B, 0x00, 0xEC, 0x81, 0x0B, 0x00, 0xEE, 0x85, 0x0B, 0x00, 0x0C, 0x81, 
	0x0B, 0x04, 0x04, 0x00, 0x00, 0xE5, 0xBC, 0x80, 0x1A, 0x05, 0xD7, 0xE5, 0x02, 0x00, 0xA3, 0x2D, 
	0x81, 0x1A, 0x0A, 0x00, 0x0A, 0x04, 0x49, 0x04, 0x04, 0x05, 0x00, 0x01, 0x01, 0x02, 0x83, 0x00, 
	0x00, 0x47, 0x8B, 0x00, 0x00, 0x24, 0x89, 0x00, 0x01, 0x01, 0x02, 0x87, 0x00, 0x03, 0x01, 0x00, 
	0x00, 0x38, 0x86, 0x00, 0x00, 0x47, 0x80, 0x00, 0x00, 0x01, 0x80, 0x00, 0x00, 0x38, 0x81, 0x00, 
	0x02, 0x01, 0x00, 0x38, 0x87, 0x00, 0x00, 0x38, 0x93, 0x00, 0x00, 0x38, 0x91, 0x00, 0x00, 0x47, 
	0xBC, 0x00, 0x00, 0x01, 0x8B, 0x00, 0x00, 0x38, 0x89, 0x00, 0x00, 0x24, 0x87, 0x00, 0x00, 0x01, 
	0x80, 0x00, 0x00, 0x38, 0x80, 0x00, 0x00, 0x38, 0x80, 0x00, 0x00, 0x47, 0x88, 0x00, 0x01, 0x01, 
	0x00, 0x82, 0x0B, 0x00, 0x0C, 0x82, 0x0B, 0x00, 0xEC, 0x80, 0x0B, 0x03, 0xEE, 0x0B, 0x0B, 0xEC, 
	0x84, 0x0B, 0x02, 0xEE, 0x0B, 0xEC, 0x80, 0x0B, 0x00, 0xEE, 0x04, 0x00, 0x0A, 0x00, 0xF7, 0x2D, 
	0x80, 0x1A, 0x09, 0xF8, 0x0A, 0x48, 0x06, 0xE5, 0x1A, 0x1A, 0x2D, 0x2D, 0x1A, 0x80, 0x00, 0x00, 
	0x05, 0x82, 0x00, 0x00, 0x02, 0x82, 0x00, 0x03, 0x38, 0x00, 0x00, 0x01, 0x80, 0x00, 0x00, 0x38, 
	0x82, 0x00, 0x03, 0x01, 0x47, 0x02, 0x01, 0x81, 0x00, 0x01, 0x01, 0x04, 0x84, 0x00, 0x00, 0x01, 
	0x8E, 0x00, 0x00, 0x38, 0x84, 0x00, 0x00, 0x01, 0x82, 0x00, 0x00, 0x01, 0x80, 0x00, 0x00, 0x01, 
	0x86, 0x00, 0x00, 0x38, 0x87, 0x00, 0x00, 0x24, 0x95, 0x00, 0x00, 0x01, 0x80, 0x00, 0x04, 0x47, 
	0x00, 0x01, 0x04, 0x38, 0xC4, 0x00, 0x00, 0x38, 0x89, 0x00, 0x00, 0x01, 0x83, 0x00, 0x00, 0x01, 
	0x85, 0x00, 0x01, 0x02, 0x01, 0x85, 0x00, 0x00, 0x01, 0x92, 0x00, 0x8D, 0x0B, 0x01, 0x0C, 0xEC, 
	0x80, 0x0B, 0x00, 0x0C, 0x81, 0x0B, 0x00, 0xEC, 0x81, 0x0B, 0x02, 0x0C, 0x0B, 0x0B, 0x07, 0x00, 
	0x00, 0xCF, 0x26, 0x2D, 0x2D, 0x1A, 0x78, 0x81, 0x00, 0x01, 0x38, 0xF6, 0x81, 0x1A, 0x05, 0x2D, 
	0x00, 0x0A, 0x0A, 0x01, 0x00, 0x81, 0x0A, 0x01, 0x02, 0x0A, 0x90, 0x00, 0x01, 0x01, 0x02, 0x87, 
	0x00, 0x01, 0x01, 0x02, 0x84, 0x00, 0x01, 0x38, 0x47, 0x80, 0x00, 0x00, 0x38, 0x8F, 0x00, 0x06, 
	0x02, 0x01, 0x00, 0x00, 0x04, 0x00, 0x01, 0x8D, 0x00, 0x02, 0x47, 0x00, 0x04, 0x85, 0x00, 0x00, 
	0x38, 0x83, 0x00, 0x00, 0x38, 0x85, 0x00, 0x00, 0x47, 0xCB, 0x00, 0x00, 0x47, 0x84, 0x00, 0x00, 
	0x38, 0x87, 0x00, 0x00, 0x01, 0x91, 0x00, 0x06, 0x02, 0x00, 0x00, 0x01, 0x00, 0x00, 0x01, 0x86, 
	0x00, 0x00, 0x38, 0x83, 0x00, 0x06, 0x0B, 0xEE, 0x0B, 0x0B, 0x0C, 0x0B, 0xEC, 0x86, 0x0B, 0x00, 
	0xEE, 0x89, 0x0B, 0x00, 0xEC, 0x80, 0x0B, 0x00, 0xEE, 0x02, 0x00, 0x00, 0x2C, 0x80, 0x1A, 0x0C, 
	0x95, 0xBA, 0x00, 0x05, 0x03, 0x00, 0x05, 0x80, 0x1A, 0x1B, 0x2D, 0x1A, 0x1A, 0x8A, 0xD6, 0x02, 
	0x00, 0x00, 0x38, 0x81, 0x00, 0x06, 0x02, 0x01, 0x04, 0x24, 0x00, 0x00, 0x38, 0x80, 0x00, 0x00, 
	0x24, 0x88, 0x00, 0x00, 0x01, 0x84, 0x00, 0x00, 0x38, 0x85, 0x00, 0x00, 0x01, 0x84, 0x00, 0x00, 
	0x38, 0x87, 0x00, 0x02, 0x02, 0x00, 0x47, 0x88, 0x00, 0x00, 0x38, 0x8A, 0x00, 0x01, 0x01, 0x38, 
	0x87, 0x00, 0x00, 0x01, 0x88, 0x00, 0x00, 0x01, 0x82, 0x00, 0x00, 0x38, 0x81, 0x00, 0x00, 0x38, 
	0xC0, 0x00, 0x00, 0x38, 0x83, 0x00, 0x00, 0x47, 0x84, 0x00, 0x01, 0x02, 0x01, 0x86, 0x00, 0x00, 
	0x01, 0x88, 0x00, 0x02, 0x24, 0x00, 0x02, 0x8E, 0x00, 0x03, 0x0B, 0x0B, 0xEC, 0xEE, 0x87, 0x0B, 
	0x00, 0xEC, 0x82, 0x0B, 0x03, 0xEE, 0x0B, 0x0B, 0xEC, 0x87, 0x0B, 0x08, 0x00, 0xB7, 0x1A, 0x1A, 
	0x2D, 0x2D, 0xF6, 0x00, 0x04, 0x82, 0x00, 0x00, 0x41, 0x82, 0x1A, 0x89, 0xD6, 0x01, 0x02, 0x06, 
	0x93, 0x00, 0x00, 0x01, 0x80, 0x00, 0x00, 0x02, 0x83, 0x00, 0x00, 0x01, 0x92, 0x00, 0x00, 0x01, 
	0x85, 0x00, 0x00, 0x01, 0x86, 0x00, 0x00, 0x24, 0x87, 0x00, 0x03, 0x01, 0x00, 0x02, 0x24, 0x8A, 
	0x00, 0x02, 0x02, 0x00, 0x01, 0x84, 0x00, 0x06, 0x01, 0x00, 0x02, 0x00, 0x00, 0x01, 0x47, 0xC7, 
	0x00, 0x00, 0x01, 0x86, 0x00, 0x03, 0x38, 0x00, 0x00, 0x01, 0x88, 0x00, 0x00, 0x02, 0x87, 0x00, 
	0x02, 0x24, 0x00, 0x04, 0x85, 0x00, 0x00, 0x38, 0x88, 0x00, 0x02, 0x0B, 0x0B, 0x0C, 0x88, 0x0B, 
	0x06, 0x0C, 0xEE, 0x0B, 0xEC, 0x0B, 0x0C, 0xEC, 0x85, 0x0B, 0x00, 0x0C, 0x81, 0x0B, 0x01, 0xBA, 
	0x58, 0x80, 0x1A, 0x06, 0xD2, 0x00, 0x06, 0x05, 0x00, 0x05, 0x04, 0x80, 0x00, 0x81, 0x1A, 0x00, 
	0x1B, 0x80, 0xD6, 0x02, 0x1A, 0x2D, 0x2D, 0x81, 0x1A, 0x06, 0xD6, 0xD6, 0x02, 0x00, 0x47, 0x00, 
	0x38, 0x80, 0x00, 0x03, 0x06, 0xCE, 0xD6, 0xD6, 0x82, 0x00, 0x00, 0x38, 0x88, 0x00, 0x00, 0x01, 
	0x85, 0x00, 0x00, 0x38, 0x85, 0x00, 0x0A, 0x38, 0x00, 0x47, 0x00, 0x01, 0x00, 0x01, 0x00, 0x00, 
	0x02, 0x01, 0x98, 0x00, 0x00, 0x38, 0x8A, 0x00, 0x00, 0x01, 0x82, 0x00, 0x00, 0x01, 0x80, 0x00, 
	0x01, 0x38, 0x47, 0x8F, 0x00, 0x01, 0x24, 0x38, 0xC0, 0x00, 0x03, 0x38, 0x00, 0x00, 0x01, 0x8A, 
	0x00, 0x00, 0x47, 0x82, 0x00, 0x00, 0x01, 0x85, 0x00, 0x00, 0x38, 0x80, 0x00, 0x00, 0x01, 0x80, 
	0x00, 0x00, 0x38, 0x82, 0x00, 0x00, 0x24, 0x82, 0x00, 0x03, 0x65, 0x38, 0x00, 0x00, 0x80, 0x0B, 
	0x00, 0x00, 0x81, 0x0B, 0x00, 0xEC, 0x82, 0x0B, 0x02, 0xEC, 0x0B, 0xEE, 0x88, 0x0B, 0x00, 0xEC, 
	0x82, 0x0B, 0x00, 0xF2, 0x81, 0x1A, 0x1B, 0xF3, 0x00, 0x01, 0x00, 0x04, 0x04, 0x38, 0x05, 0x00, 
	0x00, 0xBD, 0x1A, 0x1A, 0x2D, 0x1A, 0x1A, 0xD6, 0xD6, 0x2D, 0x1A, 0x22, 0x1A, 0x2D, 0xF4, 0x2D, 
	0xD6, 0xD6, 0x0A, 0x84, 0x00, 0x00, 0xDD, 0x80, 0xD6, 0x01, 0x04, 0x24, 0x82, 0x00, 0x00, 0x01, 
	0x82, 0x00, 0x00, 0x38, 0x8D, 0x00, 0x00, 0x38, 0x85, 0x00, 0x00, 0x02, 0x86, 0x00, 0x03, 0x01, 
	0x00, 0x02, 0x01, 0x89, 0x00, 0x00, 0x38, 0x88, 0x00, 0x00, 0x01, 0x85, 0x00, 0x04, 0x02, 0x00, 
	0x01, 0x00, 0x02, 0x84, 0x00, 0x00, 0x38, 0x80, 0x00, 0x00, 0x38, 0x81, 0x00, 0x00, 0x38, 0xC9, 
	0x00, 0x00, 0x47, 0x8E, 0x00, 0x00, 0x38, 0x89, 0x00, 0x00, 0x38, 0x80, 0x00, 0x00, 0x01, 0x82, 
	0x00, 0x00, 0x47, 0x8B, 0x00, 0x03, 0x01, 0x00, 0x47, 0xEC, 0x80, 0x00, 0x81, 0x0B, 0x00, 0xEE, 
	0x85, 0x0B, 0x01, 0x0C, 0xF5, 0x84, 0x0B, 0x02, 0x0C, 0x0B, 0xEE, 0x80, 0x0B, 0x00, 0x00, 0x00, 
	0x2D, 0x80, 0x1A, 0x04, 0xC4, 0x00, 0x00, 0x38, 0x01, 0x80, 0x00, 0x0D, 0x04, 0x47, 0x00, 0x00, 
	0x2D, 0x1A, 0x1A, 0x2D, 0x1A, 0xF0, 0xD6, 0x1A, 0x2D, 0x2D, 0x81, 0x1A, 0x02, 0xD6, 0xD6, 0x0A, 
	0x82, 0x00, 0x05, 0x4E, 0xF1, 0xD6, 0xD6, 0xD5, 0xD6, 0x83, 0x00, 0x00, 0x47, 0x8A, 0x00, 0x01, 
	0x38, 0x24, 0x8F, 0x00, 0x01, 0x01, 0x47, 0x83, 0x00, 0x00, 0x01, 0x90, 0x00, 0x00, 0x24, 0x85, 
	0x00, 0x01, 0x01, 0x02, 0x89, 0x00, 0x00, 0x01, 0x8A, 0x00, 0x00, 0x47, 0x83, 0x00, 0x00, 0x38, 
	0x81, 0x00, 0x01, 0x01, 0x47, 0xC3, 0x00, 0x00, 0x38, 0x82, 0x00, 0x02, 0x38, 0x00, 0x47, 0x82, 
	0x00, 0x00, 0x01, 0x85, 0x00, 0x00, 0x38, 0x80, 0x00, 0x00, 0x01, 0x80, 0x00, 0x00, 0x02, 0x97, 
	0x00, 0x01, 0x0B, 0x0C, 0x80, 0x0B, 0x07, 0xEC, 0xEE, 0x0B, 0xEE, 0x11, 0x0B, 0x0B, 0x0C, 0x81, 
	0x0B, 0x00, 0x0C, 0x84, 0x0B, 0x03, 0xEC, 0x0B, 0x00, 0x00, 0x81, 0x1A, 0x00, 0xE5, 0x80, 0x00, 
	0x0D, 0x01, 0x05, 0x00, 0x49, 0x48, 0x49, 0x00, 0x00, 0xCF, 0x2D, 0x2D, 0x1A, 0x1A, 0x2D, 0x87, 
	0xD6, 0x00, 0x0A, 0x81, 0x00, 0x07, 0xE3, 0xE4, 0xD6, 0xD6, 0xDA, 0x00, 0xD6, 0x01, 0x81, 0x00, 
	0x00, 0x01, 0x83, 0x00, 0x00, 0x38, 0x81, 0x00, 0x00, 0x01, 0x88, 0x00, 0x00, 0x38, 0x84, 0x00, 
	0x00, 0x38, 0x82, 0x00, 0x00, 0x01, 0x82, 0x00, 0x02, 0x02, 0x00, 0x01, 0x80, 0x00, 0x00, 0x47, 
	0x8C, 0x00, 0x00, 0x01, 0x80, 0x00, 0x00, 0x02, 0x85, 0x00, 0x00, 0x38, 0x84, 0x00, 0x04, 0x47, 
	0x00, 0x38, 0x00, 0x01, 0x82, 0x00, 0x00, 0x01, 0x82, 0x00, 0x00, 0x01, 0xCC, 0x00, 0x00, 0x01, 
	0x82, 0x00, 0x00, 0x01, 0x82, 0x00, 0x00, 0x38, 0x81, 0x00, 0x03, 0x47, 0x00, 0x00, 0x02, 0x8B, 
	0x00, 0x00, 0x01, 0x82, 0x00, 0x01, 0x38, 0x47, 0x82, 0x00, 0x00, 0x38, 0x80, 0x00, 0x00, 0x38, 
	0x86, 0x00, 0x80, 0x0B, 0x05, 0x0D, 0xEC, 0xEC, 0x0B, 0x0B, 0xEE, 0x85, 0x0B, 0x00, 0x0C, 0x81, 
	0x0B, 0x81, 0x00, 0x80, 0x1A, 0x00, 0xEF, 0x82, 0x00, 0x04, 0x02, 0x00, 0x04, 0x00, 0x02, 0x80, 
	0x00, 0x00, 0x2D, 0x81, 0x1A, 0x02, 0xF0, 0xD6, 0xD6, 0x82, 0x1A, 0x03, 0xD6, 0xD6, 0x00, 0x38, 
	0x80, 0x00, 0x0B, 0xDB, 0xD6, 0xD6, 0xDF, 0x00, 0x00, 0xD6, 0x00, 0x00, 0x02, 0x00, 0x01, 0x90, 
	0x00, 0x01, 0x47, 0x38, 0x8B, 0x00, 0x00, 0x02, 0x80, 0x00, 0x00, 0x24, 0x82, 0x00, 0x00, 0x01, 
	0x80, 0x00, 0x00, 0x38, 0x8B, 0x00, 0x00, 0x38, 0x9E, 0x00, 0x04, 0x02, 0x00, 0x01, 0x00, 0x47, 
	0x84, 0x00, 0x01, 0x02, 0x01, 0xC7, 0x00, 0x02, 0x38, 0x00, 0x24, 0x89, 0x00, 0x00, 0x38, 0x82, 
	0x00, 0x02, 0x47, 0x00, 0x38, 0x83, 0x00, 0x00, 0x38, 0x81, 0x00, 0x00, 0x38, 0x94, 0x00, 0x00, 
	0x0C, 0x88, 0x0B, 0x00, 0xEC, 0x84, 0x0B, 0x00, 0x05, 0x82, 0x00, 0x0C, 0x1A, 0x1A, 0x1B, 0x00, 
	0x0A, 0x00, 0x01, 0x05, 0x00, 0x00, 0x02, 0x00, 0x49, 0x81, 0x00, 0x00, 0xBA, 0x80, 0x1A, 0x0A, 
	0x2D, 0x2D, 0xD6, 0xD6, 0x2D, 0x2D, 0x1A, 0x1A, 0x2D, 0xD6, 0xD6, 0x80, 0x00, 0x00, 0xE3, 0x80, 
	0xD6, 0x00, 0xE1, 0x80, 0x00, 0x04, 0xD6, 0x47, 0x01, 0x00, 0x04, 0x81, 0x00, 0x03, 0x47, 0x00, 
	0x00, 0x38, 0x87, 0x00, 0x00, 0x47, 0x82, 0x00, 0x01, 0x47, 0x01, 0x90, 0x00, 0x00, 0x02, 0x88, 
	0x00, 0x00, 0x38, 0x91, 0x00, 0x02, 0x38, 0x00, 0x01, 0x83, 0x00, 0x00, 0x01, 0x8B, 0x00, 0x00, 
	0x38, 0xCF, 0x00, 0x00, 0x47, 0x86, 0x00, 0x00, 0x38, 0x8F, 0x00, 0x00, 0x24, 0x8B, 0x00, 0x03, 
	0x38, 0x00, 0x00, 0x01, 0x8B, 0x00, 0x01, 0x0B, 0x0C, 0x81, 0x0B, 0x00, 0xED, 0x80, 0x00, 0x03, 
	0x0B, 0x0B, 0xEE, 0x38, 0x81, 0x0B, 0x00, 0x04, 0x83, 0x00, 0x07, 0x1A, 0x1A, 0xBA, 0x00, 0x05, 
	0x04, 0x01, 0x05, 0x80, 0x00, 0x03, 0x04, 0x00, 0x00, 0x04, 0x80, 0x00, 0x80, 0x2D, 0x02, 0x1A, 
	0x27, 0xEA, 0x8A, 0xD6, 0x01, 0xDB, 0xE2, 0x81, 0x00, 0x00, 0xD6, 0x86, 0x00, 0x00, 0x38, 0x85, 
	0x00, 0x00, 0x38, 0x84, 0x00, 0x00, 0x38, 0x81, 0x00, 0x01, 0x47, 0x38, 0x84, 0x00, 0x03, 0x01, 
	0x00, 0x02, 0x38, 0x83, 0x00, 0x00, 0x01, 0x84, 0x00, 0x00, 0x38, 0x88, 0x00, 0x00, 0x47, 0x80, 
	0x00, 0x00, 0x38, 0x81, 0x00, 0x00, 0x47, 0x84, 0x00, 0x00, 0x01, 0x81, 0x00, 0x00, 0x02, 0x8F, 
	0x00, 0x00, 0x47, 0x82, 0x00, 0x00, 0x38, 0xC8, 0x00, 0x00, 0x47, 0x8B, 0x00, 0x00, 0x38, 0x83, 
	0x00, 0x00, 0x38, 0x88, 0x00, 0x00, 0x38, 0x83, 0x00, 0x00, 0x01, 0x81, 0x00, 0x00, 0x01, 0x89, 
	0x00, 0x81, 0x0B, 0x0D, 0xEB, 0x42, 0x01, 0x00, 0x00, 0x0B, 0x0B, 0xEC, 0x00, 0x00, 0x0B, 0x0B, 
	0x04, 0x38, 0x83, 0x00, 0x07, 0x1A, 0x95, 0x00, 0x0A, 0x00, 0x00, 0x01, 0x01, 0x80, 0x00, 0x00, 
	0x38, 0x81, 0x00, 0x07, 0x49, 0x00, 0x32, 0x22, 0x1A, 0x2D, 0x1A, 0x2D, 0x81, 0xD6, 0x01, 0x1A, 
	0x1A, 0x84, 0xD6, 0x00, 0xE3, 0x82, 0x00, 0x02, 0xD6, 0x00, 0x02, 0x80, 0x00, 0x00, 0x47, 0x99, 
	0x00, 0x02, 0x47, 0x00, 0x38, 0x80, 0x00, 0x00, 0x01, 0x83, 0x00, 0x00, 0x38, 0x84, 0x00, 0x00, 
	0x01, 0x82, 0x00, 0x00, 0x01, 0x8E, 0x00, 0x00, 0x38, 0x85, 0x00, 0x03, 0x38, 0x00, 0x00, 0x01, 
	0x83, 0x00, 0x01, 0x47, 0x01, 0x82, 0x00, 0x01, 0x01, 0x47, 0xDD, 0x00, 0x00, 0x47, 0x8A, 0x00, 
	0x00, 0x01, 0x82, 0x00, 0x01, 0x38, 0x47, 0x82, 0x00, 0x00, 0x01, 0x83, 0x00, 0x00, 0x02, 0x8C, 
	0x00, 0x09, 0xE8, 0xE9, 0x55, 0x38, 0x00, 0x01, 0x06, 0x01, 0x00, 0x0C, 0x80, 0x00, 0x03, 0x0B, 
	0x0B, 0x04, 0x06, 0x83, 0x00, 0x00, 0x1A, 0x82, 0x00, 0x01, 0x01, 0x01, 0x83, 0x00, 0x0A, 0x38, 
	0x00, 0x03, 0x00, 0x00, 0x2D, 0x1A, 0x1A, 0x27, 0x1A, 0xE7, 0x80, 0xD6, 0x01, 0x2D, 0x2D, 0x80, 
	0xD6, 0x03, 0x24, 0x00, 0x00, 0xD6, 0x83, 0x00, 0x04, 0xD6, 0x00, 0x00, 0x01, 0x01, 0x82, 0x00, 
	0x01, 0x01, 0x38, 0x8A, 0x00, 0x01, 0x02, 0x01, 0x80, 0x00, 0x00, 0x47, 0x80, 0x00, 0x00, 0x38, 
	0x81, 0x00, 0x00, 0x01, 0x8B, 0x00, 0x00, 0x47, 0x82, 0x00, 0x00, 0x38, 0xA1, 0x00, 0x00, 0x02, 
	0x82, 0x00, 0x00, 0x38, 0xD8, 0x00, 0x00, 0x38, 0x85, 0x00, 0x00, 0x38, 0x8B, 0x00, 0x00, 0x02, 
	0x85, 0x00, 0x00, 0x01, 0x80, 0x00, 0x00, 0x02, 0x83, 0x00, 0x00, 0x01, 0x87, 0x00, 0x0C, 0x42, 
	0x38, 0x00, 0x00, 0x47, 0x00, 0x00, 0x01, 0x00, 0x01, 0x06, 0x24, 0x47, 0x80, 0x00, 0x00, 0x47, 
	0x80, 0x00, 0x00, 0x38, 0x83, 0x00, 0x03, 0xD1, 0x00, 0x0A, 0x06, 0x82, 0x00, 0x00, 0x38, 0x86, 
	0x00, 0x01, 0x80, 0x2D, 0x80, 0x1A, 0x00, 0x2D, 0x80, 0xD6, 0x01, 0x1A, 0x1A, 0x80, 0xD6, 0x80, 
	0x00, 0x01, 0xD6, 0x38, 0x82, 0x00, 0x03, 0xD6, 0x00, 0x00, 0x02, 0x8A, 0x00, 0x02, 0x01, 0x00, 
	0x47, 0x87, 0x00, 0x00, 0x38, 0x87, 0x00, 0x00, 0x02, 0x88, 0x00, 0x00, 0x38, 0x88, 0x00, 0x00, 
	0x47, 0x81, 0x00, 0x02, 0x01, 0x00, 0x02, 0x91, 0x00, 0x03, 0x24, 0x00, 0x00, 0x01, 0x8C, 0x00, 
	0x02, 0x38, 0x00, 0x01, 0xCC, 0x00, 0x00, 0x47, 0x80, 0x00, 0x00, 0x01, 0x80, 0x00, 0x00, 0x01, 
	0x82, 0x00, 0x00, 0x47, 0x80, 0x00, 0x00, 0x38, 0x82, 0x00, 0x00, 0x01, 0x89, 0x00, 0x00, 0x01, 
	0x80, 0x00, 0x03, 0x01, 0x00, 0x00, 0x02, 0x86, 0x00, 0x07, 0x0A, 0x38, 0x00, 0x00, 0x49, 0x00, 
	0x05, 0x00, 0x81, 0x01, 0x02, 0x02, 0x05, 0x49, 0x8B, 0x00, 0x81, 0x00, 0x03, 0x04, 0x04, 0x02, 
	0x03, 0x84, 0x00, 0x01, 0x38, 0x02, 0x80, 0x00, 0x09, 0x1B, 0x2D, 0x2D, 0x1A, 0x1A, 0xE6, 0xD6, 
	0xD6, 0x1A, 0x2D, 0x80, 0xD6, 0x03, 0x00, 0x00, 0x38, 0xD6, 0x83, 0x00, 0x01, 0xD6, 0x02, 0x81, 
	0x00, 0x00, 0x01, 0x84, 0x00, 0x00, 0x47, 0x82, 0x00, 0x00, 0x38, 0x81, 0x00, 0x00, 0x01, 0xA4, 
	0x00, 0x00, 0x38, 0x84, 0x00, 0x00, 0x01, 0x81, 0x00, 0x00, 0x38, 0x83, 0x00, 0x00, 0x01, 0x8E, 
	0x00, 0x00, 0x01, 0x80, 0x00, 0x00, 0x38, 0x85, 0x00, 0x00, 0x47, 0xCF, 0x00, 0x00, 0x02, 0x85, 
	0x00, 0x00, 0x38, 0x82, 0x00, 0x00, 0x01, 0x88, 0x00, 0x03, 0x01, 0x02, 0x00, 0x01, 0x80, 0x00, 
	0x00, 0x02, 0x8D, 0x00, 0x0B, 0x06, 0x00, 0x00, 0x47, 0x00, 0x43, 0x06, 0x01, 0x06, 0x00, 0x02, 
	0x47, 0x82, 0x00, 0x00, 0x24, 0x86, 0x00, 0x81, 0x00, 0x05, 0x05, 0x01, 0x06, 0x05, 0x04, 0x01, 
	0x83, 0x00, 0x04, 0x43, 0x47, 0x00, 0x01, 0x5A, 0x80, 0x1A, 0x05, 0x2D, 0x2D, 0xD6, 0xD6, 0x2D, 
	0x2D, 0x80, 0xD6, 0x80, 0x00, 0x00, 0xD6, 0x83, 0x00, 0x00, 0xD6, 0x84, 0x00, 0x00, 0x38, 0x85, 
	0x00, 0x01, 0x38, 0x47, 0x80, 0x00, 0x02, 0x01, 0x00, 0x02, 0x82, 0x00, 0x06, 0x01, 0x01, 0x00, 
	0x47, 0x00, 0x00, 0x38, 0x81, 0x00, 0x00, 0x01, 0x80, 0x00, 0x08, 0x38, 0x00, 0x00, 0x38, 0x00, 
	0x00, 0x01, 0x00, 0x02, 0x80, 0x00, 0x00, 0x38, 0x81, 0x00, 0x00, 0x38, 0x89, 0x00, 0x00, 0x38, 
	0x83, 0x00, 0x05, 0x01, 0x00, 0x02, 0x00, 0x00, 0x01, 0x83, 0x00, 0x00, 0x38, 0x82, 0x00, 0x00, 
	0x38, 0x80, 0x00, 0x00, 0x01, 0x87, 0x00, 0x00, 0x38, 0xCF, 0x00, 0x00, 0x01, 0x8D, 0x00, 0x05, 
	0x04, 0x00, 0x00, 0x47, 0x00, 0x38, 0x80, 0x00, 0x02, 0x02, 0x00, 0x01, 0x93, 0x00, 0x09, 0x38, 
	0x01, 0x01, 0x00, 0x49, 0x05, 0x38, 0x04, 0x00, 0x06, 0x84, 0x00, 0x06, 0x04, 0x00, 0x00, 0x05, 
	0x06, 0x01, 0x05, 0x81, 0x00, 0x81, 0x1A, 0x03, 0x00, 0x06, 0x06, 0x05, 0x80, 0x00, 0x0A, 0x02, 
	0x00, 0x47, 0x00, 0x01, 0x01, 0x00, 0x49, 0x00, 0x00, 0x39, 0x81, 0x1A, 0x84, 0xD6, 0x80, 0x00, 
	0x01, 0xD6, 0x38, 0x82, 0x00, 0x00, 0xD6, 0x82, 0x00, 0x00, 0x38, 0x95, 0x00, 0x00, 0x02, 0x84, 
	0x00, 0x03, 0x01, 0x00, 0x00, 0x02, 0x88, 0x00, 0x00, 0x01, 0x82, 0x00, 0x00, 0x47, 0x8A, 0x00, 
	0x00, 0x01, 0x84, 0x00, 0x00, 0x47, 0x84, 0x00, 0x00, 0x38, 0x8C, 0x00, 0x00, 0x02, 0x86, 0x00, 
	0x00, 0x47, 0xD1, 0x00, 0x00, 0x38, 0x85, 0x00, 0x00, 0x38, 0x82, 0x00, 0x00, 0x24, 0x90, 0x00, 
	0x00, 0x38, 0x8C, 0x00, 0x0D, 0x47, 0x04, 0x00, 0x47, 0x05, 0x00, 0x49, 0x00, 0x01, 0x01, 0x00, 
	0x47, 0x00, 0x02, 0x80, 0x00, 0x03, 0x05, 0x06, 0x06, 0x00, 0x81, 0x1A, 0x81, 0x1A, 0x03, 0x2D, 
	0x00, 0x00, 0x03, 0x80, 0x00, 0x07, 0x0A, 0x00, 0x00, 0x01, 0x38, 0x04, 0x00, 0x05, 0x80, 0x00, 
	0x81, 0x1A, 0x00, 0x2D, 0x83, 0xD6, 0x80, 0x00, 0x00, 0xD6, 0x83, 0x00, 0x00, 0xD6, 0x88, 0x00, 
	0x00, 0x01, 0x80, 0x00, 0x01, 0x38, 0x47, 0x80, 0x00, 0x00, 0x38, 0x8A, 0x00, 0x00, 0x38, 0x96, 
	0x00, 0x01, 0x38, 0x01, 0x87, 0x00, 0x01, 0x02, 0x24, 0x84, 0x00, 0x00, 0x38, 0x86, 0x00, 0x00, 
	0x38, 0x82, 0x00, 0x00, 0x47, 0x83, 0x00, 0x00, 0x01, 0x80, 0x00, 0x04, 0x01, 0x00, 0x00, 0x02, 
	0x01, 0x82, 0x00, 0x00, 0x38, 0xD9, 0x00, 0x00, 0x38, 0x88, 0x00, 0x00, 0x24, 0x97, 0x00, 0x0E, 
	0x47, 0x24, 0x04, 0x00, 0x48, 0x47, 0x00, 0x05, 0x00, 0x04, 0x38, 0x01, 0x00, 0x00, 0x0A, 0x80, 
	0x00, 0x03, 0x03, 0x00, 0x00, 0x2D, 0x81, 0x1A, 0x82, 0x1A, 0x01, 0x00, 0x02, 0x86, 0x00, 0x01, 
	0x04, 0x04, 0x80, 0x00, 0x05, 0x38, 0x39, 0x2D, 0x1A, 0x22, 0x1A, 0x83, 0xD6, 0x80, 0x00, 0x01, 
	0xD6, 0x47, 0x81, 0x00, 0x01, 0x38, 0xD6, 0x83, 0x00, 0x00, 0x38, 0x82, 0x00, 0x02, 0x47, 0x00, 
	0x01, 0x8C, 0x00, 0x00, 0x01, 0x89, 0x00, 0x02, 0x38, 0x00, 0x01, 0x80, 0x00, 0x00, 0x38, 0x85, 
	0x00, 0x00, 0x01, 0x85, 0x00, 0x00, 0x38, 0x9B, 0x00, 0x03, 0x38, 0x00, 0x00, 0x01, 0x84, 0x00, 
	0x00, 0x02, 0x82, 0x00, 0x00, 0x01, 0xD4, 0x00, 0x00, 0x38, 0x88, 0x00, 0x00, 0x38, 0x82, 0x00, 
	0x00, 0x02, 0x81, 0x00, 0x00, 0x38, 0x81, 0x00, 0x00, 0x01, 0x81, 0x00, 0x02, 0x38, 0x00, 0x01, 
	0x84, 0x00, 0x0D, 0x47, 0x05, 0x49, 0x04, 0x00, 0x38, 0x04, 0x04, 0x00, 0x01, 0x00, 0x00, 0x04, 
	0x04, 0x86, 0x00, 0x01, 0x02, 0x00, 0x82, 0x1A, 0x81, 0x1A, 0x0F, 0xB6, 0x00, 0x0A, 0x06, 0x02, 
	0x04, 0x8B, 0x8B, 0x04, 0x49, 0x01, 0x06, 0x05, 0x05, 0x42, 0x04, 0x80, 0x00, 0x80, 0x1A, 0x01, 
	0x2D, 0x2D, 0x82, 0xD6, 0x03, 0x00, 0x01, 0x00, 0xD6, 0x83, 0x00, 0x00, 0xD6, 0x8B, 0x00, 0x00, 
	0x38, 0x89, 0x00, 0x00, 0x38, 0x8E, 0x00, 0x01, 0x47, 0x01, 0x81, 0x00, 0x00, 0x38, 0x82, 0x00, 
	0x02, 0x02, 0x00, 0x01, 0x82, 0x00, 0x00, 0x01, 0x8B, 0x00, 0x01, 0x38, 0x01, 0x84, 0x00, 0x00, 
	0x38, 0x87, 0x00, 0x00, 0x02, 0x84, 0x00, 0x00, 0x01, 0x82, 0x00, 0x00, 0x02, 0xD2, 0x00, 0x04, 
	0x47, 0x01, 0x00, 0x00, 0x38, 0x81, 0x00, 0x00, 0x38, 0x83, 0x00, 0x00, 0x01, 0x8A, 0x00, 0x00, 
	0x02, 0x84, 0x00, 0x00, 0x47, 0x85, 0x00, 0x00, 0x47, 0x80, 0x00, 0x14, 0x01, 0x00, 0x04, 0x00, 
	0x00, 0x04, 0x42, 0x05, 0x05, 0x06, 0x01, 0x49, 0x04, 0x8B, 0x8B, 0x04, 0x02, 0x06, 0x0A, 0x00, 
	0xB6, 0x81, 0x1A, 0x82, 0x1A, 0x82, 0x00, 0x11, 0x8B, 0x8B, 0x0A, 0x00, 0x00, 0x04, 0x49, 0x00, 
	0x00, 0x04, 0x05, 0x47, 0x00, 0x89, 0x1A, 0x2D, 0x1A, 0x1A, 0x82, 0xD6, 0x03, 0x00, 0x00, 0x02, 
	0xD6, 0x81, 0x00, 0x03, 0x01, 0x00, 0xD6, 0x38, 0x85, 0x00, 0x00, 0x38, 0x85, 0x00, 0x02, 0x38, 
	0x00, 0x47, 0x81, 0x00, 0x07, 0x38, 0x47, 0x00, 0x01, 0x00, 0x00, 0x38, 0x80, 0x81, 0x00, 0x00, 
	0x01, 0x9C, 0x00, 0x00, 0x01, 0x82, 0x00, 0x00, 0x38, 0x84, 0x00, 0x00, 0x47, 0x8F, 0x00, 0x02, 
	0x01, 0x00, 0x47, 0x81, 0x00, 0x00, 0x02, 0x82, 0x00, 0x00, 0x01, 0xE2, 0x00, 0x00, 0x02, 0x80, 
	0x00, 0x00, 0x01, 0x86, 0x00, 0x00, 0x01, 0x83, 0x00, 0x00, 0x38, 0x87, 0x00, 0x00, 0x04, 0x83, 
	0x00, 0x09, 0x04, 0x00, 0x00, 0x49, 0x04, 0x00, 0x00, 0x0A, 0x8B, 0x8B, 0x82, 0x00, 0x82, 0x1A, 
	0x01, 0x1A, 0x1A, 0x83, 0x8B, 0x01, 0x00, 0x00, 0x80, 0x8B, 0x0A, 0xB1, 0x0A, 0x0A, 0x42, 0x06, 
	0x00, 0x47, 0x04, 0x04, 0x00, 0x47, 0x80, 0x1A, 0x01, 0x2D, 0x1A, 0x81, 0xD6, 0x80, 0x00, 0x85, 
	0xD6, 0x02, 0x00, 0x00, 0x38, 0x80, 0x00, 0x00, 0x01, 0x97, 0x00, 0x00, 0x38, 0x80, 0x00, 0x03, 
	0x47, 0x00, 0x00, 0x38, 0x82, 0x00, 0x00, 0x38, 0x87, 0x00, 0x00, 0x38, 0x89, 0x00, 0x00, 0x38, 
	0x8B, 0x00, 0x00, 0x38, 0x8E, 0x00, 0x00, 0x38, 0x89, 0x00, 0x03, 0x02, 0x00, 0x00, 0x01, 0xCF, 
	0x00, 0x00, 0x47, 0x92, 0x00, 0x00, 0x38, 0x80, 0x00, 0x00, 0x47, 0x8D, 0x00, 0x05, 0x38, 0x00, 
	0x38, 0x00, 0x00, 0x43, 0x82, 0x00, 0x06, 0x47, 0x00, 0x06, 0x42, 0x0A, 0x0A, 0xB1, 0x80, 0x8B, 
	0x01, 0x00, 0x00, 0x83, 0x8B, 0x01, 0x1A, 0x1A, 0x00, 0x1A, 0x8D, 0x8B, 0x0B, 0x5A, 0x00, 0x00, 
	0x04, 0x04, 0x00, 0x00, 0x74, 0x1A, 0x22, 0x1A, 0x1A, 0x81, 0xD6, 0x80, 0x00, 0x85, 0xD6, 0x00, 
	0x01, 0x88, 0x00, 0x00, 0x38, 0x8E, 0x00, 0x00, 0x38, 0x92, 0x00, 0x03, 0x01, 0x00, 0x00, 0x38, 
	0x81, 0x00, 0x02, 0x02, 0x01, 0x01, 0x89, 0x00, 0x02, 0x01, 0x47, 0x38, 0x94, 0x00, 0x00, 0x47, 
	0x86, 0x00, 0x00, 0x38, 0x82, 0x00, 0x03, 0x01, 0x00, 0x00, 0x47, 0xDB, 0x00, 0x00, 0x01, 0x87, 
	0x00, 0x01, 0x47, 0x01, 0x80, 0x00, 0x00, 0x01, 0x81, 0x00, 0x00, 0x47, 0x88, 0x00, 0x01, 0x04, 
	0x04, 0x82, 0x00, 0x03, 0x04, 0x00, 0x00, 0x5A, 0x8D, 0x8B, 0x00, 0x1A, 0x80, 0x8B, 0x83, 0x00, 
	0x85, 0x8B, 0x81, 0x00, 0x00, 0x06, 0x80, 0x00, 0x04, 0x1A, 0x1A, 0x2D, 0x2D, 0x39, 0x80, 0xD6, 
	0x80, 0x00, 0x00, 0xD6, 0x83, 0x00, 0x00, 0xD6, 0x82, 0x00, 0x01, 0x01, 0x38, 0x85, 0x00, 0x00, 
	0x24, 0x81, 0x00, 0x00, 0x38, 0x8E, 0x00, 0x00, 0x38, 0x83, 0x00, 0x00, 0x24, 0x80, 0x00, 0x00, 
	0x01, 0x85, 0x00, 0x03, 0x01, 0x00, 0x00, 0x02, 0x83, 0x00, 0x01, 0x38, 0x24, 0x88, 0x00, 0x00, 
	0x38, 0x81, 0x00, 0x00, 0x01, 0x8B, 0x00, 0x00, 0x38, 0xFD, 0x00, 0x00, 0x02, 0x93, 0x00, 0x02, 
	0x01, 0x06, 0x38, 0x80, 0x00, 0x85, 0x8B, 0x83, 0x00, 0x80, 0x8B, 0x01, 0x8B, 0x8B, 0x84, 0x00, 
	0x00, 0x0A, 0x80, 0x8B, 0x80, 0x1A, 0x80, 0x00, 0x0A, 0x01, 0x02, 0x00, 0x00, 0x04, 0x00, 0x95, 
	0x1A, 0x22, 0x1A, 0x2D, 0x80, 0xD6, 0x80, 0x00, 0x00, 0xD6, 0x83, 0x00, 0x02, 0xD6, 0x00, 0x38, 
	0x88, 0x00, 0x03, 0x01, 0x00, 0x00, 0x01, 0x8C, 0x00, 0x04, 0x38, 0x00, 0x00, 0x47, 0x38, 0x86, 
	0x00, 0x04, 0x04, 0x00, 0x00, 0x24, 0x02, 0x97, 0x00, 0x00, 0x38, 0x83, 0x00, 0x00, 0x38, 0x97, 
	0x00, 0x02, 0x01, 0x00, 0x47, 0x81, 0x00, 0x00, 0x38, 0xDB, 0x00, 0x02, 0x02, 0x00, 0x01, 0x81, 
	0x00, 0x03, 0x01, 0x00, 0x00, 0x38, 0x97, 0x00, 0x00, 0x47, 0x81, 0x00, 0x01, 0x02, 0x01, 0x80, 
	0x00, 0x80, 0x1A, 0x80, 0x8B, 0x00, 0x0A, 0x84, 0x00, 0x01, 0x8B, 0x8B, 0x02, 0x8B, 0x8B, 0x0A, 
	0x80, 0x00, 0x01, 0x8B, 0x8B, 0x80, 0x00, 0x01, 0x8B, 0x8B, 0x81, 0x1A, 0x0F, 0x00, 0x00, 0x38, 
	0x49, 0x01, 0x00, 0x04, 0x00, 0x00, 0x1A, 0x2D, 0x2D, 0x1A, 0x1B, 0xD6, 0xD6, 0x80, 0x00, 0x00, 
	0xD6, 0x83, 0x00, 0x00, 0xD6, 0x8F, 0x00, 0x00, 0x38, 0x8C, 0x00, 0x00, 0x01, 0x87, 0x00, 0x02, 
	0x01, 0x00, 0x47, 0x80, 0x00, 0x02, 0x02, 0x00, 0x01, 0x80, 0x00, 0x01, 0x38, 0x47, 0x91, 0x00, 
	0x00, 0x38, 0x92, 0x00, 0x00, 0x01, 0x89, 0x00, 0x00, 0x38, 0xD8, 0x00, 0x00, 0x38, 0x89, 0x00, 
	0x00, 0x47, 0x94, 0x00, 0x00, 0x38, 0x87, 0x00, 0x04, 0x47, 0x05, 0x38, 0x00, 0x00, 0x81, 0x1A, 
	0x01, 0x8B, 0x8B, 0x80, 0x00, 0x01, 0x8B, 0x8B, 0x80, 0x00, 0x02, 0x0A, 0x8B, 0x8B, 0x04, 0x8B, 
	0x8B, 0x00, 0x02, 0x00, 0x81, 0x8B, 0x80, 0x00, 0x80, 0x8B, 0x01, 0x1A, 0x1A, 0x80, 0x00, 0x0C, 
	0x05, 0x01, 0x02, 0x02, 0x00, 0x00, 0x95, 0x2D, 0x1A, 0x2D, 0x2D, 0xD6, 0xD6, 0x80, 0x00, 0x00, 
	0xD6, 0x83, 0x00, 0x03, 0xD6, 0x00, 0x00, 0x38, 0x8C, 0x00, 0x01, 0x01, 0x01, 0x81, 0x00, 0x00, 
	0x38, 0x81, 0x00, 0x00, 0x47, 0x85, 0x00, 0x00, 0x01, 0x84, 0x00, 0x00, 0x38, 0x81, 0x00, 0x00, 
	0x38, 0x8D, 0x00, 0x06, 0x01, 0x00, 0x02, 0x00, 0x01, 0x00, 0x47, 0x80, 0x00, 0x00, 0x01, 0x86, 
	0x00, 0x00, 0x38, 0x8C, 0x00, 0x01, 0x38, 0x47, 0x81, 0x00, 0x00, 0x38, 0x87, 0x00, 0x00, 0x38, 
	0xDA, 0x00, 0x00, 0x38, 0x8A, 0x00, 0x00, 0x38, 0x82, 0x00, 0x00, 0x38, 0x8B, 0x00, 0x00, 0x38, 
	0x81, 0x00, 0x00, 0x49, 0x80, 0x00, 0x01, 0x1A, 0x1A, 0x80, 0x8B, 0x80, 0x00, 0x81, 0x8B, 0x04, 
	0x00, 0x02, 0x00, 0x8B, 0x8B, 0x04, 0x8B, 0x8B, 0x00, 0x06, 0x00, 0x81, 0x8B, 0x03, 0x00, 0x00, 
	0x04, 0x00, 0x80, 0x8B, 0x07, 0x2D, 0x00, 0x0A, 0x06, 0x49, 0x00, 0x00, 0x04, 0x80, 0x00, 0x81, 
	0x1A, 0x01, 0x1B, 0xD6, 0x80, 0x00, 0x00, 0xD6, 0x81, 0x00, 0x08, 0x02, 0x00, 0xD6, 0x00, 0x01, 
	0x00, 0x00, 0x38, 0x47, 0x87, 0x00, 0x00, 0x47, 0x82, 0x00, 0x00, 0x01, 0x85, 0x00, 0x00, 0x38, 
	0x96, 0x00, 0x00, 0x38, 0x80, 0x00, 0x00, 0x47, 0x80, 0x00, 0x00, 0x38, 0x85, 0x00, 0x00, 0x38, 
	0x81, 0x00, 0x01, 0x47, 0x01, 0x86, 0x00, 0x00, 0x47, 0x84, 0x00, 0x00, 0x38, 0x84, 0x00, 0x01, 
	0x38, 0x01, 0xDE, 0x00, 0x00, 0x38, 0x85, 0x00, 0x00, 0x01, 0x85, 0x00, 0x00, 0x38, 0x83, 0x00, 
	0x00, 0x47, 0x87, 0x00, 0x00, 0x38, 0x8A, 0x00, 0x04, 0x05, 0x06, 0x0A, 0x00, 0x2D, 0x80, 0x8B, 
	0x03, 0x00, 0x04, 0x00, 0x00, 0x81, 0x8B, 0x04, 0x00, 0x06, 0x00, 0x8B, 0x8B, 0x07, 0x8B, 0x8B, 
	0x00, 0x06, 0x00, 0x00, 0x8B, 0x8B, 0x80, 0x00, 0x02, 0x04, 0x04, 0x00, 0x80, 0x8B, 0x16, 0x00, 
	0x01, 0x04, 0x05, 0x00, 0x01, 0x04, 0x00, 0x38, 0x00, 0x58, 0x2D, 0x2D, 0x1A, 0x1A, 0xD6, 0x00, 
	0x00, 0x47, 0xD6, 0x00, 0x00, 0x38, 0x80, 0x00, 0x00, 0xD6, 0x8B, 0x00, 0x00, 0x38, 0x82, 0x00, 
	0x03, 0x01, 0x00, 0x01, 0x02, 0x88, 0x00, 0x01, 0x02, 0x01, 0x8B, 0x00, 0x03, 0x01, 0x00, 0x00, 
	0x38, 0x83, 0x00, 0x00, 0x38, 0x85, 0x00, 0x02, 0x01, 0x02, 0x01, 0x8A, 0x00, 0x00, 0x01, 0x80, 
	0x00, 0x00, 0x38, 0xF3, 0x00, 0x01, 0x24, 0x38, 0x84, 0x00, 0x00, 0x38, 0x88, 0x00, 0x00, 0x38, 
	0x88, 0x00, 0x00, 0x01, 0x85, 0x00, 0x07, 0x02, 0x01, 0x00, 0x00, 0x47, 0x04, 0x01, 0x00, 0x80, 
	0x8B, 0x02, 0x00, 0x04, 0x04, 0x80, 0x00, 0x07, 0x8B, 0x8B, 0x00, 0x00, 0x06, 0x00, 0x8B, 0x8B, 
	0x03, 0x8B, 0x8B, 0x00, 0x04, 0x88, 0x00, 0x80, 0x8B, 0x06, 0x00, 0x04, 0x04, 0x00, 0x05, 0x06, 
	0x06, 0x80, 0x00, 0x81, 0x1A, 0x04, 0x27, 0x00, 0x00, 0x38, 0xD6, 0x83, 0x00, 0x00, 0xD6, 0x8C, 
	0x00, 0x07, 0x01, 0x00, 0x01, 0x00, 0x00, 0x02, 0x00, 0x01, 0x82, 0x00, 0x00, 0x38, 0x90, 0x00, 
	0x00, 0x38, 0x8A, 0x00, 0x00, 0x47, 0x90, 0x00, 0x00, 0x02, 0x88, 0x00, 0x00, 0x38, 0x80, 0x00, 
	0x00, 0x01, 0x84, 0x00, 0x00, 0x01, 0x83, 0x00, 0x03, 0x01, 0x00, 0x00, 0x38, 0xE0, 0x00, 0x00, 
	0x01, 0x8E, 0x00, 0x03, 0x47, 0x00, 0x00, 0x38, 0x8B, 0x00, 0x05, 0x01, 0x00, 0x47, 0x04, 0x04, 
	0x00, 0x80, 0x8B, 0x88, 0x00, 0x03, 0x04, 0x00, 0x8B, 0x8B, 0x80, 0x8B, 0x05, 0x00, 0x04, 0x00, 
	0x00, 0x01, 0x06, 0x82, 0x00, 0x0F, 0x06, 0x00, 0x8B, 0x8B, 0x06, 0x04, 0x04, 0x03, 0x05, 0x06, 
	0x04, 0x49, 0x00, 0x24, 0x58, 0x4B, 0x80, 0x1A, 0x81, 0xD6, 0x00, 0xE3, 0x81, 0x00, 0x03, 0x01, 
	0xD6, 0x02, 0x01, 0x84, 0x00, 0x0D, 0x38, 0x00, 0x47, 0x00, 0x00, 0x01, 0x02, 0x00, 0x01, 0x00, 
	0x00, 0x02, 0x00, 0x01, 0x87, 0x00, 0x00, 0x01, 0x80, 0x00, 0x00, 0x38, 0x95, 0x00, 0x00, 0x38, 
	0x85, 0x00, 0x04, 0x01, 0x02, 0x00, 0x01, 0x47, 0x8C, 0x00, 0x00, 0x38, 0x81, 0x00, 0x00, 0x43, 
	0xEB, 0x00, 0x00, 0x47, 0x82, 0x00, 0x01, 0x47, 0x01, 0x8B, 0x00, 0x05, 0x01, 0x02, 0x00, 0x01, 
	0x00, 0x38, 0x82, 0x00, 0x00, 0x02, 0x82, 0x00, 0x00, 0x01, 0x83, 0x00, 0x08, 0x02, 0x03, 0x04, 
	0x04, 0x06, 0x8B, 0x8B, 0x00, 0x06, 0x82, 0x00, 0x05, 0x06, 0x01, 0x00, 0x00, 0x04, 0x00, 0x80, 
	0x8B, 0x80, 0x8B, 0x03, 0x00, 0x00, 0x05, 0x05, 0x86, 0x00, 0x80, 0x8B, 0x05, 0x00, 0x00, 0x01, 
	0x02, 0x01, 0x04, 0x81, 0x00, 0x04, 0x1A, 0x22, 0x1A, 0x1A, 0x7A, 0x80, 0xD6, 0x02, 0xD5, 0xE5, 
	0x01, 0x80, 0x00, 0x00, 0xD6, 0x88, 0x00, 0x00, 0x38, 0x84, 0x00, 0x03, 0x02, 0x01, 0x00, 0x01, 
	0x81, 0x00, 0x00, 0x38, 0x8B, 0x00, 0x01, 0x47, 0x38, 0x82, 0x00, 0x00, 0x01, 0x83, 0x00, 0x00, 
	0x38, 0x91, 0x00, 0x02, 0x47, 0x00, 0x38, 0x83, 0x00, 0x00, 0x01, 0x87, 0x00, 0x01, 0x47, 0x38, 
	0x80, 0x00, 0x00, 0x01, 0x80, 0x00, 0x00, 0x38, 0x81, 0x00, 0x02, 0x01, 0x00, 0x38, 0xDA, 0x00, 
	0x03, 0x38, 0x00, 0x00, 0x01, 0x86, 0x00, 0x00, 0x38, 0x81, 0x00, 0x02, 0x01, 0x00, 0x02, 0x86, 
	0x00, 0x00, 0x01, 0x90, 0x00, 0x80, 0x8B, 0x86, 0x00, 0x03, 0x05, 0x05, 0x00, 0x00, 0x80, 0x8B, 
	0x04, 0x00, 0x8B, 0x8B, 0x00, 0x00, 0x80, 0x05, 0x86, 0x00, 0x01, 0x8B, 0x8B, 0x81, 0x00, 0x0F, 
	0x06, 0x04, 0x00, 0x03, 0x00, 0x00, 0x40, 0x4B, 0x1A, 0x1A, 0x81, 0x00, 0xE3, 0xE4, 0xD6, 0xD8, 
	0x81, 0x00, 0x02, 0xD6, 0x00, 0x38, 0x93, 0x00, 0x00, 0x01, 0x83, 0x00, 0x01, 0x24, 0x38, 0x81, 
	0x00, 0x00, 0x47, 0x86, 0x00, 0x00, 0x01, 0x8B, 0x00, 0x03, 0x01, 0x00, 0x00, 0x47, 0x80, 0x00, 
	0x00, 0x38, 0x81, 0x00, 0x00, 0x38, 0x82, 0x00, 0x00, 0x24, 0x86, 0x00, 0x00, 0x02, 0x86, 0x00, 
	0x00, 0x01, 0xF0, 0x00, 0x00, 0x38, 0x82, 0x00, 0x00, 0x01, 0x82, 0x00, 0x00, 0x01, 0x8B, 0x00, 
	0x03, 0x38, 0x00, 0x00, 0x38, 0x87, 0x00, 0x01, 0x8B, 0x8B, 0x86, 0x00, 0x80, 0x05, 0x04, 0x00, 
	0x00, 0x8B, 0x8B, 0x00, 0x07, 0x00, 0x00, 0x8B, 0x8B, 0x01, 0x04, 0x00, 0x04, 0x81, 0x00, 0x00, 
	0x04, 0x80, 0x00, 0x03, 0x02, 0x00, 0x8B, 0x8B, 0x80, 0x00, 0x03, 0x01, 0x01, 0x00, 0x03, 0x80, 
	0x00, 0x09, 0x1A, 0x1A, 0x22, 0x1A, 0x1B, 0x38, 0xE2, 0xDB, 0xD6, 0xDA, 0x80, 0x00, 0x00, 0xD6, 
	0x83, 0x00, 0x00, 0x38, 0x81, 0x00, 0x00, 0x01, 0x82, 0x00, 0x03, 0x01, 0x02, 0x38, 0x01, 0x92, 
	0x00, 0x00, 0x38, 0x8A, 0x00, 0x04, 0x47, 0x00, 0x01, 0x00, 0x04, 0x81, 0x00, 0x00, 0x38, 0x82, 
	0x00, 0x00, 0x01, 0x8E, 0x00, 0x00, 0x01, 0x81, 0x00, 0x00, 0x38, 0x82, 0x00, 0x00, 0x47, 0x80, 
	0x00, 0x00, 0x38, 0x86, 0x00, 0x00, 0x47, 0xD6, 0x00, 0x00, 0x38, 0x85, 0x00, 0x01, 0x38, 0x01, 
	0x87, 0x00, 0x00, 0x02, 0x83, 0x00, 0x00, 0x38, 0x81, 0x00, 0x00, 0x38, 0x8F, 0x00, 0x03, 0x8B, 
	0x8B, 0x00, 0x02, 0x80, 0x00, 0x00, 0x04, 0x81, 0x00, 0x07, 0x04, 0x00, 0x04, 0x01, 0x8B, 0x8B, 
	0x00, 0x00, 0x08, 0x00, 0x00, 0x8B, 0x8B, 0x00, 0x04, 0x00, 0x00, 0x05, 0x80, 0x00, 0x00, 0x04, 
	0x82, 0x00, 0x08, 0x8B, 0x8B, 0x00, 0x00, 0x01, 0x01, 0x03, 0x00, 0x49, 0x80, 0x00, 0x01, 0xA9, 
	0x2D, 0x80, 0x1A, 0x08, 0xE0, 0x47, 0xE1, 0xD6, 0xD6, 0xDD, 0x00, 0x38, 0xD6, 0x84, 0x00, 0x00, 
	0x01, 0x84, 0x00, 0x01, 0x01, 0x38, 0x82, 0x00, 0x00, 0x38, 0x80, 0x00, 0x02, 0x01, 0x00, 0x47, 
	0x82, 0x00, 0x00, 0x38, 0x8C, 0x00, 0x02, 0x02, 0x38, 0x47, 0x95, 0x00, 0x00, 0x38, 0x84, 0x00, 
	0x03, 0x01, 0x00, 0x00, 0x02, 0x89, 0x00, 0x00, 0x38, 0x89, 0x00, 0x00, 0x38, 0xD8, 0x00, 0x04, 
	0x01, 0x00, 0x00, 0x47, 0x38, 0x9F, 0x00, 0x00, 0x01, 0x84, 0x00, 0x04, 0x38, 0x00, 0x00, 0x8B, 
	0x8B, 0x82, 0x00, 0x00, 0x04, 0x80, 0x00, 0x08, 0x05, 0x00, 0x00, 0x04, 0x00, 0x8B, 0x8B, 0x00, 
	0x00, 0x03, 0x00, 0x00, 0x8B, 0x8B, 0x8B, 0x00, 0x01, 0x8B, 0x8B, 0x81, 0x00, 0x02, 0x47, 0x00, 
	0x01, 0x81, 0x00, 0x0C, 0x1A, 0x22, 0x2D, 0x2D, 0x1A, 0x00, 0x00, 0xDF, 0xD6, 0xD6, 0xDF, 0x01, 
	0xD6, 0x8D, 0x00, 0x02, 0x02, 0x00, 0x01, 0x87, 0x00, 0x00, 0x38, 0x82, 0x00, 0x00, 0x01, 0x80, 
	0x00, 0x01, 0x47, 0x38, 0x81, 0x00, 0x00, 0x01, 0x84, 0x00, 0x00, 0x38, 0x8C, 0x00, 0x00, 0x01, 
	0x86, 0x00, 0x00, 0x38, 0x8F, 0x00, 0x00, 0x38, 0x81, 0x00, 0x02, 0x02, 0x00, 0x01, 0x80, 0x00, 
	0x00, 0x38, 0xE6, 0x00, 0x00, 0x02, 0x91, 0x00, 0x00, 0x38, 0x87, 0x00, 0x00, 0x24, 0x85, 0x00, 
	0x01, 0x8B, 0x8B, 0x8B, 0x00, 0x03, 0x8B, 0x8B, 0x00, 0x00, 0x06, 0x00, 0x00, 0x8B, 0x8B, 0x00, 
	0x00, 0x06, 0x88, 0x00, 0x01, 0x8B, 0x8B, 0x82, 0x00, 0x00, 0x38, 0x82, 0x00, 0x00, 0xD7, 0x80, 
	0x1A, 0x0A, 0x2D, 0xDC, 0x00, 0x00, 0xDD, 0xD6, 0xD6, 0xDE, 0xD6, 0x00, 0x02, 0x8C, 0x00, 0x00, 
	0x38, 0x82, 0x00, 0x05, 0x01, 0x00, 0x38, 0x02, 0x00, 0x01, 0x84, 0x00, 0x02, 0x02, 0x00, 0x01, 
	0x90, 0x00, 0x03, 0x01, 0x00, 0x00, 0x38, 0x97, 0x00, 0x03, 0x01, 0x00, 0x00, 0x38, 0x8D, 0x00, 
	0x00, 0x38, 0x80, 0x00, 0x00, 0x47, 0xDE, 0x00, 0x01, 0x47, 0x38, 0x83, 0x00, 0x00, 0x38, 0x80, 
	0x00, 0x00, 0x38, 0x83, 0x00, 0x00, 0x38, 0x8B, 0x00, 0x00, 0x47, 0x80, 0x00, 0x00, 0x02, 0x84, 
	0x00, 0x01, 0x8B, 0x8B, 0x88, 0x00, 0x06, 0x06, 0x00, 0x00, 0x8B, 0x8B, 0x00, 0x00, 0x03, 0x00, 
	0x00, 0x8B, 0x8B, 0x8B, 0x00, 0x04, 0x8B, 0x8B, 0x00, 0x00, 0x38, 0x83, 0x00, 0x0E, 0x01, 0x00, 
	0x00, 0x1A, 0x2D, 0x27, 0x1A, 0x1A, 0xD9, 0x0A, 0x04, 0xDA, 0xD6, 0xDB, 0xD6, 0x81, 0x00, 0x00, 
	0x38, 0x84, 0x00, 0x01, 0x02, 0x47, 0x84, 0x00, 0x00, 0x01, 0x81, 0x00, 0x02, 0x38, 0x00, 0x01, 
	0x80, 0x00, 0x03, 0x24, 0x00, 0x00, 0x01, 0x92, 0x00, 0x00, 0x02, 0x85, 0x00, 0x00, 0x38, 0x80, 
	0x00, 0x00, 0x47, 0x81, 0x00, 0x00, 0x01, 0x86, 0x00, 0x00, 0x02, 0x8A, 0x00, 0x00, 0x38, 0x83, 
	0x00, 0x00, 0x47, 0xF6, 0x00, 0x00, 0x01, 0x82, 0x00, 0x00, 0x01, 0x84, 0x00, 0x01, 0x38, 0x01, 
	0x89, 0x00, 0x01, 0x8B, 0x8B, 0x8B, 0x00, 0x03, 0x8B, 0x8B, 0x00, 0x00, 0x00, 0x00, 0x80, 0x8B, 
	0x80, 0x00, 0x01, 0x01, 0x02, 0x83, 0x00, 0x04, 0x01, 0x00, 0x00, 0x8B, 0x8B, 0x87, 0x00, 0x0F, 
	0x02, 0x01, 0xD7, 0x1A, 0x1A, 0x2D, 0x1A, 0xC8, 0x00, 0x04, 0x00, 0xD8, 0xD6, 0xD6, 0x00, 0x01, 
	0x84, 0x00, 0x00, 0x38, 0x84, 0x00, 0x04, 0x47, 0x00, 0x01, 0x00, 0x47, 0x80, 0x00, 0x00, 0x01, 
	0x81, 0x00, 0x03, 0x24, 0x01, 0x00, 0x04, 0x81, 0x00, 0x00, 0x38, 0x89, 0x00, 0x00, 0x38, 0x83, 
	0x00, 0x00, 0x01, 0x89, 0x00, 0x00, 0x01, 0x82, 0x00, 0x03, 0x02, 0x00, 0x00, 0x38, 0xF8, 0x00, 
	0x00, 0x47, 0x80, 0x00, 0x00, 0x38, 0x83, 0x00, 0x00, 0x24, 0x83, 0x00, 0x02, 0x01, 0x47, 0x38, 
	0x81, 0x00, 0x00, 0x02, 0x85, 0x00, 0x00, 0x02, 0x88, 0x00, 0x00, 0x38, 0x82, 0x00, 0x04, 0x8B, 
	0x8B, 0x00, 0x00, 0x01, 0x83, 0x00, 0x01, 0x02, 0x01, 0x80, 0x00, 0x80, 0x8B, 0x00, 0x00, 0x80, 
	0x8B, 0x80, 0x00, 0x00, 0x02, 0x80, 0x8B, 0x85, 0x00, 0x01, 0x8B, 0x8B, 0x80, 0x00, 0x00, 0x01, 
	0x86, 0x00, 0x80, 0x1A, 0x07, 0x2D, 0x2D, 0xD3, 0x00, 0x00, 0x65, 0xD5, 0xD6, 0x83, 0x00, 0x00, 
	0x47, 0x81, 0x00, 0x00, 0x38, 0x83, 0x00, 0x00, 0x38, 0x82, 0x00, 0x02, 0x02, 0x00, 0x01, 0x82, 
	0x00, 0x00, 0x01, 0x88, 0x00, 0x00, 0x38, 0x87, 0x00, 0x00, 0x01, 0x85, 0x00, 0x01, 0x38, 0x47, 
	0x8E, 0x00, 0x00, 0x38, 0x82, 0x00, 0x00, 0x01, 0x81, 0x00, 0x04, 0x38, 0x00, 0x00, 0x80, 0x38, 
	0x82, 0x00, 0x00, 0x38, 0xE0, 0x00, 0x03, 0x38, 0x00, 0x00, 0x01, 0x81, 0x00, 0x00, 0x38, 0x84, 
	0x00, 0x02, 0x02, 0x00, 0x01, 0x80, 0x00, 0x00, 0x01, 0x82, 0x00, 0x00, 0x38, 0x85, 0x00, 0x00, 
	0x01, 0x82, 0x00, 0x01, 0x47, 0x01, 0x84, 0x00, 0x01, 0x8B, 0x8B, 0x85, 0x00, 0x80, 0x8B, 0x00, 
	0x02, 0x80, 0x00, 0x80, 0x8B, 0x01, 0x8B, 0x8B, 0x81, 0x00, 0x00, 0x06, 0x81, 0x8B, 0x84, 0x00, 
	0x01, 0x8B, 0x8B, 0x82, 0x00, 0x00, 0x38, 0x81, 0x00, 0x0C, 0x01, 0x00, 0x00, 0xD1, 0x2D, 0x2D, 
	0x1A, 0x1A, 0xC8, 0x80, 0x00, 0x00, 0xD4, 0x97, 0x00, 0x00, 0x01, 0x82, 0x00, 0x05, 0x38, 0x01, 
	0x00, 0x00, 0x02, 0x01, 0x8E, 0x00, 0x02, 0x01, 0x00, 0x02, 0x80, 0x00, 0x00, 0x47, 0x85, 0x00, 
	0x00, 0x38, 0x87, 0x00, 0x00, 0x38, 0x95, 0x00, 0x00, 0x01, 0xE3, 0x00, 0x00, 0x47, 0x85, 0x00, 
	0x00, 0x38, 0x8E, 0x00, 0x03, 0x47, 0x00, 0x00, 0x01, 0x80, 0x00, 0x01, 0x02, 0x01, 0x87, 0x00, 
	0x03, 0x0A, 0x00, 0x8B, 0x8B, 0x84, 0x00, 0x81, 0x8B, 0x00, 0x06, 0x81, 0x00, 0x01, 0x8B, 0x8B, 
	0x02, 0x0A, 0x00, 0x01, 0x81, 0x00, 0x01, 0x0A, 0x00, 0x80, 0x8B, 0x00, 0x0A, 0x82, 0x00, 0x01, 
	0x8B, 0x8B, 0x84, 0x00, 0x01, 0x38, 0x24, 0x80, 0x00, 0x01, 0x38, 0x47, 0x81, 0x1A, 0x01, 0x2D, 
	0xD3, 0x87, 0x00, 0x00, 0x06, 0x8C, 0x00, 0x00, 0x38, 0x90, 0x00, 0x00, 0x38, 0x85, 0x00, 0x01, 
	0x01, 0x02, 0x95, 0x00, 0x00, 0x38, 0x89, 0x00, 0x00, 0x47, 0x80, 0x00, 0x00, 0x38, 0x81, 0x00, 
	0x03, 0x01, 0x00, 0x00, 0x38, 0xE0, 0x00, 0x00, 0x38, 0x86, 0x00, 0x00, 0x47, 0x80, 0x00, 0x00, 
	0x04, 0x80, 0x00, 0x00, 0x38, 0x8D, 0x00, 0x00, 0x38, 0x8D, 0x00, 0x03, 0x02, 0x00, 0x8B, 0x8B, 
	0x82, 0x00, 0x00, 0x0A, 0x80, 0x8B, 0x01, 0x00, 0x0A, 0x81, 0x00, 0x02, 0x01, 0x00, 0x0A, 0x02, 
	0x00, 0x00, 0x0A, 0x81, 0x00, 0x04, 0x05, 0x00, 0x00, 0x8B, 0x8B, 0x83, 0x00, 0x01, 0x8B, 0x8B, 
	0x8B, 0x00, 0x0B, 0xD1, 0x1B, 0x1A, 0x2D, 0x1A, 0xD2, 0x00, 0x00, 0x01, 0x00, 0x00, 0x38, 0x80, 
	0x00, 0x00, 0x01, 0x81, 0x00, 0x00, 0x38, 0x8F, 0x00, 0x08, 0x01, 0x00, 0x00, 0x02, 0x00, 0x01, 
	0x00, 0x00, 0x38, 0x82, 0x00, 0x00, 0x01, 0x86, 0x00, 0x00, 0x01, 0x92, 0x00, 0x00, 0x01, 0x86, 
	0x00, 0x00, 0x01, 0x82, 0x00, 0x00, 0x38, 0x89, 0x00, 0x00, 0x47, 0xE5, 0x00, 0x00, 0x38, 0x80, 
	0x00, 0x00, 0x01, 0x80, 0x00, 0x00, 0x24, 0x85, 0x00, 0x00, 0x38, 0x81, 0x00, 0x00, 0x38, 0x8B, 
	0x00, 0x00, 0x38, 0x80, 0x00, 0x00, 0x38, 0x82, 0x00, 0x01, 0x8B, 0x8B, 0x83, 0x00, 0x04, 0x8B, 
	0x8B, 0x00, 0x00, 0x05, 0x81, 0x00, 0x02, 0x0A, 0x00, 0x00, 0x00, 0x02, 0x80, 0x8B, 0x83, 0x00, 
	0x03, 0x8B, 0x8B, 0x00, 0x0A, 0x81, 0x00, 0x01, 0x8B, 0x8B, 0x8C, 0x00, 0x00, 0x22, 0x80, 0x1A, 
	0x01, 0x1B, 0x02, 0x83, 0x00, 0x00, 0x02, 0x80, 0x00, 0x00, 0x01, 0x85, 0x00, 0x04, 0x43, 0x24, 
	0x00, 0x00, 0x38, 0x84, 0x00, 0x00, 0x01, 0x81, 0x00, 0x01, 0x01, 0x01, 0x81, 0x00, 0x00, 0x38, 
	0x85, 0x00, 0x03, 0x01, 0x00, 0x00, 0x02, 0x85, 0x00, 0x05, 0x01, 0x00, 0x02, 0x47, 0x00, 0x38, 
	0x87, 0x00, 0x01, 0x02, 0x01, 0x85, 0x00, 0x02, 0x47, 0x00, 0x38, 0x80, 0x00, 0x01, 0x80, 0x38, 
	0x82, 0x00, 0x00, 0x38, 0xF0, 0x00, 0x00, 0x01, 0x86, 0x00, 0x00, 0x47, 0x81, 0x00, 0x00, 0x01, 
	0x8C, 0x00, 0x00, 0x01, 0x86, 0x00, 0x01, 0x8B, 0x8B, 0x81, 0x00, 0x03, 0x0A, 0x00, 0x8B, 0x8B, 
	0x83, 0x00, 0x80, 0x8B, 0x00, 0x02, 0x80, 0x8B, 0x02, 0x0A, 0x00, 0x01, 0x81, 0x00, 0x01, 0x8B, 
	0x8B, 0x83, 0x00, 0x01, 0x8B, 0x8B, 0x82, 0x00, 0x00, 0x38, 0x82, 0x00, 0x00, 0x02, 0x80, 0x00, 
	0x04, 0xB4, 0x1A, 0x2D, 0x1A, 0x1A, 0x83, 0x00, 0x00, 0x01, 0x85, 0x00, 0x01, 0x24, 0x38, 0x82, 
	0x00, 0x00, 0x01, 0x8E, 0x00, 0x00, 0x01, 0x80, 0x00, 0x00, 0x47, 0x85, 0x00, 0x00, 0x47, 0x91, 
	0x00, 0x00, 0x38, 0x83, 0x00, 0x02, 0x01, 0x00, 0x02, 0x82, 0x00, 0x00, 0x38, 0x8B, 0x00, 0x00, 
	0x01, 0xEC, 0x00, 0x00, 0x38, 0x86, 0x00, 0x00, 0x01, 0x8C, 0x00, 0x03, 0x47, 0x00, 0x00, 0x01, 
	0x8B, 0x00, 0x01, 0x8B, 0x8B, 0x83, 0x00, 0x01, 0x8B, 0x8B, 0x81, 0x00, 0x02, 0x01, 0x00, 0x0A, 
	0x80, 0x8B, 0x03, 0x8B, 0x8B, 0x0A, 0x06, 0x83, 0x00, 0x01, 0x8B, 0x8B, 0x83, 0x00, 0x01, 0x8B, 
	0x8B, 0x88, 0x00, 0x00, 0x38, 0x81, 0x00, 0x04, 0x1A, 0x2D, 0xAC, 0x47, 0x01, 0x83, 0x00, 0x00, 
	0x01, 0x81, 0x00, 0x00, 0x47, 0x81, 0x00, 0x00, 0x01, 0x8D, 0x00, 0x00, 0x38, 0x85, 0x00, 0x00, 
	0x01, 0x87, 0x00, 0x00, 0x01, 0x86, 0x00, 0x00, 0x38, 0x89, 0x00, 0x00, 0x38, 0x8C, 0x00, 0x00, 
	0x38, 0x81, 0x00, 0x03, 0x01, 0x00, 0x00, 0x38, 0xE9, 0x00, 0x00, 0x01, 0x88, 0x00, 0x03, 0x01, 
	0x01, 0x00, 0x02, 0x90, 0x00, 0x00, 0x02, 0x8B, 0x00, 0x01, 0x8B, 0x8B, 0x83, 0x00, 0x01, 0x8B, 
	0x8B, 0x83, 0x00, 0x03, 0x06, 0x0A, 0x8B, 0x8B, 0x00, 0x0A, 0x84, 0x00, 0x03, 0x04, 0x0A, 0x8B, 
	0x8B, 0x80, 0x00, 0x04, 0x02, 0x00, 0x00, 0x8B, 0x8B, 0x80, 0x00, 0x03, 0x47, 0x00, 0x00, 0x38, 
	0x82, 0x00, 0x00, 0x47, 0x80, 0x00, 0x00, 0x38, 0x83, 0x00, 0x02, 0x01, 0x00, 0x38, 0x84, 0x00, 
	0x03, 0x43, 0x00, 0x00, 0x02, 0x84, 0x00, 0x00, 0x38, 0x8D, 0x00, 0x02, 0x02, 0x01, 0x01, 0x88, 
	0x00, 0x05, 0x02, 0x00, 0x01, 0x00, 0x00, 0x38, 0x87, 0x00, 0x04, 0x47, 0x00, 0x01, 0x47, 0x38, 
	0x86, 0x00, 0x00, 0x38, 0x8E, 0x00, 0x00, 0x47, 0xEA, 0x00, 0x00, 0x01, 0x80, 0x00, 0x09, 0x38, 
	0x00, 0x00, 0x02, 0x01, 0x00, 0x02, 0x00, 0x00, 0x01, 0x83, 0x00, 0x03, 0x01, 0x00, 0x00, 0x38, 
	0x8A, 0x00, 0x00, 0x01, 0x86, 0x00, 0x04, 0x8B, 0x8B, 0x00, 0x00, 0x02, 0x80, 0x00, 0x03, 0x8B, 
	0x8B, 0x0A, 0x04, 0x84, 0x00, 0x00, 0x0A, 0x82, 0x00, 0x07, 0x02, 0x00, 0x01, 0x00, 0x00, 0x8B, 
	0x8B, 0x0A, 0x80, 0x00, 0x06, 0x01, 0x0A, 0x8B, 0x8B, 0x00, 0x01, 0x38, 0x86, 0x00, 0x00, 0x03, 
	0x80, 0x00, 0x01, 0x80, 0x00, 0x80, 0x01, 0x01, 0x00, 0x38, 0x84, 0x00, 0x00, 0x01, 0x83, 0x00, 
	0x01, 0x38, 0x01, 0x82, 0x00, 0x03, 0x01, 0x00, 0x00, 0x47, 0x85, 0x00, 0x00, 0x01, 0x83, 0x00, 
	0x01, 0x01, 0x02, 0x85, 0x00, 0x00, 0x01, 0x82, 0x00, 0x00, 0x01, 0x82, 0x00, 0x00, 0x01, 0x8A, 
	0x00, 0x00, 0x38, 0x80, 0x00, 0x00, 0x01, 0x81, 0x00, 0x04, 0x38, 0x00, 0x00, 0x80, 0x38, 0x82, 
	0x00, 0x00, 0x38, 0xE9, 0x00, 0x03, 0x47, 0x00, 0x00, 0x38, 0x87, 0x00, 0x02, 0x01, 0x00, 0x38, 
	0x83, 0x00, 0x00, 0x38, 0x86, 0x00, 0x03, 0x38, 0x00, 0x00, 0x38, 0x8B, 0x00, 0x05, 0x01, 0x00, 
	0x8B, 0x8B, 0x0A, 0x01, 0x80, 0x00, 0x07, 0x0A, 0x8B, 0x8B, 0x00, 0x00, 0x01, 0x00, 0x02, 0x82, 
	0x00, 0x80, 0x00, 0x00, 0x01, 0x82, 0x00, 0x80, 0x8B, 0x83, 0x00, 0x01, 0x8B, 0x8B, 0x84, 0x00, 
	0x00, 0x01, 0x81, 0x00, 0x07, 0x47, 0x00, 0x47, 0x00, 0x00, 0x01, 0x03, 0x43, 0x88, 0x00, 0x01, 
	0x02, 0x01, 0x84, 0x00, 0x00, 0x38, 0x80, 0x00, 0x00, 0x47, 0x80, 0x00, 0x02, 0x01, 0x00, 0x38, 
	0x83, 0x00, 0x07, 0x47, 0x00, 0x01, 0x00, 0x00, 0x02, 0x00, 0x01, 0x89, 0x00, 0x01, 0x02, 0x01, 
	0x84, 0x00, 0x00, 0x02, 0x80, 0x00, 0x03, 0x01, 0x00, 0x00, 0x38, 0x85, 0x00, 0x00, 0x47, 0x8D, 
	0x00, 0x00, 0x01, 0xE9, 0x00, 0x00, 0x38, 0x87, 0x00, 0x02, 0x01, 0x00, 0x47, 0x87, 0x00, 0x00, 
	0x01, 0x83, 0x00, 0x00, 0x38, 0x83, 0x00, 0x00, 0x01, 0x80, 0x00, 0x00, 0x38, 0x86, 0x00, 0x01, 
	0x8B, 0x8B, 0x83, 0x00, 0x80, 0x8B, 0x82, 0x00, 0x00, 0x01, 0x80, 0x00, 0x85, 0x00, 0x80, 0x8B, 
	0x83, 0x00, 0x80, 0x8B, 0x00, 0x38, 0x84, 0x00, 0x0D, 0x47, 0x01, 0x00, 0x01, 0x00, 0x38, 0x00, 
	0x00, 0x04, 0x01, 0x05, 0x05, 0x00, 0x01, 0x81, 0x00, 0x03, 0x01, 0x00, 0x00, 0x01, 0x82, 0x00, 
	0x00, 0x38, 0x89, 0x00, 0x00, 0x01, 0x86, 0x00, 0x00, 0x38, 0x82, 0x00, 0x00, 0x01, 0x82, 0x00, 
	0x01, 0x38, 0x24, 0x8C, 0x00, 0x00, 0x01, 0x86, 0x00, 0x00, 0x38, 0x83, 0x00, 0x00, 0x47, 0x80, 
	0x00, 0x00, 0x38, 0x81, 0x00, 0x03, 0x01, 0x00, 0x00, 0x38, 0xF9, 0x00, 0x00, 0x38, 0x83, 0x00, 
	0x05, 0x47, 0x01, 0x00, 0x02, 0x00, 0x01, 0x97, 0x00, 0x80, 0x8B, 0x83, 0x00, 0x80, 0x8B, 0x85, 
	0x00, 0x82, 0x00, 0x01, 0x0A, 0x00, 0x80, 0x8B, 0x00, 0x0A, 0x80, 0x00, 0x01, 0x06, 0x00, 0x80, 
	0x8B, 0x81, 0x00, 0x13, 0x03, 0x00, 0x00, 0x02, 0x00, 0x38, 0x00, 0x01, 0x01, 0x06, 0x04, 0x04, 
	0x00, 0x04, 0x38, 0x05, 0x05, 0x00, 0x00, 0x02, 0x83, 0x00, 0x00, 0x01, 0x84, 0x00, 0x02, 0x01, 
	0x00, 0x02, 0x84, 0x00, 0x05, 0x01, 0x00, 0x00, 0x47, 0x02, 0x01, 0x80, 0x00, 0x00, 0x38, 0x83, 
	0x00, 0x03, 0x38, 0x00, 0x00, 0x01, 0x89, 0x00, 0x00, 0x38, 0x83, 0x00, 0x02, 0x01, 0x00, 0x02, 
	0x8D, 0x00, 0x00, 0x38, 0x89, 0x00, 0x00, 0x47, 0xED, 0x00, 0x03, 0x47, 0x00, 0x00, 0x01, 0x82, 
	0x00, 0x00, 0x02, 0x93, 0x00, 0x00, 0x01, 0x84, 0x00, 0x00, 0x24, 0x83, 0x00, 0x02, 0x01, 0x00, 
	0x00, 0x80, 0x8B, 0x01, 0x00, 0x06, 0x80, 0x00, 0x00, 0x0A, 0x80, 0x8B, 0x01, 0x00, 0x0A, 0x82, 
	0x00, 0x01, 0x00, 0x00, 0x84, 0x8B, 0x05, 0x00, 0x01, 0x01, 0x00, 0x03, 0x00, 0x80, 0x8B, 0x16, 
	0x0A, 0x00, 0x03, 0x01, 0x04, 0x00, 0x00, 0x01, 0x00, 0x47, 0x00, 0x02, 0x48, 0x05, 0x00, 0x01, 
	0x00, 0x47, 0x49, 0x05, 0x04, 0x01, 0x04, 0x85, 0x00, 0x00, 0x02, 0x82, 0x00, 0x00, 0x02, 0x84, 
	0x00, 0x00, 0x38, 0x86, 0x00, 0x01, 0x38, 0x01, 0x82, 0x00, 0x01, 0x01, 0x47, 0x92, 0x00, 0x00, 
	0x38, 0x84, 0x00, 0x00, 0x38, 0x83, 0x00, 0x00, 0x01, 0x80, 0x00, 0x00, 0x38, 0x80, 0x00, 0x01, 
	0x80, 0x38, 0x82, 0x00, 0x00, 0x38, 0xF4, 0x00, 0x00, 0x02, 0x82, 0x00, 0x02, 0x01, 0x00, 0x47, 
	0x84, 0x00, 0x02, 0x38, 0x00, 0x01, 0x84, 0x00, 0x04, 0x04, 0x00, 0x04, 0x05, 0x49, 0x81, 0x00, 
	0x0D, 0x05, 0x04, 0x02, 0x00, 0x05, 0x00, 0x01, 0x00, 0x00, 0x02, 0x01, 0x03, 0x00, 0x0A, 0x80, 
	0x8B, 0x05, 0x00, 0x03, 0x00, 0x01, 0x01, 0x00, 0x84, 0x8B, 0x01, 0x00, 0x00, 0x8E, 0x8B, 0x00, 
	0x02, 0x80, 0x01, 0x09, 0x03, 0x04, 0x05, 0x01, 0x01, 0x00, 0x49, 0x04, 0x04, 0x02, 0x80, 0x00, 
	0x04, 0x48, 0x04, 0x47, 0x05, 0x47, 0x80, 0x00, 0x02, 0x01, 0x00, 0x02, 0x85, 0x00, 0x00, 0x01, 
	0x83, 0x00, 0x04, 0x01, 0x02, 0x00, 0x00, 0x47, 0x81, 0x00, 0x02, 0x01, 0x00, 0x01, 0x83, 0x00, 
	0x00, 0x38, 0x80, 0x00, 0x00, 0x01, 0x82, 0x00, 0x00, 0x01, 0x80, 0x00, 0x00, 0x38, 0x85, 0x00, 
	0x00, 0x38, 0x8A, 0x00, 0x00, 0x38, 0x8F, 0x00, 0x00, 0x01, 0xF4, 0x00, 0x00, 0x01, 0x80, 0x00, 
	0x08, 0x02, 0x01, 0x02, 0x00, 0x01, 0x00, 0x01, 0x00, 0x01, 0x85, 0x00, 0x02, 0x02, 0x00, 0x01, 
	0x81, 0x00, 0x03, 0x47, 0x05, 0x4E, 0x04, 0x80, 0x00, 0x09, 0x02, 0x04, 0x04, 0x05, 0x38, 0x01, 
	0x01, 0x05, 0x04, 0x03, 0x80, 0x01, 0x00, 0x02, 0x8E, 0x8B, 0x8D, 0x8B, 0x17, 0x0A, 0x01, 0x00, 
	0x04, 0x04, 0x05, 0x05, 0x00, 0x38, 0x00, 0x06, 0x47, 0x43, 0x03, 0x01, 0x04, 0x00, 0x00, 0x01, 
	0x01, 0x00, 0x47, 0x00, 0x01, 0x86, 0x00, 0x00, 0x01, 0x81, 0x00, 0x01, 0x02, 0x01, 0x83, 0x00, 
	0x00, 0x01, 0x84, 0x00, 0x00, 0x02, 0x81, 0x00, 0x07, 0x24, 0x00, 0x00, 0x01, 0x00, 0x02, 0x00, 
	0x01, 0x92, 0x00, 0x00, 0x24, 0x85, 0x00, 0x00, 0x01, 0x86, 0x00, 0x00, 0x38, 0x81, 0x00, 0x03, 
	0x01, 0x00, 0x00, 0x38, 0xF4, 0x00, 0x00, 0x38, 0x88, 0x00, 0x01, 0x02, 0x01, 0x82, 0x00, 0x01, 
	0x01, 0x47, 0x84, 0x00, 0x18, 0x24, 0x01, 0x00, 0x49, 0x00, 0x01, 0x01, 0x00, 0x00, 0x48, 0x43, 
	0x03, 0x01, 0x00, 0x06, 0x00, 0x38, 0x00, 0x49, 0x05, 0x04, 0x04, 0x00, 0x01, 0x0A, 0x8D, 0x8B, 
	0x06, 0x1A, 0x1A, 0x27, 0x1A, 0x1A, 0x2D, 0x2D, 0x80, 0x1A, 0x01, 0x2D, 0x2D, 0x81, 0x1A, 0x02, 
	0x2D, 0x2E, 0x48, 0x80, 0x04, 0x13, 0x05, 0x00, 0x49, 0x00, 0x06, 0x01, 0x01, 0x03, 0x03, 0x04, 
	0x01, 0x00, 0x00, 0x01, 0x01, 0x03, 0x24, 0x03, 0x00, 0x38, 0x85, 0x00, 0x01, 0x01, 0x38, 0x83, 
	0x00, 0x02, 0x01, 0x02, 0x38, 0x8F, 0x00, 0x00, 0x01, 0x80, 0x00, 0x0A, 0x02, 0x00, 0x01, 0x24, 
	0x38, 0x02, 0x00, 0x01, 0x00, 0x00, 0x38, 0x88, 0x00, 0x00, 0x04, 0x80, 0x00, 0x00, 0x38, 0x81, 
	0x00, 0x00, 0x02, 0x8F, 0x00, 0x00, 0x47, 0xF3, 0x00, 0x00, 0x01, 0x84, 0x00, 0x04, 0x02, 0x01, 
	0x00, 0x00, 0x01, 0x8C, 0x00, 0x11, 0x03, 0x01, 0x03, 0x01, 0x01, 0x38, 0x00, 0x00, 0x04, 0x03, 
	0x03, 0x01, 0x01, 0x06, 0x00, 0x05, 0x00, 0x05, 0x80, 0x04, 0x02, 0x48, 0x2E, 0x2D, 0x81, 0x1A, 
	0x01, 0x2D, 0x2D, 0x80, 0x1A, 0x06, 0x2D, 0x2D, 0x1A, 0x1A, 0x27, 0x1A, 0x1A, 0x04, 0x1A, 0x2D, 
	0x1A, 0x1A, 0x2D, 0x80, 0x1A, 0x01, 0x2D, 0x2D, 0x80, 0x1A, 0x0E, 0x2D, 0x2D, 0x1A, 0x1A, 0x95, 
	0xD0, 0x05, 0x05, 0x00, 0x04, 0x04, 0x49, 0x4E, 0x05, 0x00, 0x81, 0x01, 0x07, 0x00, 0x03, 0x03, 
	0x01, 0x43, 0x00, 0x00, 0x48, 0x83, 0x00, 0x00, 0x38, 0x83, 0x00, 0x02, 0x01, 0x00, 0x01, 0x82, 
	0x00, 0x00, 0x01, 0x82, 0x00, 0x0B, 0x38, 0x00, 0x00, 0x01, 0x00, 0x01, 0x00, 0x02, 0x00, 0x01, 
	0x00, 0x02, 0x80, 0x00, 0x03, 0x01, 0x00, 0x00, 0x04, 0x81, 0x00, 0x00, 0x01, 0x84, 0x00, 0x01, 
	0x38, 0x01, 0x81, 0x00, 0x00, 0x01, 0x85, 0x00, 0x00, 0x01, 0x81, 0x00, 0x04, 0x38, 0x00, 0x00, 
	0x80, 0x38, 0x82, 0x00, 0x00, 0x38, 0xF7, 0x00, 0x00, 0x02, 0x83, 0x00, 0x00, 0x01, 0x81, 0x00, 
	0x03, 0x02, 0x01, 0x00, 0x47, 0x83, 0x00, 0x00, 0x01, 0x82, 0x00, 0x09, 0x38, 0x04, 0x00, 0x00, 
	0x01, 0x01, 0x03, 0x03, 0x00, 0x38, 0x80, 0x01, 0x0E, 0x47, 0x47, 0x04, 0x05, 0x48, 0x04, 0x00, 
	0x05, 0x05, 0xD0, 0x95, 0x1A, 0x1A, 0x2D, 0x2D, 0x80, 0x1A, 0x01, 0x2D, 0x2D, 0x80, 0x1A, 0x04, 
	0x2D, 0x1A, 0x1A, 0x2D, 0x1A, 0x06, 0x1A, 0x1A, 0x27, 0x2D, 0x1A, 0x1A, 0x2D, 0x80, 0x1A, 0x01, 
	0x2D, 0x2D, 0x80, 0x1A, 0x0C, 0x2D, 0x2D, 0x1A, 0x2D, 0x70, 0x72, 0x04, 0x02, 0x04, 0x00, 0x49, 
	0x00, 0x04, 0x80, 0x00, 0x02, 0x01, 0x43, 0x01, 0x80, 0x03, 0x03, 0x00, 0x00, 0x04, 0x01, 0x80, 
	0x00, 0x04, 0x38, 0x02, 0x00, 0x00, 0x01, 0x83, 0x00, 0x00, 0x47, 0x85, 0x00, 0x00, 0x02, 0x80, 
	0x00, 0x00, 0x01, 0x86, 0x00, 0x01, 0x01, 0x01, 0x85, 0x00, 0x05, 0x24, 0x38, 0x00, 0x00, 0x01, 
	0x01, 0x80, 0x00, 0x00, 0x47, 0x84, 0x00, 0x00, 0x47, 0x84, 0x00, 0x00, 0x47, 0x8C, 0x00, 0x00, 
	0x01, 0xFF, 0x00, 0x00, 0x01, 0x87, 0x00, 0x04, 0x01, 0x00, 0x00, 0x02, 0x01, 0x81, 0x00, 0x02, 
	0x48, 0x00, 0x00, 0x80, 0x03, 0x81, 0x01, 0x0E, 0x00, 0x00, 0x48, 0x00, 0x49, 0x00, 0x04, 0x02, 
	0x04, 0xCF, 0x70, 0x2D, 0x1A, 0x2D, 0x2D, 0x80, 0x1A, 0x01, 0x2D, 0x2D, 0x80, 0x1A, 0x06, 0x2D, 
	0x1A, 0x1A, 0x2D, 0x27, 0x1A, 0x1A, 0x01, 0x1A, 0x2D, 0x81, 0x1A, 0x02, 0x22, 0x2D, 0x2D, 0x81, 
	0x1A, 0x01, 0x1B, 0xCC, 0x82, 0x1A, 0x0E, 0x2D, 0xCD, 0xCE, 0x03, 0x42, 0x00, 0x01, 0x00, 0x01, 
	0x49, 0x00, 0x00, 0x24, 0x00, 0x00, 0x81, 0x04, 0x00, 0x02, 0x80, 0x00, 0x04, 0x02, 0x00, 0x00, 
	0x01, 0x38, 0x84, 0x00, 0x03, 0x02, 0x01, 0x00, 0x38, 0x82, 0x00, 0x00, 0x38, 0x81, 0x00, 0x00, 
	0x01, 0x84, 0x00, 0x00, 0x02, 0x80, 0x00, 0x00, 0x01, 0x8B, 0x00, 0x00, 0x01, 0x84, 0x00, 0x00, 
	0x38, 0x84, 0x00, 0x00, 0x38, 0x82, 0x00, 0x00, 0x38, 0x81, 0x00, 0x03, 0x01, 0x00, 0x00, 0x38, 
	0xFF, 0x00, 0x00, 0x38, 0x80, 0x00, 0x03, 0x38, 0x00, 0x01, 0x02, 0x85, 0x00, 0x07, 0x01, 0x00, 
	0x00, 0x02, 0x38, 0x00, 0x01, 0x02, 0x81, 0x04, 0x82, 0x00, 0x09, 0x49, 0x01, 0x00, 0x01, 0x00, 
	0x06, 0x03, 0xCE, 0xCD, 0x1B, 0x82, 0x1A, 0x01, 0xCC, 0x1B, 0x81, 0x1A, 0x02, 0x2D, 0x2D, 0x22, 
	0x81, 0x1A, 0x01, 0x2D, 0x1A, 0x81, 0x00, 0x00, 0x38, 0x82, 0x00, 0x00, 0x01, 0x81, 0x00, 0x00, 
	0xCA, 0x81, 0x2D, 0x12, 0x1A, 0x1A, 0x40, 0xCB, 0x03, 0x00, 0x03, 0x01, 0x00, 0x05, 0x05, 0x49, 
	0x48, 0x00, 0x06, 0x04, 0x04, 0x00, 0x04, 0x80, 0x00, 0x00, 0x01, 0x84, 0x00, 0x00, 0x01, 0x87, 
	0x00, 0x05, 0x38, 0x01, 0x00, 0x00, 0x01, 0x02, 0x83, 0x00, 0x01, 0x38, 0x47, 0x80, 0x00, 0x00, 
	0x01, 0x87, 0x00, 0x0A, 0x47, 0x38, 0x00, 0x00, 0x02, 0x01, 0x00, 0x00, 0x01, 0x00, 0x47, 0x84, 
	0x00, 0x02, 0x01, 0x00, 0x38, 0x82, 0x00, 0x00, 0x38, 0x89, 0x00, 0x00, 0x47, 0xF6, 0x00, 0x00, 
	0x38, 0x8D, 0x00, 0x00, 0x38, 0x86, 0x00, 0x00, 0x01, 0x80, 0x00, 0x12, 0x04, 0x48, 0x04, 0x48, 
	0x06, 0x00, 0x02, 0x05, 0x49, 0x47, 0x00, 0x01, 0x03, 0x00, 0x03, 0x59, 0x40, 0x1A, 0x1A, 0x81, 
	0x2D, 0x00, 0xCA, 0x81, 0x00, 0x00, 0x01, 0x82, 0x00, 0x00, 0x38, 0x81, 0x00, 0x11, 0x05, 0x00, 
	0x48, 0x05, 0x05, 0x04, 0x06, 0x06, 0x04, 0x48, 0x05, 0x02, 0x38, 0x0A, 0x00, 0xC5, 0xC6, 0xC7, 
	0x82, 0x1A, 0x09, 0x2D, 0xC8, 0xC9, 0x02, 0x47, 0x04, 0x04, 0x00, 0x00, 0x04, 0x80, 0x05, 0x03, 
	0x49, 0x00, 0x00, 0x01, 0x8A, 0x00, 0x0E, 0x02, 0x00, 0x00, 0x38, 0x00, 0x01, 0x00, 0x01, 0x00, 
	0x00, 0x02, 0x24, 0x00, 0x00, 0x43, 0x82, 0x00, 0x02, 0x01, 0x00, 0x38, 0x81, 0x00, 0x04, 0x01, 
	0x00, 0x02, 0x01, 0x47, 0x80, 0x00, 0x00, 0x01, 0x8B, 0x00, 0x03, 0x01, 0x00, 0x00, 0x47, 0x86, 
	0x00, 0x01, 0x80, 0x38, 0x82, 0x00, 0x00, 0x38, 0xFF, 0x00, 0x05, 0x00, 0x38, 0x47, 0x01, 0x00, 
	0x01, 0x83, 0x00, 0x00, 0x02, 0x85, 0x00, 0x2C, 0x38, 0x00, 0x47, 0x00, 0x04, 0x01, 0x24, 0x00, 
	0x49, 0x05, 0x05, 0x47, 0x04, 0x00, 0x00, 0x04, 0x48, 0x49, 0x02, 0xC9, 0xC8, 0x22, 0x1A, 0x2D, 
	0x2D, 0x1A, 0x1A, 0xC7, 0xC6, 0xC5, 0x00, 0x0A, 0x38, 0x02, 0x05, 0x48, 0x04, 0x06, 0x06, 0x04, 
	0x05, 0x05, 0x48, 0x00, 0x05, 0x22, 0x00, 0x06, 0x02, 0x05, 0x02, 0x02, 0x42, 0x06, 0x04, 0x04, 
	0x05, 0x02, 0x00, 0x01, 0x06, 0x00, 0x00, 0xC2, 0xC3, 0x2D, 0x1A, 0x2D, 0x1A, 0x1A, 0x2D, 0x39, 
	0xC4, 0x9F, 0x48, 0x02, 0x00, 0x00, 0x02, 0x49, 0x49, 0x80, 0x05, 0x03, 0x0A, 0x06, 0x00, 0x01, 
	0x80, 0x00, 0x00, 0x02, 0x81, 0x00, 0x00, 0x38, 0x8E, 0x00, 0x00, 0x47, 0x8E, 0x00, 0x00, 0x01, 
	0x81, 0x00, 0x06, 0x01, 0x00, 0x01, 0x02, 0x00, 0x01, 0x38, 0x8D, 0x00, 0x00, 0x38, 0x86, 0x00, 
	0x00, 0x01, 0xFC, 0x00, 0x01, 0x01, 0x38, 0x80, 0x00, 0x02, 0x01, 0x00, 0x02, 0x84, 0x00, 0x02, 
	0x01, 0x00, 0x38, 0x81, 0x00, 0x00, 0x02, 0x80, 0x00, 0x04, 0x01, 0x00, 0x06, 0x0A, 0x49, 0x81, 
	0x05, 0x07, 0x02, 0x00, 0x00, 0x02, 0x04, 0x9F, 0xC4, 0x26, 0x82, 0x1A, 0x13, 0x2D, 0xC3, 0xC2, 
	0x00, 0x00, 0x06, 0x01, 0x00, 0x02, 0x05, 0x04, 0x04, 0x06, 0x42, 0x02, 0x02, 0x05, 0x02, 0x06, 
	0x00, 0x84, 0x00, 0x04, 0x06, 0x01, 0x00, 0x05, 0x38, 0x80, 0x01, 0x13, 0x02, 0x01, 0x0A, 0x05, 
	0xC0, 0x3B, 0x1A, 0x2D, 0x22, 0x1A, 0x2D, 0x2D, 0xA9, 0xC1, 0x02, 0x04, 0x00, 0x04, 0x42, 0x01, 
	0x80, 0x00, 0x06, 0x03, 0x43, 0x00, 0x01, 0x00, 0x02, 0x01, 0x84, 0x00, 0x00, 0x02, 0x8D, 0x00, 
	0x00, 0x01, 0x89, 0x00, 0x09, 0x01, 0x00, 0x00, 0x02, 0x00, 0x01, 0x01, 0x00, 0x00, 0x02, 0x81, 
	0x00, 0x01, 0x01, 0x47, 0x82, 0x00, 0x00, 0x38, 0x8B, 0x00, 0x03, 0x01, 0x00, 0x00, 0x38, 0xFF, 
	0x00, 0x85, 0x00, 0x03, 0x38, 0x00, 0x00, 0x01, 0x83, 0x00, 0x00, 0x47, 0x81, 0x00, 0x03, 0x01, 
	0x02, 0x00, 0x38, 0x80, 0x01, 0x80, 0x00, 0x13, 0x01, 0x06, 0x04, 0x00, 0x04, 0x02, 0xC1, 0xA9, 
	0x1A, 0x22, 0x1A, 0x1B, 0x2D, 0x1A, 0x3B, 0xC0, 0x05, 0x0A, 0x01, 0x02, 0x80, 0x01, 0x04, 0x38, 
	0x05, 0x00, 0x01, 0x06, 0x84, 0x00, 0x81, 0x00, 0x05, 0x05, 0x01, 0x06, 0x05, 0x04, 0x01, 0x83, 
	0x00, 0x19, 0x43, 0x47, 0x00, 0x01, 0x00, 0xBF, 0x4B, 0x2D, 0x2D, 0x1A, 0x1A, 0x2D, 0x27, 0x78, 
	0x61, 0x00, 0x06, 0x01, 0x01, 0x05, 0x00, 0x04, 0x01, 0x03, 0x02, 0x24, 0x81, 0x00, 0x01, 0x02, 
	0x47, 0x80, 0x00, 0x00, 0x38, 0x83, 0x00, 0x00, 0x38, 0xFF, 0x00, 0xB9, 0x00, 0x04, 0x02, 0x01, 
	0x00, 0x00, 0x47, 0x82, 0x00, 0x00, 0x01, 0x80, 0x00, 0x02, 0x01, 0x00, 0x02, 0x81, 0x00, 0x03, 
	0x38, 0x00, 0x00, 0x02, 0x81, 0x00, 0x0D, 0x01, 0x02, 0x03, 0x01, 0x04, 0x00, 0x47, 0x01, 0x01, 
	0x38, 0x00, 0x61, 0x78, 0x2D, 0x80, 0x1A, 0x08, 0x2D, 0x1A, 0x4B, 0xBF, 0x00, 0x01, 0x00, 0x47, 
	0x43, 0x83, 0x00, 0x05, 0x01, 0x04, 0x05, 0x06, 0x01, 0x05, 0x81, 0x00, 0x81, 0x1A, 0x03, 0x00, 
	0x06, 0x06, 0x05, 0x80, 0x00, 0x0E, 0x02, 0x00, 0x47, 0x00, 0x01, 0x01, 0x00, 0x49, 0x00, 0x00, 
	0x0A, 0x73, 0xBE, 0x2D, 0x2D, 0x81, 0x1A, 0x09, 0x74, 0x25, 0x02, 0x49, 0x00, 0x01, 0x00, 0x04, 
	0x00, 0x47, 0x84, 0x00, 0x00, 0x38, 0x89, 0x00, 0x00, 0x47, 0x80, 0x00, 0x00, 0x38, 0xFF, 0x00, 
	0xB6, 0x00, 0x06, 0x01, 0x00, 0x00, 0x47, 0x00, 0x01, 0x02, 0x8B, 0x00, 0x00, 0x38, 0x83, 0x00, 
	0x1C, 0x47, 0x00, 0x48, 0x00, 0x01, 0x00, 0x05, 0x4E, 0x25, 0x74, 0x1A, 0x22, 0x2D, 0x2D, 0x1A, 
	0x1B, 0xBE, 0x73, 0x0A, 0x00, 0x00, 0x49, 0x00, 0x01, 0x01, 0x00, 0x47, 0x00, 0x02, 0x80, 0x00, 
	0x03, 0x05, 0x06, 0x06, 0x00, 0x81, 0x1A, 0x81, 0x1A, 0x03, 0x2D, 0x00, 0x00, 0x03, 0x80, 0x00, 
	0x21, 0x0A, 0x00, 0x00, 0x01, 0x38, 0x04, 0x00, 0x05, 0x00, 0x00, 0x05, 0x04, 0x5E, 0xBB, 0x2B, 
	0x2D, 0x2D, 0x1A, 0x22, 0x1A, 0x2D, 0xBC, 0x28, 0x03, 0x00, 0x38, 0x04, 0x04, 0x47, 0x00, 0x02, 
	0x00, 0x00, 0x01, 0x8C, 0x00, 0x00, 0x38, 0xFF, 0x00, 0xB8, 0x00, 0x01, 0x02, 0x01, 0x93, 0x00, 
	0x22, 0x01, 0x01, 0x00, 0x00, 0x02, 0x00, 0x05, 0x02, 0x04, 0x01, 0x00, 0x03, 0xBD, 0x84, 0x2D, 
	0x1A, 0x2D, 0x2D, 0x1A, 0x1A, 0x2B, 0xBB, 0x5E, 0x48, 0x05, 0x01, 0x00, 0x05, 0x00, 0x04, 0x38, 
	0x01, 0x00, 0x00, 0x0A, 0x80, 0x00, 0x03, 0x03, 0x00, 0x00, 0x2D, 0x81, 0x1A, 0x82, 0x1A, 0x01, 
	0x00, 0x02, 0x86, 0x00, 0x01, 0x04, 0x04, 0x80, 0x00, 0x12, 0x0A, 0x49, 0x24, 0x0A, 0x73, 0xB8, 
	0x81, 0x1A, 0x2D, 0x1A, 0x1A, 0x2D, 0x2D, 0xB9, 0x4C, 0x01, 0x03, 0x00, 0x03, 0x80, 0x00, 0x01, 
	0x38, 0x24, 0x81, 0x00, 0x00, 0x01, 0x85, 0x00, 0x00, 0x01, 0x82, 0x00, 0x00, 0x02, 0xFF, 0x00, 
	0xBB, 0x00, 0x00, 0x38, 0x83, 0x00, 0x05, 0x01, 0x00, 0x00, 0x80, 0x38, 0x01, 0x87, 0x00, 0x12, 
	0x01, 0x00, 0x03, 0x01, 0x4C, 0xB9, 0x2D, 0x1A, 0x1A, 0x2D, 0x1A, 0x22, 0x81, 0xB8, 0xBA, 0x0A, 
	0x00, 0x05, 0x0A, 0x80, 0x00, 0x01, 0x04, 0x04, 0x86, 0x00, 0x01, 0x02, 0x00, 0x82, 0x1A, 0x81, 
	0x1A, 0x18, 0xB6, 0x00, 0x0A, 0x06, 0x02, 0x04, 0x8B, 0x8B, 0x04, 0x49, 0x01, 0x06, 0x05, 0x05, 
	0x42, 0x04, 0x38, 0x05, 0x05, 0x00, 0x0A, 0x49, 0x5E, 0x76, 0x6A, 0x80, 0x2D, 0x80, 0x1A, 0x05, 
	0x6B, 0xB7, 0x03, 0x01, 0x00, 0x04, 0x80, 0x00, 0x00, 0x02, 0x82, 0x00, 0x05, 0x02, 0x47, 0x00, 
	0x00, 0x01, 0x38, 0xFF, 0x00, 0xBF, 0x00, 0x00, 0x38, 0x86, 0x00, 0x03, 0x24, 0x00, 0x00, 0x02, 
	0x84, 0x00, 0x03, 0x02, 0x00, 0x02, 0x01, 0x81, 0x00, 0x22, 0x01, 0x03, 0xB7, 0x6B, 0x1A, 0x1A, 
	0x2D, 0x22, 0x1A, 0x2D, 0x6A, 0x76, 0x5E, 0x49, 0x0A, 0x00, 0x47, 0x05, 0x00, 0x04, 0x42, 0x05, 
	0x05, 0x06, 0x01, 0x49, 0x04, 0x8B, 0x8B, 0x04, 0x02, 0x06, 0x0A, 0x00, 0xB6, 0x81, 0x1A, 0x82, 
	0x1A, 0x82, 0x00, 0x16, 0x8B, 0x8B, 0x0A, 0x00, 0x00, 0x04, 0x49, 0x00, 0x00, 0x04, 0x05, 0x03, 
	0x47, 0x42, 0x03, 0x06, 0x06, 0x03, 0x05, 0x79, 0xB3, 0x1A, 0x2D, 0x80, 0x1A, 0x0A, 0x2D, 0xB4, 
	0xB5, 0x02, 0x05, 0x00, 0x01, 0x01, 0x47, 0x48, 0x49, 0x8C, 0x00, 0x00, 0x38, 0xFF, 0x00, 0xC6, 
	0x00, 0x00, 0x02, 0x82, 0x00, 0x25, 0x24, 0x47, 0x04, 0x05, 0x01, 0x01, 0x00, 0x49, 0x02, 0xB5, 
	0xB4, 0x2D, 0x1A, 0x2D, 0x1A, 0x1A, 0x2D, 0xB3, 0x79, 0x49, 0x03, 0x06, 0x42, 0x03, 0x06, 0x05, 
	0x03, 0x05, 0x04, 0x00, 0x00, 0x49, 0x04, 0x00, 0x00, 0x0A, 0x8B, 0x8B, 0x82, 0x00, 0x82, 0x1A, 
	0x01, 0x1A, 0x1A, 0x83, 0x8B, 0x01, 0x00, 0x00, 0x80, 0x8B, 0x23, 0xB1, 0x0A, 0x0A, 0x42, 0x06, 
	0x00, 0x47, 0x4E, 0x47, 0x05, 0x06, 0x01, 0x06, 0x06, 0x01, 0x02, 0xA7, 0x76, 0xB2, 0xAC, 0x2D, 
	0x1A, 0x1A, 0x22, 0x1A, 0x39, 0xAB, 0x9E, 0x00, 0x43, 0x00, 0x02, 0x47, 0x05, 0x01, 0x38, 0x8B, 
	0x00, 0x00, 0x01, 0xFF, 0x00, 0xB8, 0x00, 0x01, 0x02, 0x01, 0x86, 0x00, 0x2A, 0x38, 0x00, 0x00, 
	0x01, 0x00, 0x00, 0x01, 0x00, 0x00, 0x49, 0x00, 0x02, 0x00, 0x01, 0x00, 0x9F, 0xAB, 0x39, 0x1A, 
	0x1A, 0x2D, 0x1A, 0x1A, 0xAC, 0xB2, 0x76, 0xA7, 0x02, 0x01, 0x06, 0x06, 0x01, 0x06, 0x05, 0x05, 
	0x04, 0x47, 0x00, 0x06, 0x42, 0x0A, 0x0A, 0xB1, 0x80, 0x8B, 0x01, 0x00, 0x00, 0x83, 0x8B, 0x01, 
	0x1A, 0x1A, 0x00, 0x1A, 0x8D, 0x8B, 0x11, 0x5A, 0x00, 0x00, 0x04, 0x00, 0x00, 0x04, 0x05, 0x05, 
	0x00, 0x06, 0x05, 0x05, 0x03, 0x0A, 0x2E, 0x62, 0x22, 0x80, 0x1A, 0x08, 0x2D, 0x1A, 0x4F, 0xB0, 
	0x02, 0x00, 0x49, 0x03, 0x04, 0x82, 0x00, 0x00, 0x38, 0x81, 0x00, 0x03, 0x01, 0x47, 0x00, 0x38, 
	0xFF, 0x00, 0xBA, 0x00, 0x00, 0x01, 0x81, 0x00, 0x00, 0x38, 0x86, 0x00, 0x02, 0x01, 0x00, 0x02, 
	0x80, 0x00, 0x1D, 0x48, 0x03, 0x05, 0x00, 0x02, 0xB0, 0x4F, 0x1A, 0x1A, 0x2D, 0x2D, 0x1B, 0x2D, 
	0x62, 0x32, 0x0A, 0x03, 0x49, 0x49, 0x42, 0x9C, 0x05, 0x05, 0x04, 0x00, 0x00, 0x04, 0x00, 0x00, 
	0x5A, 0x8D, 0x8B, 0x00, 0x1A, 0x80, 0x8B, 0x83, 0x00, 0x85, 0x8B, 0x82, 0x00, 0x0D, 0x05, 0x02, 
	0x49, 0x02, 0x00, 0x06, 0x00, 0x49, 0x49, 0x00, 0x03, 0x5E, 0xAF, 0x30, 0x82, 0x2D, 0x05, 0x1A, 
	0x2F, 0x4C, 0x03, 0x00, 0x06, 0x80, 0x00, 0x03, 0x38, 0x00, 0x00, 0x01, 0x81, 0x00, 0x00, 0x38, 
	0xFF, 0x00, 0xBD, 0x00, 0x00, 0x02, 0x90, 0x00, 0x18, 0x06, 0x00, 0x03, 0x4C, 0x2F, 0x2D, 0x2D, 
	0x1A, 0x1A, 0x22, 0x1A, 0x4F, 0xAF, 0x5E, 0x03, 0x00, 0x05, 0x05, 0x00, 0x06, 0x04, 0x02, 0x49, 
	0x02, 0x49, 0x82, 0x00, 0x85, 0x8B, 0x83, 0x00, 0x80, 0x8B, 0x01, 0x8B, 0x8B, 0x84, 0x00, 0x00, 
	0x0A, 0x80, 0x8B, 0x80, 0x1A, 0x80, 0x00, 0x05, 0x01, 0x02, 0x0A, 0x06, 0x38, 0x04, 0x81, 0x00, 
	0x11, 0x01, 0x0A, 0x01, 0x04, 0x00, 0x43, 0x00, 0xAB, 0x36, 0x1A, 0x1A, 0x22, 0x1A, 0x2D, 0xAC, 
	0xAD, 0xAE, 0x05, 0x8E, 0x00, 0x00, 0x24, 0xFF, 0x00, 0xB1, 0x00, 0x00, 0x24, 0x85, 0x00, 0x00, 
	0x38, 0x83, 0x00, 0x02, 0x01, 0x00, 0x38, 0x80, 0x00, 0x00, 0x01, 0x80, 0x00, 0x04, 0x49, 0xAE, 
	0xAD, 0x39, 0x2D, 0x81, 0x1A, 0x12, 0x81, 0xAB, 0x00, 0x43, 0x00, 0x04, 0x00, 0x0A, 0x24, 0x00, 
	0x00, 0x01, 0x05, 0x04, 0x01, 0x06, 0x0A, 0x02, 0x01, 0x80, 0x00, 0x80, 0x1A, 0x80, 0x8B, 0x00, 
	0x0A, 0x84, 0x00, 0x01, 0x8B, 0x8B, 0x02, 0x8B, 0x8B, 0x0A, 0x80, 0x00, 0x01, 0x8B, 0x8B, 0x80, 
	0x00, 0x01, 0x8B, 0x8B, 0x81, 0x1A, 0x15, 0x00, 0x00, 0x38, 0x05, 0x01, 0x42, 0x03, 0x04, 0x00, 
	0x47, 0x00, 0x47, 0x00, 0x01, 0x00, 0x04, 0x02, 0x00, 0x0A, 0xA7, 0xA8, 0x3E, 0x82, 0x1A, 0x0A, 
	0x2D, 0xA9, 0xAA, 0x0A, 0x05, 0x48, 0x04, 0x02, 0x43, 0x06, 0x04, 0x80, 0x05, 0x06, 0x04, 0x00, 
	0x01, 0x02, 0x06, 0x01, 0x02, 0xFF, 0x00, 0xB2, 0x00, 0x02, 0x04, 0x47, 0x01, 0x84, 0x00, 0x03, 
	0x04, 0x00, 0x01, 0x04, 0x80, 0x05, 0x0A, 0x04, 0x06, 0x01, 0x02, 0x04, 0x04, 0x05, 0x0A, 0xAA, 
	0x3F, 0x4B, 0x80, 0x1A, 0x0A, 0x2D, 0x1A, 0x3E, 0xA8, 0xA7, 0x0A, 0x00, 0x02, 0x02, 0x00, 0x01, 
	0x80, 0x00, 0x09, 0x49, 0x04, 0x04, 0x03, 0x42, 0x01, 0x05, 0x38, 0x00, 0x00, 0x81, 0x1A, 0x01, 
	0x8B, 0x8B, 0x80, 0x00, 0x01, 0x8B, 0x8B, 0x80, 0x00, 0x02, 0x0A, 0x8B, 0x8B, 0x04, 0x8B, 0x8B, 
	0x00, 0x02, 0x00, 0x81, 0x8B, 0x80, 0x00, 0x80, 0x8B, 0x01, 0x1A, 0x1A, 0x81, 0x00, 0x16, 0x05, 
	0x04, 0x49, 0x00, 0x00, 0x03, 0x01, 0x00, 0x06, 0x48, 0x04, 0x47, 0x00, 0x4E, 0x00, 0x01, 0x03, 
	0x0A, 0x3A, 0xA4, 0x1A, 0x2D, 0x2D, 0x80, 0x1A, 0x11, 0x20, 0xA5, 0x02, 0x06, 0x01, 0x4E, 0x05, 
	0x05, 0x01, 0x06, 0x00, 0x00, 0x49, 0x05, 0x05, 0x01, 0x06, 0x01, 0xFF, 0x00, 0xB1, 0x00, 0x02, 
	0x01, 0x00, 0x38, 0x85, 0x00, 0x29, 0x05, 0x05, 0x49, 0x00, 0x00, 0x06, 0x38, 0x05, 0x05, 0x04, 
	0x00, 0x06, 0x02, 0xA5, 0xA6, 0x2D, 0x2D, 0x1A, 0x1A, 0x2D, 0x2D, 0xA4, 0x3A, 0x0A, 0x03, 0x43, 
	0x00, 0x04, 0x00, 0x05, 0x04, 0x04, 0x06, 0x00, 0x24, 0x03, 0x01, 0x01, 0x05, 0x04, 0x05, 0x05, 
	0x80, 0x00, 0x01, 0x1A, 0x1A, 0x80, 0x8B, 0x80, 0x00, 0x81, 0x8B, 0x04, 0x00, 0x02, 0x00, 0x8B, 
	0x8B, 0x04, 0x8B, 0x8B, 0x00, 0x06, 0x00, 0x81, 0x8B, 0x03, 0x00, 0x00, 0x04, 0x00, 0x80, 0x8B, 
	0x03, 0x2D, 0x00, 0x0A, 0x06, 0x80, 0x00, 0x05, 0x47, 0x00, 0x01, 0x03, 0x00, 0x00, 0x80, 0x04, 
	0x1D, 0x49, 0x04, 0x04, 0x00, 0x01, 0x03, 0x01, 0x02, 0xA1, 0xA2, 0x1A, 0x1A, 0x2D, 0x2D, 0x1A, 
	0x1A, 0x5C, 0xA3, 0x55, 0x05, 0x04, 0x49, 0x05, 0x03, 0x06, 0x00, 0x00, 0x01, 0x05, 0x24, 0xFF, 
	0x00, 0xBB, 0x00, 0x00, 0x38, 0x81, 0x00, 0x0C, 0x49, 0x01, 0x38, 0x00, 0x06, 0x03, 0x05, 0x05, 
	0x04, 0x49, 0x0A, 0xA3, 0x89, 0x80, 0x1A, 0x0C, 0x2D, 0x1A, 0x1A, 0xA2, 0xA1, 0x02, 0x01, 0x03, 
	0x01, 0x00, 0x48, 0x04, 0x49, 0x80, 0x04, 0x0C, 0x01, 0x00, 0x03, 0x43, 0x03, 0x05, 0x00, 0x09, 
	0x05, 0x06, 0x0A, 0x00, 0x2D, 0x80, 0x8B, 0x03, 0x00, 0x04, 0x00, 0x00, 0x81, 0x8B, 0x04, 0x00, 
	0x06, 0x00, 0x8B, 0x8B, 0x07, 0x8B, 0x8B, 0x00, 0x06, 0x00, 0x00, 0x8B, 0x8B, 0x80, 0x00, 0x02, 
	0x04, 0x04, 0x00, 0x80, 0x8B, 0x02, 0x00, 0x01, 0x04, 0x93, 0x00, 0x00, 0x2D, 0x80, 0x1A, 0x11, 
	0x27, 0x2D, 0x1A, 0x1A, 0xA0, 0x68, 0x17, 0x05, 0x05, 0x49, 0x00, 0x01, 0x43, 0x01, 0x01, 0x04, 
	0x38, 0x49, 0xFF, 0x00, 0xBA, 0x00, 0x03, 0x47, 0x00, 0x38, 0x04, 0x81, 0x01, 0x0A, 0x00, 0x49, 
	0x49, 0x05, 0x17, 0x68, 0xA0, 0x1A, 0x22, 0x2D, 0x2D, 0x80, 0x1A, 0x05, 0x2D, 0x29, 0x48, 0x43, 
	0x06, 0x04, 0x80, 0x00, 0x10, 0x05, 0x01, 0x05, 0x01, 0x02, 0x01, 0x00, 0x47, 0x01, 0x05, 0x04, 
	0x04, 0x47, 0x05, 0x04, 0x01, 0x00, 0x80, 0x8B, 0x02, 0x00, 0x04, 0x04, 0x80, 0x00, 0x07, 0x8B, 
	0x8B, 0x00, 0x00, 0x06, 0x00, 0x8B, 0x8B, 0x03, 0x8B, 0x8B, 0x00, 0x04, 0x88, 0x00, 0x80, 0x8B, 
	0x01, 0x00, 0x04, 0x93, 0x00, 0x00, 0x22, 0x80, 0x2D, 0x0A, 0x1A, 0x1A, 0x22, 0x2D, 0x2D, 0x27, 
	0x9D, 0x9E, 0x05, 0x05, 0x01, 0x80, 0x03, 0x03, 0x00, 0x06, 0x05, 0x05, 0xFF, 0x00, 0xB9, 0x00, 
	0x00, 0x01, 0x80, 0x00, 0x01, 0x06, 0x47, 0x80, 0x03, 0x0A, 0x01, 0x05, 0x49, 0x9F, 0x9D, 0x2D, 
	0x1A, 0x22, 0x1A, 0x2D, 0x22, 0x80, 0x2D, 0x0A, 0x1A, 0x05, 0x0A, 0x01, 0x00, 0x04, 0x00, 0x00, 
	0x01, 0x05, 0x38, 0x80, 0x01, 0x0A, 0x49, 0x4E, 0x00, 0x01, 0x05, 0x04, 0x04, 0x07, 0x04, 0x04, 
	0x00, 0x80, 0x8B, 0x88, 0x00, 0x03, 0x04, 0x00, 0x8B, 0x8B, 0x80, 0x8B, 0x05, 0x00, 0x04, 0x00, 
	0x00, 0x01, 0x06, 0x82, 0x00, 0x04, 0x06, 0x00, 0x8B, 0x8B, 0x06, 0x94, 0x00, 0x05, 0x2D, 0x2D, 
	0x1A, 0x27, 0x1A, 0x1B, 0x80, 0x1A, 0x0C, 0x2D, 0x2D, 0x87, 0x9A, 0x9B, 0x02, 0x9C, 0x24, 0x01, 
	0x0A, 0x43, 0x00, 0x04, 0xFF, 0x00, 0xB4, 0x00, 0x04, 0x47, 0x00, 0x01, 0x00, 0x02, 0x81, 0x00, 
	0x08, 0x43, 0x0A, 0x01, 0x01, 0x9C, 0x02, 0x9B, 0x9A, 0x87, 0x80, 0x1A, 0x04, 0x2D, 0x1A, 0x1B, 
	0x2D, 0x2D, 0x80, 0x1A, 0x06, 0x0A, 0x47, 0x49, 0x47, 0x04, 0x02, 0x02, 0x80, 0x01, 0x03, 0x06, 
	0x00, 0x01, 0x05, 0x80, 0x04, 0x0A, 0x00, 0x01, 0x06, 0x04, 0x04, 0x00, 0x06, 0x8B, 0x8B, 0x00, 
	0x06, 0x82, 0x00, 0x05, 0x06, 0x01, 0x00, 0x00, 0x04, 0x00, 0x80, 0x8B, 0x80, 0x8B, 0x03, 0x00, 
	0x00, 0x05, 0x05, 0x86, 0x00, 0x80, 0x8B, 0x94, 0x00, 0x80, 0x1A, 0x04, 0x2D, 0x2D, 0x54, 0x98, 
	0x2D, 0x80, 0x1A, 0x0B, 0x2D, 0x2D, 0x85, 0x99, 0x02, 0x02, 0x01, 0x04, 0x04, 0x00, 0x02, 0x47, 
	0xFF, 0x00, 0xB4, 0x00, 0x00, 0x38, 0x80, 0x00, 0x00, 0x01, 0x80, 0x00, 0x08, 0x04, 0x04, 0x01, 
	0x02, 0x02, 0x99, 0x85, 0x1A, 0x2D, 0x81, 0x1A, 0x01, 0x98, 0x54, 0x82, 0x1A, 0x0A, 0x0A, 0x00, 
	0x49, 0x05, 0x49, 0x04, 0x04, 0x00, 0x01, 0x06, 0x06, 0x80, 0x00, 0x08, 0x04, 0x04, 0x02, 0x05, 
	0x42, 0x06, 0x06, 0x00, 0x00, 0x80, 0x8B, 0x86, 0x00, 0x03, 0x05, 0x05, 0x00, 0x00, 0x80, 0x8B, 
	0x04, 0x00, 0x8B, 0x8B, 0x00, 0x00, 0x80, 0x05, 0x86, 0x00, 0x01, 0x8B, 0x8B, 0x94, 0x00, 0x01, 
	0x2D, 0x2D, 0x80, 0x1A, 0x04, 0x0A, 0x0A, 0x7C, 0x95, 0x2D, 0x81, 0x1A, 0x07, 0x35, 0x96, 0x97, 
	0x05, 0x04, 0x01, 0x03, 0x04, 0xFF, 0x00, 0xB4, 0x00, 0x00, 0x01, 0x83, 0x00, 0x1F, 0x38, 0x00, 
	0x01, 0x04, 0x49, 0x97, 0x96, 0x2D, 0x2D, 0x1A, 0x22, 0x1B, 0x1A, 0x95, 0x7C, 0x0A, 0x0A, 0x1A, 
	0x2D, 0x2D, 0x1A, 0x2D, 0x03, 0x04, 0x06, 0x00, 0x01, 0x24, 0x43, 0x04, 0x04, 0x00, 0x80, 0x05, 
	0x0B, 0x00, 0x04, 0x04, 0x00, 0x01, 0x01, 0x04, 0x05, 0x00, 0x00, 0x8B, 0x8B, 0x86, 0x00, 0x80, 
	0x05, 0x04, 0x00, 0x00, 0x8B, 0x8B, 0x00, 0x07, 0x00, 0x00, 0x8B, 0x8B, 0x01, 0x04, 0x00, 0x04, 
	0x81, 0x00, 0x00, 0x04, 0x80, 0x00, 0x03, 0x02, 0x00, 0x8B, 0x8B, 0x93, 0x00, 0x80, 0x1A, 0x06, 
	0x2D, 0x2D, 0x0A, 0x04, 0x0A, 0x91, 0x92, 0x80, 0x2D, 0x08, 0x22, 0x1A, 0x1A, 0x93, 0x94, 0x06, 
	0x01, 0x49, 0x4E, 0xFF, 0x00, 0xB7, 0x00, 0x00, 0x38, 0x82, 0x00, 0x03, 0x01, 0x38, 0x94, 0x93, 
	0x82, 0x1A, 0x0E, 0x2D, 0x92, 0x91, 0x0A, 0x04, 0x0A, 0x2D, 0x22, 0x1A, 0x2D, 0x1A, 0x0A, 0x00, 
	0x06, 0x24, 0x80, 0x01, 0x12, 0x04, 0x4E, 0x00, 0x47, 0x05, 0x05, 0x01, 0x04, 0x48, 0x01, 0x00, 
	0x01, 0x02, 0x00, 0x00, 0x8B, 0x8B, 0x00, 0x02, 0x80, 0x00, 0x00, 0x04, 0x81, 0x00, 0x07, 0x04, 
	0x00, 0x04, 0x01, 0x8B, 0x8B, 0x00, 0x00, 0x08, 0x00, 0x00, 0x8B, 0x8B, 0x00, 0x04, 0x00, 0x00, 
	0x05, 0x80, 0x00, 0x00, 0x04, 0x82, 0x00, 0x01, 0x8B, 0x8B, 0x93, 0x00, 0x0C, 0x1A, 0x1A, 0x22, 
	0x1A, 0x1A, 0x0A, 0x05, 0x49, 0x04, 0x04, 0x71, 0x90, 0x1A, 0x80, 0x2D, 0x05, 0x1A, 0x70, 0x05, 
	0x03, 0x03, 0x01, 0xFF, 0x00, 0xBD, 0x00, 0x23, 0x03, 0x49, 0x70, 0x2D, 0x1A, 0x1A, 0x2D, 0x2D, 
	0x90, 0x72, 0x48, 0x04, 0x47, 0x05, 0x0A, 0x1A, 0x2D, 0x2D, 0x1A, 0x1A, 0x03, 0x49, 0x00, 0x00, 
	0x04, 0x03, 0x05, 0x00, 0x49, 0x04, 0x01, 0x04, 0x00, 0x06, 0x00, 0x38, 0x80, 0x05, 0x04, 0x02, 
	0x06, 0x00, 0x8B, 0x8B, 0x82, 0x00, 0x00, 0x04, 0x80, 0x00, 0x08, 0x05, 0x00, 0x00, 0x04, 0x00, 
	0x8B, 0x8B, 0x00, 0x00, 0x03, 0x00, 0x00, 0x8B, 0x8B, 0x8B, 0x00, 0x01, 0x8B, 0x8B, 0x93, 0x00, 
	0x15, 0x1A, 0x2D, 0x1A, 0x1A, 0x2D, 0x02, 0x05, 0x05, 0x00, 0x00, 0x05, 0x02, 0x8E, 0x87, 0x1A, 
	0x2D, 0x2D, 0x8F, 0x05, 0x01, 0x01, 0x06, 0xFF, 0x00, 0xB8, 0x00, 0x00, 0x38, 0x81, 0x00, 0x1F, 
	0x01, 0x47, 0x8F, 0x1B, 0x2D, 0x1A, 0x87, 0x8E, 0x02, 0x49, 0x00, 0x00, 0x05, 0x05, 0x02, 0x2D, 
	0x1A, 0x1A, 0x2D, 0x1A, 0x03, 0x05, 0x38, 0x00, 0x04, 0x01, 0x05, 0x01, 0x49, 0x02, 0x00, 0x04, 
	0x80, 0x01, 0x08, 0x00, 0x05, 0x49, 0x03, 0x04, 0x04, 0x00, 0x8B, 0x8B, 0x8B, 0x00, 0x03, 0x8B, 
	0x8B, 0x00, 0x00, 0x06, 0x00, 0x00, 0x8B, 0x8B, 0x00, 0x00, 0x06, 0x88, 0x00, 0x01, 0x8B, 0x8B, 
	0x93, 0x00, 0x05, 0x1A, 0x1A, 0x22, 0x2D, 0x2D, 0x03, 0x84, 0x00, 0x07, 0x5D, 0x8C, 0x2D, 0x51, 
	0x0A, 0x04, 0x00, 0x05, 0xFF, 0x00, 0xBF, 0x00, 0x05, 0x02, 0x0A, 0x50, 0x2D, 0x8C, 0x8D, 0x81, 
	0x00, 0x10, 0x01, 0x00, 0x00, 0x03, 0x1A, 0x2D, 0x2D, 0x1A, 0x1A, 0x02, 0x02, 0x00, 0x00, 0x01, 
	0x38, 0x00, 0x01, 0x82, 0x00, 0x02, 0x02, 0x38, 0x01, 0x81, 0x00, 0x03, 0x03, 0x00, 0x8B, 0x8B, 
	0x88, 0x00, 0x06, 0x06, 0x00, 0x00, 0x8B, 0x8B, 0x00, 0x00, 0x03, 0x00, 0x00, 0x8B, 0x8B, 0x8B, 
	0x00, 0x01, 0x8B, 0x8B, 0x93, 0x00, 0x05, 0x1A, 0x2D, 0x2D, 0x1A, 0x2D, 0x03, 0x83, 0x00, 0x0A, 
	0x01, 0x00, 0x04, 0x1C, 0x2E, 0x04, 0x04, 0x01, 0x00, 0x00, 0x38, 0xFF, 0x00, 0xBD, 0x00, 0x07, 
	0x04, 0x04, 0x2E, 0x1C, 0x04, 0x00, 0x01, 0x38, 0x82, 0x00, 0x14, 0x03, 0x2D, 0x1A, 0x1A, 0x2D, 
	0x1A, 0x03, 0x02, 0x00, 0x00, 0x01, 0x01, 0x00, 0x05, 0x00, 0x00, 0x02, 0x01, 0x00, 0x00, 0x01, 
	0x84, 0x00, 0x01, 0x8B, 0x8B, 0x8B, 0x00, 0x03, 0x8B, 0x8B, 0x00, 0x00, 0x00, 0x00, 0x80, 0x8B, 
	0x80, 0x00, 0x01, 0x01, 0x02, 0x83, 0x00, 0x04, 0x01, 0x00, 0x00, 0x8B, 0x8B, 0x93, 0x00, 0x80, 
	0x1A, 0x02, 0x2D, 0x1A, 0x0A, 0x80, 0x00, 0x00, 0x01, 0x81, 0x00, 0x05, 0x02, 0x48, 0x02, 0x00, 
	0x00, 0x05, 0xFF, 0x00, 0xB9, 0x00, 0x00, 0x38, 0x81, 0x00, 0x06, 0x38, 0x05, 0x00, 0x00, 0x02, 
	0x04, 0x02, 0x81, 0x00, 0x12, 0x01, 0x38, 0x00, 0x00, 0x42, 0x1A, 0x2D, 0x2D, 0x1A, 0x1A, 0x0A, 
	0x38, 0x00, 0x00, 0x43, 0x01, 0x00, 0x04, 0x01, 0x81, 0x00, 0x01, 0x02, 0x01, 0x80, 0x00, 0x00, 
	0x38, 0x80, 0x00, 0x04, 0x8B, 0x8B, 0x00, 0x00, 0x01, 0x83, 0x00, 0x01, 0x02, 0x01, 0x80, 0x00, 
	0x80, 0x8B, 0x00, 0x00, 0x80, 0x8B, 0x80, 0x00, 0x00, 0x02, 0x80, 0x8B, 0x85, 0x00, 0x01, 0x8B, 
	0x8B, 0x93, 0x00, 0x05, 0x2D, 0x2D, 0x1A, 0x1A, 0x2D, 0x0A, 0x82, 0x00, 0x02, 0x01, 0x01, 0x47, 
	0x80, 0x04, 0x03, 0x02, 0x00, 0x04, 0x02, 0xFF, 0x00, 0xB6, 0x00, 0x00, 0x38, 0x84, 0x00, 0x07, 
	0x04, 0x00, 0x02, 0x04, 0x48, 0x04, 0x00, 0x01, 0x83, 0x00, 0x07, 0x0A, 0x2D, 0x1A, 0x1A, 0x2D, 
	0x1A, 0x0A, 0x01, 0x80, 0x00, 0x00, 0x24, 0x83, 0x00, 0x00, 0x01, 0x80, 0x00, 0x01, 0x02, 0x01, 
	0x81, 0x00, 0x01, 0x8B, 0x8B, 0x85, 0x00, 0x80, 0x8B, 0x00, 0x02, 0x80, 0x00, 0x80, 0x8B, 0x01, 
	0x8B, 0x8B, 0x81, 0x00, 0x00, 0x06, 0x81, 0x8B, 0x84, 0x00, 0x01, 0x8B, 0x8B, 0x93, 0x00, 0x06, 
	0x1A, 0x1A, 0x27, 0x2D, 0x1A, 0x0A, 0x01, 0x82, 0x00, 0x03, 0x01, 0x00, 0x00, 0x0A, 0xFF, 0x00, 
	0xBD, 0x00, 0x00, 0x01, 0x86, 0x00, 0x01, 0x0A, 0x01, 0x80, 0x00, 0x00, 0x47, 0x80, 0x00, 0x0B, 
	0x01, 0x0A, 0x1A, 0x2D, 0x2D, 0x1A, 0x1A, 0x0A, 0x49, 0x00, 0x00, 0x01, 0x80, 0x00, 0x01, 0x24, 
	0x02, 0x83, 0x00, 0x07, 0x01, 0x38, 0x00, 0x04, 0x00, 0x00, 0x8B, 0x8B, 0x84, 0x00, 0x81, 0x8B, 
	0x00, 0x06, 0x81, 0x00, 0x01, 0x8B, 0x8B, 0x02, 0x0A, 0x00, 0x01, 0x81, 0x00, 0x01, 0x0A, 0x00, 
	0x80, 0x8B, 0x00, 0x0A, 0x82, 0x00, 0x01, 0x8B, 0x8B, 0x93, 0x00, 0x0B, 0x2D, 0x2D, 0x1A, 0x1A, 
	0x2D, 0x0A, 0x00, 0x00, 0x01, 0x00, 0x01, 0x02, 0x83, 0x00, 0x02, 0x05, 0x00, 0x03, 0xFF, 0x00, 
	0xBF, 0x00, 0x02, 0x47, 0x00, 0x38, 0x87, 0x00, 0x08, 0x0A, 0x2D, 0x1A, 0x1A, 0x2D, 0x2D, 0x03, 
	0x49, 0x4E, 0x80, 0x01, 0x04, 0x03, 0x48, 0x00, 0x00, 0x01, 0x88, 0x00, 0x01, 0x8B, 0x8B, 0x82, 
	0x00, 0x00, 0x0A, 0x80, 0x8B, 0x01, 0x00, 0x0A, 0x81, 0x00, 0x02, 0x01, 0x00, 0x0A, 0x02, 0x00, 
	0x00, 0x0A, 0x81, 0x00, 0x04, 0x05, 0x00, 0x00, 0x8B, 0x8B, 0x83, 0x00, 0x01, 0x8B, 0x8B, 0x93, 
	0x00, 0x0A, 0x2D, 0x1A, 0x22, 0x2D, 0x1A, 0x0A, 0x00, 0x00, 0x02, 0x00, 0x01, 0x80, 0x00, 0x07, 
	0x03, 0x00, 0x00, 0x03, 0x00, 0x00, 0x03, 0x38, 0xFF, 0x00, 0xB4, 0x00, 0x00, 0x01, 0x82, 0x00, 
	0x00, 0x02, 0x80, 0x00, 0x04, 0x47, 0x03, 0x00, 0x00, 0x03, 0x85, 0x00, 0x0A, 0x0A, 0x1A, 0x2D, 
	0x2D, 0x1A, 0x1A, 0x0A, 0x05, 0x00, 0x02, 0x01, 0x89, 0x00, 0x00, 0x47, 0x81, 0x00, 0x01, 0x8B, 
	0x8B, 0x83, 0x00, 0x04, 0x8B, 0x8B, 0x00, 0x00, 0x05, 0x81, 0x00, 0x02, 0x0A, 0x00, 0x00, 0x00, 
	0x02, 0x80, 0x8B, 0x83, 0x00, 0x03, 0x8B, 0x8B, 0x00, 0x0A, 0x81, 0x00, 0x01, 0x8B, 0x8B, 0x93, 
	0x00, 0x00, 0x2D, 0x80, 0x1A, 0x04, 0x2D, 0x0A, 0x00, 0x00, 0x01, 0x85, 0x00, 0x04, 0x49, 0x00, 
	0x24, 0x01, 0x03, 0xFF, 0x00, 0xB7, 0x00, 0x01, 0x38, 0x47, 0x83, 0x00, 0x03, 0x47, 0x00, 0x00, 
	0x24, 0x82, 0x00, 0x10, 0x01, 0x00, 0x00, 0x0A, 0x2D, 0x1A, 0x1A, 0x2D, 0x2D, 0x03, 0x01, 0x00, 
	0x00, 0x01, 0x00, 0x00, 0x01, 0x80, 0x00, 0x00, 0x38, 0x87, 0x00, 0x01, 0x8B, 0x8B, 0x81, 0x00, 
	0x03, 0x0A, 0x00, 0x8B, 0x8B, 0x83, 0x00, 0x80, 0x8B, 0x00, 0x02, 0x80, 0x8B, 0x02, 0x0A, 0x00, 
	0x01, 0x81, 0x00, 0x01, 0x8B, 0x8B, 0x83, 0x00, 0x01, 0x8B, 0x8B, 0x93, 0x00, 0x05, 0x1A, 0x1A, 
	0x22, 0x2D, 0x2D, 0x03, 0x8A, 0x00, 0x03, 0x02, 0x00, 0x00, 0x01, 0xFF, 0x00, 0xBB, 0x00, 0x03, 
	0x01, 0x02, 0x00, 0x01, 0x84, 0x00, 0x00, 0x38, 0x80, 0x00, 0x0A, 0x03, 0x1A, 0x2D, 0x2D, 0x1A, 
	0x2D, 0x03, 0x00, 0x04, 0x03, 0x43, 0x84, 0x00, 0x01, 0x38, 0x01, 0x85, 0x00, 0x01, 0x8B, 0x8B, 
	0x83, 0x00, 0x01, 0x8B, 0x8B, 0x81, 0x00, 0x02, 0x01, 0x00, 0x0A, 0x80, 0x8B, 0x03, 0x8B, 0x8B, 
	0x0A, 0x06, 0x83, 0x00, 0x01, 0x8B, 0x8B, 0x83, 0x00, 0x01, 0x8B, 0x8B, 0x93, 0x00, 0x05, 0x1A, 
	0x2D, 0x2D, 0x1A, 0x1A, 0x0A, 0x82, 0x00, 0x03, 0x38, 0x00, 0x01, 0x05, 0x82, 0x00, 0x00, 0x01, 
	0xFF, 0x00, 0xB8, 0x00, 0x00, 0x02, 0x87, 0x00, 0x01, 0x49, 0x24, 0x82, 0x00, 0x12, 0x01, 0x00, 
	0x0A, 0x2D, 0x2D, 0x22, 0x1A, 0x1A, 0x0A, 0x01, 0x04, 0x00, 0x01, 0x01, 0x00, 0x02, 0x00, 0x01, 
	0x47, 0x83, 0x00, 0x01, 0x02, 0x01, 0x80, 0x00, 0x01, 0x8B, 0x8B, 0x83, 0x00, 0x01, 0x8B, 0x8B, 
	0x83, 0x00, 0x03, 0x06, 0x0A, 0x8B, 0x8B, 0x00, 0x0A, 0x84, 0x00, 0x03, 0x04, 0x0A, 0x8B, 0x8B, 
	0x80, 0x00, 0x04, 0x02, 0x00, 0x00, 0x8B, 0x8B, 0x93, 0x00, 0x0B, 0x2D, 0x1A, 0x27, 0x2D, 0x1A, 
	0x02, 0x00, 0x00, 0x24, 0x00, 0x00, 0x01, 0x82, 0x00, 0x02, 0x38, 0x00, 0x06, 0xFF, 0x00, 0xBC, 
	0x00, 0x03, 0x38, 0x00, 0x00, 0x06, 0x84, 0x00, 0x00, 0x01, 0x82, 0x00, 0x00, 0x02, 0x80, 0x1A, 
	0x03, 0x2D, 0x2D, 0x03, 0x04, 0x80, 0x00, 0x00, 0x01, 0x82, 0x00, 0x00, 0x01, 0x81, 0x00, 0x00, 
	0x01, 0x82, 0x00, 0x04, 0x8B, 0x8B, 0x00, 0x00, 0x02, 0x80, 0x00, 0x03, 0x8B, 0x8B, 0x0A, 0x04, 
	0x84, 0x00, 0x00, 0x0A, 0x82, 0x00, 0x07, 0x02, 0x00, 0x01, 0x00, 0x00, 0x8B, 0x8B, 0x0A, 0x80, 
	0x00, 0x03, 0x01, 0x0A, 0x8B, 0x8B, 0x93, 0x00, 0x05, 0x1A, 0x2D, 0x2D, 0x1A, 0x2D, 0x05, 0x8A, 
	0x00, 0x00, 0x04, 0xFF, 0x00, 0xBB, 0x00, 0x06, 0x38, 0x00, 0x00, 0x01, 0x48, 0x00, 0x01, 0x81, 
	0x00, 0x00, 0x38, 0x83, 0x00, 0x0B, 0x49, 0x2D, 0x2D, 0x1A, 0x1B, 0x2D, 0x09, 0x48, 0x04, 0x00, 
	0x00, 0x03, 0x80, 0x00, 0x00, 0x02, 0x85, 0x00, 0x07, 0x02, 0x38, 0x00, 0x00, 0x8B, 0x8B, 0x0A, 
	0x01, 0x80, 0x00, 0x07, 0x0A, 0x8B, 0x8B, 0x00, 0x00, 0x01, 0x00, 0x02, 0x82, 0x00, 0x80, 0x00, 
	0x00, 0x01, 0x82, 0x00, 0x80, 0x8B, 0x83, 0x00, 0x01, 0x8B, 0x8B, 0x93, 0x00, 0x05, 0x06, 0x01, 
	0x47, 0x03, 0x00, 0x01, 0x86, 0x00, 0x01, 0x02, 0x01, 0x80, 0x00, 0x00, 0x01, 0xFF, 0x00, 0xBA, 
	0x00, 0x08, 0x01, 0x02, 0x00, 0x01, 0x00, 0x00, 0x02, 0x01, 0x02, 0x86, 0x00, 0x0A, 0x01, 0x24, 
	0x03, 0x49, 0x01, 0x06, 0x01, 0x0A, 0x00, 0x00, 0x43, 0x86, 0x00, 0x03, 0x38, 0x00, 0x00, 0x01, 
	0x81, 0x00, 0x01, 0x8B, 0x8B, 0x83, 0x00, 0x80, 0x8B, 0x82, 0x00, 0x00, 0x01, 0x80, 0x00, 0x85, 
	0x00, 0x80, 0x8B, 0x83, 0x00, 0x80, 0x8B, 0x93, 0x00, 0x0A, 0x03, 0x03, 0x47, 0x0A, 0x01, 0x02, 
	0x00, 0x01, 0x00, 0x00, 0x38, 0x84, 0x00, 0x01, 0x38, 0x01, 0xFF, 0x00, 0xBF, 0x00, 0x00, 0x01, 
	0x80, 0x00, 0x00, 0x47, 0x80, 0x00, 0x04, 0x01, 0x00, 0x00, 0x38, 0x01, 0x80, 0x00, 0x11, 0x0A, 
	0x05, 0x03, 0x03, 0x01, 0x03, 0x38, 0x00, 0x00, 0x01, 0x00, 0x04, 0x00, 0x01, 0x00, 0x00, 0x38, 
	0x01, 0x85, 0x00, 0x80, 0x8B, 0x83, 0x00, 0x80, 0x8B, 0x85, 0x00, 0x82, 0x00, 0x01, 0x0A, 0x00, 
	0x80, 0x8B, 0x00, 0x0A, 0x80, 0x00, 0x01, 0x06, 0x00, 0x80, 0x8B, 0x94, 0x00, 0x06, 0x04, 0x38, 
	0x04, 0x49, 0x05, 0x00, 0x01, 0x82, 0x00, 0x04, 0x03, 0x04, 0x38, 0x24, 0x01, 0x81, 0x00, 0x01, 
	0x49, 0x01, 0xFF, 0x00, 0xB7, 0x00, 0x00, 0x01, 0x84, 0x00, 0x05, 0x43, 0x00, 0x00, 0x04, 0x03, 
	0x02, 0x81, 0x00, 0x10, 0x01, 0x00, 0x05, 0x05, 0x04, 0x06, 0x04, 0x00, 0x05, 0x02, 0x01, 0x01, 
	0x02, 0x00, 0x00, 0x02, 0x01, 0x85, 0x00, 0x00, 0x24, 0x81, 0x00, 0x80, 0x8B, 0x01, 0x00, 0x06, 
	0x80, 0x00, 0x00, 0x0A, 0x80, 0x8B, 0x01, 0x00, 0x0A, 0x82, 0x00, 0x01, 0x00, 0x00, 0x84, 0x8B, 
	0x05, 0x00, 0x01, 0x01, 0x00, 0x03, 0x00, 0x80, 0x8B, 0x00, 0x0A, 0x94, 0x00, 0x06, 0x04, 0x06, 
	0x49, 0x05, 0x05, 0x01, 0x38, 0x80, 0x00, 0x00, 0x47, 0x84, 0x00, 0x03, 0x03, 0x05, 0x00, 0x01, 
	0xFF, 0x00, 0xB7, 0x00, 0x00, 0x38, 0x82, 0x00, 0x01, 0x49, 0x03, 0x85, 0x00, 0x0A, 0x01, 0x00, 
	0x47, 0x00, 0x01, 0x05, 0x49, 0x05, 0x06, 0x04, 0x04, 0x81, 0x00, 0x00, 0x01, 0x82, 0x00, 0x00, 
	0x01, 0x82, 0x00, 0x06, 0x06, 0x00, 0x04, 0x00, 0x03, 0x00, 0x0A, 0x80, 0x8B, 0x05, 0x00, 0x03, 
	0x00, 0x01, 0x01, 0x00, 0x84, 0x8B, 0x01, 0x00, 0x00, 0x8E, 0x8B, 0x02, 0x02, 0x01, 0x01, 0x94, 
	0x00, 0x01, 0x01, 0x4E, 0x81, 0x00, 0x00, 0x01, 0xFF, 0x00, 0xC7, 0x00, 0x02, 0x02, 0x00, 0x01, 
	0x8A, 0x00, 0x07, 0x01, 0x00, 0x24, 0x02, 0x00, 0x04, 0x00, 0x01, 0x81, 0x00, 0x00, 0x47, 0x80, 
	0x00, 0x0B, 0x01, 0x24, 0x47, 0x00, 0x01, 0x03, 0x0A, 0x00, 0x00, 0x05, 0x01, 0x43, 0x81, 0x01, 
	0x00, 0x02, 0x8E, 0x8B, 0x8D, 0x8B, 0x03, 0x0A, 0x01, 0x00, 0x04, 0x99, 0x00, 0x00, 0x02, 0x83, 
	0x00, 0x07, 0x01, 0x00, 0x00, 0x02, 0x00, 0x01, 0x00, 0x01, 0xFF, 0x00, 0xB9, 0x00, 0x05, 0x38, 
	0x00, 0x00, 0x01, 0x00, 0x02, 0x80, 0x00, 0x00, 0x38, 0x84, 0x00, 0x01, 0x38, 0x02, 0x80, 0x00, 
	0x03, 0x01, 0x00, 0x00, 0x02, 0x81, 0x00, 0x00, 0x05, 0x80, 0x01, 0x05, 0x38, 0x05, 0x00, 0x06, 
	0x03, 0x01, 0x80, 0x00, 0x07, 0x06, 0x01, 0x03, 0x04, 0x04, 0x00, 0x01, 0x0A, 0x8D, 0x8B, 0x8A, 
	0x1A, 0x06, 0x2D, 0x2D, 0x1A, 0x1C, 0x02, 0x03, 0x04, 0x9A, 0x00, 0x05, 0x01, 0x00, 0x00, 0x01, 
	0x00, 0x02, 0x84, 0x00, 0x00, 0x01, 0xFF, 0x00, 0xB6, 0x00, 0x00, 0x24, 0x85, 0x00, 0x00, 0x38, 
	0x82, 0x00, 0x01, 0x38, 0x47, 0x80, 0x00, 0x00, 0x01, 0x85, 0x00, 0x11, 0x01, 0x01, 0x03, 0x04, 
	0x48, 0x02, 0x47, 0x04, 0x04, 0x03, 0x06, 0x04, 0x04, 0x00, 0x01, 0x00, 0x04, 0x49, 0x81, 0x04, 
	0x02, 0x03, 0x02, 0x1C, 0x8D, 0x1A, 0x00, 0x22, 0x8B, 0x1A, 0x04, 0x2D, 0x2D, 0x8A, 0x73, 0x49, 
	0x95, 0x00, 0x00, 0x38, 0x80, 0x00, 0x00, 0x02, 0x81, 0x00, 0x00, 0x38, 0xFF, 0x00, 0xC0, 0x00, 
	0x02, 0x04, 0x00, 0x47, 0x8A, 0x00, 0x00, 0x01, 0x80, 0x00, 0x00, 0x02, 0x83, 0x00, 0x12, 0x01, 
	0x00, 0x02, 0x00, 0x04, 0x04, 0x05, 0x05, 0x48, 0x04, 0x03, 0x38, 0x04, 0x04, 0x05, 0x00, 0x01, 
	0x02, 0x05, 0x80, 0x04, 0x02, 0x49, 0x73, 0x78, 0x8E, 0x1A, 0x00, 0x86, 0x89, 0x1A, 0x01, 0x2D, 
	0x2D, 0x80, 0x1A, 0x11, 0x87, 0x88, 0x02, 0x01, 0x04, 0x05, 0x01, 0x04, 0x05, 0x48, 0x01, 0x05, 
	0x47, 0x04, 0x05, 0x05, 0x00, 0x47, 0x8A, 0x00, 0x00, 0x01, 0x80, 0x00, 0x00, 0x43, 0x85, 0x00, 
	0x01, 0x01, 0x02, 0xFF, 0x00, 0xB5, 0x00, 0x00, 0x01, 0x8C, 0x00, 0x00, 0x01, 0x80, 0x00, 0x03, 
	0x01, 0x00, 0x00, 0x38, 0x84, 0x00, 0x00, 0x38, 0x81, 0x00, 0x0F, 0x47, 0x05, 0x04, 0x05, 0x05, 
	0x01, 0x04, 0x49, 0x04, 0x01, 0x05, 0x04, 0x00, 0x4E, 0x88, 0x89, 0x8E, 0x1A, 0x00, 0x86, 0x01, 
	0x1A, 0x22, 0x8C, 0x1A, 0x0B, 0x2D, 0x2D, 0x1A, 0x84, 0x3A, 0x43, 0x24, 0x00, 0x04, 0x05, 0x43, 
	0x01, 0x80, 0x05, 0x02, 0x03, 0x05, 0x38, 0x80, 0x00, 0x00, 0x05, 0x83, 0x00, 0x00, 0x38, 0x81, 
	0x00, 0x02, 0x47, 0x00, 0x02, 0x86, 0x00, 0x00, 0x03, 0xFF, 0x00, 0xB9, 0x00, 0x00, 0x01, 0x82, 
	0x00, 0x00, 0x38, 0x83, 0x00, 0x01, 0x47, 0x02, 0x8A, 0x00, 0x00, 0x05, 0x80, 0x00, 0x15, 0x01, 
	0x49, 0x03, 0x49, 0x05, 0x49, 0x01, 0x01, 0x05, 0x38, 0x00, 0x01, 0x01, 0x3A, 0x85, 0x1A, 0x2D, 
	0x1A, 0x2D, 0x22, 0x2D, 0x2D, 0x8A, 0x1A, 0x8B, 0x00, 0x02, 0x1A, 0x81, 0x2D, 0x80, 0x1A, 0x09, 
	0x22, 0x1A, 0x82, 0x83, 0x09, 0x00, 0x00, 0x01, 0x05, 0x01, 0x80, 0x04, 0x04, 0x00, 0x01, 0x01, 
	0x06, 0x04, 0x82, 0x00, 0x02, 0x02, 0x00, 0x01, 0x81, 0x00, 0x03, 0x38, 0x00, 0x00, 0x01, 0x86, 
	0x00, 0x00, 0x02, 0xFF, 0x00, 0xB7, 0x00, 0x00, 0x02, 0x81, 0x00, 0x03, 0x24, 0x00, 0x00, 0x01, 
	0x81, 0x00, 0x01, 0x38, 0x01, 0x84, 0x00, 0x02, 0x01, 0x38, 0x02, 0x82, 0x00, 0x0F, 0x04, 0x06, 
	0x01, 0x01, 0x00, 0x04, 0x04, 0x4E, 0x00, 0x05, 0x01, 0x00, 0x00, 0x09, 0x83, 0x82, 0x81, 0x1A, 
	0x03, 0x2D, 0x1B, 0x81, 0x1A, 0x8B, 0x00, 0x02, 0x00, 0x00, 0x03, 0x85, 0x00, 0x00, 0x06, 0x81, 
	0x00, 0x02, 0x7D, 0x1A, 0x1A, 0x81, 0x2D, 0x07, 0x7E, 0x7F, 0x80, 0x01, 0x24, 0x03, 0x02, 0x48, 
	0x80, 0x04, 0x08, 0x00, 0x38, 0x06, 0x04, 0x00, 0x05, 0x00, 0x00, 0x01, 0x81, 0x00, 0x00, 0x01, 
	0x85, 0x00, 0x06, 0x43, 0x02, 0x00, 0x38, 0x01, 0x00, 0x01, 0xFF, 0x00, 0xBF, 0x00, 0x04, 0x01, 
	0x00, 0x00, 0x02, 0x01, 0x81, 0x00, 0x00, 0x38, 0x80, 0x00, 0x00, 0x01, 0x80, 0x00, 0x0A, 0x47, 
	0x01, 0x00, 0x00, 0x49, 0x00, 0x48, 0x06, 0x01, 0x00, 0x4E, 0x80, 0x04, 0x06, 0x02, 0x03, 0x43, 
	0x01, 0x80, 0x7F, 0x7E, 0x83, 0x1A, 0x00, 0x7D, 0x81, 0x00, 0x00, 0x06, 0x85, 0x00, 0x02, 0x03, 
	0x00, 0x00, 0x8C, 0x00, 0x03, 0x03, 0x00, 0x79, 0x7A, 0x83, 0x1A, 0x0E, 0x67, 0x7B, 0x02, 0x04, 
	0x04, 0x03, 0x48, 0x47, 0x04, 0x00, 0x06, 0x03, 0x05, 0x00, 0x06, 0x80, 0x00, 0x00, 0x38, 0x83, 
	0x00, 0x00, 0x01, 0x84, 0x00, 0x05, 0x01, 0x00, 0x00, 0x02, 0x00, 0x38, 0xFF, 0x00, 0xB7, 0x00, 
	0x00, 0x01, 0x82, 0x00, 0x03, 0x02, 0x00, 0x38, 0x01, 0x82, 0x00, 0x00, 0x24, 0x89, 0x00, 0x0E, 
	0x06, 0x24, 0x05, 0x03, 0x06, 0x01, 0x04, 0x05, 0x4E, 0x03, 0x04, 0x48, 0x02, 0x7B, 0x67, 0x81, 
	0x1A, 0x05, 0x2D, 0x1B, 0x7A, 0x7C, 0x00, 0x03, 0x8C, 0x00, 0x81, 0x1A, 0x01, 0x00, 0x00, 0x84, 
	0x1A, 0x09, 0x04, 0x05, 0x00, 0x05, 0x00, 0x76, 0x77, 0x35, 0x1A, 0x22, 0x80, 0x1A, 0x0D, 0x2D, 
	0x78, 0x5D, 0x01, 0x03, 0x48, 0x02, 0x05, 0x04, 0x00, 0x01, 0x05, 0x38, 0x04, 0x84, 0x00, 0x05, 
	0x01, 0x38, 0x47, 0x00, 0x00, 0x01, 0x87, 0x00, 0x00, 0x01, 0xFF, 0x00, 0xB8, 0x00, 0x02, 0x02, 
	0x00, 0x01, 0x80, 0x00, 0x00, 0x01, 0x84, 0x00, 0x00, 0x01, 0x89, 0x00, 0x0C, 0x04, 0x00, 0x05, 
	0x01, 0x01, 0x04, 0x05, 0x02, 0x04, 0x03, 0x01, 0x5D, 0x78, 0x80, 0x2D, 0x0A, 0x1A, 0x1A, 0x22, 
	0x35, 0x77, 0x76, 0x00, 0x05, 0x00, 0x05, 0x04, 0x84, 0x1A, 0x01, 0x00, 0x00, 0x81, 0x1A, 0x81, 
	0x1A, 0x01, 0x00, 0x00, 0x83, 0x1A, 0x0A, 0x2D, 0x00, 0x0A, 0x05, 0x00, 0x04, 0x01, 0x0A, 0x73, 
	0x2C, 0x27, 0x81, 0x1A, 0x04, 0x2D, 0x74, 0x75, 0x47, 0x03, 0x82, 0x01, 0x09, 0x03, 0x0A, 0x04, 
	0x00, 0x38, 0x00, 0x47, 0x00, 0x00, 0x01, 0x89, 0x00, 0x00, 0x38, 0xFF, 0x00, 0xBB, 0x00, 0x00, 
	0x01, 0x82, 0x00, 0x02, 0x02, 0x00, 0x01, 0x89, 0x00, 0x00, 0x01, 0x80, 0x00, 0x07, 0x38, 0x00, 
	0x00, 0x04, 0x0A, 0x03, 0x01, 0x38, 0x80, 0x01, 0x12, 0x03, 0x49, 0x75, 0x74, 0x1A, 0x22, 0x1A, 
	0x1A, 0x22, 0x27, 0x2C, 0x73, 0x0A, 0x01, 0x04, 0x00, 0x05, 0x0A, 0x00, 0x84, 0x1A, 0x01, 0x00, 
	0x00, 0x81, 0x1A, 0x81, 0x1A, 0x01, 0x00, 0x00, 0x84, 0x1A, 0x03, 0x00, 0x00, 0x1A, 0x1B, 0x80, 
	0x00, 0x03, 0x38, 0x06, 0x6F, 0x2B, 0x81, 0x1A, 0x0B, 0x2D, 0x1A, 0x70, 0x71, 0x24, 0x01, 0x03, 
	0x01, 0x03, 0x00, 0x05, 0x04, 0x81, 0x00, 0x01, 0x43, 0x02, 0x82, 0x00, 0x00, 0x01, 0x80, 0x00, 
	0x00, 0x38, 0x80, 0x00, 0x00, 0x03, 0xFF, 0x00, 0xBE, 0x00, 0x00, 0x38, 0x81, 0x00, 0x03, 0x03, 
	0x00, 0x00, 0x02, 0x83, 0x00, 0x00, 0x38, 0x80, 0x00, 0x01, 0x02, 0x01, 0x81, 0x00, 0x09, 0x04, 
	0x05, 0x00, 0x03, 0x01, 0x03, 0x01, 0x01, 0x72, 0x70, 0x80, 0x2D, 0x06, 0x1A, 0x2D, 0x1A, 0x2B, 
	0x6F, 0x06, 0x06, 0x80, 0x00, 0x03, 0x1B, 0x1A, 0x00, 0x00, 0x84, 0x1A, 0x01, 0x00, 0x00, 0x81, 
	0x1A, 0x81, 0x1A, 0x01, 0x00, 0x00, 0x84, 0x1A, 0x01, 0x00, 0x00, 0x80, 0x1A, 0x08, 0x1B, 0x00, 
	0x00, 0x01, 0x0A, 0x04, 0x6D, 0x36, 0x2D, 0x80, 0x1A, 0x09, 0x2D, 0x4B, 0x6E, 0x48, 0x05, 0x49, 
	0x01, 0x04, 0x04, 0x38, 0x84, 0x00, 0x00, 0x01, 0x84, 0x00, 0x02, 0x01, 0x00, 0x38, 0xFF, 0x00, 
	0xBF, 0x00, 0x00, 0x01, 0x80, 0x00, 0x00, 0x01, 0x82, 0x00, 0x00, 0x01, 0x80, 0x00, 0x00, 0x01, 
	0x80, 0x00, 0x00, 0x01, 0x83, 0x00, 0x16, 0x01, 0x00, 0x04, 0x48, 0x38, 0x49, 0x05, 0x5A, 0x6E, 
	0x2D, 0x1A, 0x1A, 0x2D, 0x27, 0x1A, 0x36, 0x6D, 0x04, 0x0A, 0x01, 0x00, 0x00, 0x1B, 0x80, 0x1A, 
	0x01, 0x00, 0x00, 0x84, 0x1A, 0x01, 0x00, 0x00, 0x81, 0x1A, 0x81, 0x1A, 0x01, 0x00, 0x00, 0x84, 
	0x1A, 0x1B, 0x00, 0x00, 0x1A, 0x1A, 0x4A, 0x22, 0x1A, 0x1B, 0x00, 0x04, 0x04, 0x5E, 0x69, 0x6A, 
	0x2D, 0x22, 0x2D, 0x22, 0x1A, 0x1A, 0x6B, 0x6C, 0x03, 0x06, 0x06, 0x00, 0x05, 0x47, 0x84, 0x00, 
	0x03, 0x38, 0x00, 0x00, 0x01, 0x81, 0x00, 0x02, 0x24, 0x00, 0x04, 0x80, 0x00, 0x00, 0x01, 0xFF, 
	0x00, 0xBD, 0x00, 0x00, 0x38, 0x82, 0x00, 0x01, 0x24, 0x02, 0x80, 0x00, 0x01, 0x01, 0x02, 0x80, 
	0x00, 0x03, 0x38, 0x00, 0x00, 0x24, 0x80, 0x00, 0x1A, 0x05, 0x00, 0x06, 0x06, 0x03, 0x6C, 0x58, 
	0x1A, 0x1A, 0x2D, 0x27, 0x1A, 0x2D, 0x6A, 0x69, 0x5E, 0x04, 0x04, 0x00, 0x1B, 0x1A, 0x22, 0x4A, 
	0x1A, 0x1A, 0x00, 0x00, 0x84, 0x1A, 0x01, 0x00, 0x00, 0x81, 0x1A, 0x81, 0x1A, 0x01, 0x00, 0x00, 
	0x84, 0x1A, 0x01, 0x00, 0x00, 0x81, 0x1A, 0x14, 0x44, 0x1A, 0x1A, 0x00, 0x01, 0x00, 0x00, 0x0A, 
	0x66, 0x3F, 0x2D, 0x2D, 0x1A, 0x1A, 0x22, 0x2D, 0x67, 0x68, 0x05, 0x47, 0x03, 0x82, 0x00, 0x00, 
	0x38, 0x82, 0x00, 0x00, 0x47, 0x80, 0x00, 0x00, 0x01, 0x81, 0x00, 0x01, 0x02, 0x01, 0xFF, 0x00, 
	0xC1, 0x00, 0x00, 0x01, 0x8D, 0x00, 0x07, 0x38, 0x00, 0x00, 0x03, 0x05, 0x05, 0x68, 0x67, 0x81, 
	0x1A, 0x0B, 0x2D, 0x2D, 0x3F, 0x66, 0x0A, 0x00, 0x00, 0x01, 0x00, 0x1A, 0x1A, 0x44, 0x81, 0x1A, 
	0x01, 0x00, 0x00, 0x84, 0x1A, 0x01, 0x00, 0x00, 0x81, 0x1A, 0x81, 0x1A, 0x01, 0x00, 0x00, 0x84, 
	0x1A, 0x01, 0x00, 0x00, 0x84, 0x1A, 0x82, 0x00, 0x0E, 0x02, 0x5E, 0x64, 0x35, 0x2D, 0x1A, 0x2D, 
	0x1A, 0x2D, 0x1B, 0x37, 0x65, 0x03, 0x00, 0x24, 0x84, 0x00, 0x00, 0x38, 0x85, 0x00, 0x03, 0x01, 
	0x00, 0x00, 0x01, 0xFF, 0x00, 0xBF, 0x00, 0x00, 0x38, 0x8C, 0x00, 0x00, 0x38, 0x82, 0x00, 0x05, 
	0x03, 0x65, 0x37, 0x1B, 0x27, 0x2D, 0x80, 0x1A, 0x03, 0x35, 0x64, 0x5E, 0x02, 0x82, 0x00, 0x84, 
	0x1A, 0x01, 0x00, 0x00, 0x84, 0x1A, 0x01, 0x00, 0x00, 0x81, 0x1A, 0x81, 0x1A, 0x01, 0x00, 0x00, 
	0x84, 0x1A, 0x01, 0x00, 0x00, 0x84, 0x1A, 0x03, 0x00, 0x00, 0x1A, 0x1B, 0x82, 0x00, 0x0F, 0x62, 
	0x2D, 0x27, 0x2D, 0x1A, 0x1A, 0x2D, 0x4F, 0x63, 0x04, 0x00, 0x00, 0x04, 0x04, 0x01, 0x03, 0x80, 
	0x00, 0x02, 0x05, 0x49, 0x06, 0x80, 0x04, 0x04, 0x06, 0x38, 0x47, 0x06, 0x01, 0xFF, 0x00, 0xBF, 
	0x00, 0x06, 0x01, 0x00, 0x01, 0x06, 0x00, 0x38, 0x06, 0x80, 0x04, 0x02, 0x06, 0x05, 0x05, 0x80, 
	0x00, 0x10, 0x03, 0x01, 0x04, 0x04, 0x00, 0x00, 0x04, 0x63, 0x4F, 0x1A, 0x2D, 0x1A, 0x2D, 0x2D, 
	0x27, 0x62, 0x01, 0x81, 0x00, 0x03, 0x1B, 0x1A, 0x00, 0x00, 0x84, 0x1A, 0x01, 0x00, 0x00, 0x84, 
	0x1A, 0x01, 0x00, 0x00, 0x81, 0x1A, 0x81, 0x1A, 0x01, 0x00, 0x00, 0x84, 0x1A, 0x01, 0x00, 0x00, 
	0x84, 0x1A, 0x01, 0x00, 0x00, 0x80, 0x1A, 0x00, 0x1B, 0x80, 0x00, 0x0D, 0x5E, 0x5F, 0x2B, 0x2D, 
	0x1A, 0x2D, 0x2D, 0x1A, 0x1A, 0x60, 0x61, 0x02, 0x04, 0x02, 0x80, 0x00, 0x03, 0x06, 0x05, 0x00, 
	0x38, 0x81, 0x00, 0x07, 0x04, 0x03, 0x01, 0x04, 0x01, 0x00, 0x49, 0x01, 0xFF, 0x00, 0xBE, 0x00, 
	0x05, 0x43, 0x04, 0x01, 0x03, 0x04, 0x24, 0x82, 0x00, 0x16, 0x05, 0x06, 0x00, 0x00, 0x01, 0x02, 
	0x4E, 0x02, 0x61, 0x60, 0x1A, 0x2D, 0x2D, 0x1A, 0x1A, 0x2D, 0x2B, 0x5F, 0x5E, 0x00, 0x00, 0x47, 
	0x39, 0x80, 0x1A, 0x01, 0x00, 0x00, 0x84, 0x1A, 0x01, 0x00, 0x00, 0x84, 0x1A, 0x01, 0x00, 0x00, 
	0x81, 0x1A, 0x81, 0x1A, 0x01, 0x00, 0x00, 0x84, 0x1A, 0x01, 0x00, 0x00, 0x84, 0x1A, 0x0D, 0x00, 
	0x00, 0x1A, 0x1A, 0x4A, 0x22, 0x1A, 0x1B, 0x00, 0x06, 0x02, 0x02, 0x5B, 0x5C, 0x82, 0x1A, 0x05, 
	0x1B, 0x45, 0x2E, 0x04, 0x05, 0x38, 0x81, 0x00, 0x00, 0x06, 0x80, 0x05, 0x81, 0x00, 0x04, 0x05, 
	0x49, 0x02, 0x04, 0x03, 0xFF, 0x00, 0xBD, 0x00, 0x02, 0x48, 0x05, 0x05, 0x81, 0x00, 0x80, 0x05, 
	0x1D, 0x06, 0x00, 0x38, 0x47, 0x00, 0x00, 0x05, 0x04, 0x5D, 0x45, 0x1B, 0x2D, 0x2D, 0x1A, 0x1A, 
	0x2D, 0x5C, 0x5B, 0x02, 0x02, 0x06, 0x00, 0x1B, 0x1A, 0x22, 0x4A, 0x1A, 0x1A, 0x00, 0x00, 0x84, 
	0x1A, 0x01, 0x00, 0x00, 0x84, 0x1A, 0x01, 0x00, 0x00, 0x81, 0x1A, 0x81, 0x1A, 0x01, 0x00, 0x00, 
	0x84, 0x1A, 0x01, 0x0A, 0x00, 0x84, 0x1A, 0x01, 0x00, 0x00, 0x81, 0x1A, 0x0B, 0x44, 0x1A, 0x1A, 
	0x00, 0x00, 0x05, 0x02, 0x56, 0x57, 0x1B, 0x1B, 0x2D, 0x80, 0x1A, 0x13, 0x58, 0x59, 0x55, 0x00, 
	0x00, 0x04, 0x00, 0x00, 0x01, 0x00, 0x03, 0x05, 0x03, 0x49, 0x04, 0x00, 0x49, 0x03, 0x04, 0x5A, 
	0xFF, 0x00, 0xBE, 0x00, 0x13, 0x04, 0x03, 0x49, 0x00, 0x04, 0x05, 0x01, 0x05, 0x03, 0x38, 0x00, 
	0x01, 0x00, 0x04, 0x00, 0x00, 0x0A, 0x59, 0x58, 0x27, 0x82, 0x1A, 0x08, 0x57, 0x56, 0x02, 0x47, 
	0x00, 0x00, 0x1A, 0x1A, 0x44, 0x81, 0x1A, 0x01, 0x00, 0x00, 0x84, 0x1A, 0x01, 0x00, 0x0A, 0x84, 
	0x1A, 0x01, 0x00, 0x00, 0x81, 0x1A, 0x80, 0x00, 0x00, 0x0A, 0x86, 0x00, 0x0A, 0x03, 0x00, 0x00, 
	0x1B, 0x1A, 0x22, 0x23, 0x1A, 0x1A, 0x00, 0x00, 0x83, 0x1A, 0x07, 0x2D, 0x0A, 0x00, 0x06, 0x06, 
	0x0A, 0x03, 0x52, 0x83, 0x1A, 0x02, 0x2D, 0x53, 0x54, 0x81, 0x00, 0x01, 0x04, 0x02, 0x84, 0x00, 
	0x03, 0x04, 0x38, 0x05, 0x01, 0xFF, 0x00, 0xBE, 0x00, 0x00, 0x04, 0x84, 0x00, 0x01, 0x02, 0x04, 
	0x81, 0x00, 0x01, 0x54, 0x53, 0x82, 0x1A, 0x08, 0x2D, 0x2D, 0x52, 0x03, 0x55, 0x06, 0x06, 0x00, 
	0x0A, 0x84, 0x1A, 0x0A, 0x00, 0x00, 0x1A, 0x1A, 0x23, 0x22, 0x1A, 0x1B, 0x00, 0x00, 0x03, 0x86, 
	0x00, 0x00, 0x0A, 0x80, 0x00, 0x8A, 0x00, 0x05, 0x03, 0x00, 0x06, 0x00, 0x00, 0x1B, 0x80, 0x1A, 
	0x01, 0x00, 0x00, 0x84, 0x1A, 0x03, 0x00, 0x00, 0x1A, 0x1B, 0x80, 0x00, 0x02, 0x47, 0x06, 0x2D, 
	0x82, 0x1A, 0x0A, 0x39, 0x50, 0x38, 0x49, 0x04, 0x48, 0x00, 0x00, 0x01, 0x01, 0x03, 0x80, 0x01, 
	0x02, 0x00, 0x00, 0x01, 0xFF, 0x00, 0xC1, 0x00, 0x0F, 0x01, 0x01, 0x03, 0x00, 0x01, 0x01, 0x00, 
	0x04, 0x02, 0x05, 0x38, 0x51, 0x1B, 0x1A, 0x1A, 0x2D, 0x80, 0x1A, 0x08, 0x06, 0x00, 0x47, 0x00, 
	0x00, 0x1B, 0x1A, 0x00, 0x00, 0x84, 0x1A, 0x01, 0x00, 0x00, 0x80, 0x1A, 0x05, 0x1B, 0x00, 0x00, 
	0x06, 0x00, 0x03, 0x8A, 0x00, 0x85, 0x00, 0x08, 0x02, 0x00, 0x00, 0x04, 0x02, 0x05, 0x00, 0x00, 
	0x02, 0x80, 0x00, 0x03, 0x1B, 0x1A, 0x00, 0x00, 0x84, 0x1A, 0x01, 0x00, 0x00, 0x80, 0x1A, 0x00, 
	0x1B, 0x81, 0x00, 0x84, 0x1A, 0x04, 0x30, 0x4D, 0x0A, 0x06, 0x06, 0x82, 0x00, 0x05, 0x4E, 0x00, 
	0x47, 0x01, 0x00, 0x04, 0xFF, 0x00, 0xBC, 0x00, 0x04, 0x47, 0x01, 0x05, 0x00, 0x04, 0x82, 0x00, 
	0x07, 0x06, 0x06, 0x0A, 0x4D, 0x4F, 0x1A, 0x2D, 0x2D, 0x81, 0x1A, 0x81, 0x00, 0x00, 0x1B, 0x80, 
	0x1A, 0x01, 0x00, 0x00, 0x84, 0x1A, 0x03, 0x00, 0x00, 0x1A, 0x1B, 0x80, 0x00, 0x08, 0x02, 0x00, 
	0x00, 0x05, 0x02, 0x04, 0x00, 0x00, 0x02, 0x85, 0x00, 0x00, 0x04, 0x87, 0x00, 0x02, 0x06, 0x00, 
	0x05, 0x87, 0x00, 0x84, 0x1A, 0x07, 0x00, 0x00, 0x1A, 0x1A, 0x4A, 0x22, 0x1A, 0x1B, 0x80, 0x00, 
	0x01, 0x1A, 0x4B, 0x80, 0x1A, 0x05, 0x22, 0x1A, 0x2D, 0x2C, 0x4C, 0x06, 0x80, 0x00, 0x00, 0x38, 
	0x80, 0x00, 0x03, 0x05, 0x01, 0x00, 0x02, 0xFF, 0x00, 0xBE, 0x00, 0x01, 0x49, 0x38, 0x83, 0x00, 
	0x0A, 0x06, 0x4C, 0x2C, 0x1A, 0x2D, 0x2D, 0x1A, 0x1A, 0x2D, 0x4B, 0x1A, 0x80, 0x00, 0x07, 0x1B, 
	0x1A, 0x22, 0x4A, 0x1A, 0x1A, 0x00, 0x00, 0x84, 0x1A, 0x87, 0x00, 0x02, 0x05, 0x00, 0x06, 0x87, 
	0x00, 0x00, 0x04, 0x00, 0x05, 0x84, 0x00, 0x06, 0x03, 0x03, 0x01, 0x03, 0x03, 0x00, 0x06, 0x86, 
	0x00, 0x84, 0x1A, 0x01, 0x00, 0x00, 0x81, 0x1A, 0x04, 0x44, 0x1A, 0x1A, 0x00, 0x00, 0x80, 0x1A, 
	0x12, 0x2D, 0x1A, 0x2D, 0x1A, 0x1A, 0x22, 0x35, 0x45, 0x46, 0x05, 0x47, 0x06, 0x01, 0x00, 0x02, 
	0x48, 0x00, 0x0A, 0x05, 0xFF, 0x00, 0xBD, 0x00, 0x10, 0x01, 0x04, 0x00, 0x00, 0x01, 0x06, 0x05, 
	0x05, 0x46, 0x45, 0x35, 0x2D, 0x2D, 0x1A, 0x2D, 0x1A, 0x2D, 0x80, 0x1A, 0x04, 0x00, 0x00, 0x1A, 
	0x1A, 0x44, 0x81, 0x1A, 0x01, 0x00, 0x00, 0x84, 0x1A, 0x86, 0x00, 0x06, 0x06, 0x00, 0x03, 0x03, 
	0x01, 0x03, 0x03, 0x84, 0x00, 0x00, 0x49, 0x13, 0x05, 0x00, 0x00, 0x04, 0x0A, 0x0A, 0x00, 0x01, 
	0x0B, 0x0B, 0x00, 0x0A, 0x03, 0x04, 0x04, 0x01, 0x04, 0x03, 0x03, 0x01, 0x82, 0x00, 0x07, 0x1B, 
	0x1A, 0x22, 0x23, 0x1A, 0x1A, 0x00, 0x00, 0x84, 0x1A, 0x01, 0x00, 0x00, 0x81, 0x1A, 0x01, 0x3C, 
	0x1A, 0x81, 0x2D, 0x06, 0x1A, 0x40, 0x41, 0x42, 0x24, 0x0A, 0x06, 0xFF, 0x00, 0xC5, 0x00, 0x05, 
	0x06, 0x0A, 0x43, 0x0A, 0x41, 0x40, 0x83, 0x1A, 0x01, 0x3C, 0x2D, 0x80, 0x1A, 0x01, 0x00, 0x00, 
	0x84, 0x1A, 0x07, 0x00, 0x00, 0x1A, 0x1A, 0x23, 0x22, 0x1A, 0x1B, 0x82, 0x00, 0x13, 0x01, 0x03, 
	0x03, 0x04, 0x01, 0x04, 0x04, 0x03, 0x0A, 0x00, 0x0B, 0x0B, 0x01, 0x00, 0x0A, 0x0A, 0x04, 0x00, 
	0x00, 0x05, 0x03, 0x08, 0x09, 0x09, 0x19, 0x85, 0x0B, 0x88, 0x00, 0x04, 0x06, 0x06, 0x00, 0x00, 
	0x1B, 0x80, 0x1A, 0x01, 0x00, 0x00, 0x84, 0x1A, 0x01, 0x00, 0x00, 0x80, 0x1A, 0x03, 0x2D, 0x00, 
	0x3A, 0x3B, 0x82, 0x1A, 0x05, 0x2D, 0x3C, 0x3D, 0x02, 0x05, 0x04, 0xFF, 0x00, 0xC3, 0x00, 0x06, 
	0x04, 0x05, 0x02, 0x3D, 0x3E, 0x1A, 0x1A, 0x80, 0x2D, 0x03, 0x1B, 0x3F, 0x3A, 0x00, 0x81, 0x1A, 
	0x01, 0x00, 0x00, 0x84, 0x1A, 0x01, 0x00, 0x00, 0x80, 0x1A, 0x04, 0x1B, 0x00, 0x00, 0x06, 0x06, 
	0x88, 0x00, 0x85, 0x0B, 0x03, 0x19, 0x09, 0x09, 0x08, 0x80, 0x00, 0x87, 0x0B, 0x87, 0x00, 0x02, 
	0x06, 0x00, 0x02, 0x80, 0x00, 0x03, 0x1B, 0x1A, 0x00, 0x00, 0x84, 0x1A, 0x01, 0x00, 0x00, 0x81, 
	0x1A, 0x06, 0x00, 0x00, 0x33, 0x34, 0x35, 0x22, 0x2D, 0x80, 0x1A, 0x07, 0x36, 0x37, 0x38, 0x38, 
	0x00, 0x02, 0x00, 0x05, 0xFF, 0x00, 0xBD, 0x00, 0x05, 0x02, 0x00, 0x00, 0x38, 0x37, 0x39, 0x81, 
	0x1A, 0x05, 0x22, 0x35, 0x34, 0x33, 0x00, 0x00, 0x81, 0x1A, 0x01, 0x00, 0x00, 0x84, 0x1A, 0x03, 
	0x00, 0x00, 0x1A, 0x1B, 0x80, 0x00, 0x02, 0x02, 0x00, 0x06, 0x87, 0x00, 0x87, 0x0B, 0x80, 0x00, 
	0x92, 0x0B, 0x89, 0x00, 0x84, 0x1A, 0x01, 0x00, 0x03, 0x81, 0x1A, 0x11, 0x00, 0x0A, 0x00, 0x0A, 
	0x2E, 0x2F, 0x2D, 0x22, 0x1A, 0x1A, 0x2D, 0x2D, 0x30, 0x31, 0x05, 0x04, 0x06, 0x01, 0xFF, 0x00, 
	0xBD, 0x00, 0x0F, 0x04, 0x05, 0x31, 0x30, 0x1A, 0x1A, 0x2D, 0x1B, 0x22, 0x2D, 0x2F, 0x32, 0x0A, 
	0x00, 0x0A, 0x00, 0x81, 0x1A, 0x01, 0x03, 0x00, 0x84, 0x1A, 0x89, 0x00, 0x92, 0x0B, 0x94, 0x0B, 
	0x87, 0x00, 0x84, 0x1A, 0x01, 0x00, 0x29, 0x81, 0x1A, 0x08, 0x00, 0x06, 0x00, 0x01, 0x05, 0x0A, 
	0x2A, 0x2B, 0x22, 0x81, 0x1A, 0x02, 0x2C, 0x05, 0x04, 0xFF, 0x00, 0xBF, 0x00, 0x03, 0x04, 0x05, 
	0x2C, 0x2D, 0x81, 0x1A, 0x08, 0x2B, 0x2A, 0x0A, 0x05, 0x01, 0x00, 0x06, 0x00, 0x2D, 0x80, 0x1A, 
	0x01, 0x29, 0x00, 0x84, 0x1A, 0x87, 0x00, 0x94, 0x0B, 0x97, 0x0B, 0x0F, 0x08, 0x00, 0x00, 0x02, 
	0x03, 0x00, 0x0A, 0x00, 0x1B, 0x1A, 0x22, 0x23, 0x1A, 0x1A, 0x00, 0x03, 0x81, 0x1A, 0x11, 0x00, 
	0x0A, 0x00, 0x00, 0x04, 0x06, 0x05, 0x24, 0x25, 0x26, 0x1A, 0x1A, 0x27, 0x28, 0x0A, 0x00, 0x05, 
	0x04, 0xFF, 0x00, 0xBE, 0x00, 0x0E, 0x0A, 0x28, 0x27, 0x1A, 0x1A, 0x26, 0x25, 0x24, 0x05, 0x06, 
	0x04, 0x00, 0x00, 0x0A, 0x00, 0x81, 0x1A, 0x0F, 0x03, 0x00, 0x1A, 0x1A, 0x23, 0x22, 0x1A, 0x1B, 
	0x00, 0x0A, 0x00, 0x03, 0x02, 0x00, 0x00, 0x08, 0x97, 0x0B, 0x98, 0x0B, 0x86, 0x00, 0x00, 0x1B, 
	0x80, 0x1A, 0x0A, 0x00, 0x03, 0x1A, 0x1A, 0x1E, 0x1A, 0x00, 0x03, 0x00, 0x05, 0x04, 0x80, 0x05, 
	0x09, 0x06, 0x1F, 0x20, 0x1A, 0x21, 0x02, 0x00, 0x00, 0x03, 0x04, 0xFF, 0x00, 0xBF, 0x00, 0x05, 
	0x02, 0x21, 0x1A, 0x20, 0x1F, 0x06, 0x80, 0x05, 0x0A, 0x04, 0x05, 0x00, 0x03, 0x00, 0x1A, 0x1E, 
	0x1A, 0x1A, 0x03, 0x00, 0x80, 0x1A, 0x00, 0x1B, 0x86, 0x00, 0x98, 0x0B, 0x99, 0x0B, 0x87, 0x00, 
	0x03, 0x1B, 0x1A, 0x00, 0x03, 0x81, 0x1A, 0x01, 0x00, 0x03, 0x85, 0x00, 0x05, 0x0A, 0x1C, 0x1D, 
	0x06, 0x00, 0x01, 0xFF, 0x00, 0xBF, 0x00, 0x05, 0x01, 0x00, 0x06, 0x1D, 0x1C, 0x0A, 0x85, 0x00, 
	0x01, 0x03, 0x00, 0x81, 0x1A, 0x03, 0x03, 0x00, 0x1A, 0x1B, 0x87, 0x00, 0x99, 0x0B, 0x99, 0x0B, 
	0x8B, 0x00, 0x81, 0x1A, 0x05, 0x00, 0x0A, 0x00, 0x00, 0x01, 0x04, 0xFF, 0x00, 0xD3, 0x00, 0x05, 
	0x04, 0x01, 0x00, 0x00, 0x0A, 0x00, 0x81, 0x1A, 0x8B, 0x00, 0x99, 0x0B, 0x99, 0x0B, 0x03, 0x00, 
	0x06, 0x02, 0x05, 0x82, 0x00, 0x00, 0x0A, 0x81, 0x00, 0x81, 0x1A, 0x04, 0x00, 0x0A, 0x05, 0x00, 
	0x01, 0xFF, 0x00, 0xD5, 0x00, 0x04, 0x01, 0x00, 0x05, 0x0A, 0x00, 0x81, 0x1A, 0x81, 0x00, 0x00, 
	0x0A, 0x82, 0x00, 0x03, 0x05, 0x02, 0x06, 0x00, 0x99, 0x0B, 0x98, 0x0B, 0x04, 0x00, 0x00, 0x06, 
	0x06, 0x05, 0x87, 0x00, 0x81, 0x1A, 0x01, 0x00, 0x03, 0x8A, 0x00, 0x01, 0x02, 0x01, 0xFF, 0x00, 
	0xBE, 0x00, 0x00, 0x02, 0x8A, 0x00, 0x01, 0x03, 0x00, 0x81, 0x1A, 0x87, 0x00, 0x04, 0x05, 0x06, 
	0x06, 0x00, 0x00, 0x98, 0x0B, 0x97, 0x0B, 0x00, 0x01, 0x83, 0x00, 0x82, 0x0B, 0x81, 0x00, 0x81, 
	0x1A, 0x01, 0x00, 0x0A, 0x8B, 0x00, 0x00, 0x01, 0xFF, 0x00, 0xCC, 0x00, 0x01, 0x0A, 0x00, 0x81, 
	0x1A, 0x81, 0x00, 0x82, 0x0B, 0x83, 0x00, 0x00, 0x01, 0x97, 0x0B, 0x96, 0x0B, 0x00, 0x02, 0x82, 
	0x00, 0x84, 0x0B, 0x81, 0x00, 0x81, 0x1A, 0x01, 0x00, 0x02, 0x80, 0x00, 0x00, 0x06, 0x86, 0x00, 
	0x00, 0x02, 0xFF, 0x00, 0xBF, 0x00, 0x00, 0x02, 0x86, 0x00, 0x00, 0x06, 0x80, 0x00, 0x01, 0x02, 
	0x00, 0x81, 0x1A, 0x81, 0x00, 0x84, 0x0B, 0x82, 0x00, 0x00, 0x02, 0x96, 0x0B, 0x95, 0x0B, 0x03, 
	0x0A, 0x03, 0x00, 0x00, 0x88, 0x0B, 0x80, 0x00, 0x81, 0x1A, 0x01, 0x00, 0x0A, 0x80, 0x00, 0x00, 
	0x02, 0x83, 0x00, 0x00, 0x03, 0xFF, 0x00, 0xC5, 0x00, 0x00, 0x03, 0x83, 0x00, 0x00, 0x02, 0x80, 
	0x00, 0x01, 0x0A, 0x00, 0x81, 0x1A, 0x80, 0x00, 0x88, 0x0B, 0x03, 0x00, 0x00, 0x03, 0x0A, 0x95, 
	0x0B, 0x95, 0x0B, 0x05, 0x0A, 0x00, 0x00, 0x0B, 0x0B, 0x10, 0x86, 0x0B, 0x80, 0x00, 0x81, 0x1A, 
	0x81, 0x00, 0x00, 0x03, 0x85, 0x00, 0x00, 0x01, 0x80, 0x00, 0x00, 0x02, 0xFF, 0x00, 0xBF, 0x00, 
	0x00, 0x01, 0x85, 0x00, 0x00, 0x03, 0x81, 0x00, 0x81, 0x1A, 0x80, 0x00, 0x86, 0x0B, 0x05, 0x10, 
	0x0B, 0x0B, 0x00, 0x00, 0x0A, 0x95, 0x0B, 0x91, 0x0B, 0x05, 0x10, 0x0B, 0x0B, 0x06, 0x00, 0x00, 
	0x85, 0x0B, 0x00, 0x0E, 0x82, 0x0B, 0x01, 0x00, 0x00, 0x81, 0x1A, 0x80, 0x00, 0x00, 0x01, 0x83, 
	0x00, 0x00, 0x01, 0x80, 0x00, 0x00, 0x02, 0xFF, 0x00, 0xC1, 0x00, 0x00, 0x02, 0x80, 0x00, 0x00, 
	0x01, 0x83, 0x00, 0x00, 0x01, 0x80, 0x00, 0x81, 0x1A, 0x01, 0x00, 0x00, 0x82, 0x0B, 0x00, 0x0E, 
	0x85, 0x0B, 0x05, 0x00, 0x00, 0x06, 0x0B, 0x0B, 0x10, 0x91, 0x0B, 0x93, 0x0B, 0x00, 0x19, 0x80, 
	0x00, 0x8B, 0x0B, 0x01, 0x00, 0x00, 0x81, 0x1A, 0x8A, 0x00, 0x03, 0x01, 0x00, 0x00, 0x01, 0xFF, 
	0x00, 0xC0, 0x00, 0x00, 0x01, 0x8A, 0x00, 0x81, 0x1A, 0x01, 0x00, 0x00, 0x8B, 0x0B, 0x80, 0x00, 
	0x00, 0x19, 0x93, 0x0B, 0x92, 0x0B, 0x81, 0x00, 0x8D, 0x0B, 0x00, 0x00, 0x81, 0x1A, 0x8B, 0x00, 
	0x00, 0x02, 0xFF, 0x00, 0xC1, 0x00, 0x00, 0x02, 0x8B, 0x00, 0x81, 0x1A, 0x00, 0x00, 0x8D, 0x0B, 
	0x81, 0x00, 0x92, 0x0B, 0x00, 0x0D, 0x91, 0x0B, 0x80, 0x00, 0x8E, 0x0B, 0x00, 0x00, 0x81, 0x1A, 
	0x04, 0x00, 0x05, 0x00, 0x00, 0x02, 0x80, 0x00, 0x00, 0x01, 0x85, 0x00, 0x00, 0x02, 0xFF, 0x00, 
	0xC4, 0x00, 0x00, 0x01, 0x80, 0x00, 0x04, 0x02, 0x00, 0x00, 0x05, 0x00, 0x81, 0x1A, 0x00, 0x00, 
	0x8E, 0x0B, 0x80, 0x00, 0x91, 0x0B, 0x00, 0x0D, 0x91, 0x0B, 0x80, 0x00, 0x8F, 0x0B, 0x83, 0x00, 
	0x00, 0x01, 0x80, 0x00, 0x00, 0x01, 0x83, 0x00, 0x02, 0x02, 0x00, 0x01, 0x80, 0x00, 0x00, 0x01, 
	0xFF, 0x00, 0xBD, 0x00, 0x02, 0x01, 0x00, 0x02, 0x83, 0x00, 0x00, 0x01, 0x80, 0x00, 0x00, 0x01, 
	0x83, 0x00, 0x8F, 0x0B, 0x80, 0x00, 0x91, 0x0B, 0x91, 0x0B, 0x80, 0x00, 0x8F, 0x0B, 0x88, 0x00, 
	0x01, 0x03, 0x06, 0x80, 0x00, 0x00, 0x01, 0x80, 0x00, 0x00, 0x01, 0xFF, 0x00, 0xBF, 0x00, 0x00, 
	0x01, 0x80, 0x00, 0x00, 0x01, 0x80, 0x00, 0x01, 0x06, 0x03, 0x88, 0x00, 0x8F, 0x0B, 0x80, 0x00, 
	0x91, 0x0B, 0x92, 0x0B, 0x01, 0x00, 0x00, 0x8F, 0x0B, 0x06, 0x00, 0x00, 0x04, 0x00, 0x00, 0x01, 
	0x04, 0x80, 0x00, 0x01, 0x01, 0x05, 0xFF, 0x00, 0xD1, 0x00, 0x01, 0x05, 0x01, 0x80, 0x00, 0x06, 
	0x04, 0x01, 0x00, 0x00, 0x04, 0x00, 0x00, 0x8F, 0x0B, 0x01, 0x00, 0x00, 0x92, 0x0B, 0x92, 0x0B, 
	0x01, 0x00, 0x00, 0x8F, 0x0B, 0x82, 0x00, 0x02, 0x05, 0x04, 0x04, 0xFF, 0x00, 0xD9, 0x00, 0x02, 
	0x04, 0x04, 0x05, 0x82, 0x00, 0x8F, 0x0B, 0x01, 0x00, 0x00, 0x92, 0x0B, 0x93, 0x0B, 0x01, 0x00, 
	0x00, 0x81, 0x0B, 0x00, 0x11, 0x88, 0x0B, 0x80, 0x00, 0x00, 0x04, 0x91, 0x00, 0x00, 0x06, 0xFF, 
	0x00, 0xCE, 0x00, 0x00, 0x04, 0x80, 0x00, 0x88, 0x0B, 0x00, 0x11, 0x81, 0x0B, 0x01, 0x00, 0x00, 
	0x93, 0x0B, 0x93, 0x0B, 0x80, 0x00, 0x8B, 0x0B, 0x00, 0x08, 0xFF, 0x00, 0xEB, 0x00, 0x00, 0x08, 
	0x8B, 0x0B, 0x80, 0x00, 0x93, 0x0B, 0x88, 0x0B, 0x00, 0x0D, 0x82, 0x0B, 0x01, 0x0E, 0x0C, 0x81, 
	0x0B, 0x80, 0x00, 0x01, 0x0A, 0x00, 0x83, 0x0B, 0x00, 0x11, 0x81, 0x0B, 0x00, 0x01, 0x8F, 0x00, 
	0x00, 0x01, 0x81, 0x00, 0x00, 0x01, 0xFF, 0x00, 0xC0, 0x00, 0x00, 0x01, 0x8F, 0x00, 0x00, 0x01, 
	0x81, 0x0B, 0x00, 0x11, 0x83, 0x0B, 0x01, 0x00, 0x0A, 0x80, 0x00, 0x81, 0x0B, 0x01, 0x0C, 0x0E, 
	0x82, 0x0B, 0x00, 0x0D, 0x88, 0x0B, 0x86, 0x0B, 0x00, 0x0C, 0x85, 0x0B, 0x00, 0x0C, 0x81, 0x0B, 
	0x82, 0x00, 0x01, 0x02, 0x00, 0x86, 0x0B, 0x00, 0x0A, 0xFF, 0x00, 0xEB, 0x00, 0x00, 0x0A, 0x86, 
	0x0B, 0x01, 0x00, 0x02, 0x82, 0x00, 0x81, 0x0B, 0x00, 0x0C, 0x85, 0x0B, 0x00, 0x0C, 0x86, 0x0B, 
	0x01, 0x0B, 0x0B, 0x83, 0x00, 0x83, 0x0B, 0x00, 0x00, 0x80, 0x0B, 0x01, 0x10, 0x18, 0x80, 0x0B, 
	0x07, 0x00, 0x02, 0x0A, 0x05, 0x00, 0x05, 0x00, 0x00, 0x84, 0x0B, 0x01, 0x05, 0x04, 0xFF, 0x00, 
	0xEB, 0x00, 0x01, 0x04, 0x05, 0x84, 0x0B, 0x07, 0x00, 0x00, 0x05, 0x00, 0x05, 0x0A, 0x02, 0x00, 
	0x80, 0x0B, 0x01, 0x18, 0x10, 0x80, 0x0B, 0x00, 0x00, 0x83, 0x0B, 0x83, 0x00, 0x01, 0x0B, 0x0B, 
	0x02, 0x0B, 0x02, 0x05, 0x83, 0x00, 0x82, 0x0B, 0x02, 0x00, 0x19, 0x00, 0x82, 0x0B, 0x02, 0x00, 
	0x00, 0x06, 0x80, 0x00, 0x03, 0x05, 0x05, 0x00, 0x00, 0x83, 0x0B, 0x00, 0x05, 0x91, 0x00, 0x00, 
	0x01, 0xFF, 0x00, 0xC3, 0x00, 0x00, 0x01, 0x91, 0x00, 0x00, 0x05, 0x83, 0x0B, 0x03, 0x00, 0x00, 
	0x05, 0x05, 0x80, 0x00, 0x02, 0x06, 0x00, 0x00, 0x82, 0x0B, 0x02, 0x00, 0x19, 0x00, 0x82, 0x0B, 
	0x83, 0x00, 0x02, 0x05, 0x02, 0x0B, 0x81, 0x00, 0x02, 0x06, 0x00, 0x05, 0x82, 0x00, 0x00, 0x01, 
	0x8A, 0x00, 0x01, 0x05, 0x05, 0xFF, 0x00, 0xFF, 0x00, 0x81, 0x00, 0x01, 0x05, 0x05, 0x8A, 0x00, 
	0x00, 0x01, 0x82, 0x00, 0x02, 0x05, 0x00, 0x06, 0x81, 0x00, 0x80, 0x00, 0x06, 0x01, 0x01, 0x04, 
	0x00, 0x00, 0x05, 0x05, 0x8A, 0x00, 0x06, 0x01, 0x00, 0x00, 0x05, 0x00, 0x01, 0x06, 0x85, 0x00, 
	0x00, 0x01, 0x8C, 0x00, 0x00, 0x01, 0xFF, 0x00, 0xCD, 0x00, 0x00, 0x01, 0x8C, 0x00, 0x00, 0x01, 
	0x85, 0x00, 0x06, 0x06, 0x01, 0x00, 0x05, 0x00, 0x00, 0x01, 0x8A, 0x00, 0x06, 0x05, 0x05, 0x00, 
	0x00, 0x04, 0x01, 0x01, 0x80, 0x00, 0x00, 0x05, 0x82, 0x00, 0x01, 0x05, 0x05, 0x81, 0x01, 0x03, 
	0x00, 0x01, 0x06, 0x01, 0x80, 0x00, 0x08, 0x03, 0x02, 0x06, 0x06, 0x05, 0x04, 0x06, 0x06, 0x01, 
	0x80, 0x06, 0x00, 0x04, 0x82, 0x00, 0x02, 0x01, 0x03, 0x03, 0x93, 0x00, 0x00, 0x01, 0xFF, 0x00, 
	0xD4, 0x00, 0x02, 0x03, 0x03, 0x01, 0x82, 0x00, 0x00, 0x04, 0x80, 0x06, 0x08, 0x01, 0x06, 0x06, 
	0x04, 0x05, 0x06, 0x06, 0x02, 0x03, 0x80, 0x00, 0x03, 0x01, 0x06, 0x01, 0x00, 0x81, 0x01, 0x01, 
	0x05, 0x05, 0x82, 0x00, 0x00, 0x05, 0x09, 0x05, 0x05, 0x04, 0x00, 0x05, 0x00, 0x04, 0x05, 0x06, 
	0x06, 0x81, 0x01, 0x01, 0x06, 0x01, 0x82, 0x00, 0x02, 0x06, 0x00, 0x05, 0x83, 0x06, 0x04, 0x00, 
	0x00, 0x01, 0x05, 0x05, 0x80, 0x00, 0x01, 0x01, 0x03, 0xFF, 0x00, 0xEB, 0x00, 0x01, 0x03, 0x01, 
	0x80, 0x00, 0x04, 0x05, 0x05, 0x01, 0x00, 0x00, 0x83, 0x06, 0x02, 0x05, 0x00, 0x06, 0x82, 0x00, 
	0x01, 0x01, 0x06, 0x81, 0x01, 0x09, 0x06, 0x06, 0x05, 0x04, 0x00, 0x05, 0x00, 0x04, 0x05, 0x05, 
	0x82, 0x00, 0x0C, 0x04, 0x00, 0x00, 0x05, 0x00, 0x00, 0x06, 0x00, 0x02, 0x05, 0x05, 0x00, 0x01, 
	0x81, 0x00, 0x02, 0x05, 0x00, 0x00, 0x82, 0x05, 0x09, 0x00, 0x06, 0x04, 0x01, 0x00, 0x00, 0x05, 
	0x04, 0x04, 0x01, 0x82, 0x00, 0x00, 0x03, 0xFF, 0x00, 0xDF, 0x00, 0x00, 0x03, 0x82, 0x00, 0x09, 
	0x01, 0x04, 0x04, 0x05, 0x00, 0x00, 0x01, 0x04, 0x06, 0x00, 0x82, 0x05, 0x02, 0x00, 0x00, 0x05, 
	0x81, 0x00, 0x0C, 0x01, 0x00, 0x05, 0x05, 0x02, 0x00, 0x06, 0x00, 0x00, 0x05, 0x00, 0x00, 0x04, 
	0x82, 0x00, 0x0F, 0x00, 0x04, 0x00, 0x01, 0x01, 0x04, 0x00, 0x04, 0x05, 0x00, 0x00, 0x06, 0x00, 
	0x00, 0x05, 0x05, 0x80, 0x00, 0x05, 0x05, 0x00, 0x00, 0x05, 0x00, 0x04, 0x82, 0x05, 0x09, 0x00, 
	0x06, 0x06, 0x01, 0x00, 0x05, 0x05, 0x04, 0x04, 0x06, 0xFF, 0x00, 0xEB, 0x00, 0x09, 0x06, 0x04, 
	0x04, 0x05, 0x05, 0x00, 0x01, 0x06, 0x06, 0x00, 0x82, 0x05, 0x05, 0x04, 0x00, 0x05, 0x00, 0x00, 
	0x05, 0x80, 0x00, 0x0F, 0x05, 0x05, 0x00, 0x00, 0x06, 0x00, 0x00, 0x05, 0x04, 0x00, 0x04, 0x01, 
	0x01, 0x00, 0x04, 0x00, 0x82, 0x00, 0x00, 0x04, 0x80, 0x00, 0x00, 0x04, 0x87, 0x00, 0x07, 0x01, 
	0x04, 0x04, 0x06, 0x00, 0x00, 0x06, 0x06, 0x80, 0x00, 0x01, 0x05, 0x04, 0x81, 0x00, 0x80, 0x05, 
	0x91, 0x00, 0x00, 0x01, 0xFF, 0x00, 0xC1, 0x00, 0x00, 0x01, 0x91, 0x00, 0x80, 0x05, 0x81, 0x00, 
	0x01, 0x04, 0x05, 0x80, 0x00, 0x07, 0x06, 0x06, 0x00, 0x00, 0x06, 0x04, 0x04, 0x01, 0x87, 0x00, 
	0x00, 0x04, 0x80, 0x00, 0x00, 0x04, 0x82, 0x00, 0x03, 0x04, 0x06, 0x01, 0x04, 0x82, 0x00, 0x03, 
	0x04, 0x00, 0x06, 0x04, 0x87, 0x00, 0x0D, 0x06, 0x00, 0x00, 0x06, 0x01, 0x04, 0x04, 0x05, 0x05, 
	0x04, 0x00, 0x00, 0x05, 0x00, 0x80, 0x05, 0x01, 0x01, 0x02, 0x90, 0x00, 0x01, 0x02, 0x01, 0xFF, 
	0x00, 0xBE, 0x00, 0x00, 0x02, 0x90, 0x00, 0x01, 0x02, 0x01, 0x80, 0x05, 0x0D, 0x00, 0x05, 0x00, 
	0x00, 0x04, 0x05, 0x05, 0x04, 0x04, 0x01, 0x06, 0x00, 0x00, 0x06, 0x87, 0x00, 0x03, 0x04, 0x06, 
	0x00, 0x04, 0x82, 0x00, 0x03, 0x04, 0x01, 0x06, 0x04, 0x84, 0x00, 0x05, 0x01, 0x06, 0x00, 0x00, 
	0x05, 0x05, 0x8E, 0x00, 0x05, 0x01, 0x01, 0x05, 0x01, 0x04, 0x06, 0x80, 0x01, 0x00, 0x06, 0xFF, 
	0x00, 0xEB, 0x00, 0x00, 0x06, 0x80, 0x01, 0x05, 0x06, 0x04, 0x01, 0x05, 0x01, 0x01, 0x8E, 0x00, 
	0x05, 0x05, 0x05, 0x00, 0x00, 0x06, 0x01, 0x84, 0x00, 0x00, 0x05, 0x9A, 0x00, 0x07, 0x01, 0x01, 
	0x05, 0x00, 0x04, 0x06, 0x06, 0x01, 0xFF, 0x00, 0xEF, 0x00, 0x07, 0x01, 0x06, 0x06, 0x04, 0x00, 
	0x05, 0x01, 0x01, 0x9A, 0x00, 0x00, 0x05, 0x06, 0x04, 0x05, 0x02, 0x00, 0x05, 0x00, 0x05, 0x8E, 
	0x00, 0x03, 0x05, 0x01, 0x03, 0x01, 0x81, 0x00, 0x03, 0x06, 0x00, 0x00, 0x05, 0x80, 0x00, 0x00, 
	0x05, 0x85, 0x00, 0x06, 0x05, 0x00, 0x00, 0x02, 0x00, 0x00, 0x06, 0x82, 0x00, 0x00, 0x06, 0xFF, 
	0x00, 0xC1, 0x00, 0x00, 0x06, 0x82, 0x00, 0x06, 0x06, 0x00, 0x00, 0x02, 0x00, 0x00, 0x05, 0x85, 
	0x00, 0x00, 0x05, 0x80, 0x00, 0x03, 0x05, 0x00, 0x00, 0x06, 0x81, 0x00, 0x03, 0x01, 0x03, 0x01, 
	0x05, 0x8E, 0x00, 0x06, 0x05, 0x00, 0x05, 0x00, 0x02, 0x05, 0x04, 0x02, 0x04, 0x00, 0x05, 0x81, 
	0x00, 0x00, 0x05, 0x88, 0x00, 0x00, 0x04, 0x81, 0x00, 0x04, 0x05, 0x01, 0x01, 0x00, 0x05, 0x80, 
	0x00, 0x13, 0x06, 0x04, 0x04, 0x00, 0x05, 0x04, 0x00, 0x02, 0x00, 0x04, 0x05, 0x00, 0x05, 0x00, 
	0x00, 0x04, 0x05, 0x05, 0x00, 0x04, 0xFF, 0x00, 0xD3, 0x00, 0x13, 0x04, 0x00, 0x05, 0x05, 0x04, 
	0x00, 0x00, 0x05, 0x00, 0x05, 0x04, 0x00, 0x02, 0x00, 0x04, 0x05, 0x00, 0x04, 0x04, 0x06, 0x80, 
	0x00, 0x04, 0x05, 0x00, 0x01, 0x01, 0x05, 0x81, 0x00, 0x00, 0x04, 0x88, 0x00, 0x00, 0x05, 0x81, 
	0x00, 0x02, 0x05, 0x00, 0x04, 0x02, 0x01, 0x05, 0x01, 0x81, 0x00, 0x03, 0x02, 0x00, 0x00, 0x02, 
	0x82, 0x00, 0x0D, 0x05, 0x00, 0x05, 0x05, 0x00, 0x00, 0x01, 0x01, 0x00, 0x00, 0x04, 0x00, 0x00, 
	0x04, 0x80, 0x00, 0x81, 0x05, 0x02, 0x01, 0x00, 0x00, 0x80, 0x01, 0x80, 0x06, 0x09, 0x01, 0x01, 
	0x00, 0x06, 0x06, 0x00, 0x05, 0x05, 0x00, 0x06, 0xFF, 0x00, 0xCB, 0x00, 0x09, 0x06, 0x00, 0x05, 
	0x05, 0x00, 0x06, 0x06, 0x00, 0x01, 0x01, 0x80, 0x06, 0x80, 0x01, 0x02, 0x00, 0x00, 0x01, 0x81, 
	0x05, 0x80, 0x00, 0x0D, 0x04, 0x00, 0x00, 0x04, 0x00, 0x00, 0x01, 0x01, 0x00, 0x00, 0x05, 0x05, 
	0x00, 0x05, 0x82, 0x00, 0x03, 0x02, 0x00, 0x00, 0x02, 0x81, 0x00, 0x02, 0x01, 0x05, 0x01, 0x02, 
	0x01, 0x01, 0x03, 0x8A, 0x00, 0x80, 0x05, 0x07, 0x00, 0x00, 0x01, 0x01, 0x00, 0x05, 0x04, 0x04, 
	0x82, 0x00, 0x00, 0x01, 0x80, 0x05, 0x03, 0x00, 0x01, 0x01, 0x03, 0x80, 0x01, 0x81, 0x06, 0x03, 
	0x01, 0x01, 0x06, 0x06, 0x80, 0x05, 0x01, 0x01, 0x06, 0x85, 0x00, 0x00, 0x01, 0xFF, 0x00, 0xC2, 
	0x00, 0x01, 0x06, 0x01, 0x80, 0x05, 0x03, 0x06, 0x06, 0x01, 0x01, 0x81, 0x06, 0x80, 0x01, 0x03, 
	0x03, 0x01, 0x01, 0x00, 0x80, 0x05, 0x00, 0x01, 0x82, 0x00, 0x07, 0x04, 0x04, 0x05, 0x00, 0x01, 
	0x01, 0x00, 0x00, 0x80, 0x05, 0x8A, 0x00, 0x02, 0x03, 0x01, 0x01, 0x81, 0x00, 0x0F, 0x01, 0x00, 
	0x01, 0x01, 0x00, 0x00, 0x06, 0x00, 0x01, 0x00, 0x06, 0x03, 0x06, 0x01, 0x06, 0x01, 0x81, 0x00, 
	0x03, 0x04, 0x04, 0x00, 0x04, 0x81, 0x00, 0x00, 0x03, 0x81, 0x00, 0x12, 0x01, 0x01, 0x04, 0x05, 
	0x00, 0x00, 0x01, 0x00, 0x00, 0x05, 0x05, 0x01, 0x00, 0x00, 0x06, 0x06, 0x01, 0x00, 0x05, 0xFF, 
	0x00, 0xA7, 0x00, 0x00, 0x02, 0xA0, 0x00, 0x12, 0x05, 0x00, 0x01, 0x06, 0x06, 0x00, 0x00, 0x01, 
	0x05, 0x05, 0x00, 0x00, 0x01, 0x00, 0x00, 0x05, 0x04, 0x01, 0x01, 0x81, 0x00, 0x00, 0x03, 0x81, 
	0x00, 0x03, 0x04, 0x00, 0x04, 0x04, 0x81, 0x00, 0x0F, 0x01, 0x06, 0x01, 0x06, 0x03, 0x06, 0x00, 
	0x01, 0x00, 0x06, 0x00, 0x00, 0x01, 0x01, 0x00, 0x01, 0x81, 0x00, 0x81, 0x00, 0x80, 0x01, 0x0A, 
	0x06, 0x00, 0x01, 0x00, 0x06, 0x06, 0x01, 0x01, 0x06, 0x00, 0x01, 0x80, 0x00, 0x06, 0x03, 0x00, 
	0x00, 0x04, 0x06, 0x04, 0x04, 0x88, 0x00, 0x00, 0x04, 0x80, 0x05, 0x01, 0x03, 0x01, 0x80, 0x00, 
	0x08, 0x01, 0x00, 0x04, 0x00, 0x06, 0x01, 0x01, 0x05, 0x06, 0x83, 0x00, 0x00, 0x01, 0xFF, 0x00, 
	0x9E, 0x00, 0x00, 0x01, 0xA0, 0x00, 0x08, 0x06, 0x05, 0x01, 0x01, 0x06, 0x00, 0x04, 0x00, 0x01, 
	0x80, 0x00, 0x01, 0x01, 0x03, 0x80, 0x05, 0x00, 0x04, 0x88, 0x00, 0x06, 0x04, 0x04, 0x06, 0x04, 
	0x00, 0x00, 0x03, 0x80, 0x00, 0x0A, 0x01, 0x00, 0x06, 0x01, 0x01, 0x06, 0x06, 0x00, 0x01, 0x00, 
	0x06, 0x80, 0x01, 0x81, 0x00, 0x01, 0x06, 0x06, 0x88, 0x00, 0x00, 0x05, 0x84, 0x00, 0x0C, 0x04, 
	0x00, 0x00, 0x01, 0x03, 0x01, 0x00, 0x00, 0x05, 0x00, 0x05, 0x00, 0x06, 0x81, 0x00, 0x04, 0x05, 
	0x05, 0x06, 0x01, 0x04, 0x80, 0x05, 0x09, 0x04, 0x04, 0x02, 0x05, 0x05, 0x01, 0x06, 0x00, 0x05, 
	0x06, 0x85, 0x00, 0x00, 0x02, 0xFF, 0x00, 0xC2, 0x00, 0x09, 0x06, 0x05, 0x00, 0x06, 0x01, 0x05, 
	0x05, 0x02, 0x04, 0x04, 0x80, 0x05, 0x04, 0x04, 0x01, 0x06, 0x05, 0x05, 0x81, 0x00, 0x0C, 0x06, 
	0x00, 0x05, 0x00, 0x05, 0x00, 0x00, 0x01, 0x03, 0x01, 0x00, 0x00, 0x04, 0x84, 0x00, 0x00, 0x05, 
	0x88, 0x00, 0x01, 0x06, 0x06, 0x05, 0x06, 0x06, 0x02, 0x00, 0x04, 0x05, 0x80, 0x00, 0x08, 0x05, 
	0x05, 0x00, 0x05, 0x00, 0x05, 0x00, 0x00, 0x04, 0x83, 0x00, 0x80, 0x01, 0x00, 0x03, 0x80, 0x00, 
	0x0A, 0x05, 0x00, 0x00, 0x04, 0x04, 0x05, 0x04, 0x05, 0x05, 0x06, 0x00, 0x81, 0x05, 0x0B, 0x00, 
	0x04, 0x04, 0x09, 0x05, 0x06, 0x06, 0x04, 0x05, 0x00, 0x00, 0x01, 0x81, 0x00, 0x02, 0x01, 0x00, 
	0x01, 0xFF, 0x00, 0x9E, 0x00, 0x00, 0x01, 0x9E, 0x00, 0x0B, 0x01, 0x00, 0x00, 0x05, 0x04, 0x06, 
	0x06, 0x05, 0x09, 0x04, 0x04, 0x00, 0x81, 0x05, 0x0A, 0x00, 0x06, 0x05, 0x05, 0x04, 0x05, 0x04, 
	0x04, 0x00, 0x00, 0x05, 0x80, 0x00, 0x00, 0x03, 0x80, 0x01, 0x83, 0x00, 0x08, 0x04, 0x00, 0x00, 
	0x05, 0x00, 0x05, 0x00, 0x05, 0x05, 0x80, 0x00, 0x05, 0x05, 0x04, 0x00, 0x02, 0x06, 0x06, 0x02, 
	0x04, 0x05, 0x04, 0x81, 0x05, 0x07, 0x00, 0x05, 0x00, 0x00, 0x02, 0x00, 0x05, 0x00, 0x80, 0x05, 
	0x80, 0x00, 0x0D, 0x03, 0x04, 0x06, 0x01, 0x01, 0x05, 0x00, 0x02, 0x04, 0x01, 0x02, 0x05, 0x01, 
	0x00, 0x80, 0x06, 0x10, 0x01, 0x00, 0x03, 0x01, 0x01, 0x06, 0x04, 0x00, 0x00, 0x02, 0x03, 0x00, 
	0x06, 0x00, 0x01, 0x05, 0x05, 0x85, 0x00, 0x00, 0x02, 0xFF, 0x00, 0x99, 0x00, 0x80, 0x05, 0x01, 
	0x06, 0x04, 0x96, 0x00, 0x05, 0x05, 0x04, 0x06, 0x06, 0x04, 0x02, 0x80, 0x05, 0x14, 0x06, 0x04, 
	0x02, 0x00, 0x00, 0x05, 0x01, 0x00, 0x06, 0x00, 0x03, 0x02, 0x00, 0x00, 0x04, 0x06, 0x01, 0x01, 
	0x03, 0x00, 0x01, 0x80, 0x06, 0x0D, 0x00, 0x01, 0x05, 0x02, 0x01, 0x04, 0x02, 0x00, 0x05, 0x01, 
	0x01, 0x06, 0x04, 0x03, 0x80, 0x00, 0x80, 0x05, 0x07, 0x00, 0x05, 0x00, 0x02, 0x00, 0x00, 0x05, 
	0x00, 0x81, 0x05, 0x02, 0x04, 0x05, 0x04, 0x02, 0x04, 0x04, 0x02, 0x81, 0x05, 0x01, 0x00, 0x05, 
	0x82, 0x00, 0x06, 0x02, 0x00, 0x05, 0x05, 0x00, 0x00, 0x06, 0x80, 0x00, 0x0A, 0x06, 0x00, 0x0A, 
	0x00, 0x04, 0x06, 0x01, 0x00, 0x00, 0x03, 0x0A, 0x80, 0x06, 0x80, 0x00, 0x03, 0x01, 0x06, 0x06, 
	0x0A, 0x85, 0x00, 0x01, 0x03, 0x05, 0x81, 0x00, 0x00, 0x01, 0xFF, 0x00, 0x9D, 0x00, 0x80, 0x05, 
	0x02, 0x06, 0x04, 0x06, 0x90, 0x00, 0x09, 0x05, 0x02, 0x04, 0x01, 0x03, 0x04, 0x04, 0x06, 0x06, 
	0x02, 0x81, 0x05, 0x05, 0x06, 0x04, 0x05, 0x05, 0x06, 0x03, 0x85, 0x00, 0x03, 0x0A, 0x06, 0x06, 
	0x01, 0x80, 0x00, 0x80, 0x06, 0x0A, 0x0A, 0x03, 0x00, 0x00, 0x01, 0x06, 0x04, 0x00, 0x0A, 0x00, 
	0x06, 0x80, 0x00, 0x06, 0x06, 0x00, 0x00, 0x05, 0x05, 0x00, 0x02, 0x82, 0x00, 0x01, 0x05, 0x00, 
	0x81, 0x05, 0x02, 0x02, 0x04, 0x04, 0x08, 0x01, 0x03, 0x01, 0x05, 0x00, 0x02, 0x04, 0x04, 0x06, 
	0x81, 0x00, 0x07, 0x04, 0x02, 0x00, 0x06, 0x06, 0x00, 0x02, 0x05, 0x87, 0x00, 0x04, 0x04, 0x02, 
	0x00, 0x0B, 0x0B, 0x80, 0x00, 0x03, 0x06, 0x04, 0x05, 0x09, 0x80, 0x00, 0x81, 0x0B, 0x02, 0x0A, 
	0x06, 0x00, 0x80, 0x04, 0x00, 0x01, 0x81, 0x00, 0x02, 0x02, 0x00, 0x01, 0xFF, 0x00, 0x9E, 0x00, 
	0x01, 0x03, 0x06, 0x81, 0x00, 0x05, 0x06, 0x01, 0x04, 0x06, 0x04, 0x06, 0x86, 0x00, 0x05, 0x06, 
	0x01, 0x04, 0x06, 0x04, 0x06, 0x83, 0x00, 0x09, 0x03, 0x05, 0x04, 0x01, 0x00, 0x01, 0x04, 0x00, 
	0x06, 0x0A, 0x81, 0x0B, 0x80, 0x00, 0x03, 0x09, 0x05, 0x04, 0x06, 0x80, 0x00, 0x04, 0x0B, 0x0B, 
	0x00, 0x02, 0x04, 0x87, 0x00, 0x07, 0x05, 0x02, 0x00, 0x06, 0x06, 0x00, 0x02, 0x04, 0x81, 0x00, 
	0x08, 0x06, 0x04, 0x04, 0x02, 0x00, 0x05, 0x01, 0x03, 0x01, 0x0B, 0x03, 0x01, 0x03, 0x03, 0x00, 
	0x04, 0x06, 0x17, 0x0A, 0x0B, 0x0B, 0x04, 0x87, 0x00, 0x03, 0x0B, 0x0B, 0x00, 0x00, 0x80, 0x0B, 
	0x81, 0x00, 0x81, 0x0B, 0x84, 0x00, 0x80, 0x0B, 0x08, 0x18, 0x0B, 0x00, 0x0A, 0x06, 0x00, 0x02, 
	0x04, 0x04, 0x81, 0x00, 0x00, 0x01, 0xF4, 0x00, 0x02, 0x06, 0x01, 0x04, 0x9D, 0x00, 0x04, 0x05, 
	0x00, 0x06, 0x0A, 0x06, 0x84, 0x00, 0x00, 0x04, 0x82, 0x00, 0x02, 0x05, 0x02, 0x05, 0x89, 0x00, 
	0x02, 0x05, 0x02, 0x05, 0x87, 0x00, 0x0B, 0x05, 0x06, 0x06, 0x00, 0x01, 0x02, 0x00, 0x06, 0x0A, 
	0x00, 0x0B, 0x18, 0x80, 0x0B, 0x84, 0x00, 0x81, 0x0B, 0x81, 0x00, 0x80, 0x0B, 0x03, 0x00, 0x00, 
	0x0B, 0x0B, 0x87, 0x00, 0x0B, 0x04, 0x0B, 0x0B, 0x0A, 0x17, 0x06, 0x04, 0x00, 0x03, 0x03, 0x01, 
	0x03, 0x80, 0x00, 0x81, 0x0B, 0x06, 0x00, 0x00, 0x0B, 0x0B, 0x00, 0x00, 0x16, 0x9D, 0x0B, 0x09, 
	0x0C, 0x15, 0x00, 0x00, 0x02, 0x05, 0x00, 0x05, 0x00, 0x06, 0xC1, 0x00, 0x07, 0x05, 0x00, 0x06, 
	0x0A, 0x06, 0x06, 0x04, 0x04, 0x82, 0x00, 0x02, 0x05, 0x02, 0x05, 0x98, 0x00, 0x07, 0x05, 0x00, 
	0x06, 0x0A, 0x06, 0x06, 0x04, 0x04, 0x82, 0x00, 0x02, 0x05, 0x02, 0x05, 0x89, 0x00, 0x05, 0x05, 
	0x0A, 0x00, 0x00, 0x06, 0x04, 0x81, 0x02, 0x08, 0x05, 0x04, 0x05, 0x05, 0x00, 0x06, 0x06, 0x01, 
	0x04, 0x80, 0x02, 0x92, 0x00, 0x05, 0x05, 0x0A, 0x00, 0x00, 0x06, 0x04, 0x81, 0x02, 0x08, 0x05, 
	0x04, 0x05, 0x05, 0x00, 0x06, 0x06, 0x01, 0x04, 0x80, 0x02, 0x83, 0x00, 0x07, 0x05, 0x00, 0x05, 
	0x02, 0x00, 0x00, 0x15, 0x0C, 0x9D, 0x0B, 0x06, 0x16, 0x00, 0x00, 0x0B, 0x0B, 0x00, 0x00, 0x81, 
	0x0B, 0x80, 0x00, 0xAF, 0x0B, 0x0C, 0x05, 0x02, 0x00, 0x05, 0x03, 0x00, 0x00, 0x05, 0x0A, 0x00, 
	0x00, 0x06, 0x04, 0x81, 0x02, 0x08, 0x05, 0x04, 0x05, 0x05, 0x00, 0x06, 0x06, 0x01, 0x04, 0x80, 
	0x02, 0x87, 0x00, 0x02, 0x06, 0x01, 0x03, 0x84, 0x00, 0x05, 0x05, 0x0A, 0x00, 0x00, 0x06, 0x04, 
	0x81, 0x02, 0x08, 0x05, 0x04, 0x05, 0x05, 0x00, 0x06, 0x06, 0x01, 0x04, 0x80, 0x02, 0x87, 0x00, 
	0x02, 0x06, 0x01, 0x03, 0x85, 0x00, 0x05, 0x05, 0x0A, 0x00, 0x00, 0x06, 0x04, 0x81, 0x02, 0x08, 
	0x05, 0x04, 0x05, 0x05, 0x00, 0x06, 0x06, 0x01, 0x04, 0x80, 0x02, 0x87, 0x00, 0x02, 0x06, 0x01, 
	0x03, 0x85, 0x00, 0x01, 0x0B, 0x0B, 0x81, 0x00, 0x01, 0x0B, 0x0B, 0x80, 0x02, 0x02, 0x00, 0x0B, 
	0x0B, 0x82, 0x00, 0x03, 0x0B, 0x0B, 0x02, 0x09, 0x85, 0x00, 0x01, 0x0B, 0x0B, 0x87, 0x00, 0x01, 
	0x0B, 0x0B, 0x81, 0x00, 0x01, 0x0B, 0x0B, 0x80, 0x02, 0x02, 0x00, 0x0B, 0x0B, 0x82, 0x00, 0x03, 
	0x0B, 0x0B, 0x02, 0x09, 0x85, 0x00, 0x01, 0x0B, 0x0B, 0x82, 0x00, 0x03, 0x05, 0x00, 0x02, 0x05, 
	0xAF, 0x0B, 0x01, 0x13, 0x11, 0x80, 0x14, 0x02, 0x0C, 0x0C, 0x15, 0x86, 0x0B, 0x01, 0x0E, 0x0C, 
	0x9E, 0x0B, 0x02, 0x00, 0x06, 0x05, 0x81, 0x00, 0x01, 0x0B, 0x0B, 0x81, 0x00, 0x01, 0x0B, 0x0B, 
	0x80, 0x02, 0x02, 0x00, 0x0B, 0x0B, 0x82, 0x00, 0x03, 0x0B, 0x0B, 0x02, 0x09, 0x85, 0x00, 0x01, 
	0x0B, 0x0B, 0x86, 0x00, 0x01, 0x0B, 0x0B, 0x81, 0x00, 0x01, 0x0B, 0x0B, 0x80, 0x02, 0x02, 0x00, 
	0x0B, 0x0B, 0x82, 0x00, 0x03, 0x0B, 0x0B, 0x02, 0x09, 0x85, 0x00, 0x01, 0x0B, 0x0B, 0x87, 0x00, 
	0x01, 0x0B, 0x0B, 0x81, 0x00, 0x01, 0x0B, 0x0B, 0x80, 0x02, 0x02, 0x00, 0x0B, 0x0B, 0x82, 0x00, 
	0x03, 0x0B, 0x0B, 0x02, 0x09, 0x85, 0x00, 0x01, 0x0B, 0x0B, 0x84, 0x00, 0x81, 0x0B, 0x01, 0x00, 
	0x00, 0x80, 0x0B, 0x80, 0x00, 0x81, 0x0B, 0x80, 0x00, 0x81, 0x0B, 0x85, 0x00, 0x80, 0x0B, 0x00, 
	0x01, 0x85, 0x00, 0x81, 0x0B, 0x01, 0x00, 0x00, 0x80, 0x0B, 0x80, 0x00, 0x81, 0x0B, 0x80, 0x00, 
	0x81, 0x0B, 0x85, 0x00, 0x80, 0x0B, 0x06, 0x01, 0x00, 0x02, 0x00, 0x00, 0x06, 0x00, 0x9E, 0x0B, 
	0x01, 0x0C, 0x0E, 0x86, 0x0B, 0x02, 0x15, 0x0C, 0x0C, 0x80, 0x14, 0x01, 0x11, 0x13, 0xB1, 0x0B, 
	0x02, 0x00, 0x00, 0x05, 0x80, 0x00, 0x81, 0x0B, 0x01, 0x00, 0x00, 0x80, 0x0B, 0x80, 0x00, 0x81, 
	0x0B, 0x80, 0x00, 0x81, 0x0B, 0x85, 0x00, 0x80, 0x0B, 0x02, 0x01, 0x00, 0x02, 0x82, 0x00, 0x81, 
	0x0B, 0x01, 0x00, 0x00, 0x80, 0x0B, 0x80, 0x00, 0x81, 0x0B, 0x80, 0x00, 0x81, 0x0B, 0x85, 0x00, 
	0x80, 0x0B, 0x02, 0x01, 0x00, 0x02, 0x83, 0x00, 0x81, 0x0B, 0x01, 0x00, 0x00, 0x80, 0x0B, 0x80, 
	0x00, 0x81, 0x0B, 0x80, 0x00, 0x81, 0x0B, 0x85, 0x00, 0x80, 0x0B, 0x02, 0x01, 0x00, 0x02, 0x82, 
	0x00, 0x81, 0x0B, 0x03, 0x11, 0x12, 0x11, 0x12, 0x86, 0x0B, 0x00, 0x12, 0x8A, 0x0B, 0x01, 0x11, 
	0x0B, 0x87, 0x00, 0x81, 0x0B, 0x03, 0x11, 0x12, 0x11, 0x12, 0x86, 0x0B, 0x00, 0x12, 0x8A, 0x0B, 
	0x01, 0x11, 0x0B, 0x81, 0x00, 0x02, 0x01, 0x00, 0x00, 0xB1, 0x0B, 0xB0, 0x0B, 0x03, 0x00, 0x00, 
	0x01, 0x06, 0x81, 0x00, 0x81, 0x0B, 0x03, 0x11, 0x12, 0x11, 0x12, 0x86, 0x0B, 0x00, 0x12, 0x8A, 
	0x0B, 0x01, 0x11, 0x0B, 0x86, 0x00, 0x81, 0x0B, 0x03, 0x11, 0x12, 0x11, 0x12, 0x86, 0x0B, 0x00, 
	0x12, 0x8A, 0x0B, 0x01, 0x11, 0x0B, 0x87, 0x00, 0x81, 0x0B, 0x03, 0x11, 0x12, 0x11, 0x12, 0x86, 
	0x0B, 0x00, 0x12, 0x8A, 0x0B, 0x01, 0x11, 0x0B, 0x86, 0x00, 0x97, 0x0B, 0x01, 0x10, 0x10, 0x83, 
	0x0B, 0x86, 0x00, 0x97, 0x0B, 0x01, 0x10, 0x10, 0x83, 0x0B, 0x80, 0x00, 0x02, 0x01, 0x00, 0x00, 
	0xB0, 0x0B, 0xAF, 0x0B, 0x06, 0x05, 0x05, 0x00, 0x04, 0x01, 0x01, 0x02, 0x80, 0x00, 0x97, 0x0B, 
	0x01, 0x10, 0x10, 0x83, 0x0B, 0x81, 0x00, 0x00, 0x02, 0x80, 0x00, 0x97, 0x0B, 0x01, 0x10, 0x10, 
	0x83, 0x0B, 0x81, 0x00, 0x01, 0x01, 0x02, 0x80, 0x00, 0x97, 0x0B, 0x01, 0x10, 0x10, 0x83, 0x0B, 
	0x81, 0x00, 0x00, 0x01, 0x80, 0x00, 0x81, 0x0B, 0x00, 0x0E, 0x8D, 0x0B, 0x00, 0x0F, 0x83, 0x0B, 
	0x00, 0x0D, 0x81, 0x0B, 0x87, 0x00, 0x81, 0x0B, 0x00, 0x0E, 0x8D, 0x0B, 0x00, 0x0F, 0x83, 0x0B, 
	0x00, 0x0D, 0x81, 0x0B, 0x06, 0x00, 0x00, 0x01, 0x04, 0x00, 0x05, 0x05, 0xAF, 0x0B, 0x81, 0x06, 
	0x07, 0x0A, 0x06, 0x02, 0x0A, 0x00, 0x0A, 0x03, 0x02, 0x81, 0x0A, 0x03, 0x03, 0x0A, 0x03, 0x06, 
	0x8C, 0x00, 0x0D, 0x0A, 0x06, 0x02, 0x0A, 0x02, 0x0A, 0x0A, 0x05, 0x02, 0x03, 0x0A, 0x0A, 0x00, 
	0x02, 0x80, 0x05, 0x05, 0x00, 0x00, 0x02, 0x00, 0x00, 0x01, 0x80, 0x00, 0x81, 0x0B, 0x00, 0x0E, 
	0x8D, 0x0B, 0x00, 0x0F, 0x83, 0x0B, 0x00, 0x0D, 0x81, 0x0B, 0x82, 0x00, 0x00, 0x01, 0x80, 0x00, 
	0x81, 0x0B, 0x00, 0x0E, 0x8D, 0x0B, 0x00, 0x0F, 0x83, 0x0B, 0x00, 0x0D, 0x81, 0x0B, 0x83, 0x00, 
	0x00, 0x01, 0x80, 0x00, 0x81, 0x0B, 0x00, 0x0E, 0x8D, 0x0B, 0x00, 0x0F, 0x83, 0x0B, 0x00, 0x0D, 
	0x81, 0x0B, 0x81, 0x00, 0x00, 0x01, 0x81, 0x00, 0x8E, 0x0B, 0x00, 0x0C, 0x85, 0x0B, 0x00, 0x0D, 
	0x81, 0x0B, 0x89, 0x00, 0x8E, 0x0B, 0x00, 0x0C, 0x85, 0x0B, 0x00, 0x0D, 0x81, 0x0B, 0x83, 0x00, 
	0x80, 0x05, 0x0D, 0x02, 0x00, 0x0A, 0x0A, 0x03, 0x02, 0x05, 0x0A, 0x0A, 0x02, 0x0A, 0x02, 0x06, 
	0x0A, 0x8C, 0x00, 0x03, 0x06, 0x03, 0x0A, 0x03, 0x81, 0x0A, 0x07, 0x02, 0x03, 0x0A, 0x00, 0x0A, 
	0x02, 0x06, 0x0A, 0x81, 0x06, 0x81, 0x06, 0x01, 0x00, 0x01, 0x81, 0x00, 0x81, 0x01, 0x89, 0x00, 
	0x00, 0x01, 0x80, 0x00, 0x09, 0x04, 0x05, 0x06, 0x01, 0x01, 0x06, 0x02, 0x06, 0x02, 0x00, 0x81, 
	0x05, 0x03, 0x00, 0x01, 0x06, 0x06, 0x81, 0x05, 0x05, 0x04, 0x00, 0x04, 0x00, 0x00, 0x01, 0x81, 
	0x00, 0x8E, 0x0B, 0x00, 0x0C, 0x85, 0x0B, 0x00, 0x0D, 0x81, 0x0B, 0x83, 0x00, 0x00, 0x01, 0x81, 
	0x00, 0x8E, 0x0B, 0x00, 0x0C, 0x85, 0x0B, 0x00, 0x0D, 0x81, 0x0B, 0x84, 0x00, 0x00, 0x01, 0x81, 
	0x00, 0x8E, 0x0B, 0x00, 0x0C, 0x85, 0x0B, 0x00, 0x0D, 0x81, 0x0B, 0x82, 0x00, 0x03, 0x01, 0x02, 
	0x05, 0x0A, 0xA5, 0x00, 0x02, 0x02, 0x05, 0x0A, 0xA2, 0x00, 0x00, 0x04, 0x81, 0x05, 0x03, 0x06, 
	0x06, 0x01, 0x00, 0x81, 0x05, 0x09, 0x00, 0x02, 0x06, 0x02, 0x06, 0x01, 0x01, 0x06, 0x05, 0x04, 
	0x80, 0x00, 0x00, 0x01, 0x89, 0x00, 0x81, 0x01, 0x81, 0x00, 0x01, 0x01, 0x00, 0x81, 0x06, 0x80, 
	0x00, 0x80, 0x05, 0x07, 0x04, 0x05, 0x00, 0x00, 0x05, 0x04, 0x05, 0x04, 0x80, 0x00, 0x20, 0x02, 
	0x05, 0x04, 0x05, 0x00, 0x05, 0x05, 0x04, 0x06, 0x00, 0x02, 0x00, 0x04, 0x05, 0x04, 0x00, 0x01, 
	0x0A, 0x00, 0x01, 0x01, 0x00, 0x00, 0x06, 0x00, 0x01, 0x00, 0x00, 0x04, 0x01, 0x06, 0x01, 0x01, 
	0x81, 0x00, 0x01, 0x05, 0x02, 0x82, 0x00, 0x03, 0x01, 0x02, 0x05, 0x0A, 0xAB, 0x00, 0x03, 0x01, 
	0x02, 0x05, 0x0A, 0xA0, 0x00, 0x00, 0x01, 0x80, 0x00, 0x03, 0x01, 0x02, 0x05, 0x0A, 0xAF, 0x00, 
	0x01, 0x05, 0x04, 0x86, 0x00, 0x00, 0x06, 0x8A, 0x00, 0x07, 0x04, 0x06, 0x00, 0x00, 0x05, 0x05, 
	0x03, 0x06, 0x82, 0x00, 0x05, 0x0A, 0x0A, 0x06, 0x06, 0x0A, 0x0A, 0x80, 0x06, 0x09, 0x0A, 0x0A, 
	0x00, 0x06, 0x01, 0x00, 0x05, 0x04, 0x01, 0x01, 0x82, 0x00, 0x20, 0x01, 0x01, 0x06, 0x01, 0x04, 
	0x00, 0x00, 0x01, 0x00, 0x06, 0x00, 0x00, 0x01, 0x01, 0x00, 0x0A, 0x01, 0x00, 0x04, 0x05, 0x04, 
	0x00, 0x02, 0x00, 0x06, 0x04, 0x05, 0x05, 0x00, 0x05, 0x04, 0x05, 0x02, 0x80, 0x00, 0x07, 0x04, 
	0x05, 0x04, 0x05, 0x00, 0x00, 0x05, 0x04, 0x80, 0x05, 0x80, 0x00, 0x04, 0x00, 0x04, 0x05, 0x04, 
	0x04, 0x80, 0x05, 0x02, 0x02, 0x05, 0x04, 0x80, 0x05, 0x08, 0x02, 0x05, 0x04, 0x05, 0x02, 0x05, 
	0x04, 0x05, 0x04, 0x81, 0x00, 0x06, 0x04, 0x00, 0x00, 0x02, 0x00, 0x00, 0x01, 0x80, 0x00, 0x00, 
	0x01, 0x80, 0x00, 0x04, 0x04, 0x01, 0x04, 0x01, 0x04, 0x80, 0x06, 0x06, 0x01, 0x06, 0x01, 0x00, 
	0x04, 0x05, 0x04, 0x83, 0x00, 0x01, 0x05, 0x04, 0x86, 0x00, 0x00, 0x06, 0xCE, 0x00, 0x01, 0x05, 
	0x04, 0x86, 0x00, 0x03, 0x06, 0x04, 0x00, 0x04, 0x87, 0x00, 0x07, 0x04, 0x06, 0x00, 0x00, 0x05, 
	0x05, 0x03, 0x06, 0xA2, 0x00, 0x01, 0x03, 0x06, 0x82, 0x00, 0x04, 0x01, 0x04, 0x06, 0x04, 0x06, 
	0x83, 0x00, 0x02, 0x04, 0x05, 0x00, 0x80, 0x06, 0x15, 0x00, 0x01, 0x01, 0x06, 0x06, 0x01, 0x04, 
	0x04, 0x01, 0x06, 0x06, 0x00, 0x02, 0x06, 0x01, 0x00, 0x0A, 0x04, 0x00, 0x01, 0x06, 0x01, 0x80, 
	0x06, 0x04, 0x04, 0x01, 0x04, 0x01, 0x04, 0x80, 0x00, 0x00, 0x01, 0x80, 0x00, 0x06, 0x01, 0x00, 
	0x00, 0x02, 0x00, 0x00, 0x04, 0x81, 0x00, 0x08, 0x04, 0x05, 0x04, 0x05, 0x02, 0x05, 0x04, 0x05, 
	0x02, 0x80, 0x05, 0x02, 0x04, 0x05, 0x02, 0x80, 0x05, 0x04, 0x04, 0x04, 0x05, 0x04, 0x00, 0x00, 
	0x01, 0x82, 0x00, 0x80, 0x01, 0x01, 0x00, 0x01, 0x86, 0x00, 0x07, 0x01, 0x00, 0x01, 0x00, 0x00, 
	0x01, 0x00, 0x01, 0x80, 0x00, 0x02, 0x01, 0x00, 0x04, 0x80, 0x00, 0x13, 0x05, 0x00, 0x00, 0x06, 
	0x04, 0x02, 0x05, 0x00, 0x05, 0x00, 0x05, 0x00, 0x05, 0x00, 0x06, 0x0A, 0x06, 0x06, 0x04, 0x04, 
	0x82, 0x00, 0x02, 0x05, 0x02, 0x05, 0xD5, 0x00, 0x01, 0x01, 0x06, 0x85, 0x00, 0x17, 0x06, 0x02, 
	0x06, 0x00, 0x05, 0x00, 0x00, 0x06, 0x04, 0x02, 0x05, 0x00, 0x05, 0x00, 0x05, 0x00, 0x05, 0x00, 
	0x06, 0x0A, 0x06, 0x06, 0x04, 0x04, 0x82, 0x00, 0x02, 0x05, 0x02, 0x05, 0x86, 0x00, 0x15, 0x05, 
	0x00, 0x05, 0x00, 0x00, 0x06, 0x04, 0x02, 0x05, 0x00, 0x05, 0x00, 0x05, 0x00, 0x05, 0x00, 0x06, 
	0x0A, 0x06, 0x00, 0x04, 0x04, 0x82, 0x00, 0x02, 0x05, 0x02, 0x05, 0x86, 0x00, 0x1B, 0x05, 0x05, 
	0x00, 0x04, 0x04, 0x06, 0x01, 0x00, 0x05, 0x00, 0x00, 0x06, 0x04, 0x02, 0x05, 0x00, 0x05, 0x00, 
	0x05, 0x00, 0x05, 0x00, 0x06, 0x0A, 0x06, 0x00, 0x04, 0x04, 0x82, 0x00, 0x02, 0x05, 0x02, 0x05, 
	0x86, 0x00, 0x0B, 0x05, 0x05, 0x00, 0x04, 0x01, 0x00, 0x01, 0x00, 0x00, 0x01, 0x00, 0x01, 0x86, 
	0x00, 0x01, 0x01, 0x00, 0x80, 0x01, 0x82, 0x00, 0x00, 0x01, 0x82, 0x01, 0x00, 0x00, 0x81, 0x01, 
	0x03, 0x06, 0x01, 0x01, 0x00, 0x82, 0x01, 0x16, 0x00, 0x01, 0x00, 0x01, 0x00, 0x03, 0x01, 0x00, 
	0x01, 0x00, 0x01, 0x01, 0x00, 0x05, 0x04, 0x00, 0x00, 0x05, 0x0A, 0x00, 0x00, 0x06, 0x04, 0x81, 
	0x02, 0x08, 0x05, 0x04, 0x05, 0x05, 0x00, 0x06, 0x06, 0x01, 0x04, 0x80, 0x02, 0x87, 0x00, 0x02, 
	0x06, 0x01, 0x03, 0x86, 0x00, 0x07, 0x06, 0x00, 0x05, 0x0A, 0x00, 0x00, 0x06, 0x04, 0x81, 0x02, 
	0x08, 0x05, 0x04, 0x05, 0x05, 0x00, 0x06, 0x06, 0x01, 0x04, 0x80, 0x02, 0x87, 0x00, 0x02, 0x06, 
	0x01, 0x03, 0x80, 0x00, 0x06, 0x03, 0x05, 0x0A, 0x00, 0x00, 0x06, 0x04, 0x81, 0x02, 0x08, 0x05, 
	0x04, 0x05, 0x05, 0x00, 0x06, 0x06, 0x01, 0x00, 0x80, 0x02, 0x87, 0x00, 0x02, 0x06, 0x01, 0x03, 
	0x85, 0x00, 0x07, 0x06, 0x00, 0x05, 0x0A, 0x00, 0x00, 0x06, 0x04, 0x81, 0x02, 0x08, 0x05, 0x04, 
	0x05, 0x05, 0x00, 0x06, 0x06, 0x01, 0x04, 0x80, 0x02, 0x87, 0x00, 0x02, 0x06, 0x01, 0x03, 0x80, 
	0x00, 0x06, 0x03, 0x05, 0x0A, 0x00, 0x00, 0x06, 0x04, 0x81, 0x02, 0x08, 0x05, 0x04, 0x05, 0x05, 
	0x00, 0x06, 0x06, 0x01, 0x00, 0x80, 0x02, 0x87, 0x00, 0x02, 0x06, 0x01, 0x03, 0x81, 0x00, 0x0B, 
	0x05, 0x01, 0x04, 0x02, 0x02, 0x00, 0x05, 0x0A, 0x00, 0x00, 0x06, 0x04, 0x81, 0x02, 0x08, 0x05, 
	0x04, 0x05, 0x05, 0x00, 0x06, 0x06, 0x01, 0x00, 0x80, 0x02, 0x87, 0x00, 0x02, 0x06, 0x01, 0x03, 
	0x81, 0x00, 0x0B, 0x05, 0x01, 0x04, 0x01, 0x00, 0x01, 0x03, 0x00, 0x01, 0x00, 0x01, 0x00, 0x82, 
	0x01, 0x03, 0x00, 0x01, 0x01, 0x06, 0x81, 0x01, 0x00, 0x00, 0x82, 0x01, 0x82, 0x00, 0x80, 0x04, 
	0x00, 0x06, 0x85, 0x00, 0x16, 0x04, 0x00, 0x00, 0x04, 0x02, 0x00, 0x04, 0x05, 0x04, 0x00, 0x00, 
	0x04, 0x00, 0x00, 0x05, 0x04, 0x02, 0x05, 0x02, 0x00, 0x00, 0x0B, 0x0B, 0x81, 0x00, 0x01, 0x0B, 
	0x0B, 0x80, 0x02, 0x02, 0x00, 0x0B, 0x0B, 0x82, 0x00, 0x03, 0x0B, 0x0B, 0x02, 0x09, 0x85, 0x00, 
	0x01, 0x0B, 0x0B, 0x84, 0x00, 0x02, 0x06, 0x00, 0x02, 0x80, 0x00, 0x01, 0x0B, 0x0B, 0x81, 0x00, 
	0x01, 0x0B, 0x0B, 0x80, 0x02, 0x02, 0x00, 0x0B, 0x0B, 0x82, 0x00, 0x03, 0x0B, 0x0B, 0x02, 0x09, 
	0x85, 0x00, 0x01, 0x0B, 0x0B, 0x83, 0x00, 0x01, 0x0B, 0x0B, 0x81, 0x00, 0x01, 0x0B, 0x0B, 0x80, 
	0x02, 0x02, 0x00, 0x0B, 0x0B, 0x82, 0x00, 0x03, 0x0B, 0x0B, 0x02, 0x09, 0x85, 0x00, 0x01, 0x0B, 
	0x0B, 0x82, 0x00, 0x03, 0x06, 0x06, 0x00, 0x02, 0x80, 0x00, 0x01, 0x0B, 0x0B, 0x81, 0x00, 0x01, 
	0x0B, 0x0B, 0x80, 0x02, 0x02, 0x00, 0x0B, 0x0B, 0x82, 0x00, 0x03, 0x0B, 0x0B, 0x02, 0x09, 0x85, 
	0x00, 0x01, 0x0B, 0x0B, 0x83, 0x00, 0x01, 0x0B, 0x0B, 0x81, 0x00, 0x01, 0x0B, 0x0B, 0x80, 0x02, 
	0x02, 0x00, 0x0B, 0x0B, 0x82, 0x00, 0x03, 0x0B, 0x0B, 0x02, 0x09, 0x85, 0x00, 0x01, 0x0B, 0x0B, 
	0x86, 0x00, 0x04, 0x01, 0x00, 0x00, 0x0B, 0x0B, 0x81, 0x00, 0x01, 0x0B, 0x0B, 0x80, 0x02, 0x02, 
	0x00, 0x0B, 0x0B, 0x82, 0x00, 0x03, 0x0B, 0x0B, 0x02, 0x09, 0x85, 0x00, 0x01, 0x0B, 0x0B, 0x86, 
	0x00, 0x08, 0x04, 0x05, 0x04, 0x00, 0x02, 0x04, 0x00, 0x00, 0x04, 0x85, 0x00, 0x00, 0x06, 0x80, 
	0x04, 0x82, 0x00, 0x07, 0x00, 0x04, 0x00, 0x04, 0x05, 0x04, 0x00, 0x04, 0x80, 0x00, 0x10, 0x02, 
	0x00, 0x04, 0x00, 0x02, 0x00, 0x02, 0x00, 0x00, 0x04, 0x00, 0x00, 0x04, 0x05, 0x02, 0x05, 0x05, 
	0x81, 0x00, 0x04, 0x04, 0x05, 0x04, 0x05, 0x00, 0x81, 0x0B, 0x01, 0x00, 0x00, 0x80, 0x0B, 0x80, 
	0x00, 0x81, 0x0B, 0x80, 0x00, 0x81, 0x0B, 0x85, 0x00, 0x80, 0x0B, 0x02, 0x01, 0x00, 0x02, 0x81, 
	0x00, 0x04, 0x01, 0x01, 0x05, 0x00, 0x00, 0x81, 0x0B, 0x01, 0x00, 0x00, 0x80, 0x0B, 0x80, 0x00, 
	0x81, 0x0B, 0x80, 0x00, 0x81, 0x0B, 0x85, 0x00, 0x80, 0x0B, 0x04, 0x01, 0x00, 0x02, 0x04, 0x00, 
	0x81, 0x0B, 0x01, 0x00, 0x00, 0x80, 0x0B, 0x80, 0x00, 0x81, 0x0B, 0x80, 0x00, 0x81, 0x0B, 0x85, 
	0x00, 0x80, 0x0B, 0x02, 0x01, 0x00, 0x02, 0x80, 0x00, 0x04, 0x01, 0x01, 0x05, 0x00, 0x00, 0x81, 
	0x0B, 0x01, 0x00, 0x00, 0x80, 0x0B, 0x80, 0x00, 0x81, 0x0B, 0x80, 0x00, 0x81, 0x0B, 0x85, 0x00, 
	0x80, 0x0B, 0x04, 0x01, 0x00, 0x02, 0x04, 0x00, 0x81, 0x0B, 0x01, 0x00, 0x00, 0x80, 0x0B, 0x80, 
	0x00, 0x81, 0x0B, 0x80, 0x00, 0x81, 0x0B, 0x85, 0x00, 0x80, 0x0B, 0x02, 0x01, 0x00, 0x02, 0x80, 
	0x00, 0x00, 0x01, 0x81, 0x00, 0x81, 0x0B, 0x01, 0x00, 0x00, 0x80, 0x0B, 0x80, 0x00, 0x81, 0x0B, 
	0x80, 0x00, 0x81, 0x0B, 0x85, 0x00, 0x80, 0x0B, 0x02, 0x01, 0x00, 0x02, 0x80, 0x00, 0x11, 0x01, 
	0x05, 0x05, 0x02, 0x05, 0x04, 0x00, 0x00, 0x04, 0x00, 0x00, 0x02, 0x00, 0x02, 0x00, 0x04, 0x00, 
	0x02, 0x80, 0x00, 0x07, 0x04, 0x00, 0x04, 0x05, 0x04, 0x00, 0x04, 0x00, 0x06, 0x05, 0x00, 0x05, 
	0x00, 0x05, 0x00, 0x01, 0x84, 0x00, 0x00, 0x05, 0x84, 0x00, 0x06, 0x05, 0x00, 0x00, 0x01, 0x00, 
	0x01, 0x00, 0x80, 0x01, 0x02, 0x00, 0x00, 0x01, 0x80, 0x00, 0x81, 0x0B, 0x03, 0x11, 0x12, 0x11, 
	0x12, 0x86, 0x0B, 0x00, 0x12, 0x8A, 0x0B, 0x01, 0x11, 0x0B, 0x84, 0x00, 0x02, 0x05, 0x05, 0x02, 
	0x80, 0x00, 0x81, 0x0B, 0x03, 0x11, 0x12, 0x11, 0x12, 0x86, 0x0B, 0x00, 0x12, 0x8A, 0x0B, 0x01, 
	0x11, 0x0B, 0x83, 0x00, 0x81, 0x0B, 0x03, 0x11, 0x12, 0x11, 0x12, 0x86, 0x0B, 0x00, 0x12, 0x8A, 
	0x0B, 0x01, 0x11, 0x0B, 0x83, 0x00, 0x02, 0x05, 0x05, 0x02, 0x80, 0x00, 0x81, 0x0B, 0x03, 0x11, 
	0x12, 0x11, 0x12, 0x86, 0x0B, 0x00, 0x12, 0x8A, 0x0B, 0x01, 0x11, 0x0B, 0x83, 0x00, 0x81, 0x0B, 
	0x03, 0x11, 0x12, 0x11, 0x12, 0x86, 0x0B, 0x00, 0x12, 0x8A, 0x0B, 0x01, 0x11, 0x0B, 0x89, 0x00, 
	0x81, 0x0B, 0x03, 0x11, 0x12, 0x11, 0x12, 0x86, 0x0B, 0x00, 0x12, 0x8A, 0x0B, 0x01, 0x11, 0x0B, 
	0x84, 0x00, 0x05, 0x01, 0x00, 0x01, 0x00, 0x00, 0x05, 0x84, 0x00, 0x00, 0x05, 0x84, 0x00, 0x06, 
	0x01, 0x00, 0x05, 0x00, 0x05, 0x00, 0x05, 0x86, 0x00, 0x00, 0x05, 0x81, 0x00, 0x00, 0x05, 0x86, 
	0x00, 0x08, 0x01, 0x01, 0x00, 0x03, 0x00, 0x01, 0x03, 0x01, 0x06, 0x83, 0x00, 0x97, 0x0B, 0x01, 
	0x10, 0x10, 0x83, 0x0B, 0x82, 0x00, 0x03, 0x03, 0x05, 0x00, 0x04, 0x80, 0x00, 0x97, 0x0B, 0x01, 
	0x10, 0x10, 0x83, 0x0B, 0x82, 0x00, 0x97, 0x0B, 0x01, 0x10, 0x10, 0x83, 0x0B, 0x81, 0x00, 0x03, 
	0x03, 0x05, 0x00, 0x04, 0x80, 0x00, 0x97, 0x0B, 0x01, 0x10, 0x10, 0x83, 0x0B, 0x82, 0x00, 0x97, 
	0x0B, 0x01, 0x10, 0x10, 0x83, 0x0B, 0x88, 0x00, 0x97, 0x0B, 0x01, 0x10, 0x10, 0x83, 0x0B, 0x82, 
	0x00, 0x03, 0x03, 0x00, 0x01, 0x01, 0x86, 0x00, 0x00, 0x05, 0x81, 0x00, 0x00, 0x05, 0x86, 0x00, 
	0x82, 0x00, 0x00, 0x02, 0x80, 0x00, 0x00, 0x05, 0x82, 0x00, 0x02, 0x01, 0x00, 0x05, 0x87, 0x00, 
	0x03, 0x06, 0x01, 0x00, 0x01, 0x81, 0x00, 0x00, 0x01, 0x80, 0x00, 0x81, 0x0B, 0x00, 0x0E, 0x8D, 
	0x0B, 0x00, 0x0F, 0x83, 0x0B, 0x00, 0x0D, 0x81, 0x0B, 0x82, 0x00, 0x04, 0x04, 0x01, 0x00, 0x00, 
	0x01, 0x80, 0x00, 0x81, 0x0B, 0x00, 0x0E, 0x8D, 0x0B, 0x00, 0x0F, 0x83, 0x0B, 0x00, 0x0D, 0x81, 
	0x0B, 0x02, 0x00, 0x05, 0x01, 0x80, 0x00, 0x81, 0x0B, 0x00, 0x0E, 0x8D, 0x0B, 0x00, 0x0F, 0x83, 
	0x0B, 0x00, 0x0D, 0x81, 0x0B, 0x81, 0x00, 0x04, 0x04, 0x01, 0x00, 0x00, 0x01, 0x80, 0x00, 0x81, 
	0x0B, 0x00, 0x0E, 0x8D, 0x0B, 0x00, 0x0F, 0x83, 0x0B, 0x00, 0x0D, 0x81, 0x0B, 0x02, 0x00, 0x05, 
	0x01, 0x80, 0x00, 0x81, 0x0B, 0x00, 0x0E, 0x8D, 0x0B, 0x00, 0x0F, 0x83, 0x0B, 0x00, 0x0D, 0x81, 
	0x0B, 0x85, 0x00, 0x00, 0x01, 0x80, 0x00, 0x81, 0x0B, 0x00, 0x0E, 0x8D, 0x0B, 0x00, 0x0F, 0x83, 
	0x0B, 0x00, 0x0D, 0x81, 0x0B, 0x8C, 0x00, 0x02, 0x05, 0x00, 0x01, 0x82, 0x00, 0x00, 0x05, 0x80, 
	0x00, 0x00, 0x02, 0x82, 0x00, 0x05, 0x04, 0x05, 0x04, 0x00, 0x01, 0x04, 0x88, 0x00, 0x00, 0x05, 
	0x81, 0x00, 0x02, 0x03, 0x00, 0x04, 0x81, 0x00, 0x03, 0x06, 0x00, 0x00, 0x03, 0x80, 0x00, 0x00, 
	0x01, 0x81, 0x00, 0x8E, 0x0B, 0x00, 0x0C, 0x85, 0x0B, 0x00, 0x0D, 0x81, 0x0B, 0x83, 0x00, 0x04, 
	0x04, 0x06, 0x00, 0x00, 0x01, 0x81, 0x00, 0x8E, 0x0B, 0x00, 0x0C, 0x85, 0x0B, 0x00, 0x0D, 0x81, 
	0x0B, 0x03, 0x00, 0x00, 0x02, 0x01, 0x81, 0x00, 0x8E, 0x0B, 0x00, 0x0C, 0x85, 0x0B, 0x00, 0x0D, 
	0x81, 0x0B, 0x81, 0x00, 0x05, 0x01, 0x04, 0x06, 0x00, 0x00, 0x01, 0x81, 0x00, 0x8E, 0x0B, 0x00, 
	0x0C, 0x85, 0x0B, 0x00, 0x0D, 0x81, 0x0B, 0x03, 0x00, 0x00, 0x02, 0x01, 0x81, 0x00, 0x8E, 0x0B, 
	0x00, 0x0C, 0x85, 0x0B, 0x00, 0x0D, 0x81, 0x0B, 0x83, 0x00, 0x03, 0x06, 0x00, 0x00, 0x01, 0x81, 
	0x00, 0x8E, 0x0B, 0x00, 0x0C, 0x85, 0x0B, 0x00, 0x0D, 0x81, 0x0B, 0x86, 0x00, 0x02, 0x04, 0x00, 
	0x03, 0x81, 0x00, 0x00, 0x05, 0x88, 0x00, 0x05, 0x04, 0x01, 0x00, 0x04, 0x05, 0x04, 0x0A, 0x01, 
	0x00, 0x01, 0x00, 0x01, 0x00, 0x00, 0x01, 0x00, 0x00, 0x04, 0x80, 0x00, 0x00, 0x03, 0x80, 0x00, 
	0x00, 0x04, 0x83, 0x00, 0x00, 0x05, 0x81, 0x00, 0x09, 0x05, 0x00, 0x00, 0x04, 0x00, 0x00, 0x01, 
	0x02, 0x05, 0x0A, 0xA3, 0x00, 0x01, 0x02, 0x06, 0x80, 0x01, 0x02, 0x02, 0x05, 0x0A, 0x9F, 0x00, 
	0x04, 0x05, 0x01, 0x02, 0x05, 0x0A, 0xA2, 0x00, 0x01, 0x02, 0x06, 0x80, 0x01, 0x02, 0x02, 0x05, 
	0x0A, 0x9F, 0x00, 0x04, 0x05, 0x01, 0x02, 0x05, 0x0A, 0xA6, 0x00, 0x03, 0x01, 0x02, 0x05, 0x0A, 
	0xA5, 0x00, 0x00, 0x05, 0x83, 0x00, 0x00, 0x04, 0x80, 0x00, 0x00, 0x03, 0x80, 0x00, 0x0A, 0x04, 
	0x00, 0x00, 0x01, 0x00, 0x00, 0x01, 0x00, 0x01, 0x00, 0x01, 0x07, 0x00, 0x01, 0x00, 0x06, 0x01, 
	0x01, 0x00, 0x01, 0x82, 0x00, 0x01, 0x06, 0x01, 0x83, 0x00, 0x04, 0x01, 0x01, 0x00, 0x04, 0x05, 
	0x83, 0x00, 0x03, 0x01, 0x04, 0x00, 0x00, 0x80, 0x04, 0x0B, 0x01, 0x00, 0x01, 0x03, 0x03, 0x05, 
	0x05, 0x03, 0x0A, 0x0A, 0x05, 0x05, 0x80, 0x02, 0x12, 0x0A, 0x00, 0x04, 0x0A, 0x04, 0x06, 0x0A, 
	0x01, 0x06, 0x06, 0x05, 0x05, 0x03, 0x09, 0x0A, 0x05, 0x05, 0x06, 0x01, 0x82, 0x00, 0x03, 0x04, 
	0x06, 0x01, 0x03, 0x80, 0x04, 0x0B, 0x01, 0x00, 0x01, 0x03, 0x03, 0x05, 0x05, 0x03, 0x0A, 0x0A, 
	0x05, 0x05, 0x80, 0x02, 0x21, 0x0A, 0x00, 0x04, 0x0A, 0x04, 0x06, 0x0A, 0x01, 0x06, 0x06, 0x05, 
	0x05, 0x03, 0x09, 0x0A, 0x05, 0x05, 0x06, 0x01, 0x00, 0x07, 0x05, 0x01, 0x06, 0x06, 0x02, 0x00, 
	0x0A, 0x01, 0x01, 0x02, 0x00, 0x0A, 0x06, 0x80, 0x01, 0x06, 0x05, 0x00, 0x00, 0x05, 0x05, 0x00, 
	0x00, 0x80, 0x01, 0x80, 0x00, 0x80, 0x06, 0x04, 0x04, 0x07, 0x02, 0x01, 0x06, 0x81, 0x00, 0x03, 
	0x04, 0x06, 0x01, 0x03, 0x80, 0x04, 0x0B, 0x01, 0x00, 0x01, 0x03, 0x03, 0x05, 0x05, 0x03, 0x0A, 
	0x0A, 0x05, 0x05, 0x80, 0x02, 0x21, 0x0A, 0x00, 0x04, 0x0A, 0x04, 0x06, 0x0A, 0x01, 0x06, 0x06, 
	0x05, 0x05, 0x03, 0x09, 0x0A, 0x05, 0x05, 0x06, 0x01, 0x00, 0x07, 0x05, 0x01, 0x06, 0x06, 0x02, 
	0x00, 0x0A, 0x01, 0x01, 0x02, 0x00, 0x0A, 0x06, 0x80, 0x01, 0x06, 0x05, 0x00, 0x00, 0x05, 0x05, 
	0x00, 0x00, 0x80, 0x01, 0x80, 0x00, 0x80, 0x06, 0x04, 0x04, 0x07, 0x02, 0x01, 0x06, 0x85, 0x00, 
	0x0C, 0x05, 0x01, 0x06, 0x06, 0x02, 0x00, 0x0A, 0x01, 0x01, 0x02, 0x00, 0x0A, 0x06, 0x80, 0x01, 
	0x06, 0x05, 0x00, 0x00, 0x05, 0x05, 0x00, 0x00, 0x80, 0x01, 0x80, 0x00, 0x80, 0x06, 0x04, 0x04, 
	0x07, 0x02, 0x01, 0x06, 0x84, 0x00, 0x04, 0x05, 0x04, 0x00, 0x01, 0x01, 0x83, 0x00, 0x01, 0x01, 
	0x06, 0x82, 0x00, 0x07, 0x01, 0x00, 0x01, 0x01, 0x06, 0x00, 0x01, 0x00, 0xA1, 0x00, 0x25, 0x06, 
	0x05, 0x05, 0x09, 0x04, 0x06, 0x00, 0x04, 0x00, 0x06, 0x00, 0x02, 0x04, 0x00, 0x05, 0x01, 0x04, 
	0x05, 0x04, 0x04, 0x05, 0x05, 0x00, 0x00, 0x05, 0x04, 0x00, 0x00, 0x06, 0x04, 0x04, 0x00, 0x03, 
	0x06, 0x05, 0x04, 0x05, 0x04, 0x81, 0x00, 0x32, 0x05, 0x05, 0x01, 0x01, 0x06, 0x05, 0x05, 0x09, 
	0x04, 0x06, 0x00, 0x04, 0x00, 0x06, 0x00, 0x02, 0x04, 0x00, 0x05, 0x01, 0x04, 0x05, 0x04, 0x04, 
	0x05, 0x05, 0x00, 0x00, 0x05, 0x04, 0x00, 0x00, 0x06, 0x04, 0x04, 0x00, 0x03, 0x06, 0x05, 0x04, 
	0x05, 0x04, 0x00, 0x05, 0x05, 0x00, 0x04, 0x00, 0x05, 0x05, 0x01, 0x81, 0x05, 0x09, 0x00, 0x06, 
	0x02, 0x00, 0x04, 0x04, 0x05, 0x04, 0x05, 0x04, 0x80, 0x00, 0x42, 0x01, 0x00, 0x00, 0x04, 0x00, 
	0x01, 0x01, 0x04, 0x04, 0x01, 0x01, 0x00, 0x01, 0x01, 0x00, 0x00, 0x05, 0x05, 0x01, 0x01, 0x06, 
	0x05, 0x05, 0x09, 0x04, 0x06, 0x00, 0x04, 0x00, 0x06, 0x00, 0x02, 0x04, 0x00, 0x05, 0x01, 0x04, 
	0x05, 0x04, 0x04, 0x05, 0x05, 0x00, 0x00, 0x05, 0x04, 0x00, 0x00, 0x06, 0x04, 0x04, 0x00, 0x03, 
	0x06, 0x05, 0x04, 0x05, 0x04, 0x00, 0x05, 0x05, 0x00, 0x04, 0x00, 0x05, 0x05, 0x01, 0x81, 0x05, 
	0x09, 0x00, 0x06, 0x02, 0x00, 0x04, 0x04, 0x05, 0x04, 0x05, 0x04, 0x80, 0x00, 0x0D, 0x01, 0x00, 
	0x00, 0x04, 0x00, 0x01, 0x01, 0x04, 0x04, 0x01, 0x01, 0x00, 0x01, 0x01, 0x83, 0x00, 0x07, 0x05, 
	0x05, 0x00, 0x04, 0x00, 0x05, 0x05, 0x01, 0x81, 0x05, 0x09, 0x00, 0x06, 0x02, 0x00, 0x04, 0x04, 
	0x05, 0x04, 0x05, 0x04, 0x80, 0x00, 0x0D, 0x01, 0x00, 0x00, 0x04, 0x00, 0x01, 0x01, 0x04, 0x04, 
	0x01, 0x01, 0x00, 0x01, 0x01, 0x9C, 0x00, 0xB9, 0x00, 0x01, 0x02, 0x01, 0x84, 0x00, 0x01, 0x05, 
	0x00, 0x80, 0x01, 0x81, 0x00, 0x01, 0x05, 0x00, 0x80, 0x01, 0x13, 0x05, 0x05, 0x08, 0x04, 0x01, 
	0x04, 0x05, 0x00, 0x01, 0x04, 0x05, 0x04, 0x05, 0x01, 0x01, 0x00, 0x00, 0x05, 0x06, 0x05, 0x80, 
	0x00, 0x06, 0x05, 0x02, 0x00, 0x00, 0x06, 0x04, 0x04, 0x80, 0x01, 0x07, 0x05, 0x04, 0x05, 0x04, 
	0x00, 0x05, 0x05, 0x00, 0x80, 0x04, 0x0E, 0x00, 0x01, 0x00, 0x05, 0x05, 0x00, 0x00, 0x04, 0x05, 
	0x00, 0x04, 0x05, 0x04, 0x04, 0x05, 0x82, 0x00, 0x09, 0x01, 0x01, 0x00, 0x00, 0x01, 0x00, 0x06, 
	0x04, 0x01, 0x05, 0x82, 0x00, 0x01, 0x05, 0x00, 0x80, 0x01, 0x13, 0x05, 0x05, 0x08, 0x04, 0x01, 
	0x04, 0x05, 0x00, 0x01, 0x04, 0x05, 0x04, 0x05, 0x01, 0x01, 0x00, 0x00, 0x05, 0x06, 0x05, 0x80, 
	0x00, 0x06, 0x05, 0x02, 0x00, 0x00, 0x06, 0x04, 0x04, 0x80, 0x01, 0x07, 0x05, 0x04, 0x05, 0x04, 
	0x00, 0x05, 0x05, 0x00, 0x80, 0x04, 0x0E, 0x00, 0x01, 0x00, 0x05, 0x05, 0x00, 0x00, 0x04, 0x05, 
	0x00, 0x04, 0x05, 0x04, 0x04, 0x05, 0x82, 0x00, 0x09, 0x01, 0x01, 0x00, 0x00, 0x01, 0x00, 0x06, 
	0x04, 0x01, 0x05, 0x88, 0x00, 0x00, 0x01, 0xC0, 0x00, 0xBA, 0x00, 0x00, 0x01, 0x85, 0x00, 0x09, 
	0x01, 0x00, 0x05, 0x00, 0x01, 0x06, 0x06, 0x01, 0x05, 0x05, 0x81, 0x00, 0x0B, 0x01, 0x06, 0x01, 
	0x00, 0x04, 0x04, 0x00, 0x00, 0x04, 0x04, 0x01, 0x01, 0x82, 0x00, 0x09, 0x05, 0x04, 0x02, 0x04, 
	0x05, 0x06, 0x05, 0x05, 0x01, 0x04, 0xA8, 0x00, 0x00, 0x01, 0x85, 0x00, 0x09, 0x01, 0x00, 0x05, 
	0x00, 0x01, 0x06, 0x06, 0x01, 0x05, 0x05, 0x81, 0x00, 0x0B, 0x01, 0x06, 0x01, 0x00, 0x04, 0x04, 
	0x00, 0x00, 0x04, 0x04, 0x01, 0x01, 0x82, 0x00, 0x10, 0x05, 0x04, 0x02, 0x04, 0x05, 0x06, 0x05, 
	0x05, 0x01, 0x04, 0x01, 0x05, 0x03, 0x00, 0x04, 0x05, 0x01, 0x81, 0x00, 0x02, 0x01, 0x01, 0x04, 
	0x82, 0x00, 0x80, 0x01, 0x04, 0x05, 0x04, 0x05, 0x00, 0x05, 0x80, 0x00, 0x00, 0x02, 0x80, 0x05, 
	0x03, 0x00, 0x03, 0x00, 0x04, 0x8B, 0x00, 0x00, 0x02, 0x82, 0x00, 0x00, 0x01, 0xB6, 0x00, 0xB8, 
	0x00, 0x00, 0x02, 0x82, 0x00, 0x00, 0x01, 0x81, 0x00, 0x03, 0x01, 0x00, 0x03, 0x01, 0x80, 0x06, 
	0x02, 0x00, 0x05, 0x05, 0x81, 0x00, 0x0D, 0x01, 0x06, 0x01, 0x06, 0x04, 0x00, 0x00, 0x04, 0x06, 
	0x06, 0x01, 0x01, 0x00, 0x04, 0x80, 0x00, 0x00, 0x05, 0x80, 0x04, 0x05, 0x05, 0x04, 0x05, 0x00, 
	0x01, 0x04, 0xA5, 0x00, 0x01, 0x01, 0x02, 0x82, 0x00, 0x00, 0x01, 0x81, 0x00, 0x03, 0x01, 0x00, 
	0x03, 0x01, 0x80, 0x06, 0x02, 0x00, 0x05, 0x05, 0x81, 0x00, 0x0D, 0x01, 0x06, 0x01, 0x06, 0x04, 
	0x00, 0x00, 0x04, 0x06, 0x06, 0x01, 0x01, 0x00, 0x04, 0x80, 0x00, 0x00, 0x05, 0x80, 0x04, 0x05, 
	0x05, 0x04, 0x05, 0x00, 0x01, 0x04, 0x80, 0x01, 0x0A, 0x00, 0x04, 0x01, 0x00, 0x01, 0x00, 0x00, 
	0x06, 0x01, 0x01, 0x05, 0x80, 0x00, 0x82, 0x01, 0x03, 0x04, 0x05, 0x04, 0x05, 0x81, 0x00, 0x81, 
	0x05, 0x03, 0x01, 0x01, 0x05, 0x02, 0x8A, 0x00, 0x01, 0x01, 0x01, 0x84, 0x00, 0x01, 0x01, 0x02, 
	0xB3, 0x00, 0xFF, 0x00, 0x95, 0x00, 0x00, 0x01, 0x82, 0x00, 0x08, 0x02, 0x01, 0x00, 0x01, 0x01, 
	0x00, 0x00, 0x05, 0x01, 0x80, 0x06, 0x01, 0x01, 0x01, 0x80, 0x00, 0x02, 0x01, 0x05, 0x05, 0x81, 
	0x00, 0x02, 0x05, 0x05, 0x04, 0x81, 0x00, 0x1E, 0x03, 0x01, 0x05, 0x05, 0x06, 0x04, 0x00, 0x05, 
	0x06, 0x06, 0x01, 0x01, 0x04, 0x00, 0x00, 0x06, 0x06, 0x04, 0x01, 0x01, 0x00, 0x02, 0x05, 0x00, 
	0x01, 0x06, 0x00, 0x01, 0x01, 0x03, 0x01, 0x80, 0x00, 0x01, 0x04, 0x01, 0x81, 0x00, 0x05, 0x06, 
	0x00, 0x01, 0x04, 0x01, 0x01, 0x81, 0x00, 0x00, 0x04, 0x87, 0x00, 0x00, 0x01, 0xC0, 0x00, 0xFF, 
	0x00, 0x94, 0x00, 0x00, 0x02, 0x80, 0x00, 0x00, 0x01, 0x81, 0x00, 0x02, 0x02, 0x01, 0x01, 0x80, 
	0x00, 0x80, 0x01, 0x1F, 0x06, 0x01, 0x01, 0x03, 0x00, 0x01, 0x01, 0x05, 0x05, 0x02, 0x00, 0x00, 
	0x05, 0x05, 0x07, 0x04, 0x04, 0x05, 0x04, 0x00, 0x01, 0x01, 0x05, 0x05, 0x00, 0x00, 0x06, 0x05, 
	0x06, 0x06, 0x01, 0x01, 0x80, 0x00, 0x80, 0x06, 0x04, 0x01, 0x01, 0x00, 0x00, 0x05, 0x80, 0x01, 
	0x00, 0x00, 0x81, 0x01, 0x13, 0x05, 0x04, 0x00, 0x04, 0x01, 0x06, 0x01, 0x00, 0x01, 0x00, 0x06, 
	0x01, 0x06, 0x01, 0x01, 0x00, 0x00, 0x05, 0x00, 0x04, 0xCB, 0x00, 0xFF, 0x00, 0x93, 0x00, 0x06, 
	0x01, 0x00, 0x00, 0x01, 0x00, 0x00, 0x02, 0x80, 0x00, 0x09, 0x03, 0x00, 0x04, 0x00, 0x00, 0x01, 
	0x00, 0x05, 0x00, 0x01, 0x83, 0x00, 0x02, 0x02, 0x01, 0x01, 0x80, 0x00, 0x1F, 0x01, 0x01, 0x05, 
	0x00, 0x00, 0x05, 0x02, 0x01, 0x06, 0x04, 0x05, 0x04, 0x00, 0x06, 0x05, 0x01, 0x04, 0x05, 0x00, 
	0x05, 0x06, 0x00, 0x05, 0x01, 0x05, 0x04, 0x05, 0x00, 0x01, 0x04, 0x02, 0x01, 0x81, 0x00, 0x02, 
	0x02, 0x00, 0x05, 0x82, 0x00, 0x01, 0x05, 0x02, 0x88, 0x00, 0x00, 0x01, 0x8D, 0x00, 0x00, 0x01, 
	0xBA, 0x00, 0xFF, 0x00, 0xFF, 0x00, 0xB9, 0x00, 0xFF, 0x00, 0xFF, 0x00, 0xB9, 0x00, 0xFF, 0x00, 
	0xFF, 0x00, 0xB9, 0x00, 0xFF, 0x00, 0xFF, 0x00, 0xB9, 0x00, 0xFF, 0x00, 0xFF, 0x00, 0xB9, 0x00, 
	0xFF, 0x00, 0xFF, 0x00, 0xB9, 0x00, 0xFF, 0x00, 0xFF, 0x00, 0xB9, 0x00, 0xFF, 0x00, 0xFF, 0x00, 
	0xB9, 0x00, 0xFF, 0x00, 0xFF, 0x00, 0xB9, 0x00, 
};
