#include "picopad.h"

// format: compressed 8-bit paletted pixel graphics
// image width: 320 pixels
// image height: 240 lines
// image pitch: 320 bytes
const u16 intro_Pal[256] __attribute__ ((aligned(4))) = {
	0x0000, 0x0022, 0xD50C, 0xD4EC, 0xA388, 0x82E8, 0xE4AA, 0xDCA9, 0xD469, 0xDCAA, 0x8B07, 0x7245, 0xAC0A, 0x7AA6, 0xC4AB, 0x9B89, 
	0xCD0D, 0x7285, 0x9347, 0x8B28, 0xB44B, 0x6A66, 0x6A86, 0xBC6B, 0xCCCC, 0x9368, 0x82A6, 0x8C2F, 0xC449, 0xC3E9, 0xAB87, 0xA3EA, 
	0x82E6, 0xB3E8, 0xCC6A, 0x93AA, 0xE4A9, 0xA3A8, 0xB48C, 0xDD0B, 0xBC09, 0x6A45, 0x69C5, 0x5226, 0x51C5, 0xC427, 0x730A, 0x738D, 
	0x20E4, 0xC4EE, 0x5ACA, 0x3186, 0x62EC, 0x6B8E, 0x62C9, 0x7327, 0xAD13, 0xA4F2, 0x9CD2, 0x20C3, 0x6B4C, 0x8BEE, 0xC5F8, 0xEF5D, 
	0xFFFF, 0xEF9E, 0xCE37, 0x5289, 0x73AE, 0x83F4, 0x9C4A, 0xCE59, 0x1881, 0x18C2, 0x10C4, 0xE6FB, 0xCE7A, 0xDEDB, 0x8C50, 0xA4F5, 
	0x8C92, 0x4962, 0xAD55, 0xE71B, 0xCD72, 0xAD96, 0xDF1B, 0xED4B, 0xF56B, 0xF58B, 0xF58C, 0xC5F6, 0xED6C, 0x1040, 0x3247, 0xB5B7, 
	0x83D0, 0xED4A, 0x0A45, 0x02C6, 0x0BC5, 0x29E9, 0x81E4, 0x0966, 0x0222, 0x3C10, 0x3B6D, 0x42CA, 0x5492, 0x5491, 0x4C51, 0x43CF, 
	0x5471, 0x4C72, 0x3121, 0x8555, 0xA639, 0x48C0, 0x7513, 0xB65A, 0x6C2F, 0x9D13, 0x338A, 0x540F, 0x326A, 0x6CD3, 0x95D7, 0x01C0, 
	0xCF1C, 0xBEBB, 0x9E17, 0xAE17, 0x7535, 0x93A6, 0x6982, 0x7472, 0xCEFC, 0xC6DB, 0x4B2B, 0xAE5A, 0xB659, 0x8D56, 0x328D, 0x2407, 
	0x0C65, 0x1C08, 0x85B7, 0x542B, 0x03C2, 0x0507, 0x04E7, 0x0423, 0x9E19, 0x53CF, 0x5452, 0x4B4D, 0x1BA9, 0x23C7, 0xDE2D, 0x9446, 
	0x4AAE, 0x5391, 0x5366, 0x6D34, 0x5220, 0x28C0, 0x6CD5, 0x8DB8, 0xADD9, 0x2428, 0x74B5, 0x94B5, 0x1189, 0xB71C, 0x128A, 0x5222, 
	0xCDA4, 0xD604, 0xBD22, 0xACE6, 0x8B81, 0x95D8, 0xF662, 0xFF00, 0xDE23, 0x9C02, 0x6BB1, 0xD73D, 0x7D97, 0xE629, 0xAD0A, 0x6AA1, 
	0xD75E, 0xD6FC, 0xB52E, 0xEE02, 0x49D0, 0x410F, 0x7557, 0x000F, 0x9579, 0x2870, 0x73D4, 0xBEBC, 0x31B1, 0x62F3, 0x84F8, 0x4AB1, 
	0x7001, 0x3252, 0x0891, 0x80C2, 0x0992, 0x2A53, 0x7558, 0x4AF4, 0x42D3, 0x5354, 0x6D17, 0x0A33, 0x2A74, 0x3372, 0x22B4, 0x1332, 
	0x0B35, 0x03B7, 0x12B4, 0x5395, 0x6CF8, 0x0AAF, 0x02D5, 0x5CB6, 0x2B75, 0x3BD4, 0x0356, 0x5495, 0x5476, 0x64F6, 0x31EE, 0x4435, 
	0x4C56, 0x3C15, 0x0378, 0x5498, 0x43F5, 0x3458, 0x0419, 0x03D8, 0x5475, 0x7B21, 0xD562, 0xAC61, 0xBD46, 0xD630, 0xC4E2, 0xE5C2, 
};

const u8 intro[52282] __attribute__ ((aligned(4))) = {
	0xFF, 0xE9, 0xFF, 0xE9, 0xB9, 0xE9, 0x0B, 0xE9, 0xE9, 0xE8, 0xE9, 0xE9, 0xE8, 0xE9, 0xE9, 0xE8, 
	0xE9, 0xE9, 0xE8, 0x81, 0xE9, 0x03, 0xE8, 0xE9, 0xE9, 0xE8, 0x86, 0xE9, 0x03, 0xE8, 0xE9, 0xE9, 
	0xE8, 0x80, 0xE9, 0x03, 0xE8, 0xE9, 0xE9, 0xE8, 0x82, 0xE9, 0x03, 0xE8, 0xE9, 0xE9, 0xE8, 0x81, 
	0xE9, 0x00, 0xE8, 0x85, 0xE9, 0x00, 0xE8, 0x92, 0xE9, 0x00, 0xE8, 0x8A, 0xE9, 0x00, 0xE8, 0x83, 
	0xE9, 0x00, 0xE8, 0x85, 0xE9, 0x00, 0xE8, 0x80, 0xE9, 0x00, 0xE8, 0x81, 0xE9, 0x00, 0xE8, 0x84, 
	0xE9, 0x00, 0xE8, 0x83, 0xE9, 0x00, 0xE8, 0xFF, 0xE9, 0xB0, 0xE9, 0x81, 0xE9, 0x00, 0xE8, 0x86, 
	0xE9, 0x02, 0xE8, 0xE9, 0xDD, 0x81, 0xE9, 0x06, 0xE8, 0xE9, 0xE9, 0xE8, 0xE9, 0xE9, 0xE8, 0x84, 
	0xE9, 0x08, 0xDD, 0xE9, 0xE9, 0xDD, 0xE9, 0xE9, 0xE8, 0xE9, 0xE8, 0x84, 0xE9, 0x00, 0xE8, 0x82, 
	0xE9, 0x03, 0xE8, 0xE9, 0xDD, 0xE8, 0x81, 0xE9, 0x03, 0xE8, 0xE9, 0xE9, 0xE8, 0x81, 0xE9, 0x00, 
	0xE8, 0x80, 0xE9, 0x03, 0xE8, 0xE9, 0xE9, 0xE8, 0x83, 0xE9, 0x03, 0xE8, 0xE9, 0xE9, 0xE8, 0x80, 
	0xE9, 0x02, 0xE8, 0xE9, 0xE8, 0x81, 0xE9, 0x02, 0xE8, 0xE9, 0xE8, 0x83, 0xE9, 0x02, 0xE8, 0xE9, 
	0xE8, 0x80, 0xE9, 0x00, 0xE8, 0x81, 0xE9, 0x00, 0xE8, 0x83, 0xE9, 0x00, 0xE8, 0x83, 0xE9, 0x00, 
	0xE8, 0x84, 0xE9, 0x00, 0xE8, 0x80, 0xE9, 0x00, 0xE8, 0x83, 0xE9, 0x03, 0xE8, 0xE9, 0xE9, 0xE8, 
	0x80, 0xE9, 0x00, 0xE8, 0x81, 0xE9, 0x00, 0xE8, 0x81, 0xE9, 0x03, 0xE8, 0xE9, 0xE9, 0xE8, 0x80, 
	0xE9, 0x00, 0xE8, 0x83, 0xE9, 0x00, 0xDD, 0x84, 0xE9, 0x03, 0xE8, 0xE9, 0xE9, 0xE8, 0x80, 0xE9, 
	0x03, 0xE8, 0xE9, 0xE9, 0xE8, 0x88, 0xE9, 0x00, 0xDD, 0x8C, 0xE9, 0x00, 0xDD, 0x90, 0xE9, 0x00, 
	0xDD, 0x88, 0xE9, 0x00, 0xDD, 0x8D, 0xE9, 0x00, 0xDD, 0x83, 0xE9, 0x00, 0xDD, 0x9D, 0xE9, 0x0B, 
	0xE9, 0xE9, 0xE8, 0xE9, 0xDD, 0xE9, 0xE9, 0xE8, 0xE9, 0xE9, 0xDD, 0xE8, 0x81, 0xE9, 0x02, 0xE8, 
	0xE9, 0xE8, 0x89, 0xE9, 0x08, 0xE8, 0xE9, 0xE9, 0xE8, 0xE9, 0xE9, 0xE8, 0xE9, 0xE8, 0x84, 0xE9, 
	0x01, 0xDD, 0xE8, 0x81, 0xE9, 0x00, 0xDD, 0x80, 0xE9, 0x00, 0xDD, 0x8A, 0xE9, 0x00, 0xE8, 0x87, 
	0xE9, 0x03, 0xE8, 0xE9, 0xDD, 0xE8, 0x88, 0xE9, 0x02, 0xDD, 0xE9, 0xE8, 0x81, 0xE9, 0x00, 0xDD, 
	0x84, 0xE9, 0x03, 0xDD, 0xE9, 0xE9, 0xDD, 0x86, 0xE9, 0x01, 0xE8, 0xDD, 0x81, 0xE9, 0x00, 0xE8, 
	0x84, 0xE9, 0x00, 0xE8, 0x81, 0xE9, 0x01, 0xDD, 0xE8, 0x80, 0xE9, 0x01, 0xDD, 0xE8, 0x89, 0xE9, 
	0x00, 0xE8, 0x8D, 0xE9, 0x00, 0xE8, 0x85, 0xE9, 0x00, 0xE8, 0x90, 0xE9, 0x06, 0xE8, 0xE9, 0xE9, 
	0xE8, 0xDD, 0xE9, 0xE8, 0x8A, 0xE9, 0x00, 0xE8, 0x80, 0xE9, 0x00, 0xDD, 0x86, 0xE9, 0x00, 0xDD, 
	0x8B, 0xE9, 0x04, 0xDD, 0xE9, 0xE9, 0xDD, 0xE8, 0x81, 0xE9, 0x00, 0xDD, 0x8E, 0xE9, 0x00, 0xDD, 
	0x85, 0xE9, 0x00, 0xDD, 0x96, 0xE9, 0x80, 0xE9, 0x03, 0xE8, 0xE9, 0xE9, 0xE8, 0x80, 0xE9, 0x00, 
	0xE8, 0x81, 0xE9, 0x00, 0xDD, 0x82, 0xE9, 0x07, 0xE8, 0xE9, 0xE9, 0xE8, 0xE9, 0xE9, 0xDD, 0xE8, 
	0x81, 0xE9, 0x00, 0xDD, 0x87, 0xE9, 0x03, 0xDD, 0xE8, 0xE9, 0xE8, 0x82, 0xE9, 0x00, 0xE8, 0x83, 
	0xE9, 0x00, 0xE8, 0x80, 0xE9, 0x00, 0xE8, 0x81, 0xE9, 0x00, 0xE8, 0x82, 0xE9, 0x00, 0xE8, 0x80, 
	0xE9, 0x00, 0xE8, 0x81, 0xE9, 0x00, 0xE8, 0x80, 0xE9, 0x00, 0xE8, 0x80, 0xE9, 0x00, 0xE8, 0x80, 
	0xE9, 0x00, 0xE8, 0x80, 0xE9, 0x00, 0xDD, 0x80, 0xE9, 0x00, 0xE8, 0x80, 0xE9, 0x10, 0xE8, 0xE9, 
	0xE9, 0xE8, 0xE9, 0xE9, 0xE8, 0xE9, 0xE9, 0xE8, 0xE9, 0xE9, 0xDD, 0xE8, 0xE9, 0xE9, 0xDD, 0x81, 
	0xE9, 0x00, 0xE8, 0x80, 0xE9, 0x03, 0xE8, 0xE9, 0xE9, 0xE8, 0x83, 0xE9, 0x00, 0xE8, 0x86, 0xE9, 
	0x00, 0xE8, 0x82, 0xE9, 0x00, 0xE8, 0x84, 0xE9, 0x09, 0xE8, 0xE9, 0xE9, 0xDD, 0xE9, 0xE9, 0xE8, 
	0xE9, 0xE9, 0xE8, 0x84, 0xE9, 0x00, 0xDD, 0x81, 0xE9, 0x00, 0xDD, 0x81, 0xE9, 0x00, 0xE8, 0x80, 
	0xE9, 0x00, 0xE8, 0x95, 0xE9, 0x01, 0xE8, 0xDD, 0x81, 0xE9, 0x00, 0xDD, 0x90, 0xE9, 0x00, 0xDD, 
	0x85, 0xE9, 0x00, 0xE8, 0x8A, 0xE9, 0x00, 0xDD, 0x83, 0xE9, 0x01, 0xDD, 0xE8, 0x8A, 0xE9, 0x00, 
	0xE8, 0x91, 0xE9, 0x00, 0xDD, 0x81, 0xE9, 0x02, 0xE9, 0xE9, 0xE8, 0x85, 0xE9, 0x04, 0xDD, 0xE9, 
	0xE8, 0xE9, 0xE8, 0x80, 0xE9, 0x02, 0xE8, 0xE9, 0xDD, 0x82, 0xE9, 0x0F, 0xE8, 0xE9, 0xE8, 0xE9, 
	0xE9, 0xE8, 0xE9, 0xE8, 0xE9, 0xDD, 0xE8, 0xE9, 0xE8, 0xE9, 0xE9, 0xE8, 0x8A, 0xE9, 0x07, 0xE8, 
	0xE9, 0xE9, 0xDD, 0xE9, 0xE9, 0xE8, 0xDD, 0x88, 0xE9, 0x00, 0xDD, 0x84, 0xE9, 0x01, 0xE8, 0xDD, 
	0x80, 0xE9, 0x00, 0xDD, 0x82, 0xE9, 0x00, 0xE8, 0x81, 0xE9, 0x06, 0xE8, 0xE9, 0xE9, 0xE8, 0xE9, 
	0xE9, 0xDD, 0x86, 0xE9, 0x04, 0xE8, 0xE9, 0xE9, 0xDD, 0xE8, 0x80, 0xE9, 0x02, 0xE8, 0xE9, 0xE8, 
	0x82, 0xE9, 0x00, 0xDD, 0x84, 0xE9, 0x00, 0xE8, 0x85, 0xE9, 0x00, 0xE8, 0x84, 0xE9, 0x00, 0xE8, 
	0x83, 0xE9, 0x03, 0xE8, 0xE9, 0xE9, 0xDD, 0x89, 0xE9, 0x05, 0xE8, 0xE9, 0xE9, 0xDD, 0xE9, 0xE8, 
	0x80, 0xE9, 0x00, 0xE8, 0x89, 0xE9, 0x00, 0xE8, 0x81, 0xE9, 0x00, 0xE8, 0x82, 0xE9, 0x00, 0xDD, 
	0x82, 0xE9, 0x00, 0xDD, 0x87, 0xE9, 0x00, 0xE8, 0x88, 0xE9, 0x00, 0xDD, 0x86, 0xE9, 0x00, 0xE8, 
	0x8A, 0xE9, 0x03, 0xE8, 0xE9, 0xE9, 0xE8, 0x80, 0xE9, 0x00, 0xE8, 0x82, 0xE9, 0x03, 0xE8, 0xE9, 
	0xE9, 0xDD, 0x82, 0xE9, 0x01, 0xDD, 0xE8, 0x8A, 0xE9, 0x00, 0xDD, 0x8E, 0xE9, 0x82, 0xE9, 0x04, 
	0xE8, 0xE9, 0xE9, 0xDD, 0xE8, 0x84, 0xE9, 0x04, 0xE8, 0xDD, 0xE9, 0xE9, 0xE8, 0x81, 0xE9, 0x00, 
	0xE8, 0x84, 0xE9, 0x05, 0xDD, 0xE9, 0xE8, 0xE9, 0xE9, 0xDD, 0x81, 0xE9, 0x0A, 0xE8, 0xE9, 0xE9, 
	0xE8, 0xE9, 0xE9, 0xE8, 0xE9, 0xE9, 0xE8, 0xDD, 0x81, 0xE9, 0x00, 0xE8, 0x80, 0xE9, 0x03, 0xE8, 
	0xE9, 0xE9, 0xE8, 0x82, 0xE9, 0x02, 0xE8, 0xE9, 0xE8, 0x80, 0xE9, 0x00, 0xE8, 0x80, 0xE9, 0x08, 
	0xDD, 0xE9, 0xE8, 0xE9, 0xE9, 0xE8, 0xE9, 0xE9, 0xE8, 0x80, 0xE9, 0x02, 0xDD, 0xE9, 0xE8, 0x80, 
	0xE9, 0x00, 0xE8, 0x81, 0xE9, 0x00, 0xE8, 0x80, 0xE9, 0x04, 0xE8, 0xE9, 0xE9, 0xE8, 0xDD, 0x84, 
	0xE9, 0x00, 0xE8, 0x84, 0xE9, 0x03, 0xE8, 0xE9, 0xE9, 0xE8, 0x81, 0xE9, 0x01, 0xDD, 0xE8, 0x80, 
	0xE9, 0x00, 0xE8, 0x80, 0xE9, 0x01, 0xDD, 0xE8, 0x80, 0xE9, 0x00, 0xE8, 0x86, 0xE9, 0x00, 0xE8, 
	0x80, 0xE9, 0x06, 0xE8, 0xE9, 0xE9, 0xE8, 0xE9, 0xE9, 0xE8, 0x91, 0xE9, 0x00, 0xE8, 0x80, 0xE9, 
	0x00, 0xE8, 0x83, 0xE9, 0x00, 0xE8, 0x82, 0xE9, 0x02, 0xE8, 0xE9, 0xE8, 0x81, 0xE9, 0x00, 0xDD, 
	0x84, 0xE9, 0x00, 0xE8, 0x83, 0xE9, 0x03, 0xDD, 0xE9, 0xE9, 0xDD, 0x87, 0xE9, 0x00, 0xDD, 0x89, 
	0xE9, 0x00, 0xDD, 0x81, 0xE9, 0x00, 0xDD, 0x80, 0xE9, 0x00, 0xDD, 0x86, 0xE9, 0x00, 0xDD, 0x83, 
	0xE9, 0x02, 0xDD, 0xE9, 0xE8, 0x83, 0xE9, 0x00, 0xDD, 0x85, 0xE9, 0x00, 0xE8, 0x88, 0xE9, 0x00, 
	0xDD, 0x82, 0xE9, 0x04, 0xE9, 0xE8, 0xE9, 0xDD, 0xE8, 0x80, 0xE9, 0x0A, 0xE8, 0xE9, 0xE9, 0xE8, 
	0xE9, 0xE9, 0xE8, 0xE9, 0xDD, 0xE9, 0xE8, 0x81, 0xE9, 0x00, 0xE8, 0x82, 0xE9, 0x04, 0xE8, 0xDD, 
	0xE9, 0xE9, 0xE8, 0x82, 0xE9, 0x00, 0xE8, 0x81, 0xE9, 0x03, 0xDD, 0xE9, 0xE9, 0xDD, 0x88, 0xE9, 
	0x02, 0xDD, 0xE9, 0xE8, 0x81, 0xE9, 0x03, 0xDD, 0xE9, 0xE9, 0xE8, 0x84, 0xE9, 0x00, 0xE8, 0x80, 
	0xE9, 0x00, 0xE8, 0x88, 0xE9, 0x00, 0xE8, 0x81, 0xE9, 0x02, 0xE8, 0xE9, 0xDD, 0x80, 0xE9, 0x00, 
	0xE8, 0x83, 0xE9, 0x03, 0xDD, 0xE9, 0xE9, 0xE8, 0x80, 0xE9, 0x00, 0xE8, 0x81, 0xE9, 0x02, 0xDD, 
	0xE9, 0xE8, 0x86, 0xE9, 0x02, 0xE8, 0xE9, 0xE8, 0x83, 0xE9, 0x02, 0xE8, 0xE9, 0xE8, 0x98, 0xE9, 
	0x00, 0xE8, 0x80, 0xE9, 0x00, 0xE8, 0x84, 0xE9, 0x04, 0xDD, 0xE9, 0xE8, 0xE9, 0xE8, 0x84, 0xE9, 
	0x00, 0xE8, 0x8D, 0xE9, 0x00, 0xE8, 0x82, 0xE9, 0x00, 0xE8, 0x83, 0xE9, 0x02, 0xE8, 0xE9, 0xE8, 
	0x90, 0xE9, 0x00, 0xDD, 0x87, 0xE9, 0x00, 0xE8, 0x87, 0xE9, 0x00, 0xDD, 0x8D, 0xE9, 0x03, 0xDD, 
	0xE9, 0xE9, 0xE8, 0x89, 0xE9, 0x00, 0xDD, 0x83, 0xE9, 0x00, 0xDD, 0x84, 0xE9, 0x02, 0xE9, 0xE9, 
	0xE8, 0x88, 0xE9, 0x02, 0xDD, 0xE9, 0xE8, 0x85, 0xE9, 0x03, 0xE8, 0xE9, 0xE9, 0xE8, 0x80, 0xE9, 
	0x10, 0xE8, 0xDD, 0xE9, 0xE8, 0xDD, 0xE8, 0xE9, 0xE9, 0xE8, 0xE9, 0xE9, 0xE8, 0xE9, 0xE8, 0xE9, 
	0xE9, 0xE8, 0x80, 0xE9, 0x01, 0xDD, 0xE8, 0x80, 0xE9, 0x07, 0xE8, 0xE9, 0xE8, 0xE9, 0xDD, 0xE9, 
	0xE9, 0xE8, 0x87, 0xE9, 0x00, 0xE8, 0x84, 0xE9, 0x04, 0xE8, 0xDD, 0xE9, 0xE9, 0xE8, 0x80, 0xE9, 
	0x01, 0xE8, 0xDD, 0x80, 0xE9, 0x04, 0xE8, 0xE9, 0xDD, 0xE9, 0xE8, 0x81, 0xE9, 0x00, 0xDD, 0x80, 
	0xE9, 0x02, 0xE8, 0xE9, 0xE8, 0x80, 0xE9, 0x08, 0xDD, 0xE8, 0xE9, 0xDD, 0xE9, 0xE9, 0xE8, 0xE9, 
	0xE8, 0x81, 0xE9, 0x04, 0xE8, 0xE9, 0xE9, 0xDD, 0xE8, 0x85, 0xE9, 0x02, 0xE8, 0xE9, 0xDD, 0x82, 
	0xE9, 0x00, 0xE8, 0x80, 0xE9, 0x05, 0xE8, 0xE9, 0xE9, 0xE8, 0xE9, 0xE8, 0x84, 0xE9, 0x00, 0xE8, 
	0x86, 0xE9, 0x00, 0xE8, 0x84, 0xE9, 0x00, 0xE8, 0x88, 0xE9, 0x00, 0xE8, 0x84, 0xE9, 0x00, 0xE8, 
	0x86, 0xE9, 0x00, 0xDD, 0x8E, 0xE9, 0x00, 0xDD, 0x87, 0xE9, 0x00, 0xDD, 0x83, 0xE9, 0x00, 0xE8, 
	0x81, 0xE9, 0x06, 0xDD, 0xE9, 0xE9, 0xE8, 0xE9, 0xE9, 0xDD, 0x80, 0xE9, 0x01, 0xDD, 0xE8, 0x89, 
	0xE9, 0x01, 0xDD, 0xE8, 0x82, 0xE9, 0x00, 0xDD, 0x8B, 0xE9, 0x00, 0xDD, 0x88, 0xE9, 0x00, 0xE8, 
	0x83, 0xE9, 0x82, 0xE9, 0x00, 0xE8, 0x81, 0xE9, 0x04, 0xDD, 0xE8, 0xE9, 0xE9, 0xE8, 0x81, 0xE9, 
	0x02, 0xE8, 0xE9, 0xE8, 0x84, 0xE9, 0x00, 0xE8, 0x81, 0xE9, 0x00, 0xE8, 0x82, 0xE9, 0x00, 0xDD, 
	0x87, 0xE9, 0x00, 0xE8, 0x82, 0xE9, 0x09, 0xDD, 0xE9, 0xDD, 0xE9, 0xE9, 0xE8, 0xE9, 0xDD, 0xE9, 
	0xE8, 0x80, 0xE9, 0x03, 0xE8, 0xE9, 0xE9, 0xE8, 0x84, 0xE9, 0x03, 0xE8, 0xDD, 0xE9, 0xE8, 0x87, 
	0xE9, 0x00, 0xE8, 0x80, 0xE9, 0x06, 0xE8, 0xE9, 0xE9, 0xE8, 0xE9, 0xE9, 0xE8, 0x85, 0xE9, 0x00, 
	0xE8, 0x80, 0xE9, 0x03, 0xE8, 0xE9, 0xE9, 0xDD, 0x84, 0xE9, 0x02, 0xDD, 0xE9, 0xE8, 0x82, 0xE9, 
	0x01, 0xDD, 0xE8, 0x82, 0xE9, 0x09, 0xE8, 0xE9, 0xDD, 0xE9, 0xE9, 0xDD, 0xE9, 0xE8, 0xE9, 0xDD, 
	0x85, 0xE9, 0x04, 0xE8, 0xE9, 0xE8, 0xE9, 0xDD, 0x80, 0xE9, 0x03, 0xE8, 0xE9, 0xDD, 0xE8, 0x83, 
	0xE9, 0x00, 0xE8, 0x80, 0xE9, 0x00, 0xDD, 0x80, 0xE9, 0x00, 0xE8, 0x82, 0xE9, 0x00, 0xE8, 0x82, 
	0xE9, 0x00, 0xE8, 0x85, 0xE9, 0x03, 0xE8, 0xE9, 0xE9, 0xE8, 0x82, 0xE9, 0x00, 0xE8, 0x80, 0xE9, 
	0x00, 0xE8, 0x80, 0xE9, 0x00, 0xE8, 0x85, 0xE9, 0x00, 0xE8, 0x81, 0xE9, 0x00, 0xDD, 0x8B, 0xE9, 
	0x00, 0xE8, 0x85, 0xE9, 0x00, 0xE8, 0x8A, 0xE9, 0x00, 0xE8, 0x80, 0xE9, 0x03, 0xDD, 0xE9, 0xE9, 
	0xE8, 0x80, 0xE9, 0x00, 0xE8, 0x81, 0xE9, 0x00, 0xDD, 0x8A, 0xE9, 0x00, 0xE8, 0x88, 0xE9, 0x09, 
	0xE9, 0xE8, 0xE9, 0xE8, 0xDD, 0xE9, 0xE9, 0xE8, 0xE9, 0xE8, 0x88, 0xE9, 0x01, 0xDD, 0xE8, 0x80, 
	0xE9, 0x02, 0xE8, 0xE9, 0xE8, 0x82, 0xE9, 0x00, 0xDD, 0x80, 0xE9, 0x02, 0xE8, 0xE9, 0xE8, 0x80, 
	0xE9, 0x03, 0xE8, 0xDD, 0xE9, 0xE8, 0x83, 0xE9, 0x00, 0xE8, 0x82, 0xE9, 0x00, 0xE8, 0x80, 0xE9, 
	0x00, 0xE8, 0x87, 0xE9, 0x00, 0xDD, 0x80, 0xE9, 0x00, 0xE8, 0x84, 0xE9, 0x06, 0xE8, 0xE9, 0xE9, 
	0xE8, 0xE9, 0xE9, 0xE8, 0x88, 0xE9, 0x03, 0xDD, 0xF1, 0xE9, 0xE8, 0x80, 0xE9, 0x00, 0xE8, 0x84, 
	0xE9, 0x00, 0xE8, 0x81, 0xE9, 0x00, 0xE8, 0x80, 0xE9, 0x00, 0xE8, 0x81, 0xE9, 0x00, 0xE8, 0x88, 
	0xE9, 0x03, 0xE8, 0xE9, 0xE9, 0xE8, 0x82, 0xE9, 0x00, 0xE8, 0x89, 0xE9, 0x01, 0xE8, 0xDD, 0x88, 
	0xE9, 0x00, 0xDD, 0x84, 0xE9, 0x00, 0xDD, 0x87, 0xE9, 0x02, 0xDD, 0xE9, 0xE8, 0x8A, 0xE9, 0x00, 
	0xDD, 0x84, 0xE9, 0x00, 0xE8, 0x81, 0xE9, 0x02, 0xE8, 0xDD, 0xE8, 0x8E, 0xE9, 0x00, 0xDD, 0x85, 
	0xE9, 0x00, 0xDD, 0x86, 0xE9, 0x00, 0xDD, 0x80, 0xE9, 0x01, 0xDD, 0xE8, 0x81, 0xE9, 0x00, 0xDD, 
	0x82, 0xE9, 0x00, 0xDD, 0x81, 0xE9, 0x00, 0xDD, 0x81, 0xE9, 0x00, 0xE8, 0x84, 0xE9, 0x00, 0xE8, 
	0x8E, 0xE9, 0x82, 0xE9, 0x03, 0xE8, 0xE9, 0xE9, 0xDD, 0x80, 0xE9, 0x00, 0xE8, 0x80, 0xE9, 0x03, 
	0xE8, 0xE9, 0xDD, 0xE8, 0x87, 0xE9, 0x06, 0xE8, 0xE9, 0xE8, 0xE9, 0xE8, 0xE9, 0xE8, 0x85, 0xE9, 
	0x00, 0xE8, 0x81, 0xE9, 0x03, 0xE8, 0xE9, 0xE9, 0xDD, 0x80, 0xE9, 0x00, 0xE8, 0x81, 0xE9, 0x00, 
	0xE8, 0x83, 0xE9, 0x00, 0xE8, 0x80, 0xE9, 0x02, 0xE8, 0xE9, 0xE8, 0x80, 0xE9, 0x00, 0xDD, 0x80, 
	0xE9, 0x01, 0xE8, 0xDD, 0x81, 0xE9, 0x00, 0xDD, 0x81, 0xE9, 0x0B, 0xDD, 0xE9, 0xE8, 0xE9, 0xE8, 
	0xDD, 0xE8, 0xE9, 0xE9, 0xE8, 0xE9, 0xE8, 0x83, 0xE9, 0x06, 0xDD, 0xE9, 0xE8, 0xDD, 0xE9, 0xE8, 
	0xDD, 0x81, 0xE9, 0x04, 0xE8, 0xE9, 0xDD, 0xE9, 0xE8, 0x83, 0xE9, 0x0B, 0xDD, 0xE9, 0xE8, 0xE9, 
	0xE9, 0xE8, 0xE9, 0xE9, 0xE8, 0xE9, 0xDD, 0xE8, 0x84, 0xE9, 0x00, 0xE8, 0x83, 0xE9, 0x03, 0xE8, 
	0xE9, 0xE9, 0xE8, 0x85, 0xE9, 0x00, 0xE8, 0x80, 0xE9, 0x03, 0xE8, 0xE9, 0xE9, 0xE8, 0x86, 0xE9, 
	0x03, 0xE8, 0xE9, 0xE9, 0xE8, 0x80, 0xE9, 0x02, 0xE8, 0xDD, 0xE8, 0x85, 0xE9, 0x03, 0xE8, 0xE9, 
	0xE9, 0xE8, 0x80, 0xE9, 0x01, 0xDD, 0xE8, 0x8E, 0xE9, 0x00, 0xDD, 0x86, 0xE9, 0x00, 0xDD, 0x90, 
	0xE9, 0x00, 0xDD, 0x84, 0xE9, 0x00, 0xE8, 0x8C, 0xE9, 0x00, 0xDD, 0x8B, 0xE9, 0x04, 0xDD, 0xE9, 
	0xE9, 0xDD, 0xE8, 0x85, 0xE9, 0x04, 0xDD, 0xE9, 0xE9, 0xE8, 0xE9, 0x03, 0xE9, 0xE9, 0xE8, 0xDD, 
	0x83, 0xE9, 0x00, 0xE8, 0x81, 0xE9, 0x0E, 0xDD, 0xE9, 0xE8, 0xE9, 0xE9, 0xE8, 0xE9, 0xE9, 0xE8, 
	0xE9, 0xE9, 0xE8, 0xE9, 0xE8, 0xDD, 0x81, 0xE9, 0x07, 0xDD, 0xE9, 0xDD, 0xE9, 0xE9, 0xE8, 0xDD, 
	0xE8, 0x82, 0xE9, 0x06, 0xDD, 0xE8, 0xE9, 0xE9, 0xDD, 0xE9, 0xE8, 0x81, 0xE9, 0x03, 0xDD, 0xE9, 
	0xE8, 0xDD, 0x8D, 0xE9, 0x00, 0xE8, 0x82, 0xE9, 0x00, 0xE8, 0x80, 0xE9, 0x09, 0xE8, 0xE9, 0xE9, 
	0xE8, 0xE9, 0xE9, 0xE8, 0xE9, 0xE9, 0xDD, 0x83, 0xE9, 0x00, 0xDD, 0x81, 0xE9, 0x03, 0xE8, 0xE9, 
	0xE9, 0xE8, 0x84, 0xE9, 0x05, 0xE8, 0xE9, 0xE9, 0xDD, 0xE9, 0xE8, 0x82, 0xE9, 0x03, 0xDD, 0xE8, 
	0xE9, 0xE8, 0x86, 0xE9, 0x00, 0xE8, 0x81, 0xE9, 0x00, 0xE8, 0x84, 0xE9, 0x00, 0xE8, 0x85, 0xE9, 
	0x00, 0xE8, 0x8E, 0xE9, 0x01, 0xE8, 0xDD, 0xA1, 0xE9, 0x00, 0xE8, 0x83, 0xE9, 0x00, 0xE8, 0x91, 
	0xE9, 0x00, 0xE8, 0x87, 0xE9, 0x01, 0xDD, 0xE8, 0x81, 0xE9, 0x02, 0xDD, 0xE9, 0xE8, 0x87, 0xE9, 
	0x01, 0xDD, 0xE8, 0x82, 0xE9, 0x00, 0xE8, 0x83, 0xE9, 0x00, 0xDD, 0x8D, 0xE9, 0x00, 0xDD, 0x80, 
	0xE9, 0x00, 0xE8, 0x80, 0xE9, 0x00, 0xDD, 0x80, 0xE9, 0x0B, 0xE8, 0xE9, 0xE8, 0xE9, 0xE9, 0xE8, 
	0xE9, 0xE9, 0xDD, 0xE9, 0xE9, 0xE8, 0x88, 0xE9, 0x00, 0xE8, 0x81, 0xE9, 0x05, 0xE8, 0xE9, 0xE9, 
	0xE8, 0xE9, 0xE8, 0x83, 0xE9, 0x03, 0xE8, 0xDD, 0xE9, 0xE8, 0x8C, 0xE9, 0x00, 0xE8, 0x80, 0xE9, 
	0x00, 0xE8, 0x83, 0xE9, 0x00, 0xE8, 0x83, 0xE9, 0x06, 0xE8, 0xE9, 0xE8, 0xDD, 0xE9, 0xE9, 0xE8, 
	0x87, 0xE9, 0x09, 0xE8, 0xE9, 0xE9, 0xE8, 0xE9, 0xE9, 0xE8, 0xE9, 0xE9, 0xE8, 0x85, 0xE9, 0x03, 
	0xE8, 0xE9, 0xE9, 0xE8, 0x80, 0xE9, 0x00, 0xE8, 0x85, 0xE9, 0x00, 0xE8, 0x84, 0xE9, 0x01, 0xDD, 
	0xE8, 0x85, 0xE9, 0x02, 0xDD, 0xE9, 0xE8, 0x80, 0xE9, 0x00, 0xE8, 0x84, 0xE9, 0x01, 0xDD, 0xE8, 
	0x81, 0xE9, 0x03, 0xE8, 0xE9, 0xE9, 0xE8, 0x80, 0xE9, 0x00, 0xE8, 0x89, 0xE9, 0x00, 0xE8, 0x82, 
	0xE9, 0x00, 0xE8, 0x81, 0xE9, 0x03, 0xE8, 0xE9, 0xE9, 0xE8, 0x80, 0xE9, 0x00, 0xE8, 0x81, 0xE9, 
	0x00, 0xE8, 0x8F, 0xE9, 0x00, 0xDD, 0x8F, 0xE9, 0x00, 0xDD, 0x81, 0xE9, 0x00, 0xDD, 0x81, 0xE9, 
	0x00, 0xE8, 0x83, 0xE9, 0x00, 0xE8, 0x81, 0xE9, 0x00, 0xDD, 0x82, 0xE9, 0x01, 0xDD, 0xE8, 0x81, 
	0xE9, 0x00, 0xDD, 0x85, 0xE9, 0x00, 0xE8, 0x97, 0xE9, 0x01, 0xE9, 0xE8, 0x86, 0xE9, 0x00, 0xE8, 
	0x80, 0xE9, 0x09, 0xE8, 0xDD, 0xE9, 0xE8, 0xE9, 0xE9, 0xE8, 0xE9, 0xE9, 0xD7, 0x80, 0xE9, 0x00, 
	0xE8, 0x82, 0xE9, 0x00, 0xDD, 0x80, 0xE9, 0x03, 0xE8, 0xE9, 0xE9, 0xE8, 0x85, 0xE9, 0x00, 0xE8, 
	0x80, 0xE9, 0x01, 0xDD, 0xE8, 0x80, 0xE9, 0x01, 0xDD, 0xE8, 0x80, 0xE9, 0x00, 0xE8, 0x81, 0xE9, 
	0x00, 0xE8, 0x82, 0xE9, 0x00, 0xE8, 0x85, 0xE9, 0x02, 0xE8, 0xE9, 0xDD, 0x81, 0xE9, 0x01, 0xDD, 
	0xE8, 0x84, 0xE9, 0x00, 0xDD, 0x81, 0xE9, 0x00, 0xDD, 0x80, 0xE9, 0x04, 0xE8, 0xE9, 0xE9, 0xE8, 
	0xDD, 0x83, 0xE9, 0x00, 0xDD, 0x81, 0xE9, 0x00, 0xE8, 0x80, 0xE9, 0x00, 0xDD, 0x84, 0xE9, 0x01, 
	0xDD, 0xE8, 0x81, 0xE9, 0x00, 0xE8, 0x80, 0xE9, 0x00, 0xE8, 0x8B, 0xE9, 0x00, 0xE8, 0x8D, 0xE9, 
	0x00, 0xE8, 0x81, 0xE9, 0x00, 0xDD, 0x80, 0xE9, 0x00, 0xDD, 0x86, 0xE9, 0x00, 0xE8, 0x88, 0xE9, 
	0x00, 0xE8, 0x80, 0xE9, 0x03, 0xDD, 0xE8, 0xE9, 0xDD, 0x82, 0xE9, 0x06, 0xE8, 0xE9, 0xE9, 0xE8, 
	0xE9, 0xE9, 0xE8, 0x87, 0xE9, 0x03, 0xDD, 0xE9, 0xE9, 0xDD, 0x8B, 0xE9, 0x01, 0xE8, 0xDD, 0x81, 
	0xE9, 0x01, 0xDD, 0xE8, 0x8C, 0xE9, 0x00, 0xDD, 0x82, 0xE9, 0x00, 0xDD, 0x8A, 0xE9, 0x01, 0xDD, 
	0xE8, 0x89, 0xE9, 0x00, 0xDD, 0x81, 0xE9, 0x82, 0xE9, 0x00, 0xE8, 0x80, 0xE9, 0x01, 0xE8, 0xDD, 
	0x82, 0xE9, 0x06, 0xE8, 0xE9, 0xDD, 0xE8, 0xE9, 0xDD, 0xE8, 0x80, 0xE9, 0x0F, 0xE8, 0xE9, 0xE9, 
	0xE8, 0xE9, 0xE9, 0xDD, 0xE8, 0xE9, 0xE8, 0xE9, 0xE9, 0xDD, 0xE8, 0xE9, 0xDD, 0x80, 0xE9, 0x03, 
	0xE8, 0xE9, 0xE9, 0xE8, 0x81, 0xE9, 0x00, 0xE8, 0x81, 0xE9, 0x00, 0xE8, 0x81, 0xE9, 0x01, 0xE8, 
	0xDD, 0x85, 0xE9, 0x00, 0xE8, 0x81, 0xE9, 0x00, 0xE8, 0x80, 0xE9, 0x02, 0xE8, 0xE9, 0xDD, 0x80, 
	0xE9, 0x02, 0xE8, 0xE9, 0xE8, 0x80, 0xE9, 0x06, 0xE8, 0xE9, 0xDD, 0xE8, 0xE9, 0xE9, 0xE8, 0x80, 
	0xE9, 0x00, 0xE8, 0x86, 0xE9, 0x05, 0xE8, 0xDD, 0xE9, 0xE8, 0xDD, 0xE8, 0x80, 0xE9, 0x08, 0xE8, 
	0xE9, 0xDD, 0xE9, 0xE9, 0xE8, 0xE9, 0xE9, 0xE8, 0x81, 0xE9, 0x00, 0xE8, 0x81, 0xE9, 0x00, 0xE8, 
	0x82, 0xE9, 0x02, 0xDD, 0xE9, 0xE8, 0x80, 0xE9, 0x00, 0xE8, 0x80, 0xE9, 0x03, 0xE8, 0xE9, 0xE9, 
	0xE8, 0x82, 0xE9, 0x03, 0xE8, 0xE9, 0xE9, 0xE8, 0x82, 0xE9, 0x00, 0xE8, 0x80, 0xE9, 0x00, 0xDD, 
	0x85, 0xE9, 0x00, 0xE8, 0x81, 0xE9, 0x03, 0xE8, 0xE9, 0xE9, 0xE8, 0x84, 0xE9, 0x00, 0xE8, 0x8A, 
	0xE9, 0x00, 0xE8, 0x87, 0xE9, 0x04, 0xDD, 0xE9, 0xE8, 0xE9, 0xDD, 0x84, 0xE9, 0x00, 0xE8, 0x83, 
	0xE9, 0x00, 0xDD, 0x83, 0xE9, 0x00, 0xE8, 0x94, 0xE9, 0x00, 0xDD, 0x83, 0xE9, 0x03, 0xE8, 0xE9, 
	0xE9, 0xE8, 0x80, 0xE9, 0x00, 0xDD, 0x88, 0xE9, 0x00, 0xDD, 0x84, 0xE9, 0x01, 0xDD, 0xE8, 0x81, 
	0xE9, 0x00, 0xDD, 0x04, 0xE9, 0xE9, 0xE8, 0xDD, 0xE8, 0x80, 0xE9, 0x00, 0xDD, 0x80, 0xE9, 0x03, 
	0xE8, 0xE9, 0xE9, 0xDD, 0x88, 0xE9, 0x05, 0xE8, 0xE9, 0xE9, 0xDD, 0xE9, 0xE8, 0x80, 0xE9, 0x01, 
	0xDD, 0xE8, 0x80, 0xE9, 0x06, 0xE8, 0xE9, 0xE9, 0xDD, 0xE9, 0xE9, 0xDD, 0x83, 0xE9, 0x00, 0xDD, 
	0x80, 0xE9, 0x03, 0xDD, 0xE9, 0xE8, 0xDD, 0x82, 0xE9, 0x00, 0xE8, 0x81, 0xE9, 0x00, 0xE8, 0x83, 
	0xE9, 0x01, 0xDD, 0xE8, 0x81, 0xE9, 0x00, 0xE8, 0x85, 0xE9, 0x00, 0xDD, 0x87, 0xE9, 0x01, 0xDD, 
	0xE8, 0x80, 0xE9, 0x03, 0xE8, 0xE9, 0xDD, 0xE8, 0x84, 0xE9, 0x00, 0xE8, 0x87, 0xE9, 0x03, 0xE8, 
	0xE9, 0xE9, 0xDD, 0x80, 0xE9, 0x00, 0xE8, 0x81, 0xE9, 0x01, 0xDD, 0xE8, 0x86, 0xE9, 0x00, 0xE8, 
	0x85, 0xE9, 0x00, 0xE8, 0x80, 0xE9, 0x03, 0xDD, 0xE9, 0xE9, 0xE8, 0x83, 0xE9, 0x00, 0xE8, 0x83, 
	0xE9, 0x01, 0xE8, 0xDD, 0x8B, 0xE9, 0x00, 0xE8, 0x83, 0xE9, 0x00, 0xE8, 0x83, 0xE9, 0x00, 0xDD, 
	0x83, 0xE9, 0x00, 0xE8, 0x82, 0xE9, 0x00, 0xE8, 0x87, 0xE9, 0x00, 0xE8, 0x87, 0xE9, 0x00, 0xE8, 
	0x83, 0xE9, 0x00, 0xDD, 0x82, 0xE9, 0x00, 0xE8, 0x80, 0xE9, 0x00, 0xDD, 0x81, 0xE9, 0x00, 0xDD, 
	0x83, 0xE9, 0x00, 0xE8, 0x82, 0xE9, 0x00, 0xDD, 0x80, 0xE9, 0x00, 0xDD, 0x81, 0xE9, 0x00, 0xE8, 
	0x88, 0xE9, 0x00, 0xE8, 0x82, 0xE9, 0x00, 0xE8, 0x84, 0xE9, 0x84, 0xE9, 0x03, 0xE8, 0xE9, 0xE9, 
	0xE8, 0x80, 0xE9, 0x07, 0xE8, 0xE9, 0xE8, 0xE9, 0xE8, 0xE9, 0xE9, 0xE8, 0x80, 0xE9, 0x03, 0xE8, 
	0xE9, 0xE9, 0xE8, 0x82, 0xE9, 0x05, 0xE8, 0xE9, 0xE8, 0xE9, 0xE9, 0xE8, 0x80, 0xE9, 0x04, 0xE8, 
	0xE9, 0xE8, 0xE9, 0xE8, 0x80, 0xE9, 0x00, 0xDD, 0x81, 0xE9, 0x00, 0xE8, 0x82, 0xE9, 0x00, 0xE8, 
	0x89, 0xE9, 0x01, 0xDD, 0xE8, 0x88, 0xE9, 0x00, 0xE8, 0x80, 0xE9, 0x0D, 0xE8, 0xE9, 0xE9, 0xE8, 
	0xE9, 0xE8, 0xE9, 0xE8, 0xDD, 0xE9, 0xE9, 0xE8, 0xE9, 0xE8, 0x80, 0xE9, 0x00, 0xE8, 0x82, 0xE9, 
	0x00, 0xE8, 0x80, 0xE9, 0x00, 0xE8, 0x81, 0xE9, 0x04, 0xDD, 0xE8, 0xE9, 0xE9, 0xE8, 0x80, 0xE9, 
	0x02, 0xDD, 0xE9, 0xE8, 0x85, 0xE9, 0x00, 0xE8, 0x81, 0xE9, 0x00, 0xE8, 0x81, 0xE9, 0x00, 0xE8, 
	0x84, 0xE9, 0x00, 0xE8, 0x83, 0xE9, 0x00, 0xE8, 0x81, 0xE9, 0x00, 0xE8, 0x88, 0xE9, 0x00, 0xDD, 
	0x80, 0xE9, 0x00, 0xE8, 0x86, 0xE9, 0x00, 0xE8, 0x88, 0xE9, 0x00, 0xE8, 0x80, 0xE9, 0x03, 0xE8, 
	0xE9, 0xE9, 0xDD, 0x82, 0xE9, 0x00, 0xE8, 0x84, 0xE9, 0x00, 0xDD, 0x84, 0xE9, 0x00, 0xDD, 0x83, 
	0xE9, 0x00, 0xDD, 0x84, 0xE9, 0x00, 0xDD, 0x82, 0xE9, 0x00, 0xDD, 0x80, 0xE9, 0x00, 0xDD, 0x88, 
	0xE9, 0x00, 0xDD, 0x86, 0xE9, 0x00, 0xDD, 0x83, 0xE9, 0x00, 0xDD, 0x8D, 0xE9, 0x00, 0xDD, 0x85, 
	0xE9, 0x06, 0xE9, 0xE8, 0xE9, 0xE8, 0xE9, 0xE9, 0xE8, 0x81, 0xE9, 0x01, 0xDD, 0xE8, 0x81, 0xE9, 
	0x02, 0xDD, 0xE9, 0xE8, 0x80, 0xE9, 0x00, 0xE8, 0x83, 0xE9, 0x00, 0xE8, 0x80, 0xE9, 0x02, 0xDD, 
	0xE9, 0xDD, 0x80, 0xE9, 0x00, 0xDD, 0x86, 0xE9, 0x03, 0xE8, 0xE9, 0xE9, 0xE8, 0x82, 0xE9, 0x04, 
	0xE8, 0xDD, 0xE9, 0xE9, 0xE8, 0x82, 0xE9, 0x00, 0xE8, 0x80, 0xE9, 0x00, 0xE8, 0x82, 0xE9, 0x00, 
	0xE8, 0x80, 0xE9, 0x01, 0xDD, 0xE8, 0x83, 0xE9, 0x00, 0xDD, 0x85, 0xE9, 0x00, 0xE8, 0x80, 0xE9, 
	0x00, 0xDD, 0x84, 0xE9, 0x05, 0xE8, 0xE9, 0xE9, 0xDD, 0xE9, 0xE8, 0x82, 0xE9, 0x02, 0xE8, 0xE9, 
	0xE8, 0x82, 0xE9, 0x00, 0xE8, 0x82, 0xE9, 0x00, 0xE8, 0x8A, 0xE9, 0x00, 0xE8, 0x83, 0xE9, 0x00, 
	0xE8, 0x81, 0xE9, 0x00, 0xE8, 0x85, 0xE9, 0x00, 0xDD, 0x80, 0xE9, 0x00, 0xE8, 0x80, 0xE9, 0x00, 
	0xE8, 0x81, 0xE9, 0x00, 0xE8, 0x83, 0xE9, 0x05, 0xE8, 0xE9, 0xE9, 0xE8, 0xE9, 0xE8, 0x82, 0xE9, 
	0x00, 0xE8, 0x86, 0xE9, 0x03, 0xDD, 0xE8, 0xE9, 0xDD, 0x83, 0xE9, 0x00, 0xE8, 0x81, 0xE9, 0x03, 
	0xE8, 0xE9, 0xE9, 0xE8, 0x88, 0xE9, 0x00, 0xDD, 0x84, 0xE9, 0x00, 0xDD, 0x83, 0xE9, 0x00, 0xE8, 
	0x85, 0xE9, 0x00, 0xE8, 0x87, 0xE9, 0x07, 0xE8, 0xE9, 0xE9, 0xE8, 0xE9, 0xE9, 0xDD, 0xE8, 0x80, 
	0xE9, 0x00, 0xE8, 0x81, 0xE9, 0x00, 0xE8, 0x84, 0xE9, 0x01, 0xDD, 0xE8, 0x8B, 0xE9, 0x01, 0xDD, 
	0xE8, 0x80, 0xE9, 0x00, 0xDD, 0x82, 0xE9, 0x00, 0xE8, 0x82, 0xE9, 0x01, 0xDD, 0xE8, 0x86, 0xE9, 
	0x02, 0xE8, 0xDD, 0xE8, 0x80, 0xE9, 0x0F, 0xE8, 0xE9, 0xE8, 0xE9, 0xE8, 0xE9, 0xE9, 0xE8, 0xE9, 
	0xE8, 0xE9, 0xE9, 0xDD, 0xE8, 0xE9, 0xE8, 0x83, 0xE9, 0x00, 0xDD, 0x80, 0xE9, 0x03, 0xDD, 0xE9, 
	0xE9, 0xE8, 0x80, 0xE9, 0x00, 0xE8, 0x87, 0xE9, 0x00, 0xE8, 0x81, 0xE9, 0x13, 0xE8, 0xE9, 0xE8, 
	0xE9, 0xE9, 0xDD, 0xE8, 0xE9, 0xE9, 0xE8, 0xE9, 0xE8, 0xE9, 0xE9, 0xE8, 0xE9, 0xDD, 0xE9, 0xE9, 
	0xDD, 0x80, 0xE9, 0x00, 0xE8, 0x84, 0xE9, 0x02, 0xDD, 0xE9, 0xE8, 0x80, 0xE9, 0x04, 0xDD, 0xE9, 
	0xE8, 0xE9, 0xDD, 0x83, 0xE9, 0x02, 0xE8, 0xE9, 0xDD, 0x84, 0xE9, 0x00, 0xE8, 0x82, 0xE9, 0x04, 
	0xE8, 0xE9, 0xE9, 0xE8, 0xDD, 0x90, 0xE9, 0x03, 0xE8, 0xE9, 0xE9, 0xE8, 0x80, 0xE9, 0x00, 0xDD, 
	0x82, 0xE9, 0x03, 0xDD, 0xE9, 0xE9, 0xDD, 0x87, 0xE9, 0x00, 0xDD, 0x87, 0xE9, 0x03, 0xE8, 0xE9, 
	0xE9, 0xE8, 0x91, 0xE9, 0x00, 0xDD, 0x8F, 0xE9, 0x00, 0xE8, 0x87, 0xE9, 0x03, 0xE8, 0xE9, 0xDD, 
	0xE8, 0x84, 0xE9, 0x00, 0xDD, 0x83, 0xE9, 0x02, 0xDD, 0xE9, 0xDD, 0x89, 0xE9, 0x00, 0xDD, 0x96, 
	0xE9, 0x05, 0xE9, 0xE9, 0xE8, 0xE9, 0xE9, 0xE8, 0x80, 0xE9, 0x02, 0xDD, 0xE9, 0xE8, 0x83, 0xE9, 
	0x03, 0xE8, 0xE9, 0xE9, 0xE8, 0x84, 0xE9, 0x00, 0xE8, 0x85, 0xE9, 0x00, 0xDD, 0x82, 0xE9, 0x03, 
	0xE8, 0xE9, 0xE9, 0xDD, 0x81, 0xE9, 0x00, 0xE8, 0x80, 0xE9, 0x03, 0xE8, 0xE9, 0xE9, 0xE8, 0x81, 
	0xE9, 0x00, 0xE8, 0x83, 0xE9, 0x00, 0xE8, 0x80, 0xE9, 0x00, 0xE8, 0x80, 0xE9, 0x00, 0xE8, 0x81, 
	0xE9, 0x01, 0xDD, 0xE8, 0x85, 0xE9, 0x06, 0xDD, 0xE9, 0xE8, 0xE9, 0xE8, 0xE9, 0xE8, 0x81, 0xE9, 
	0x06, 0xE8, 0xE9, 0xE9, 0xE8, 0xE9, 0xE9, 0xE8, 0x82, 0xE9, 0x00, 0xE8, 0x81, 0xE9, 0x00, 0xE8, 
	0x81, 0xE9, 0x00, 0xE8, 0x81, 0xE9, 0x05, 0xE8, 0xE9, 0xE9, 0xE8, 0xE9, 0xDD, 0x80, 0xE9, 0x04, 
	0xE8, 0xE9, 0xE9, 0xE8, 0xDD, 0x81, 0xE9, 0x00, 0xE8, 0x81, 0xE9, 0x00, 0xE8, 0x82, 0xE9, 0x00, 
	0xE8, 0x80, 0xE9, 0x01, 0xE8, 0xDD, 0x85, 0xE9, 0x03, 0xE8, 0xE9, 0xE9, 0xE8, 0x82, 0xE9, 0x00, 
	0xE8, 0x82, 0xE9, 0x00, 0xE8, 0x80, 0xE9, 0x02, 0xE8, 0xE9, 0xE8, 0x80, 0xE9, 0x00, 0xE8, 0x8A, 
	0xE9, 0x00, 0xDD, 0x82, 0xE9, 0x00, 0xE8, 0x83, 0xE9, 0x02, 0xE8, 0xE9, 0xE8, 0x82, 0xE9, 0x00, 
	0xDD, 0x80, 0xE9, 0x00, 0xE8, 0x92, 0xE9, 0x00, 0xDD, 0x83, 0xE9, 0x00, 0xDD, 0x80, 0xE9, 0x00, 
	0xE8, 0x8A, 0xE9, 0x03, 0xDD, 0xE9, 0xE9, 0xDD, 0x8D, 0xE9, 0x03, 0xDD, 0xE9, 0xE9, 0xDD, 0x82, 
	0xE9, 0x00, 0xDD, 0x81, 0xE9, 0x80, 0xE9, 0x00, 0xE8, 0x81, 0xE9, 0x00, 0xE8, 0x82, 0xE9, 0x03, 
	0xE8, 0xE9, 0xE8, 0xDD, 0x84, 0xE9, 0x00, 0xE8, 0x84, 0xE9, 0x06, 0xDD, 0xE8, 0xDD, 0xE9, 0xE8, 
	0xE9, 0xE8, 0x84, 0xE9, 0x02, 0xE8, 0xE9, 0xE8, 0x81, 0xE9, 0x00, 0xE8, 0x84, 0xE9, 0x00, 0xE8, 
	0x83, 0xE9, 0x00, 0xE8, 0x80, 0xE9, 0x01, 0xE8, 0xDD, 0x8F, 0xE9, 0x00, 0xE8, 0x86, 0xE9, 0x00, 
	0xE8, 0x87, 0xE9, 0x00, 0xE8, 0x82, 0xE9, 0x00, 0xE8, 0x81, 0xE9, 0x03, 0xE8, 0xE9, 0xE9, 0xDD, 
	0x80, 0xE9, 0x00, 0xDD, 0x81, 0xE9, 0x00, 0xE8, 0x81, 0xE9, 0x00, 0xDD, 0x82, 0xE9, 0x00, 0xE8, 
	0x83, 0xE9, 0x00, 0xDD, 0x80, 0xE9, 0x00, 0xE8, 0x82, 0xE9, 0x03, 0xDD, 0xE9, 0xE9, 0xE8, 0x87, 
	0xE9, 0x01, 0xDD, 0xE8, 0x94, 0xE9, 0x00, 0xE8, 0x87, 0xE9, 0x00, 0xE8, 0x8A, 0xE9, 0x00, 0xDD, 
	0x81, 0xE9, 0x00, 0xE8, 0x94, 0xE9, 0x00, 0xDD, 0x84, 0xE9, 0x00, 0xDD, 0x88, 0xE9, 0x01, 0xDD, 
	0xE8, 0x83, 0xE9, 0x00, 0xE8, 0x9B, 0xE9, 0x02, 0xE8, 0xE9, 0xE9, 0x85, 0xE9, 0x00, 0xDD, 0x8B, 
	0xE9, 0x02, 0xE8, 0xE9, 0xDD, 0x91, 0xE9, 0x00, 0xDD, 0x85, 0xE9, 0x00, 0xDD, 0x85, 0xE9, 0x03, 
	0xDD, 0xE9, 0xE9, 0xDD, 0x81, 0xE9, 0x00, 0xDD, 0x85, 0xE9, 0x02, 0xDD, 0xE9, 0xE8, 0x82, 0xE9, 
	0x00, 0xE8, 0x8B, 0xE9, 0x00, 0xDD, 0x86, 0xE9, 0x00, 0xDD, 0x85, 0xE9, 0x00, 0xDD, 0xBF, 0xE9, 
	0x00, 0xDD, 0x89, 0xE9, 0x00, 0xDD, 0x86, 0xE9, 0x00, 0xE8, 0xA3, 0xE9, 0x00, 0xDD, 0x95, 0xE9, 
	0x00, 0xE8, 0xA7, 0xE9, 0x8D, 0xE9, 0x00, 0xDD, 0x80, 0xE9, 0x01, 0xDD, 0xE8, 0x86, 0xE9, 0x00, 
	0xDD, 0x89, 0xE9, 0x00, 0xDD, 0x85, 0xE9, 0x01, 0xDD, 0xF1, 0x83, 0xE9, 0x00, 0xDD, 0x85, 0xE9, 
	0x00, 0xDD, 0x84, 0xE9, 0x00, 0xDD, 0x87, 0xE9, 0x00, 0xDD, 0x80, 0xE9, 0x00, 0xDD, 0x83, 0xE9, 
	0x00, 0xDD, 0x82, 0xE9, 0x00, 0xDD, 0x91, 0xE9, 0x00, 0xDD, 0x82, 0xE9, 0x00, 0xE8, 0x89, 0xE9, 
	0x00, 0xDD, 0xA6, 0xE9, 0x00, 0xDD, 0x89, 0xE9, 0x00, 0xDD, 0xA8, 0xE9, 0x00, 0xDD, 0x86, 0xE9, 
	0x00, 0xDD, 0xBD, 0xE9, 0x81, 0xE9, 0x00, 0xDD, 0x96, 0xE9, 0x00, 0xE8, 0x89, 0xE9, 0x00, 0xE8, 
	0xD4, 0xE9, 0x00, 0xDD, 0xA5, 0xE9, 0x00, 0xDD, 0x8F, 0xE9, 0x00, 0xF1, 0x88, 0xE9, 0x00, 0xF1, 
	0xBD, 0xE9, 0x00, 0xF1, 0xB0, 0xE9, 0xC6, 0xE9, 0x00, 0xF1, 0xF0, 0xE9, 0x00, 0xF1, 0x8F, 0xE9, 
	0x00, 0xF1, 0x85, 0xE9, 0x05, 0xF4, 0xE9, 0xDF, 0xDD, 0xDF, 0xDD, 0x84, 0xE9, 0x02, 0xF4, 0xE9, 
	0xF4, 0x8B, 0xE9, 0x00, 0xF1, 0x84, 0xE9, 0x00, 0xF1, 0x88, 0xE9, 0x00, 0xF1, 0x88, 0xE9, 0x00, 
	0xF1, 0x81, 0xE9, 0x05, 0xF1, 0xE9, 0xE9, 0xF1, 0xE9, 0xF1, 0x80, 0xE9, 0x00, 0xF1, 0x89, 0xE9, 
	0x01, 0xF4, 0xE9, 0x80, 0xF4, 0x02, 0xE9, 0xE9, 0xF1, 0x83, 0xE9, 0x96, 0xE9, 0x00, 0xF4, 0x90, 
	0xE9, 0x00, 0xF4, 0x91, 0xE9, 0x00, 0xF1, 0x82, 0xE9, 0x00, 0xF1, 0x86, 0xE9, 0x00, 0xF1, 0xA8, 
	0xE9, 0x00, 0xF1, 0x84, 0xE9, 0x00, 0xF1, 0x88, 0xE9, 0x02, 0xF1, 0xE9, 0xF1, 0x8F, 0xE9, 0x08, 
	0xF4, 0xE9, 0xE9, 0xF4, 0xE9, 0xE9, 0xF4, 0xE9, 0xF4, 0x82, 0xE9, 0x00, 0xF4, 0x81, 0xE9, 0x00, 
	0xF4, 0x81, 0xE9, 0x02, 0xF1, 0xE9, 0xF1, 0x82, 0xE9, 0x0A, 0xF4, 0xE9, 0xF4, 0xE9, 0xE9, 0xF4, 
	0xE9, 0xE9, 0xF4, 0xE9, 0xF4, 0x80, 0xE9, 0x0F, 0xF4, 0xE9, 0xF4, 0xE9, 0xDD, 0x7D, 0x4C, 0x89, 
	0xA8, 0x50, 0xA1, 0xDD, 0xDF, 0xDD, 0xE9, 0xF4, 0x83, 0xE9, 0x0B, 0xDF, 0xDF, 0xE9, 0xE9, 0xF1, 
	0xF1, 0xE9, 0xF4, 0xE9, 0xF1, 0xE9, 0xF1, 0x80, 0xE9, 0x03, 0xF4, 0xE9, 0xE9, 0xF1, 0x81, 0xE9, 
	0x0D, 0xF1, 0xE9, 0xF1, 0xF1, 0xE9, 0xF1, 0xE9, 0xF1, 0xE9, 0xF1, 0xE9, 0xF1, 0xE9, 0xF1, 0x87, 
	0xE9, 0x01, 0xF1, 0xF4, 0x80, 0xE9, 0x14, 0xF1, 0xE9, 0xE9, 0xF4, 0xF1, 0xE9, 0xE9, 0xF1, 0xE9, 
	0xF1, 0xE9, 0xF1, 0xF4, 0xE9, 0xF4, 0xF4, 0xE9, 0xF4, 0xF4, 0xE9, 0xF4, 0x80, 0xE9, 0x08, 0xF4, 
	0xF4, 0xE9, 0xE9, 0xF4, 0xE9, 0xF4, 0xF4, 0xE9, 0x91, 0xE9, 0x03, 0xF4, 0xE9, 0xE9, 0xF4, 0x88, 
	0xE9, 0x02, 0xF4, 0xE9, 0xF4, 0x82, 0xE9, 0x80, 0xDD, 0x00, 0xE8, 0x86, 0xE9, 0x03, 0xF4, 0xE9, 
	0xE9, 0xF4, 0x85, 0xE9, 0x02, 0xF1, 0xE9, 0xF1, 0x84, 0xE9, 0x03, 0xF4, 0xE9, 0xE9, 0xF4, 0x80, 
	0xE9, 0x0A, 0xF4, 0xE9, 0xE9, 0xF4, 0xE9, 0xF4, 0xE9, 0xE9, 0xF1, 0xE9, 0xF4, 0x81, 0xE9, 0x05, 
	0xF1, 0xE9, 0xE9, 0xF1, 0xE9, 0xF1, 0x80, 0xE9, 0x04, 0xF4, 0xE9, 0xF1, 0xE9, 0xF4, 0x80, 0xE9, 
	0x09, 0xF4, 0xE9, 0xF4, 0xE9, 0xF4, 0xE9, 0xE9, 0xF4, 0xE9, 0xF4, 0x81, 0xE9, 0x08, 0xF4, 0xE9, 
	0xF4, 0xE9, 0xE9, 0xF4, 0xE9, 0xE9, 0xF4, 0x80, 0xE9, 0x00, 0xF4, 0x80, 0xE9, 0x00, 0xF4, 0x80, 
	0xE9, 0x05, 0xF1, 0xE9, 0xF4, 0xE9, 0xE9, 0xF4, 0x80, 0xE9, 0x1B, 0xF4, 0xE9, 0xE9, 0xF4, 0xE9, 
	0xF4, 0xE9, 0xE9, 0xF4, 0xE9, 0xE9, 0xF4, 0xE9, 0xE9, 0xF4, 0xE9, 0xE9, 0xF4, 0xE9, 0xF4, 0xE9, 
	0xF4, 0xE9, 0xE9, 0xF4, 0xF4, 0xE9, 0xF4, 0x84, 0xE9, 0x03, 0xF1, 0xF4, 0xE9, 0xF4, 0x80, 0xE9, 
	0x03, 0xF4, 0xE9, 0xE9, 0xF4, 0x81, 0xE9, 0x08, 0xF4, 0xF4, 0xE9, 0xE9, 0xF4, 0xE9, 0xDD, 0xAA, 
	0x41, 0x81, 0x40, 0x17, 0x41, 0x4D, 0x5F, 0xAB, 0xA1, 0xDD, 0xDF, 0xF4, 0xF4, 0xE9, 0xDD, 0x78, 
	0x52, 0x83, 0x4F, 0x6F, 0xE5, 0xE9, 0xF4, 0xE9, 0xF4, 0xE9, 0xE9, 0xF4, 0x80, 0xE9, 0x07, 0xF1, 
	0xE9, 0xF4, 0xE9, 0xF4, 0xE9, 0xE9, 0xF1, 0x83, 0xE9, 0x03, 0xF4, 0xE9, 0xE9, 0xF4, 0x80, 0xE9, 
	0x15, 0xF4, 0xF4, 0xE9, 0xE9, 0xF4, 0xE9, 0xF4, 0xE9, 0xF4, 0xE9, 0xF4, 0xE9, 0xE9, 0xF4, 0xF4, 
	0xE9, 0xE9, 0xF4, 0xE9, 0xF4, 0xE9, 0xF4, 0x80, 0xE9, 0x10, 0xF4, 0xF4, 0xE9, 0xE9, 0xF4, 0xE9, 
	0xE9, 0xF4, 0xF4, 0xE9, 0xF4, 0xE9, 0xF4, 0xE9, 0xF4, 0xE9, 0xE9, 0x80, 0xF4, 0x03, 0xE9, 0xF4, 
	0xF4, 0xE9, 0x02, 0xF4, 0xE9, 0xF4, 0x81, 0xE9, 0x00, 0xF4, 0x84, 0xE9, 0x1F, 0xF4, 0xE9, 0xE9, 
	0xF4, 0xE9, 0xE9, 0xF4, 0xE9, 0xE9, 0xF4, 0xE9, 0xF4, 0xE9, 0xF4, 0xE9, 0xE9, 0xF4, 0xE9, 0xF4, 
	0xE9, 0xF4, 0xE9, 0xF4, 0xE9, 0xF4, 0xE9, 0xDD, 0x9B, 0x87, 0x87, 0xBA, 0x7B, 0x80, 0x8E, 0x04, 
	0xDD, 0x8E, 0x8E, 0x65, 0x8E, 0x80, 0xE9, 0x15, 0xF4, 0xE9, 0xE9, 0xF4, 0xE9, 0xE9, 0xF1, 0xE9, 
	0xF4, 0xE9, 0xE9, 0xF4, 0xE9, 0xE9, 0xF4, 0xE9, 0xF4, 0xE9, 0xE9, 0xF4, 0xE9, 0xF4, 0x80, 0xE9, 
	0x18, 0xF4, 0xE9, 0xE9, 0xF4, 0xF4, 0xE9, 0xF4, 0xE9, 0xE9, 0xF4, 0xE9, 0xE9, 0xF4, 0xF4, 0xE9, 
	0xF4, 0xF4, 0xE9, 0xE9, 0xF4, 0xE9, 0xF4, 0xE9, 0xE9, 0xF4, 0x80, 0xE9, 0x04, 0xF4, 0xE9, 0xE9, 
	0xF4, 0xF4, 0x80, 0xE9, 0x25, 0xF4, 0xE9, 0xE9, 0xF4, 0xE9, 0xF4, 0xE9, 0xF4, 0xE9, 0xF4, 0xE9, 
	0xF4, 0xF4, 0xE9, 0xE9, 0xF4, 0xE9, 0xE9, 0xF4, 0xF4, 0xE9, 0xE9, 0xF4, 0xE9, 0xF4, 0xE9, 0xF4, 
	0xE9, 0xF4, 0xE9, 0xF4, 0xF4, 0xE9, 0xE9, 0xF4, 0xE9, 0xF4, 0xE9, 0x80, 0xF4, 0x05, 0xE9, 0xF4, 
	0xE9, 0xF4, 0xE9, 0xE9, 0x80, 0xF4, 0x14, 0xE9, 0xE9, 0xF4, 0xE9, 0xF4, 0xE9, 0xF4, 0xE9, 0xF4, 
	0xE9, 0xF4, 0xF4, 0xE9, 0xE9, 0xF4, 0xE9, 0xF4, 0xE9, 0xF4, 0xF1, 0xE9, 0x81, 0xF4, 0x1C, 0xE9, 
	0xF4, 0xE9, 0xF4, 0xE9, 0xF4, 0xE9, 0xF4, 0xE9, 0xF4, 0xF4, 0xE9, 0xF4, 0xF4, 0xE9, 0xF4, 0xE9, 
	0xF4, 0xE9, 0xF4, 0xE9, 0xF4, 0xDD, 0x4B, 0x40, 0x4D, 0x47, 0x4D, 0x41, 0x81, 0x40, 0x06, 0x3F, 
	0x47, 0x79, 0xA1, 0xE5, 0x78, 0x4C, 0x81, 0x40, 0x2F, 0x3F, 0x55, 0x9B, 0xDD, 0xE9, 0xF4, 0xF4, 
	0xE9, 0xDF, 0x6F, 0x9A, 0xBA, 0xDD, 0xF4, 0xE9, 0xF4, 0xE9, 0xF4, 0xF4, 0xE9, 0xE9, 0xF4, 0xE9, 
	0xF4, 0xF4, 0xE9, 0xF4, 0xF4, 0xE9, 0xF4, 0xF4, 0xE9, 0xF4, 0xE9, 0xF4, 0xF4, 0xE9, 0xF4, 0xE9, 
	0xF4, 0xE9, 0xF4, 0xE9, 0xF4, 0xF4, 0xE9, 0xF4, 0xE9, 0x80, 0xF4, 0x02, 0xE9, 0xF4, 0xE9, 0x81, 
	0xF4, 0x01, 0xE9, 0xE9, 0x81, 0xF4, 0x80, 0xE9, 0x81, 0xF4, 0x0A, 0xE9, 0xF4, 0xE9, 0xF4, 0xF4, 
	0xE9, 0xF4, 0xF4, 0xE9, 0xE9, 0xF4, 0x05, 0xE9, 0xF4, 0xE9, 0xF4, 0xE9, 0xF4, 0x80, 0xE9, 0x80, 
	0xF4, 0x0A, 0xE9, 0xF4, 0xE9, 0xE9, 0xF4, 0xE9, 0xF4, 0xE9, 0xE9, 0xF4, 0xF4, 0x80, 0xE9, 0x09, 
	0xF4, 0xE9, 0xF4, 0xE9, 0xF4, 0xF4, 0xE9, 0xE9, 0xF4, 0xF4, 0x82, 0xE9, 0x3C, 0x99, 0x8C, 0x81, 
	0xA8, 0x50, 0xBA, 0x65, 0x4A, 0x4A, 0x67, 0xAE, 0x8E, 0xDD, 0xE8, 0xF1, 0xE9, 0xE9, 0xF4, 0xE9, 
	0xF4, 0xE9, 0xF4, 0xE9, 0xF4, 0xE9, 0xF4, 0xE9, 0xF4, 0xE9, 0xF4, 0xE9, 0xF4, 0xF4, 0xE9, 0xF4, 
	0xE9, 0xF4, 0xE9, 0xF4, 0xF4, 0xE9, 0xF4, 0xE9, 0xE9, 0xF4, 0xE9, 0xE9, 0xF4, 0xE9, 0xF4, 0xF4, 
	0xE9, 0xE9, 0xF4, 0xE9, 0xF4, 0xE9, 0xE9, 0xF4, 0xE9, 0xF4, 0x80, 0xE9, 0x03, 0xF4, 0xF4, 0xE9, 
	0xE9, 0x80, 0xF4, 0x21, 0xE9, 0xF4, 0xE9, 0xE9, 0xF4, 0xF4, 0xE9, 0xF4, 0xF4, 0xE9, 0xF4, 0xF4, 
	0xE9, 0xF4, 0xE9, 0xF4, 0xE9, 0xF4, 0xE9, 0xE9, 0xF4, 0xF4, 0xE9, 0xF4, 0xF4, 0xE9, 0xE9, 0xF4, 
	0xE9, 0xF4, 0xF4, 0xE9, 0xF4, 0xE9, 0x81, 0xF4, 0x14, 0xF1, 0xE9, 0xE9, 0xF4, 0xE9, 0xF4, 0xF4, 
	0xE9, 0xE9, 0xF4, 0xF4, 0xE9, 0xF4, 0xE9, 0xF4, 0xF4, 0xE9, 0xF4, 0xE9, 0xF4, 0xE9, 0x80, 0xF4, 
	0x1B, 0xE9, 0xF4, 0xE9, 0xF4, 0xF4, 0xE9, 0xF4, 0xF4, 0xE9, 0xF4, 0xF4, 0xE9, 0xF4, 0xE9, 0xE9, 
	0xF4, 0xE9, 0xF4, 0xF4, 0xE9, 0xF4, 0xE9, 0xF4, 0xF4, 0xE9, 0xF4, 0xF4, 0xE9, 0x80, 0xF4, 0x00, 
	0xE9, 0x80, 0xF4, 0x0F, 0xE9, 0xF4, 0xF4, 0xE9, 0xF4, 0xF4, 0xDD, 0xAB, 0x40, 0x38, 0x1B, 0x4D, 
	0x47, 0x39, 0x52, 0x56, 0x82, 0x40, 0x05, 0x3F, 0x47, 0x52, 0x38, 0x55, 0x53, 0x81, 0x40, 0x10, 
	0x3F, 0x55, 0xDD, 0xDD, 0xE5, 0x78, 0x5F, 0xC1, 0x41, 0x40, 0x3E, 0xDD, 0xF1, 0xF4, 0xF1, 0xF4, 
	0xE9, 0x80, 0xF4, 0x03, 0xE9, 0xF4, 0xF4, 0xE9, 0x80, 0xF4, 0x05, 0xE9, 0xF4, 0xF4, 0xE9, 0xF4, 
	0xE9, 0x80, 0xF4, 0x18, 0xE9, 0xF4, 0xE9, 0xE9, 0xF4, 0xF4, 0xE9, 0xF4, 0xE9, 0xE9, 0xF4, 0xE9, 
	0xE9, 0xF4, 0xF4, 0xE9, 0xF4, 0xE9, 0xF4, 0xF4, 0xE9, 0xF4, 0xF4, 0xE9, 0xE9, 0x81, 0xF4, 0x80, 
	0xE9, 0x81, 0xF4, 0x00, 0xE9, 0x80, 0xF4, 0x00, 0xE9, 0x80, 0xF4, 0x30, 0xF4, 0xF4, 0xE9, 0xF4, 
	0xE9, 0xE9, 0xF4, 0xE9, 0xF4, 0xE9, 0xF4, 0xE9, 0xF4, 0xE9, 0xF4, 0xF4, 0xE9, 0xF4, 0xE9, 0xF4, 
	0xF4, 0xE9, 0xE9, 0xF4, 0xF4, 0xE9, 0xF4, 0xF4, 0xE9, 0xF4, 0xE9, 0xF4, 0xDD, 0xCF, 0xDD, 0xDD, 
	0xE9, 0xF4, 0xF4, 0xE9, 0xDD, 0x79, 0x89, 0x55, 0x6A, 0xDF, 0xE9, 0xE9, 0xDD, 0x80, 0xE9, 0x0F, 
	0xF1, 0xF1, 0xE9, 0xF4, 0xE9, 0xE9, 0xF4, 0xE9, 0xF4, 0xF4, 0xE9, 0xF4, 0xE9, 0xF4, 0xF4, 0xE9, 
	0x80, 0xF4, 0x07, 0xE9, 0xE9, 0xF4, 0xF4, 0xE9, 0xF4, 0xF4, 0xE9, 0x80, 0xF4, 0x03, 0xE9, 0xF4, 
	0xF4, 0xE9, 0x81, 0xF4, 0x07, 0xE9, 0xF4, 0xE9, 0xF4, 0xF4, 0xE9, 0xF4, 0xE9, 0x80, 0xF4, 0x19, 
	0xE9, 0xF4, 0xF4, 0xE9, 0xF4, 0xF4, 0xE9, 0xF4, 0xE9, 0xE9, 0xF4, 0xF4, 0xE9, 0xF4, 0xF4, 0xE9, 
	0xF4, 0xF4, 0xE9, 0xF4, 0xF4, 0xE9, 0xF4, 0xE9, 0xF4, 0xE9, 0x82, 0xF4, 0x03, 0xE9, 0xF4, 0xF4, 
	0xE9, 0x81, 0xF4, 0x00, 0xE9, 0x80, 0xF4, 0x06, 0xE9, 0xF4, 0xE9, 0xF4, 0xE9, 0xF4, 0xE9, 0x81, 
	0xF4, 0x01, 0xE9, 0xE9, 0x80, 0xF4, 0x1C, 0xE9, 0xF4, 0xF4, 0xE9, 0xF4, 0xE9, 0xF4, 0xF4, 0xE9, 
	0xF4, 0xF4, 0xE9, 0xE9, 0xF4, 0xF4, 0xE9, 0xF4, 0xE9, 0xF4, 0xF4, 0xE9, 0xF4, 0xF4, 0xE9, 0xF4, 
	0xE9, 0xF4, 0xF4, 0xE9, 0x80, 0xF4, 0x00, 0xE9, 0x80, 0xF4, 0x00, 0xE9, 0x81, 0xF4, 0x07, 0xE9, 
	0xF4, 0xE9, 0xF4, 0xF4, 0xE9, 0xF4, 0xE9, 0x81, 0xF4, 0x06, 0xE9, 0xF4, 0xDF, 0x3E, 0x40, 0x47, 
	0x3F, 0x80, 0x40, 0x03, 0x4D, 0x3A, 0x50, 0x4D, 0x83, 0x40, 0x0B, 0x53, 0x3E, 0x3A, 0x3A, 0x4F, 
	0x55, 0x5F, 0x42, 0x3E, 0x3C, 0x4E, 0x47, 0x82, 0x40, 0x04, 0x4D, 0x8E, 0xDD, 0x6A, 0xDD, 0x80, 
	0xF4, 0x00, 0xE9, 0x80, 0xF4, 0x06, 0xE9, 0xF4, 0xF4, 0xE9, 0xF4, 0xF4, 0xE9, 0x82, 0xF4, 0x00, 
	0xF1, 0x8B, 0xF4, 0x00, 0xE9, 0x8A, 0xF4, 0x00, 0xE9, 0x82, 0xF4, 0x00, 0xE9, 0x80, 0xF4, 0x00, 
	0xE9, 0x82, 0xF4, 0x00, 0xE9, 0x08, 0xE9, 0xE9, 0xF4, 0xF4, 0xE9, 0xF4, 0xE9, 0xF4, 0xE9, 0x82, 
	0xF4, 0x05, 0xE9, 0xE9, 0xF4, 0xE9, 0xF4, 0xE9, 0x80, 0xF4, 0x00, 0xE9, 0x80, 0xF4, 0x19, 0xE9, 
	0xF4, 0xE9, 0xF4, 0x8E, 0x87, 0x83, 0x73, 0xBA, 0xDD, 0xDD, 0xE9, 0xE9, 0x9B, 0x8C, 0x83, 0xBA, 
	0xDD, 0xF4, 0xF4, 0xE9, 0xF1, 0xF4, 0xE9, 0xF4, 0xE9, 0x82, 0xF4, 0x02, 0xE9, 0xF4, 0xE9, 0x81, 
	0xF4, 0x00, 0xE9, 0x80, 0xF4, 0x00, 0xE9, 0x80, 0xF4, 0x06, 0xE9, 0xF4, 0xF4, 0xE9, 0xF4, 0xF4, 
	0xE9, 0x84, 0xF4, 0x02, 0xE9, 0xF4, 0xE9, 0x81, 0xF4, 0x00, 0xE9, 0x80, 0xF4, 0x00, 0xE9, 0x80, 
	0xF4, 0x03, 0xE9, 0xF4, 0xF4, 0xE9, 0x82, 0xF4, 0x00, 0xE9, 0x80, 0xF4, 0x1B, 0xE9, 0xF4, 0xF4, 
	0xE9, 0xF4, 0xE9, 0xF4, 0xE9, 0xF4, 0xE9, 0xF4, 0xF4, 0xE9, 0xF4, 0xE9, 0xF4, 0xE9, 0xF4, 0xE9, 
	0xF4, 0xE9, 0xF4, 0xE9, 0xF4, 0xE9, 0xF4, 0xF4, 0xE9, 0x80, 0xF4, 0x07, 0xE9, 0xF4, 0xE9, 0xF4, 
	0xF4, 0xE9, 0xF4, 0xE9, 0x82, 0xF4, 0x0D, 0xE9, 0xF4, 0xE9, 0xF4, 0xF4, 0xE9, 0xF4, 0xF4, 0xE9, 
	0xF4, 0xE9, 0xF4, 0xF4, 0xE9, 0x82, 0xF4, 0x00, 0xE9, 0x80, 0xF4, 0x00, 0xE9, 0x81, 0xF4, 0x00, 
	0xE9, 0x80, 0xF4, 0x07, 0xE9, 0xF4, 0xE9, 0xF4, 0xF4, 0xE9, 0xF4, 0xE9, 0x83, 0xF4, 0x00, 0xE9, 
	0x81, 0xF4, 0x06, 0xE9, 0xF4, 0xE9, 0xF4, 0xF1, 0xDD, 0x89, 0x80, 0x40, 0x08, 0x41, 0x4D, 0x4D, 
	0x3F, 0x3F, 0x56, 0x38, 0x3A, 0x4D, 0x84, 0x40, 0x06, 0x41, 0x4B, 0x4D, 0x47, 0x4C, 0x4D, 0x53, 
	0x83, 0x40, 0x06, 0x3F, 0x3C, 0x00, 0x30, 0x65, 0x8E, 0xDD, 0x82, 0xF4, 0x00, 0xE9, 0x80, 0xF4, 
	0x00, 0xF1, 0x80, 0xF4, 0x00, 0xE9, 0x80, 0xF4, 0x05, 0xE9, 0xF4, 0x6A, 0xDD, 0xF1, 0xE9, 0x81, 
	0xF4, 0x03, 0xE9, 0xF4, 0xF4, 0xE9, 0x83, 0xF4, 0x03, 0xE9, 0xF4, 0xF4, 0xF1, 0x91, 0xF4, 0x02, 
	0xE9, 0xF4, 0xF4, 0x02, 0xF4, 0xF4, 0xE9, 0x84, 0xF4, 0x02, 0xE9, 0xF4, 0xE9, 0x80, 0xF4, 0x08, 
	0xE9, 0xF4, 0xF4, 0xE9, 0xE9, 0xF4, 0xE9, 0xF4, 0xE9, 0x80, 0xF4, 0x12, 0xE9, 0xDD, 0xA1, 0x8D, 
	0x81, 0x83, 0x79, 0x8C, 0x55, 0x87, 0xCF, 0x8E, 0x8D, 0x83, 0x7C, 0x01, 0xEE, 0x8E, 0xF1, 0x83, 
	0xF4, 0x04, 0xE9, 0xF4, 0xE9, 0xF4, 0xE9, 0x82, 0xF4, 0x03, 0xE9, 0xF4, 0xF4, 0xE9, 0x81, 0xF4, 
	0x03, 0xE9, 0xF4, 0xF4, 0xE9, 0x80, 0xF4, 0x00, 0xE9, 0x81, 0xF4, 0x0D, 0xE9, 0xF4, 0xE9, 0xF4, 
	0xE9, 0xF4, 0xF4, 0xE9, 0xF4, 0xF4, 0xE9, 0xF4, 0xF4, 0xE9, 0x81, 0xF4, 0x00, 0xE9, 0x81, 0xF4, 
	0x00, 0xE9, 0x83, 0xF4, 0x00, 0xE9, 0x80, 0xF4, 0x00, 0xE9, 0x8E, 0xF4, 0x00, 0xE9, 0x83, 0xF4, 
	0x00, 0xE9, 0x84, 0xF4, 0x00, 0xE9, 0x82, 0xF4, 0x00, 0xE9, 0x82, 0xF4, 0x00, 0xE9, 0x8A, 0xF4, 
	0x03, 0xE9, 0xF4, 0xF4, 0xE9, 0x82, 0xF4, 0x00, 0xE9, 0x85, 0xF4, 0x03, 0xE9, 0xF4, 0xF4, 0xEF, 
	0x8E, 0xF4, 0x01, 0xDD, 0x4D, 0x80, 0x40, 0x0A, 0x55, 0xFE, 0xFF, 0xB3, 0xBE, 0x53, 0x40, 0x53, 
	0x52, 0x38, 0x4D, 0x8E, 0x40, 0x06, 0x53, 0x32, 0x00, 0x65, 0xF4, 0xF4, 0xEF, 0x85, 0xF4, 0x00, 
	0xF1, 0x87, 0xF4, 0x03, 0xDD, 0x44, 0xBA, 0x69, 0x80, 0xF4, 0x00, 0xF1, 0x84, 0xF4, 0x00, 0xE9, 
	0x81, 0xF4, 0x00, 0xEF, 0x84, 0xF4, 0x00, 0xE9, 0x87, 0xF4, 0x00, 0xE9, 0x81, 0xF4, 0x01, 0xE9, 
	0xF4, 0x01, 0xF4, 0xE9, 0x82, 0xF4, 0x00, 0xE9, 0x82, 0xF4, 0x04, 0xE9, 0xF4, 0xE9, 0xF4, 0xE9, 
	0x85, 0xF4, 0x13, 0xE9, 0xDD, 0x8E, 0x87, 0x52, 0x7E, 0xBA, 0x6A, 0x8E, 0x9A, 0x73, 0x8C, 0x83, 
	0x87, 0x79, 0x8C, 0x32, 0x67, 0xDD, 0xE9, 0x80, 0xF4, 0x01, 0xF1, 0xE9, 0x87, 0xF4, 0x00, 0xE9, 
	0x84, 0xF4, 0x00, 0xE9, 0x84, 0xF4, 0x01, 0xE9, 0xEF, 0x86, 0xF4, 0x00, 0xE9, 0x8C, 0xF4, 0x00, 
	0xE9, 0x84, 0xF4, 0x01, 0xE9, 0xEF, 0x88, 0xF4, 0x00, 0xE9, 0x80, 0xF4, 0x00, 0xE9, 0xAF, 0xF4, 
	0x00, 0xE9, 0x8F, 0xF4, 0x00, 0xF1, 0x81, 0xF4, 0x00, 0xE9, 0x87, 0xF4, 0x01, 0xDD, 0xC1, 0x80, 
	0x40, 0x0C, 0x53, 0xB3, 0xB7, 0xB6, 0xC2, 0x41, 0x40, 0x40, 0x47, 0x42, 0x5F, 0x52, 0x4B, 0x8B, 
	0x40, 0x08, 0x4C, 0x43, 0x00, 0x33, 0xA1, 0xDD, 0xA1, 0xDD, 0xA1, 0x83, 0xF4, 0x00, 0xF1, 0x80, 
	0xF4, 0x01, 0xE9, 0x69, 0x81, 0xF4, 0x07, 0xF1, 0xEF, 0x6F, 0x79, 0x5F, 0x4E, 0xDD, 0xEF, 0x84, 
	0xF4, 0x04, 0xEF, 0xF4, 0xEF, 0xF4, 0xF1, 0x81, 0xF4, 0x03, 0xF1, 0xF4, 0xF4, 0xF1, 0x82, 0xF4, 
	0x07, 0xF1, 0xF4, 0xEF, 0xE9, 0xEF, 0xF4, 0xF1, 0xEF, 0x82, 0xF4, 0x01, 0xEF, 0xF4, 0x81, 0xF4, 
	0x00, 0xE9, 0x86, 0xF4, 0x00, 0xE9, 0x85, 0xF4, 0x19, 0xE9, 0xA1, 0xDD, 0x8E, 0x4A, 0x00, 0x35, 
	0x99, 0xDD, 0xDD, 0xF1, 0xF4, 0x8E, 0x7C, 0x35, 0x52, 0x81, 0x83, 0x8D, 0xA0, 0xDD, 0xF1, 0xF4, 
	0xF1, 0xF4, 0xE9, 0x81, 0xF4, 0x02, 0xE9, 0xF4, 0xF1, 0x86, 0xF4, 0x00, 0xE9, 0x8B, 0xF4, 0x00, 
	0xE9, 0x8C, 0xF4, 0x03, 0xEF, 0xE9, 0xF4, 0xE9, 0x87, 0xF4, 0x00, 0xE9, 0x82, 0xF4, 0x00, 0xF1, 
	0x80, 0xF4, 0x02, 0xE9, 0xF4, 0xF1, 0x8B, 0xF4, 0x00, 0xE9, 0x83, 0xF4, 0x01, 0xE9, 0xEF, 0x80, 
	0xF4, 0x00, 0xF1, 0x86, 0xF4, 0x00, 0xE9, 0x80, 0xF4, 0x00, 0xEF, 0x88, 0xF4, 0x00, 0xE9, 0x81, 
	0xF4, 0x00, 0xEF, 0x8C, 0xF4, 0x00, 0xE9, 0x83, 0xF4, 0x00, 0xF1, 0x81, 0xF4, 0x00, 0xF1, 0x82, 
	0xF4, 0x02, 0xF1, 0xDD, 0x47, 0x81, 0x40, 0x0E, 0x46, 0xB6, 0xB8, 0x54, 0x41, 0x40, 0x41, 0xBE, 
	0xFC, 0x4D, 0x4D, 0x60, 0x60, 0x4C, 0x41, 0x86, 0x40, 0x0C, 0x41, 0x52, 0x3B, 0x00, 0x49, 0x30, 
	0x65, 0x48, 0x48, 0x3B, 0x30, 0x65, 0xDD, 0x80, 0xF4, 0x00, 0xEF, 0x81, 0xF4, 0x02, 0x69, 0xEE, 
	0xA1, 0x82, 0xF4, 0x05, 0xA1, 0x4F, 0x52, 0x52, 0x35, 0xE9, 0x81, 0xF4, 0x80, 0xEF, 0x82, 0xF4, 
	0x00, 0xEF, 0x80, 0xF4, 0x00, 0xEF, 0x83, 0xF4, 0x00, 0xEF, 0x84, 0xF4, 0x08, 0xEF, 0xF4, 0xEF, 
	0xF4, 0xF1, 0xF4, 0xEF, 0xF4, 0xF4, 0x8E, 0xF4, 0x00, 0xEF, 0x82, 0xF4, 0x00, 0xDD, 0x80, 0xAC, 
	0x11, 0x8E, 0xDD, 0xDD, 0xF4, 0xF4, 0xEF, 0xDD, 0x65, 0x8E, 0xDD, 0x8E, 0x6F, 0xBA, 0x7B, 0xDD, 
	0xE9, 0xF4, 0xF1, 0x99, 0xF4, 0x00, 0xE9, 0x8D, 0xF4, 0x00, 0xEF, 0x80, 0xF4, 0x00, 0xF1, 0x80, 
	0xF4, 0x01, 0xF1, 0xEF, 0x81, 0xF4, 0x09, 0xF1, 0xEF, 0xF4, 0xF4, 0xEF, 0xF1, 0xF4, 0xF4, 0xEF, 
	0xF1, 0x83, 0xF4, 0x03, 0xEF, 0xF4, 0xF4, 0xEF, 0x81, 0xF4, 0x01, 0xF1, 0xEF, 0x83, 0xF4, 0x00, 
	0xEF, 0x86, 0xF4, 0x03, 0xF1, 0xF4, 0xF4, 0xEF, 0x80, 0xF4, 0x00, 0xEF, 0x82, 0xF4, 0x00, 0xEF, 
	0x8B, 0xF4, 0x00, 0xEF, 0x84, 0xF4, 0x00, 0xEF, 0x87, 0xF4, 0x03, 0xEF, 0xF1, 0xF4, 0xEF, 0x82, 
	0xF4, 0x00, 0xEF, 0x81, 0xF4, 0x00, 0xEF, 0x83, 0xF4, 0x02, 0xEF, 0xDD, 0x83, 0x81, 0x40, 0x11, 
	0x42, 0xC2, 0xFD, 0xFA, 0x42, 0x40, 0x40, 0x26, 0xFA, 0x72, 0x33, 0x33, 0x00, 0x00, 0x34, 0x52, 
	0x4B, 0x41, 0x81, 0x40, 0x0E, 0x41, 0x47, 0x3C, 0x00, 0x48, 0x3B, 0x3B, 0x49, 0x5D, 0x65, 0xA1, 
	0xA1, 0xDD, 0x6F, 0xDD, 0x81, 0xF4, 0x1C, 0xEF, 0xF4, 0xEF, 0xF4, 0xF4, 0x35, 0x79, 0x78, 0xDD, 
	0xEF, 0xF4, 0xF4, 0xA1, 0x38, 0x52, 0x52, 0x50, 0xA1, 0xF4, 0xF4, 0xEF, 0xF4, 0xDD, 0xF4, 0xEF, 
	0xF4, 0xF4, 0xEF, 0xEF, 0x80, 0xF4, 0x15, 0xEF, 0xF4, 0xF4, 0xEF, 0xF4, 0xF4, 0xEF, 0xF4, 0xEF, 
	0xF4, 0xF4, 0xEF, 0xEF, 0xF4, 0xEF, 0xF4, 0xEF, 0xF4, 0xEF, 0xF4, 0xF4, 0xEF, 0x80, 0xF4, 0x00, 
	0xEF, 0x80, 0xF4, 0x00, 0xF1, 0x88, 0xF4, 0x00, 0xEF, 0x8A, 0xF4, 0x0C, 0xF1, 0xF4, 0xF4, 0xEF, 
	0xE9, 0xDD, 0xF4, 0xF4, 0xF1, 0xF4, 0xE9, 0xE9, 0xEF, 0x80, 0xF4, 0x03, 0xEF, 0xF4, 0xF4, 0xEF, 
	0x81, 0xF4, 0x03, 0xEF, 0xF4, 0xF4, 0xEF, 0x81, 0xF4, 0x03, 0xEF, 0xF4, 0xF4, 0xF1, 0x81, 0xF4, 
	0x00, 0xF1, 0x81, 0xF4, 0x00, 0xEF, 0x83, 0xF4, 0x00, 0xEF, 0x8B, 0xF4, 0x01, 0xEF, 0xEF, 0x80, 
	0xF4, 0x00, 0xEF, 0x82, 0xF4, 0x06, 0xEF, 0xF1, 0xF4, 0xEF, 0xF4, 0xF4, 0xEF, 0x82, 0xF4, 0x01, 
	0xEF, 0xF1, 0x82, 0xF4, 0x00, 0xEF, 0x83, 0xF4, 0x00, 0xEF, 0x81, 0xF4, 0x07, 0xEF, 0xF4, 0xEF, 
	0xF4, 0xF4, 0xEF, 0xF4, 0xEF, 0x82, 0xF4, 0x00, 0xEF, 0x83, 0xF4, 0x1C, 0xEF, 0xF4, 0xEF, 0xF4, 
	0xEF, 0xF4, 0xEF, 0xF4, 0xF4, 0xEF, 0xF4, 0xEF, 0xF4, 0xF4, 0xEF, 0xF4, 0xF4, 0xEF, 0xF4, 0xEF, 
	0xF4, 0xEF, 0xF4, 0xEF, 0xF4, 0xEF, 0xF4, 0xEF, 0xF4, 0x80, 0xEF, 0x03, 0xF4, 0xEF, 0xF4, 0xF4, 
	0x80, 0xEF, 0x09, 0xF4, 0xEF, 0xF4, 0xEF, 0xF4, 0xEF, 0xF4, 0xF4, 0xEF, 0xF4, 0x80, 0xEF, 0x06, 
	0xF4, 0xEF, 0xF4, 0xEF, 0xF1, 0xE9, 0x45, 0x83, 0x40, 0x0A, 0x41, 0x9E, 0xB1, 0x47, 0x52, 0x29, 
	0xB1, 0x72, 0x00, 0x3B, 0x49, 0x81, 0x00, 0x0F, 0x32, 0x1B, 0x3A, 0x3A, 0x60, 0x32, 0x00, 0x00, 
	0x3B, 0x3B, 0x49, 0x49, 0x3B, 0x30, 0xA1, 0xF1, 0x84, 0xEF, 0x1A, 0xF4, 0xF4, 0xEF, 0xEF, 0xF4, 
	0xE9, 0x4E, 0x52, 0x52, 0x3C, 0xDD, 0xEF, 0xF4, 0xA1, 0x79, 0x52, 0x55, 0x38, 0x6F, 0xEF, 0xF4, 
	0xEF, 0x6F, 0x32, 0xA1, 0xEF, 0xF4, 0x82, 0xEF, 0x09, 0xF4, 0xEF, 0xF4, 0xEF, 0xF4, 0xEF, 0xF4, 
	0xEF, 0xEF, 0xF4, 0x80, 0xEF, 0x00, 0xF4, 0x80, 0xEF, 0x05, 0xF4, 0xEF, 0xF4, 0xF4, 0xEF, 0xF4, 
	0x80, 0xEF, 0x00, 0xF4, 0x00, 0xEF, 0x85, 0xF4, 0x09, 0xEF, 0xF1, 0xF4, 0xF4, 0xF1, 0xF4, 0xEF, 
	0xF4, 0xF4, 0xEF, 0x81, 0xF4, 0x00, 0xEF, 0x81, 0xF4, 0x02, 0xEF, 0xF4, 0xEF, 0x80, 0xF4, 0x02, 
	0xEF, 0xF4, 0xEF, 0x80, 0xF4, 0x03, 0xEF, 0xF4, 0xF4, 0xEF, 0x80, 0xF4, 0x02, 0xEF, 0xF4, 0xEF, 
	0x84, 0xF4, 0x04, 0xF1, 0xEF, 0xF4, 0xEF, 0xF1, 0x80, 0xEF, 0x07, 0xF4, 0xEF, 0xEF, 0xF1, 0xEF, 
	0xEF, 0xF4, 0xEF, 0x81, 0xF4, 0x04, 0xEF, 0xF4, 0xEF, 0xF4, 0xEF, 0x80, 0xF4, 0x03, 0xEF, 0xF4, 
	0xEF, 0xEF, 0x82, 0xF4, 0x00, 0xEF, 0x80, 0xF4, 0x80, 0xEF, 0x80, 0xF4, 0x0B, 0xEF, 0xF4, 0xEF, 
	0xF4, 0xEF, 0xF4, 0xF4, 0xEF, 0xF4, 0xF4, 0xEF, 0xEF, 0x80, 0xF4, 0x00, 0xEF, 0x82, 0xF4, 0x01, 
	0xEF, 0xEF, 0x81, 0xF4, 0x06, 0xEF, 0xF4, 0xEF, 0xEF, 0xF4, 0xF4, 0xEF, 0x80, 0xF4, 0x02, 0xEF, 
	0xF4, 0xEF, 0x80, 0xF4, 0x81, 0xEF, 0x03, 0xF4, 0xEF, 0xEF, 0xF4, 0x80, 0xEF, 0x03, 0xF4, 0xEF, 
	0xF4, 0xEF, 0x80, 0xF4, 0x03, 0xEF, 0xEF, 0xF4, 0xF4, 0x80, 0xEF, 0x08, 0xF4, 0xEF, 0xEF, 0xF4, 
	0xEF, 0xF4, 0xF4, 0xEF, 0xEF, 0x81, 0xF4, 0x06, 0xEF, 0xF4, 0xEF, 0xF4, 0xEF, 0xF4, 0xF4, 0x80, 
	0xEF, 0x0D, 0xF4, 0xF4, 0xEF, 0xF4, 0xEF, 0xF4, 0xEF, 0xF4, 0xEF, 0xF4, 0xEF, 0xF4, 0xEF, 0xF4, 
	0x80, 0xEF, 0x00, 0xF4, 0x80, 0xEF, 0x01, 0x6F, 0x53, 0x83, 0x40, 0x0E, 0x3F, 0xFC, 0xB2, 0x00, 
	0xB4, 0xB8, 0x72, 0x49, 0x49, 0x00, 0x1B, 0x2F, 0x00, 0x44, 0x30, 0x82, 0x00, 0x00, 0x49, 0x80, 
	0x3B, 0x0B, 0x49, 0x49, 0x3B, 0x30, 0x33, 0x65, 0xDD, 0xF4, 0xEF, 0xF4, 0xEF, 0xF4, 0x80, 0xEF, 
	0x0C, 0xF4, 0xEF, 0xEF, 0xF4, 0x78, 0x55, 0x52, 0x38, 0x6B, 0xF4, 0xEF, 0xA1, 0x3A, 0x80, 0x52, 
	0x0E, 0xBA, 0xF4, 0xF4, 0xE9, 0x44, 0x52, 0x35, 0xF4, 0xEF, 0xF4, 0xEF, 0xF4, 0xF4, 0xEF, 0xF4, 
	0x83, 0xEF, 0x00, 0xF4, 0x82, 0xEF, 0x03, 0xF4, 0xEF, 0xEF, 0xF4, 0x84, 0xEF, 0x02, 0xF4, 0xEF, 
	0xF4, 0x0E, 0xEF, 0xF4, 0xEF, 0xF4, 0xF4, 0xEF, 0xEF, 0xF4, 0xF4, 0xEF, 0xF4, 0xEF, 0xEF, 0xF4, 
	0xEF, 0x80, 0xF4, 0x00, 0xEF, 0x80, 0xF4, 0x27, 0xEF, 0xF4, 0xEF, 0xEF, 0xF4, 0xEF, 0xF4, 0xF4, 
	0xEF, 0xF4, 0xEF, 0xEF, 0xF4, 0xF4, 0xEF, 0xEF, 0xF4, 0xEF, 0xF4, 0xF4, 0xEF, 0xF4, 0xEF, 0xF4, 
	0xF4, 0xEF, 0xF4, 0xF4, 0xEF, 0xF4, 0xEF, 0xF4, 0xEF, 0xF4, 0xEF, 0xF4, 0xEF, 0xEF, 0xF1, 0xEF, 
	0x80, 0xF4, 0x1C, 0xEF, 0xF4, 0xF4, 0xEF, 0xF4, 0xEF, 0xF4, 0xEF, 0xF4, 0xF4, 0xEF, 0xEF, 0xF4, 
	0xEF, 0xEF, 0xF4, 0xF4, 0xEF, 0xEF, 0xF4, 0xEF, 0xEF, 0xF4, 0xEF, 0xF4, 0xEF, 0xF4, 0xEF, 0xF4, 
	0x80, 0xEF, 0x80, 0xF4, 0x09, 0xEF, 0xF4, 0xEF, 0xF4, 0xEF, 0xF4, 0xEF, 0xF4, 0xEF, 0xF4, 0x81, 
	0xEF, 0x07, 0xF4, 0xEF, 0xF4, 0xEF, 0xEF, 0xF4, 0xEF, 0xF4, 0x80, 0xEF, 0x01, 0xF4, 0xF4, 0x81, 
	0xEF, 0x03, 0xF4, 0xEF, 0xEF, 0xF4, 0x80, 0xEF, 0x03, 0xF4, 0xEF, 0xEF, 0xF4, 0x82, 0xEF, 0x16, 
	0xF4, 0xEF, 0xF4, 0xEF, 0xEF, 0xF4, 0xEF, 0xEF, 0xF4, 0xF4, 0xEF, 0xF4, 0xEF, 0xEF, 0xF4, 0xEF, 
	0xF4, 0xEF, 0xF4, 0xF4, 0xEF, 0xEF, 0xF4, 0x80, 0xEF, 0x06, 0xF4, 0xF4, 0xEF, 0xF4, 0xEF, 0xEF, 
	0xF4, 0x82, 0xEF, 0x08, 0xF4, 0xEF, 0xF4, 0xEF, 0xEF, 0xF4, 0xEF, 0xEF, 0xF4, 0x80, 0xEF, 0x00, 
	0xF4, 0x80, 0xEF, 0x00, 0xF4, 0x81, 0xEF, 0x0B, 0xF4, 0xEF, 0xEF, 0xF4, 0xEF, 0xEF, 0xF4, 0xF4, 
	0xEF, 0xEF, 0xE9, 0x4F, 0x80, 0x40, 0x12, 0x41, 0x47, 0x53, 0x8C, 0x01, 0xB2, 0xB0, 0xB8, 0xB8, 
	0x49, 0x4A, 0x00, 0x3C, 0x41, 0x60, 0x3C, 0x38, 0x33, 0x48, 0x88, 0x3B, 0x05, 0x49, 0x49, 0x5D, 
	0x5D, 0x65, 0xF4, 0x85, 0xEF, 0x16, 0xF4, 0xEF, 0xA1, 0x52, 0x52, 0x55, 0x4E, 0x6A, 0xEF, 0xDD, 
	0x50, 0x55, 0x52, 0x55, 0xBA, 0xF4, 0xEF, 0xA1, 0x79, 0x55, 0x79, 0xA1, 0xF1, 0x83, 0xEF, 0x02, 
	0xF4, 0xEF, 0xF4, 0x82, 0xEF, 0x05, 0xF4, 0xEF, 0xEF, 0xF4, 0xEF, 0xF4, 0x88, 0xEF, 0x00, 0xF4, 
	0x0C, 0xEF, 0xEF, 0xF4, 0xEF, 0xEF, 0xF4, 0xF4, 0xEF, 0xEF, 0xF4, 0xF4, 0xEF, 0xF4, 0x81, 0xEF, 
	0x01, 0xF4, 0xF4, 0x81, 0xEF, 0x0A, 0xF4, 0xF4, 0xEF, 0xF4, 0xEF, 0xF4, 0xEF, 0xF4, 0xEF, 0xF4, 
	0xF4, 0x80, 0xEF, 0x01, 0xF4, 0xF4, 0x80, 0xEF, 0x00, 0xF4, 0x84, 0xEF, 0x00, 0xF4, 0x81, 0xEF, 
	0x05, 0xF4, 0xEF, 0xEF, 0xF4, 0xEF, 0xF4, 0x82, 0xEF, 0x07, 0xF4, 0xEF, 0xF4, 0xEF, 0xEF, 0xF4, 
	0xEF, 0xF4, 0x81, 0xEF, 0x01, 0xF4, 0xF4, 0x80, 0xEF, 0x05, 0xF4, 0xEF, 0xEF, 0xF4, 0xEF, 0xF4, 
	0x82, 0xEF, 0x06, 0xF4, 0xEF, 0xEF, 0xF4, 0xEF, 0xEF, 0xF4, 0x87, 0xEF, 0x80, 0xF4, 0x80, 0xEF, 
	0x05, 0xF4, 0xEF, 0xF4, 0xEF, 0xF4, 0xF4, 0x80, 0xEF, 0x0A, 0xF4, 0xEF, 0xF4, 0xEF, 0xF4, 0xEF, 
	0xEF, 0xF4, 0xEF, 0xF4, 0xF4, 0x83, 0xEF, 0x04, 0xF4, 0xEF, 0xF4, 0xEF, 0xF4, 0x81, 0xEF, 0x08, 
	0xF4, 0xEF, 0xF4, 0xEF, 0xEF, 0xF4, 0xEF, 0xEF, 0xF4, 0x81, 0xEF, 0x02, 0xF4, 0xEF, 0xF4, 0x80, 
	0xEF, 0x00, 0xF4, 0x83, 0xEF, 0x03, 0xF4, 0xEF, 0xEF, 0xF4, 0x86, 0xEF, 0x00, 0xF4, 0x81, 0xEF, 
	0x00, 0xF4, 0x86, 0xEF, 0x00, 0xF4, 0x81, 0xEF, 0x00, 0xF4, 0x80, 0xEF, 0x1B, 0xF1, 0xEF, 0xA1, 
	0x4D, 0x40, 0x40, 0x3F, 0x9F, 0xFA, 0xFB, 0xB9, 0xB2, 0xB7, 0xB7, 0xB0, 0x01, 0x5D, 0x33, 0x53, 
	0x4D, 0x33, 0x38, 0x55, 0x2F, 0x00, 0x3B, 0x49, 0x49, 0x80, 0x3B, 0x00, 0x49, 0x80, 0x3B, 0x00, 
	0x30, 0x80, 0x49, 0x03, 0x3B, 0x5D, 0x7C, 0xF4, 0x86, 0xEF, 0x01, 0xA1, 0x79, 0x80, 0x52, 0x0E, 
	0x34, 0xF1, 0xF4, 0x4E, 0x55, 0x52, 0x55, 0x4E, 0xF4, 0xF4, 0x44, 0x52, 0x55, 0x39, 0xA1, 0x88, 
	0xEF, 0x00, 0xF4, 0x8D, 0xEF, 0x00, 0xF1, 0x81, 0xEF, 0x80, 0xEF, 0x00, 0xF4, 0x81, 0xEF, 0x00, 
	0xF4, 0x80, 0xEF, 0x00, 0xF4, 0x80, 0xEF, 0x08, 0xF4, 0xEF, 0xEF, 0xF4, 0xEF, 0xF4, 0xEF, 0xEF, 
	0xF4, 0x84, 0xEF, 0x00, 0xF4, 0x82, 0xEF, 0x01, 0xF4, 0xF4, 0x82, 0xEF, 0x0D, 0xF4, 0xEF, 0xF4, 
	0xEF, 0xEF, 0xF4, 0xEF, 0xEF, 0xF4, 0xF4, 0xEF, 0xF4, 0xEF, 0xF4, 0x80, 0xEF, 0x03, 0xF4, 0xEF, 
	0xEF, 0xF1, 0x84, 0xEF, 0x03, 0xF4, 0xEF, 0xEF, 0xF4, 0x8C, 0xEF, 0x00, 0xF4, 0x80, 0xEF, 0x02, 
	0xF4, 0xEF, 0xF4, 0x81, 0xEF, 0x04, 0xF4, 0xEF, 0xF4, 0xEF, 0xF4, 0x85, 0xEF, 0x02, 0xF4, 0xEF, 
	0xF4, 0x82, 0xEF, 0x00, 0xF4, 0x8A, 0xEF, 0x03, 0xF4, 0xEF, 0xEF, 0xF4, 0x85, 0xEF, 0x00, 0xF4, 
	0x82, 0xEF, 0x06, 0xF4, 0xEF, 0xEF, 0xF4, 0xEF, 0xEF, 0xF4, 0x83, 0xEF, 0x00, 0xF4, 0x80, 0xEF, 
	0x00, 0xF4, 0x88, 0xEF, 0x00, 0xF4, 0x80, 0xEF, 0x00, 0xF4, 0x80, 0xEF, 0x00, 0xF4, 0x85, 0xEF, 
	0x00, 0xF4, 0x8B, 0xEF, 0x07, 0xF1, 0x87, 0x3F, 0x40, 0x40, 0x47, 0x9F, 0xB0, 0x80, 0xB1, 0x12, 
	0xB0, 0xF9, 0x01, 0x00, 0x5F, 0x41, 0x3C, 0x4E, 0x55, 0x52, 0x38, 0x43, 0x00, 0x49, 0x3B, 0x3B, 
	0x49, 0x3B, 0x3B, 0x83, 0x49, 0x07, 0x3B, 0x3B, 0x49, 0x5D, 0x9B, 0xEF, 0xEF, 0xF4, 0x83, 0xEF, 
	0x01, 0xF4, 0x4E, 0x80, 0x52, 0x0E, 0x4E, 0xDD, 0xF4, 0x44, 0x52, 0x52, 0x55, 0x4E, 0xE9, 0xA1, 
	0x3A, 0x52, 0x52, 0x50, 0xDD, 0x9E, 0xEF, 0x03, 0xEF, 0xF4, 0xEF, 0xF4, 0x80, 0xEF, 0x00, 0xF4, 
	0x87, 0xEF, 0x00, 0xF4, 0x84, 0xEF, 0x05, 0xF4, 0xEF, 0xEF, 0xF4, 0xEF, 0xF4, 0x81, 0xEF, 0x00, 
	0xF4, 0x81, 0xEF, 0x02, 0xF4, 0xEF, 0xF4, 0x80, 0xEF, 0x00, 0xF4, 0x89, 0xEF, 0x04, 0xF4, 0xF0, 
	0xEF, 0xEF, 0xF0, 0x88, 0xEF, 0x00, 0xF4, 0x8C, 0xEF, 0x00, 0xF4, 0xA4, 0xEF, 0x00, 0xF4, 0x80, 
	0xEF, 0x00, 0xF4, 0xC7, 0xEF, 0x00, 0xF0, 0x83, 0xEF, 0x09, 0xF1, 0xAA, 0x53, 0x40, 0x40, 0x50, 
	0x00, 0x01, 0x3B, 0x49, 0x80, 0x01, 0x04, 0x44, 0x3F, 0x1B, 0x44, 0x55, 0x80, 0x52, 0x02, 0x79, 
	0x32, 0x00, 0x80, 0x49, 0x80, 0x3B, 0x00, 0x49, 0x80, 0x3B, 0x08, 0x30, 0x48, 0x5D, 0x33, 0x65, 
	0x7C, 0xEF, 0xF4, 0xF0, 0x84, 0xEF, 0x0D, 0x35, 0x52, 0x52, 0x55, 0x39, 0x9B, 0xF4, 0x44, 0x55, 
	0x52, 0x5F, 0x4E, 0xA1, 0xBA, 0x80, 0x52, 0x01, 0x4E, 0xE9, 0x99, 0xEF, 0x00, 0xF0, 0x81, 0xEF, 
	0x83, 0xEF, 0x00, 0xF4, 0x84, 0xEF, 0x00, 0xF4, 0x85, 0xEF, 0x00, 0xF4, 0xA4, 0xEF, 0x00, 0xF4, 
	0x80, 0xEF, 0x02, 0xF4, 0xEF, 0xF4, 0xA3, 0xEF, 0x00, 0xF0, 0x81, 0xEF, 0x0C, 0xF0, 0xEF, 0xEF, 
	0xF0, 0xEF, 0xEF, 0xF0, 0xEF, 0xEF, 0xF0, 0xEF, 0xEF, 0xF0, 0x90, 0xEF, 0x00, 0xF4, 0x93, 0xEF, 
	0x0A, 0xF0, 0xEF, 0xEF, 0xF0, 0xEF, 0xF0, 0xEF, 0xF0, 0xEF, 0xEF, 0xF0, 0x84, 0xEF, 0x00, 0xF0, 
	0x83, 0xEF, 0x00, 0xF0, 0x84, 0xEF, 0x00, 0xF0, 0x8E, 0xEF, 0x06, 0xF4, 0x9A, 0x4C, 0x40, 0x5F, 
	0x00, 0x3B, 0x81, 0x49, 0x0C, 0x00, 0x50, 0x44, 0x3B, 0x50, 0x38, 0x52, 0x52, 0x55, 0x52, 0x4F, 
	0x32, 0x5D, 0x81, 0x49, 0x81, 0x3B, 0x07, 0x48, 0x6B, 0xA1, 0x7C, 0x48, 0xA0, 0x8E, 0xE3, 0x80, 
	0xEF, 0x0D, 0xF0, 0xEF, 0xF0, 0xEF, 0xF0, 0xF0, 0xA1, 0x3A, 0x52, 0x52, 0x55, 0x35, 0xDD, 0xA0, 
	0x80, 0x2F, 0x02, 0x34, 0x8E, 0x35, 0x80, 0x52, 0x00, 0x35, 0x80, 0xEF, 0x03, 0xF8, 0xEF, 0xEF, 
	0xF0, 0x80, 0xEF, 0x00, 0xF0, 0x82, 0xEF, 0x00, 0xF8, 0x82, 0xEF, 0x0B, 0xF8, 0xEF, 0xEF, 0xF8, 
	0xEF, 0xEF, 0xF8, 0xEF, 0xF0, 0xEF, 0xF0, 0xEF, 0xB2, 0xEF, 0x00, 0xF0, 0x83, 0xEF, 0x00, 0xF0, 
	0x8D, 0xEF, 0x00, 0xF0, 0x86, 0xEF, 0x03, 0xF0, 0xEF, 0xF0, 0xF0, 0x8B, 0xEF, 0x03, 0xF0, 0xEF, 
	0xEF, 0xF0, 0x82, 0xEF, 0x02, 0xF0, 0xEF, 0xF0, 0x8D, 0xEF, 0x00, 0xF0, 0x8A, 0xEF, 0x00, 0xF0, 
	0x80, 0xEF, 0x00, 0xF0, 0x98, 0xEF, 0x00, 0xF0, 0x81, 0xEF, 0x06, 0xF0, 0xF0, 0xEF, 0xEF, 0xF0, 
	0xEF, 0xF0, 0x82, 0xEF, 0x00, 0xF8, 0x82, 0xEF, 0x00, 0xF0, 0x80, 0xEF, 0x00, 0xF0, 0x80, 0xEF, 
	0x00, 0xF0, 0x80, 0xEF, 0x16, 0xF0, 0xEF, 0xF0, 0xEF, 0xEF, 0xF0, 0xEF, 0xE9, 0x50, 0x52, 0x3B, 
	0x49, 0x49, 0x3B, 0x49, 0x49, 0x30, 0x00, 0x34, 0x47, 0x47, 0x60, 0x3A, 0x81, 0x52, 0x13, 0x39, 
	0x33, 0x49, 0x33, 0x49, 0x49, 0x3B, 0x3B, 0x49, 0x49, 0x48, 0xAC, 0xA1, 0xF0, 0xDD, 0x33, 0xA1, 
	0xEF, 0xF8, 0xF0, 0x80, 0xEF, 0x18, 0xF0, 0xF0, 0xEF, 0xEF, 0xF4, 0x60, 0x55, 0x52, 0x50, 0x3C, 
	0x4E, 0x50, 0x3A, 0x50, 0x4E, 0x4E, 0x1B, 0x60, 0x4E, 0x55, 0x3A, 0xDD, 0xF8, 0xEF, 0xF8, 0x82, 
	0xEF, 0x14, 0xF8, 0xEF, 0xEF, 0xF0, 0xEF, 0xF8, 0xEF, 0xF8, 0xEF, 0xEF, 0xF8, 0xEF, 0xF8, 0xEF, 
	0xEF, 0xF0, 0xEF, 0xF0, 0xEF, 0xEF, 0xF0, 0x80, 0xEF, 0x01, 0xF0, 0xEF, 0x87, 0xEF, 0x01, 0xF0, 
	0xF0, 0x89, 0xEF, 0x00, 0xF8, 0x81, 0xEF, 0x02, 0xF8, 0xEF, 0xF0, 0x81, 0xEF, 0x07, 0xF0, 0xEF, 
	0xF0, 0xEF, 0xF0, 0xEF, 0xF0, 0xF0, 0x81, 0xEF, 0x08, 0xF0, 0xEF, 0xEF, 0xF0, 0xEF, 0xEF, 0xF0, 
	0xEF, 0xF0, 0x84, 0xEF, 0x00, 0xF0, 0x81, 0xEF, 0x0A, 0xF0, 0xEF, 0xF0, 0xEF, 0xEF, 0xF0, 0xEF, 
	0xF0, 0xEF, 0xEF, 0xF0, 0x80, 0xEF, 0x05, 0xF0, 0xEF, 0xEF, 0xF0, 0xEF, 0xF0, 0x80, 0xEF, 0x0B, 
	0xF0, 0xEF, 0xF0, 0xEF, 0xEF, 0xF0, 0xEF, 0xF0, 0xF0, 0xEF, 0xEF, 0xF0, 0x83, 0xEF, 0x0D, 0xF0, 
	0xEF, 0xF0, 0xEF, 0xEF, 0xF0, 0xEF, 0xF0, 0xEF, 0xEF, 0xF0, 0xF0, 0xEF, 0xF8, 0x80, 0xEF, 0x08, 
	0xF0, 0xEF, 0xF0, 0xF0, 0xEF, 0xF0, 0xEF, 0xF0, 0xEF, 0x80, 0xF0, 0x21, 0xEF, 0xF8, 0xEF, 0xEF, 
	0xF8, 0xEF, 0xF8, 0xEF, 0xF8, 0xF0, 0xF0, 0xEF, 0xF8, 0xEF, 0xF0, 0xEF, 0xEF, 0xF0, 0xEF, 0xF8, 
	0xEF, 0xEF, 0xF8, 0xEF, 0xF8, 0xF8, 0xEF, 0xF8, 0xEF, 0xF0, 0xF0, 0xEF, 0xEF, 0xF8, 0x84, 0xEF, 
	0x0C, 0xF8, 0xF0, 0xEF, 0xF0, 0xEF, 0xEF, 0xF0, 0xEF, 0xEF, 0xF8, 0xEF, 0xEF, 0xF8, 0x81, 0xEF, 
	0x30, 0xF8, 0xEF, 0xF8, 0xEF, 0xF8, 0xEF, 0xEF, 0xF8, 0xF8, 0xEF, 0xEF, 0xF8, 0xEF, 0xEF, 0xF0, 
	0xF0, 0xEF, 0xF0, 0xEF, 0xEF, 0xF0, 0xEF, 0xF0, 0xF0, 0x9A, 0x4A, 0x00, 0x3B, 0x3B, 0x49, 0x3B, 
	0x3B, 0x48, 0x00, 0x32, 0x3F, 0x40, 0x40, 0x41, 0x50, 0x3A, 0x55, 0x52, 0x55, 0x52, 0x34, 0x33, 
	0x3C, 0x5D, 0x82, 0x3B, 0x0D, 0x49, 0x5D, 0xA0, 0xEF, 0xF8, 0xDD, 0x6A, 0xF0, 0xEF, 0xF0, 0xEF, 
	0xEC, 0xEF, 0xEF, 0x80, 0xF0, 0x04, 0xEF, 0x99, 0x4F, 0x52, 0x38, 0x83, 0x52, 0x28, 0x5F, 0x52, 
	0x55, 0x52, 0x52, 0x44, 0xF4, 0xEF, 0xF0, 0xEF, 0xEF, 0xF0, 0xF8, 0xEF, 0xF0, 0xEF, 0xF8, 0xF0, 
	0xF0, 0xEF, 0xF0, 0xEF, 0xF0, 0xEF, 0xF8, 0xEF, 0xF8, 0xEF, 0xF8, 0xF0, 0xEF, 0xF8, 0xF0, 0xF8, 
	0xEF, 0xF8, 0xEF, 0xF8, 0xF0, 0xEF, 0xF8, 0x00, 0xF0, 0x84, 0xEF, 0x00, 0xF8, 0x83, 0xEF, 0x00, 
	0xF0, 0x80, 0xEF, 0x00, 0xF8, 0x85, 0xEF, 0x00, 0xF8, 0x86, 0xEF, 0x00, 0xF0, 0x82, 0xEF, 0x03, 
	0xF0, 0xEF, 0xEF, 0xF0, 0x80, 0xEF, 0x06, 0xF0, 0xEF, 0xF0, 0xF0, 0xEF, 0xF0, 0xEF, 0x82, 0xF0, 
	0x0C, 0xEF, 0xEF, 0xF0, 0xF0, 0xEF, 0xEF, 0xF0, 0xF0, 0xEF, 0xF0, 0xEF, 0xEF, 0xF0, 0x81, 0xEF, 
	0x02, 0xF0, 0xF0, 0xEF, 0x80, 0xF0, 0x0E, 0xEF, 0xF0, 0xEF, 0xF0, 0xEF, 0xF0, 0xEF, 0xF0, 0xF0, 
	0xEF, 0xF8, 0xEF, 0xF0, 0xF0, 0xEF, 0x81, 0xF0, 0x00, 0xEF, 0x81, 0xF0, 0x28, 0xEF, 0xF0, 0xEF, 
	0xF0, 0xF0, 0xEF, 0xEF, 0xF0, 0xEF, 0xF0, 0xEF, 0xF0, 0xEF, 0xEF, 0xF8, 0xEF, 0xF8, 0xF0, 0xEF, 
	0xEF, 0xF0, 0xEF, 0xF0, 0xEF, 0xF8, 0xEF, 0xF0, 0xEF, 0xF8, 0xEF, 0xEF, 0xF8, 0xEF, 0xF8, 0xEF, 
	0xEF, 0xF8, 0xEF, 0xF0, 0xEF, 0xF8, 0x80, 0xEF, 0x46, 0xF8, 0xF0, 0xF8, 0xEF, 0xF0, 0xF8, 0xF8, 
	0xEF, 0xEF, 0xF8, 0xEF, 0xF8, 0xEF, 0xF8, 0xEF, 0xF8, 0xEF, 0xF8, 0xEF, 0xF8, 0xEF, 0xF8, 0xEF, 
	0xF8, 0xF8, 0xEF, 0xEF, 0xF8, 0xEF, 0xF8, 0xEF, 0xF8, 0xEF, 0xF8, 0xEF, 0xF8, 0xEF, 0xF8, 0xF0, 
	0xF8, 0xEF, 0xF8, 0xEF, 0xEF, 0xF8, 0xF0, 0xF0, 0xEF, 0xF0, 0xEF, 0xF0, 0xEF, 0xF8, 0xF0, 0xF0, 
	0xEF, 0xF8, 0xEF, 0xF8, 0xEF, 0xF8, 0xEF, 0xF0, 0xF0, 0xEF, 0xF0, 0xEF, 0x8E, 0x5D, 0x49, 0x3B, 
	0x80, 0x49, 0x09, 0x00, 0x33, 0x3A, 0x55, 0x40, 0x41, 0x40, 0x40, 0x3F, 0x4E, 0x81, 0x52, 0x04, 
	0x3C, 0x2E, 0x1B, 0x00, 0x49, 0x82, 0x3B, 0x05, 0x49, 0x33, 0xEF, 0xF8, 0xF8, 0xA1, 0x81, 0xF0, 
	0x00, 0xEC, 0x80, 0xF0, 0x04, 0xEF, 0xEC, 0xEF, 0xA1, 0x4E, 0x89, 0x52, 0x24, 0x4E, 0xA1, 0xF0, 
	0xF8, 0xEF, 0xEC, 0xEC, 0xF0, 0xF0, 0xF8, 0xEF, 0xF8, 0xEF, 0xF0, 0xF8, 0xEC, 0xEC, 0xEF, 0xF8, 
	0xEF, 0xEC, 0xEF, 0xEC, 0xEC, 0xF0, 0xEF, 0xF0, 0xF0, 0xEF, 0xEC, 0xF0, 0xF0, 0xF8, 0xF0, 0xF0, 
	0xEF, 0xF0, 0x80, 0xEF, 0x0A, 0xF8, 0xEF, 0xEF, 0xF8, 0xEF, 0xEF, 0xF0, 0xEF, 0xF0, 0xF0, 0xF8, 
	0x80, 0xEF, 0x00, 0xF8, 0x80, 0xEF, 0x0F, 0xF8, 0xEF, 0xF8, 0xEF, 0xF8, 0xF0, 0xF8, 0xEF, 0xF8, 
	0xEF, 0xF0, 0xF8, 0xEF, 0xF8, 0xEF, 0xF8, 0x80, 0xEF, 0x29, 0xF8, 0xEF, 0xF8, 0xF8, 0xEF, 0xF8, 
	0xEF, 0xF8, 0xEF, 0xF0, 0xF0, 0xEF, 0xEF, 0xF0, 0xEF, 0xF8, 0xEF, 0xF0, 0xEF, 0xF0, 0xEF, 0xF0, 
	0xEF, 0xF0, 0xF0, 0xEF, 0xF0, 0xEF, 0xF0, 0xF0, 0xEF, 0xF0, 0xEF, 0xF0, 0xF8, 0xEF, 0xF0, 0xF0, 
	0xEF, 0xF0, 0xEF, 0xEF, 0x80, 0xF0, 0x01, 0xEF, 0xEF, 0x80, 0xF0, 0x02, 0xEF, 0xF0, 0xEF, 0x80, 
	0xF0, 0x06, 0xEF, 0xEC, 0xF0, 0xEF, 0xF0, 0xF0, 0xEF, 0x80, 0xF0, 0x09, 0xEF, 0xF8, 0xEF, 0xF8, 
	0xEF, 0xF8, 0xF0, 0xF0, 0xEF, 0xF8, 0x81, 0xF0, 0x18, 0xEF, 0xF8, 0xF8, 0xF0, 0xEF, 0xF8, 0xEF, 
	0xF0, 0xF8, 0xF0, 0xEF, 0xF8, 0xF0, 0xEF, 0xF8, 0xF0, 0xF8, 0xF0, 0xF0, 0xF8, 0xEF, 0xF8, 0xF0, 
	0xF0, 0xF8, 0x80, 0xF0, 0x1F, 0xEC, 0xF0, 0xEF, 0xF0, 0xF8, 0xEF, 0xF8, 0xEF, 0xF0, 0xF8, 0xF0, 
	0xEF, 0xF0, 0xF8, 0xF0, 0xEF, 0xF8, 0xEF, 0xF0, 0xF8, 0xEF, 0xF0, 0xF8, 0xEF, 0xF0, 0xF0, 0xF8, 
	0xF0, 0xF8, 0xF0, 0xEF, 0xF8, 0x80, 0xF0, 0x1B, 0xEF, 0xF8, 0xEF, 0xF0, 0xF0, 0xF8, 0xF0, 0xF0, 
	0xEF, 0xF8, 0xEF, 0xF8, 0xF0, 0xF8, 0xF0, 0xF0, 0xEF, 0xF8, 0xEF, 0xF8, 0xF0, 0xF8, 0xF0, 0xF0, 
	0xF8, 0xF0, 0xF0, 0xF8, 0x81, 0xF0, 0x05, 0xF8, 0xF0, 0xEF, 0xF0, 0xF0, 0x9A, 0x80, 0x30, 0x1E, 
	0x3B, 0x3B, 0x48, 0x33, 0x3A, 0x53, 0x40, 0x47, 0x3D, 0x32, 0x4B, 0x40, 0x40, 0x5F, 0x4E, 0x3A, 
	0x52, 0x55, 0x2F, 0x3A, 0x3C, 0x43, 0x30, 0x3B, 0x3B, 0x49, 0x3B, 0x49, 0x49, 0x5D, 0x6F, 0x81, 
	0xF0, 0x0E, 0xEF, 0xF8, 0xF0, 0xF0, 0xF8, 0xF0, 0xEF, 0xF8, 0xF0, 0xEC, 0xF4, 0x44, 0x55, 0x52, 
	0x55, 0x85, 0x52, 0x07, 0x4E, 0x7C, 0xF0, 0xF0, 0xEF, 0xF8, 0xEC, 0xEC, 0x80, 0xF0, 0x02, 0xF8, 
	0xF0, 0xEC, 0x80, 0xF0, 0x04, 0xEC, 0xEC, 0xF0, 0xF0, 0xF8, 0x81, 0xF0, 0x0B, 0xF8, 0xF0, 0xF8, 
	0xF0, 0xF0, 0xF8, 0xEF, 0xF0, 0xEF, 0xEC, 0xEC, 0xF0, 0x07, 0xF0, 0xF8, 0xF0, 0xEF, 0xF8, 0xF0, 
	0xEF, 0xF8, 0x80, 0xF0, 0x28, 0xF8, 0xEF, 0xF0, 0xF0, 0xF8, 0xF0, 0xF0, 0xF8, 0xEF, 0xF8, 0xF0, 
	0xF8, 0xEF, 0xF8, 0xEF, 0xF8, 0xEF, 0xEF, 0xEC, 0xF8, 0xEF, 0xF8, 0xF0, 0xF8, 0xEF, 0xF8, 0xEF, 
	0xF8, 0xF0, 0xEF, 0xF0, 0xEF, 0xF8, 0xEF, 0xF8, 0xF0, 0xEF, 0xF8, 0xF0, 0xEF, 0xF8, 0x81, 0xF0, 
	0x07, 0xEF, 0xF8, 0xF0, 0xF0, 0xF8, 0xF0, 0xEF, 0xEF, 0x80, 0xF0, 0x05, 0xEF, 0xF0, 0xF0, 0xF8, 
	0xF0, 0xF8, 0x80, 0xF0, 0x00, 0xF8, 0x80, 0xF0, 0x0B, 0xF8, 0xF0, 0xEF, 0xF8, 0xF0, 0xF0, 0xF8, 
	0xF0, 0xF0, 0xEF, 0xF0, 0xF8, 0x81, 0xF0, 0x01, 0xEF, 0xF8, 0x80, 0xF0, 0x1A, 0xEF, 0xF8, 0xF0, 
	0xF8, 0xEF, 0xF8, 0xF0, 0xEF, 0xF8, 0xF0, 0xEF, 0xF8, 0xF0, 0xF0, 0xEF, 0xF8, 0xF0, 0xEF, 0xF8, 
	0xF0, 0xEF, 0xF0, 0xF0, 0xF8, 0xF0, 0xF0, 0xF8, 0x81, 0xF0, 0x0B, 0xF8, 0xF0, 0xEF, 0xF8, 0xEF, 
	0xF8, 0xF0, 0xEF, 0xF8, 0xEF, 0xF8, 0xEC, 0x81, 0xF0, 0x02, 0xF8, 0xEF, 0xF8, 0x80, 0xF0, 0x0A, 
	0xF8, 0xF0, 0xF0, 0xEF, 0xF8, 0xF0, 0xEF, 0xF8, 0xF0, 0xF0, 0xEC, 0x81, 0xF0, 0x02, 0xF8, 0xEF, 
	0xF8, 0x80, 0xF0, 0x0B, 0xF8, 0xEF, 0xF8, 0xEF, 0xF0, 0xF0, 0xF8, 0xF0, 0xF8, 0xF0, 0xF0, 0xF8, 
	0x80, 0xF0, 0x03, 0xF8, 0xF0, 0xEF, 0xEC, 0x80, 0xF0, 0x0C, 0xF8, 0xEC, 0xF0, 0xEC, 0xF0, 0xF8, 
	0xEF, 0xF0, 0xF0, 0xF8, 0xEF, 0xF8, 0xEF, 0x84, 0xF0, 0x26, 0xF8, 0xF0, 0xF0, 0x6A, 0xEE, 0x6F, 
	0x48, 0x49, 0x48, 0x65, 0x99, 0x47, 0x4D, 0x40, 0x41, 0x43, 0x00, 0x3C, 0x41, 0x40, 0x4C, 0x00, 
	0x3C, 0x3A, 0x52, 0x38, 0x3A, 0x34, 0x4E, 0x30, 0x49, 0x3B, 0x49, 0x49, 0x3B, 0x30, 0x5D, 0xA0, 
	0xEC, 0x80, 0xF0, 0x10, 0xF8, 0xF0, 0xF0, 0xF8, 0xF0, 0xF0, 0xF8, 0xF0, 0xEC, 0xEC, 0xEF, 0x78, 
	0x52, 0x55, 0x52, 0x55, 0x55, 0x84, 0x52, 0x07, 0x9B, 0xF0, 0xF8, 0xEC, 0xEC, 0xF0, 0xF0, 0xF8, 
	0x80, 0xF0, 0x03, 0xEC, 0xEC, 0xF0, 0xEC, 0x80, 0xF0, 0x12, 0xF8, 0xF0, 0xEC, 0xF0, 0xF8, 0xEC, 
	0xF0, 0xF0, 0xF8, 0xF0, 0xF8, 0xF0, 0xEC, 0xEC, 0xF8, 0xEC, 0xF0, 0xF0, 0xF8, 0x80, 0xF0, 0x01, 
	0xF8, 0xEF, 0x81, 0xF0, 0x02, 0xEF, 0xEF, 0xF8, 0x81, 0xF0, 0x03, 0xF8, 0xEF, 0xF0, 0xF8, 0x80, 
	0xF0, 0x04, 0xEF, 0xEC, 0xF0, 0xF0, 0xF8, 0x80, 0xF0, 0x00, 0xF8, 0x80, 0xF0, 0x00, 0xF8, 0x80, 
	0xF0, 0x02, 0xF8, 0xF0, 0xF8, 0x81, 0xF0, 0x00, 0xF8, 0x80, 0xF0, 0x0D, 0xF8, 0xEF, 0xF0, 0xEF, 
	0xF8, 0xF0, 0xF8, 0xF0, 0xF0, 0xF8, 0xEF, 0xF0, 0xF0, 0xF8, 0x80, 0xF0, 0x00, 0xF8, 0x81, 0xF0, 
	0x01, 0xEF, 0xEC, 0x81, 0xF0, 0x03, 0xF8, 0xF0, 0xEF, 0xF8, 0x83, 0xF0, 0x01, 0xEC, 0xEC, 0x80, 
	0xF0, 0x02, 0xEC, 0xF0, 0xF8, 0x80, 0xF0, 0x08, 0xEF, 0xF8, 0xF0, 0xF0, 0xEC, 0xEC, 0xF0, 0xF0, 
	0xF8, 0x81, 0xF0, 0x0E, 0xF8, 0xEF, 0xF8, 0xF0, 0xF0, 0xF8, 0xF0, 0xF8, 0xF0, 0xF0, 0xF8, 0xEF, 
	0xEC, 0xF0, 0xF8, 0x84, 0xF0, 0x01, 0xF8, 0xF8, 0x80, 0xF0, 0x01, 0xF8, 0xEC, 0x82, 0xF0, 0x06, 
	0xF8, 0xEF, 0xF8, 0xEC, 0xF0, 0xEC, 0xEC, 0x80, 0xF0, 0x2F, 0xF8, 0xF0, 0xEC, 0xF0, 0xF8, 0xF0, 
	0xF8, 0xEC, 0xF0, 0xEC, 0xF0, 0xF8, 0xF8, 0xF0, 0xF8, 0xF0, 0xF0, 0xEF, 0xF8, 0xF0, 0xF8, 0xF0, 
	0xEC, 0xF8, 0xF8, 0xF0, 0xF0, 0xEC, 0xF0, 0xF8, 0xF0, 0xF8, 0xF0, 0xF8, 0xEF, 0xEC, 0xEC, 0xF8, 
	0xF0, 0xF8, 0xF0, 0xEC, 0xF0, 0xEC, 0xF8, 0xF0, 0xEC, 0xEC, 0x81, 0xF0, 0x1E, 0xEC, 0xEC, 0xF8, 
	0xF0, 0xEC, 0xEC, 0xF8, 0xF8, 0xF0, 0xEC, 0xF0, 0xEC, 0x6A, 0xA1, 0xA1, 0x30, 0x8E, 0x30, 0xA1, 
	0xE3, 0x00, 0x00, 0x50, 0x40, 0x42, 0x00, 0x00, 0x4D, 0x41, 0x55, 0x1B, 0x81, 0x52, 0x03, 0x38, 
	0x4F, 0x39, 0x3B, 0x80, 0x49, 0x07, 0x48, 0x48, 0x65, 0x9B, 0x8E, 0xF8, 0xF0, 0xF0, 0x82, 0xEC, 
	0x80, 0xF0, 0x0C, 0xF8, 0xF0, 0xEC, 0xF0, 0x87, 0x52, 0x3A, 0x44, 0x2F, 0x60, 0x52, 0x52, 0x55, 
	0x81, 0x52, 0x00, 0x35, 0x81, 0xF0, 0x07, 0xF8, 0xF0, 0xF0, 0xF8, 0xF0, 0xF0, 0xF8, 0xF0, 0x80, 
	0xEC, 0x0B, 0xF0, 0xEC, 0xF0, 0xEC, 0xF0, 0xF8, 0xF0, 0xEC, 0xF8, 0xF0, 0xEC, 0xF0, 0x83, 0xEC, 
	0x02, 0xF0, 0xF8, 0xF0, 0x10, 0xEC, 0xF0, 0xF8, 0xF0, 0xF8, 0xF0, 0xF8, 0xF0, 0xF8, 0xF0, 0xF8, 
	0xF0, 0xEC, 0xF8, 0xEF, 0xF0, 0xF8, 0x80, 0xF0, 0x0B, 0xF8, 0xF0, 0xEC, 0xF0, 0xF0, 0xF8, 0xF0, 
	0xF0, 0xEC, 0xF0, 0xF0, 0xF8, 0x81, 0xF0, 0x01, 0xEF, 0xF8, 0x81, 0xF0, 0x0A, 0xEF, 0xF8, 0xF0, 
	0xF8, 0xF0, 0xF0, 0xF8, 0xF8, 0xF0, 0xEC, 0xF8, 0x80, 0xF0, 0x19, 0xEC, 0xF0, 0xF0, 0xEF, 0xF8, 
	0xF0, 0xF0, 0xEC, 0xF0, 0xF0, 0xF8, 0xF0, 0xF0, 0xF8, 0xEC, 0xF0, 0xF8, 0xF0, 0xF0, 0xF8, 0xEF, 
	0xEC, 0xF0, 0xF8, 0xF0, 0xEC, 0x81, 0xF0, 0x00, 0xF8, 0x81, 0xF0, 0x02, 0xF8, 0xF0, 0xF8, 0x80, 
	0xF0, 0x05, 0xF8, 0xF0, 0xF8, 0xF0, 0xF0, 0xF8, 0x80, 0xF0, 0x1B, 0xF8, 0xF8, 0xF0, 0xF8, 0xF0, 
	0xF0, 0xF8, 0xF0, 0xEC, 0xF0, 0xF0, 0xEC, 0xF0, 0xEF, 0xF0, 0xF8, 0xF0, 0xF8, 0xF0, 0xEC, 0xF0, 
	0xF0, 0xEC, 0xF0, 0xF0, 0xEC, 0xF0, 0xF8, 0x80, 0xF0, 0x02, 0xF8, 0xF0, 0xF0, 0x80, 0xEC, 0x07, 
	0xF0, 0xF8, 0xEC, 0xF0, 0xEC, 0xF0, 0xEC, 0xEC, 0x80, 0xF0, 0x00, 0xF8, 0x80, 0xF0, 0x02, 0xF8, 
	0xEC, 0xF0, 0x80, 0xEC, 0x07, 0xF0, 0xEC, 0xF0, 0xEC, 0xF0, 0xF8, 0xEC, 0xF0, 0x80, 0xEC, 0x13, 
	0xF0, 0xF8, 0xF0, 0xEC, 0xEC, 0xF0, 0xEC, 0xF0, 0xF8, 0xF0, 0xEC, 0xF0, 0xF0, 0xF8, 0xF0, 0xEC, 
	0xEC, 0xF0, 0xEC, 0xF0, 0x80, 0xEC, 0x05, 0xF0, 0xF8, 0xF0, 0xF0, 0xF8, 0xF0, 0x80, 0xEC, 0x02, 
	0xF0, 0xEC, 0xF0, 0x80, 0xEC, 0x02, 0xF8, 0xF0, 0xF0, 0x81, 0xEC, 0x38, 0xF8, 0xEF, 0xF8, 0x8E, 
	0x9A, 0x7C, 0xF8, 0xF8, 0x6A, 0x5D, 0x00, 0x52, 0x4D, 0x3C, 0x3C, 0x4E, 0x1B, 0x34, 0x52, 0x52, 
	0x55, 0x52, 0x55, 0x52, 0x55, 0x39, 0x30, 0x48, 0x48, 0x7C, 0x9B, 0x49, 0x33, 0x9A, 0xCF, 0xF8, 
	0xF8, 0xF0, 0xF0, 0xEC, 0xEC, 0xF0, 0xF0, 0xF8, 0xF8, 0xEC, 0xEB, 0xEF, 0xA1, 0x69, 0x34, 0x4F, 
	0x4E, 0x39, 0x3A, 0x32, 0x32, 0x82, 0x52, 0x05, 0x38, 0x9B, 0xF0, 0xEC, 0xEC, 0xF8, 0x86, 0xEC, 
	0x00, 0xF0, 0x81, 0xEC, 0x05, 0xF0, 0xEB, 0xEC, 0xF0, 0xF0, 0xF8, 0x84, 0xEC, 0x04, 0xF0, 0xEC, 
	0xEB, 0xF0, 0xEC, 0x27, 0xF0, 0xEC, 0xF0, 0xF0, 0xEC, 0xEC, 0xF0, 0xF8, 0xF0, 0xF0, 0xF8, 0xF0, 
	0xEC, 0xF0, 0xEC, 0xF8, 0xF0, 0xF8, 0xF0, 0xF8, 0xF0, 0xEC, 0xEC, 0xF0, 0xF8, 0xF0, 0xEC, 0xF0, 
	0xEC, 0xEC, 0xF0, 0xF0, 0xF8, 0xF0, 0xF8, 0xF0, 0xF8, 0xF0, 0xF8, 0xF0, 0x80, 0xF8, 0x07, 0xF0, 
	0xF0, 0xF8, 0xF0, 0xF8, 0xF0, 0xF0, 0xEC, 0x80, 0xF0, 0x81, 0xEC, 0x15, 0xF8, 0xEC, 0xF0, 0xF8, 
	0xEC, 0xEC, 0xF0, 0xF8, 0xF0, 0xEC, 0xF8, 0xF0, 0xEC, 0xEC, 0xEF, 0xEC, 0xF8, 0xF0, 0xF8, 0xEC, 
	0xEC, 0xF0, 0x80, 0xEC, 0x02, 0xF8, 0xEC, 0xF8, 0x80, 0xF0, 0x1C, 0xF8, 0xF8, 0xEC, 0xF0, 0xF0, 
	0xF8, 0xEC, 0xF0, 0xEC, 0xF0, 0xF8, 0xF0, 0xF0, 0xF8, 0xEC, 0xF8, 0xF8, 0xEC, 0xF0, 0xF0, 0xF8, 
	0xF0, 0xEC, 0xEC, 0xF8, 0xEC, 0xEC, 0xF8, 0xF8, 0x81, 0xEC, 0x0E, 0xF0, 0xEC, 0xEC, 0xF0, 0xEC, 
	0xEC, 0xF0, 0xEC, 0xEC, 0xF8, 0xF0, 0xEC, 0xF8, 0xF8, 0xF0, 0x80, 0xEC, 0x03, 0xF0, 0xF0, 0xF8, 
	0xEC, 0x80, 0xF0, 0x00, 0xEB, 0x80, 0xEC, 0x04, 0xF0, 0xEB, 0xF0, 0xEC, 0xF0, 0x80, 0xEC, 0x03, 
	0xF0, 0xF8, 0xEC, 0xF0, 0x87, 0xEC, 0x05, 0xF0, 0xF8, 0xF0, 0xEC, 0xEC, 0xF0, 0x86, 0xEC, 0x00, 
	0xF0, 0x84, 0xEC, 0x00, 0xF0, 0x82, 0xEC, 0x01, 0xF0, 0xF0, 0x81, 0xEC, 0x02, 0xF8, 0xEC, 0xF8, 
	0x81, 0xEC, 0x03, 0xF0, 0xF0, 0xF8, 0xF8, 0x80, 0xEC, 0x80, 0xF8, 0x07, 0xE3, 0xF8, 0xEC, 0x9A, 
	0x33, 0x32, 0x60, 0x39, 0x80, 0x52, 0x16, 0x38, 0x60, 0x52, 0x52, 0x3A, 0x44, 0x1B, 0x52, 0x52, 
	0x3A, 0x30, 0x3B, 0x5D, 0x7C, 0xEB, 0x8E, 0x30, 0xF8, 0xF8, 0xEF, 0xF8, 0xEC, 0xF8, 0x80, 0xEC, 
	0x00, 0xF8, 0x80, 0xEC, 0x0B, 0xA1, 0x9B, 0x4E, 0x50, 0x44, 0x60, 0x55, 0x52, 0x55, 0x38, 0x32, 
	0x44, 0x81, 0x52, 0x01, 0x4F, 0xA1, 0x82, 0xEC, 0x01, 0xE7, 0xF0, 0x84, 0xEC, 0x0B, 0xEB, 0xEC, 
	0xEC, 0xEB, 0xEC, 0xEC, 0xE7, 0xF0, 0xEB, 0xF0, 0xEC, 0xEB, 0x87, 0xEC, 0x0E, 0xEC, 0xF8, 0xEC, 
	0xF0, 0xEC, 0xEC, 0xF0, 0xF0, 0xF8, 0xEC, 0xF0, 0xEC, 0xEC, 0xF8, 0xF0, 0x81, 0xEC, 0x0F, 0xF0, 
	0xEC, 0xF0, 0xEC, 0xF8, 0xF0, 0xEC, 0xF0, 0xEC, 0xF8, 0xF0, 0xF8, 0xF8, 0xF0, 0xF8, 0xF0, 0x83, 
	0xEC, 0x0E, 0xF0, 0xEC, 0xEC, 0xF0, 0xF8, 0xF0, 0xEC, 0xEC, 0xF0, 0xEC, 0xF0, 0xF8, 0xF0, 0xF8, 
	0xF0, 0x82, 0xEC, 0x07, 0xF0, 0xEC, 0xF0, 0xEC, 0xF8, 0xEC, 0xEC, 0xF0, 0x85, 0xEC, 0x08, 0xF0, 
	0xEC, 0xF8, 0xF0, 0xF0, 0xEC, 0xEC, 0xF0, 0xF0, 0x84, 0xEC, 0x01, 0xF8, 0xF0, 0x80, 0xEC, 0x01, 
	0xF0, 0xF8, 0x80, 0xEC, 0x00, 0xF0, 0x80, 0xEC, 0x02, 0xF8, 0xF0, 0xF8, 0x82, 0xEC, 0x00, 0xF0, 
	0x82, 0xEC, 0x00, 0xF0, 0x81, 0xEC, 0x08, 0xF0, 0xF8, 0xF8, 0xF0, 0xF8, 0xF8, 0xEC, 0xF8, 0xF0, 
	0x81, 0xEC, 0x00, 0xEB, 0x8A, 0xEC, 0x0F, 0xF8, 0xEC, 0xEB, 0xEC, 0xEC, 0xF8, 0xEC, 0xF8, 0xEC, 
	0xEC, 0xF8, 0xEC, 0xF8, 0xF8, 0xEC, 0xF8, 0x80, 0xEC, 0x07, 0xF8, 0xF8, 0xF0, 0xEB, 0xF0, 0xF8, 
	0xEC, 0xEB, 0x80, 0xEC, 0x01, 0xF8, 0xEB, 0x80, 0xEC, 0x13, 0xF8, 0xF8, 0xEC, 0xEC, 0xF0, 0xEB, 
	0xEC, 0xEC, 0xEB, 0xEC, 0xEB, 0xF0, 0xEB, 0xEC, 0xEB, 0xEC, 0xF8, 0xEC, 0xEC, 0xF8, 0x84, 0xEC, 
	0x12, 0xEB, 0xF8, 0xF8, 0xEB, 0xA1, 0x6F, 0xA1, 0xEC, 0xEC, 0xEB, 0xF8, 0xEB, 0xF8, 0xA1, 0x50, 
	0x52, 0x55, 0x52, 0x55, 0x81, 0x52, 0x14, 0x55, 0x1B, 0x3A, 0x5F, 0x60, 0x3A, 0x3A, 0x38, 0x33, 
	0x48, 0x48, 0x65, 0xEB, 0xA1, 0x33, 0xF0, 0xEB, 0xEB, 0xEC, 0xEC, 0xE7, 0x80, 0xEC, 0x05, 0xEB, 
	0xEC, 0xF3, 0x69, 0x44, 0x4F, 0x80, 0x52, 0x00, 0x79, 0x81, 0x52, 0x02, 0x3A, 0x2B, 0x4F, 0x80, 
	0x52, 0x06, 0x39, 0xA1, 0xF8, 0xEC, 0xEB, 0xEC, 0xE7, 0x80, 0xEC, 0x03, 0xE7, 0xEC, 0xEC, 0xEB, 
	0x81, 0xEC, 0x00, 0xE7, 0x82, 0xEC, 0x0D, 0xE7, 0xEC, 0xEB, 0xEC, 0xEC, 0xEB, 0xEC, 0xEC, 0xE7, 
	0xEC, 0xEB, 0xEB, 0xEC, 0xEB, 0x85, 0xEC, 0x07, 0xF8, 0xEC, 0xF8, 0xF0, 0xF8, 0xEC, 0xEC, 0xF8, 
	0x80, 0xEC, 0x02, 0xF8, 0xEC, 0xF8, 0x81, 0xEC, 0x80, 0xF8, 0x01, 0xF0, 0xF8, 0x83, 0xEC, 0x02, 
	0xF8, 0xF0, 0xF8, 0x84, 0xEC, 0x02, 0xF8, 0xEC, 0xEC, 0x80, 0xF8, 0x80, 0xEC, 0x04, 0xF8, 0xF0, 
	0xEC, 0xF0, 0xEB, 0x80, 0xEC, 0x00, 0xF8, 0x81, 0xEC, 0x03, 0xF8, 0xEC, 0xF8, 0xEB, 0x85, 0xEC, 
	0x07, 0xF8, 0xF0, 0xF8, 0xF8, 0xEC, 0xEB, 0xEC, 0xF8, 0x88, 0xEC, 0x00, 0xF0, 0x80, 0xEC, 0x00, 
	0xEB, 0x81, 0xEC, 0x00, 0xF8, 0x83, 0xEC, 0x02, 0xF8, 0xEC, 0xE7, 0x81, 0xEC, 0x07, 0xEB, 0xEC, 
	0xEB, 0xF8, 0xF8, 0xEC, 0xEC, 0xF8, 0x82, 0xEC, 0x00, 0xEB, 0x80, 0xEC, 0x01, 0xF8, 0xEB, 0x82, 
	0xEC, 0x00, 0xE7, 0x81, 0xEC, 0x02, 0xEB, 0xF0, 0xEB, 0x80, 0xEC, 0x06, 0xEB, 0xEC, 0xF0, 0xF8, 
	0xEC, 0xEC, 0xEB, 0x80, 0xEC, 0x02, 0xEB, 0xEC, 0xEB, 0x80, 0xEC, 0x06, 0xF8, 0xEC, 0xF8, 0xEB, 
	0xEC, 0xEC, 0xF8, 0x82, 0xEC, 0x01, 0xF8, 0xEB, 0x81, 0xEC, 0x03, 0xEB, 0xEC, 0xEC, 0xEB, 0x82, 
	0xEC, 0x0C, 0xEB, 0xEC, 0xE7, 0xEC, 0xEC, 0xEB, 0xEC, 0xEB, 0xEC, 0xE7, 0xEC, 0xEB, 0xE7, 0x80, 
	0xEC, 0x10, 0xF8, 0x6A, 0x48, 0x00, 0x30, 0x6A, 0xEC, 0xEC, 0xF8, 0x9A, 0x9B, 0x35, 0x4E, 0x60, 
	0x1B, 0x4E, 0x39, 0x81, 0x52, 0x11, 0x38, 0x50, 0x40, 0x53, 0x3A, 0x3C, 0x39, 0x4F, 0x5E, 0x5D, 
	0xA5, 0x33, 0xF8, 0xEB, 0x7C, 0xF8, 0xEC, 0xE7, 0x82, 0xEC, 0x04, 0xEB, 0xEC, 0xE7, 0xEC, 0x99, 
	0x81, 0x52, 0x00, 0x55, 0x83, 0x52, 0x01, 0x32, 0x50, 0x80, 0x52, 0x10, 0x4E, 0x71, 0xEC, 0xEC, 
	0xE7, 0xEC, 0xEC, 0xE7, 0xEC, 0xE7, 0xEC, 0xEC, 0xEB, 0xEC, 0xE7, 0xEC, 0xE7, 0x80, 0xEC, 0x11, 
	0xE7, 0xE7, 0xEB, 0xEC, 0xE7, 0xEC, 0xEC, 0xEB, 0xE7, 0xEC, 0xE7, 0xE7, 0xEC, 0xEC, 0xE7, 0xEC, 
	0xE7, 0xEC, 0x80, 0xEC, 0x00, 0xF0, 0x80, 0xEC, 0x04, 0xF8, 0xF8, 0xF0, 0xEC, 0xF8, 0x80, 0xEC, 
	0x00, 0xF8, 0x80, 0xEC, 0x00, 0xEB, 0x80, 0xEC, 0x05, 0xF8, 0xEC, 0xEB, 0xEC, 0xEC, 0xF0, 0x80, 
	0xEC, 0x00, 0xEB, 0x80, 0xEC, 0x01, 0xF0, 0xF8, 0x82, 0xEC, 0x00, 0xF8, 0x81, 0xEC, 0x01, 0xF8, 
	0xF8, 0x81, 0xEC, 0x09, 0xF8, 0xEC, 0xEC, 0xF8, 0xEB, 0xEC, 0xEC, 0xF8, 0xEC, 0xEB, 0x80, 0xEC, 
	0x01, 0xF8, 0xE7, 0x83, 0xEC, 0x00, 0xE7, 0x80, 0xEC, 0x03, 0xEB, 0xEC, 0xEB, 0xEB, 0x83, 0xEC, 
	0x00, 0xEB, 0x83, 0xEC, 0x05, 0xEB, 0xEC, 0xEB, 0xEC, 0xEC, 0xEB, 0x81, 0xEC, 0x00, 0xEB, 0x80, 
	0xEC, 0x00, 0xE7, 0x84, 0xEC, 0x00, 0xE7, 0x82, 0xEC, 0x00, 0xEB, 0x82, 0xEC, 0x0E, 0xEB, 0xEC, 
	0xE7, 0xEC, 0xE7, 0xEC, 0xEC, 0xE7, 0xEC, 0xE7, 0xEC, 0xEC, 0xEB, 0xEC, 0xE7, 0x80, 0xEC, 0x31, 
	0xEB, 0xEC, 0xE7, 0xEC, 0xEC, 0xE7, 0xEC, 0xEC, 0xE7, 0xEC, 0xEC, 0xEB, 0xEC, 0xE7, 0xEC, 0xEC, 
	0xEB, 0xEC, 0xEB, 0xEC, 0xE7, 0xEC, 0xE7, 0xEC, 0xEC, 0xEB, 0xEC, 0xEC, 0xEB, 0xEC, 0xEC, 0xEB, 
	0xEC, 0xEB, 0xEC, 0xE7, 0xEB, 0xEB, 0xEC, 0xEC, 0xE7, 0xEC, 0xEB, 0xE7, 0xEC, 0xEB, 0xEC, 0xE7, 
	0xEB, 0xEC, 0x80, 0xEB, 0x21, 0xEC, 0xEC, 0xEB, 0xE7, 0xEC, 0xEB, 0xEB, 0xEC, 0xEB, 0xE7, 0xEC, 
	0xEB, 0xEC, 0xEB, 0xE7, 0xEC, 0x69, 0x5D, 0x00, 0x55, 0x53, 0x60, 0x8E, 0xF8, 0xBA, 0x4E, 0x4F, 
	0x52, 0x52, 0x4F, 0x3A, 0x4E, 0x44, 0x4F, 0x80, 0x52, 0x20, 0x39, 0x79, 0x3F, 0x4D, 0x2F, 0x4E, 
	0x55, 0x52, 0x35, 0x65, 0x5D, 0x49, 0xA1, 0xE7, 0xA1, 0xF8, 0xF8, 0xEB, 0xEC, 0xE7, 0xEC, 0xE7, 
	0xEB, 0xEB, 0xE7, 0xEC, 0xEF, 0x4E, 0x52, 0x52, 0x39, 0x3A, 0x3A, 0x83, 0x52, 0x01, 0x34, 0x3A, 
	0x80, 0x52, 0x0F, 0x3C, 0xF8, 0xEC, 0xE7, 0xEC, 0xE7, 0xEC, 0xE7, 0xE7, 0xEC, 0xE7, 0xEC, 0xEB, 
	0xEC, 0xE7, 0xEC, 0x80, 0xE7, 0x12, 0xEC, 0xEB, 0xEC, 0xE7, 0xEC, 0xE7, 0xEC, 0xE7, 0xEC, 0xE7, 
	0xEC, 0xE7, 0xEC, 0xEB, 0xE7, 0xEC, 0xE7, 0xEC, 0xEC, 0x80, 0xEC, 0x02, 0xEB, 0xEC, 0xEB, 0x80, 
	0xEC, 0x00, 0xEB, 0x80, 0xEC, 0x10, 0xEB, 0xEB, 0xEC, 0xEC, 0xEB, 0xEC, 0xEC, 0xEB, 0xEC, 0xEC, 
	0xEB, 0xEC, 0xE7, 0xEC, 0xEB, 0xEC, 0xEB, 0x80, 0xEC, 0x16, 0xEB, 0xEB, 0xEC, 0xEB, 0xE7, 0xEC, 
	0xE7, 0xEC, 0xEB, 0xE7, 0xEC, 0xEC, 0xEB, 0xEC, 0xF8, 0xEC, 0xEC, 0xE7, 0xEC, 0xEC, 0xEB, 0xEC, 
	0xE7, 0x80, 0xEC, 0x0D, 0xE7, 0xEC, 0xEC, 0xEB, 0xEC, 0xE7, 0xEC, 0xE7, 0xEC, 0xE7, 0xEC, 0xE7, 
	0xEC, 0xEB, 0x80, 0xEC, 0x03, 0xE7, 0xEC, 0xEC, 0xE7, 0x80, 0xEC, 0x1B, 0xEB, 0xEC, 0xEB, 0xE7, 
	0xE7, 0xEC, 0xE7, 0xEC, 0xEB, 0xE7, 0xEC, 0xEB, 0xEC, 0xE7, 0xEC, 0xEC, 0xE7, 0xEC, 0xE7, 0xEC, 
	0xE7, 0xEC, 0xE7, 0xEC, 0xEC, 0xE7, 0xEC, 0xEC, 0x80, 0xE7, 0x0A, 0xEC, 0xEB, 0xEC, 0xE7, 0xEC, 
	0xE7, 0xEB, 0xE7, 0xEC, 0xEB, 0xEC, 0x80, 0xE7, 0x62, 0xEB, 0xEC, 0xE7, 0xEC, 0xEC, 0xE7, 0xEC, 
	0xEC, 0xE7, 0xE7, 0xEC, 0xEC, 0xE7, 0xF3, 0xEB, 0xE7, 0xEC, 0xE7, 0xEC, 0xE7, 0xEC, 0xEB, 0xE7, 
	0xF3, 0xEB, 0xEC, 0xE7, 0xE7, 0xEC, 0xEB, 0xE7, 0xE7, 0xEC, 0xEB, 0xEC, 0xE7, 0xEC, 0xE7, 0xEC, 
	0xF3, 0xEB, 0xEC, 0xE7, 0xEC, 0xE7, 0xEC, 0xEB, 0xEB, 0xE7, 0xEC, 0xEB, 0xEB, 0xEC, 0xE7, 0xEB, 
	0xEC, 0xEC, 0xE7, 0xEB, 0xEC, 0xE7, 0xEC, 0xEB, 0xEC, 0xEB, 0xE7, 0xEC, 0xEB, 0xEB, 0xEC, 0xEB, 
	0xEC, 0xE7, 0xEB, 0xE7, 0xEC, 0xEB, 0xE7, 0xE7, 0xEC, 0xE7, 0xEB, 0xE7, 0xE7, 0xEC, 0xEB, 0xE7, 
	0xEC, 0xE7, 0x6F, 0x5D, 0x00, 0x42, 0x40, 0x41, 0x3C, 0x35, 0x38, 0x55, 0x81, 0x52, 0x00, 0x55, 
	0x81, 0x52, 0x46, 0x55, 0x52, 0x79, 0x50, 0x5B, 0x32, 0x32, 0x52, 0x52, 0x38, 0xBA, 0x9A, 0x65, 
	0x00, 0xA0, 0xE7, 0xF8, 0xEB, 0xEB, 0xE7, 0xEB, 0xE7, 0xEC, 0xE7, 0xEC, 0xE7, 0xEC, 0xE7, 0x71, 
	0x4E, 0x52, 0x2F, 0x6F, 0xA1, 0xA1, 0x35, 0x38, 0x55, 0x52, 0x55, 0x52, 0x3A, 0x52, 0x55, 0x55, 
	0x1B, 0x6A, 0xE7, 0xEC, 0xE7, 0xEC, 0xE7, 0xEC, 0xEC, 0xE7, 0xE7, 0xEC, 0xE7, 0xEB, 0xE7, 0xEC, 
	0xE7, 0xEC, 0xEB, 0xE7, 0xEC, 0xE7, 0xE7, 0xEC, 0xE7, 0xEB, 0x80, 0xE7, 0x02, 0xEB, 0xE7, 0xEC, 
	0x80, 0xE7, 0x03, 0xEC, 0xE7, 0xE7, 0xEC, 0x14, 0xE7, 0xEC, 0xE7, 0xEC, 0xEC, 0xE7, 0xEC, 0xE7, 
	0xEC, 0xE7, 0xEC, 0xE7, 0xEC, 0xE7, 0xE7, 0xEC, 0xE7, 0xEC, 0xE7, 0xEC, 0xE7, 0x80, 0xEC, 0x15, 
	0xE7, 0xEC, 0xEC, 0xE7, 0xEC, 0xEB, 0xEC, 0xE7, 0xEB, 0xE7, 0xEC, 0xEB, 0xEC, 0xEC, 0xEB, 0xEC, 
	0xEC, 0xEB, 0xEC, 0xE7, 0xEC, 0xE7, 0x81, 0xEB, 0x50, 0xEC, 0xE7, 0xEC, 0xE7, 0xEC, 0xEC, 0xEB, 
	0xEC, 0xEB, 0xEC, 0xE7, 0xEC, 0xE7, 0xE7, 0xEC, 0xE7, 0xEC, 0xE7, 0xEC, 0xE7, 0xEB, 0xE7, 0xEC, 
	0xEB, 0xE7, 0xEB, 0xEC, 0xE7, 0xEC, 0xE7, 0xEB, 0xE7, 0xE7, 0xEC, 0xE7, 0xE7, 0xEC, 0xE7, 0xEC, 
	0xEB, 0xEC, 0xEC, 0xE7, 0xEB, 0xEC, 0xE7, 0xEC, 0xEC, 0xE7, 0xEB, 0xE7, 0xE7, 0xEC, 0xE7, 0xEC, 
	0xE7, 0xEB, 0xE7, 0xEC, 0xE7, 0xEC, 0xE7, 0xEC, 0xEC, 0xE7, 0xEC, 0xEB, 0xEC, 0xEB, 0xEB, 0xE7, 
	0xEC, 0xE7, 0xEC, 0xE7, 0xEC, 0xEC, 0xE7, 0xEC, 0xE7, 0xEC, 0x80, 0xE7, 0x04, 0xEC, 0xE7, 0xEC, 
	0xF3, 0xE7, 0x81, 0xEB, 0x16, 0xEC, 0xE7, 0xEC, 0xE7, 0xEB, 0xE7, 0xEC, 0xE7, 0xF8, 0xEB, 0xE7, 
	0xEC, 0xE7, 0xEC, 0xE7, 0xEC, 0xE7, 0xE7, 0xEC, 0xE7, 0xE7, 0xEC, 0xEC, 0x80, 0xEB, 0x37, 0xE7, 
	0xEC, 0xE7, 0xEB, 0xEC, 0xE7, 0xEC, 0xEB, 0xE7, 0xEC, 0xE7, 0xE7, 0xEC, 0xEB, 0xE7, 0xE7, 0xEC, 
	0xE7, 0xEB, 0xE7, 0xEC, 0xE7, 0xEB, 0xE7, 0xEC, 0xE7, 0xEC, 0xE7, 0xE7, 0xEB, 0xE7, 0xEC, 0xE7, 
	0xEB, 0xEC, 0xE7, 0xEC, 0xEB, 0xEC, 0xEB, 0xEC, 0xEB, 0xE7, 0xEC, 0xE7, 0xEC, 0xE7, 0xE7, 0xDD, 
	0x5D, 0x5D, 0x5E, 0x4D, 0x40, 0x55, 0x43, 0x8A, 0x52, 0x11, 0x39, 0x32, 0x4E, 0x4E, 0x2F, 0x38, 
	0x52, 0x52, 0x87, 0xEC, 0xF8, 0x9B, 0x7C, 0xF8, 0xE7, 0xEB, 0xEC, 0xEB, 0x81, 0xE7, 0x00, 0xEB, 
	0x80, 0xE7, 0x0B, 0xA1, 0x36, 0xBA, 0xA1, 0xEB, 0xE7, 0xE7, 0xF8, 0x99, 0x3A, 0x4F, 0x79, 0x80, 
	0x52, 0x06, 0x3A, 0x4E, 0x33, 0xE3, 0xE7, 0xE7, 0xEC, 0x81, 0xE7, 0x03, 0xEC, 0xE7, 0xE7, 0xEC, 
	0x84, 0xE7, 0x05, 0xEC, 0xE7, 0xE7, 0xEB, 0xE7, 0xEC, 0x83, 0xE7, 0x06, 0xEC, 0xE7, 0xEC, 0xE7, 
	0xEC, 0xE7, 0xE7, 0x1A, 0xE7, 0xE7, 0xEC, 0xEB, 0xEB, 0xEC, 0xEB, 0xE7, 0xEC, 0xE7, 0xEB, 0xE7, 
	0xEB, 0xEC, 0xEC, 0xE7, 0xEC, 0xE7, 0xE7, 0xEC, 0xE7, 0xEC, 0xE7, 0xE7, 0xEC, 0xE7, 0xEC, 0x80, 
	0xE7, 0x13, 0xEC, 0xEB, 0xEC, 0xEC, 0xEB, 0xE7, 0xEC, 0xE7, 0xEB, 0xE7, 0xEB, 0xEC, 0xE7, 0xEB, 
	0xE7, 0xEC, 0xE7, 0xEC, 0xE7, 0xEC, 0x80, 0xE7, 0x11, 0xEB, 0xEB, 0xE7, 0xEB, 0xE7, 0xE7, 0xEC, 
	0xE7, 0xEC, 0xEB, 0xE7, 0xEC, 0xE7, 0xEB, 0xE7, 0xEC, 0xEB, 0xEC, 0x80, 0xE7, 0x05, 0xEB, 0xE7, 
	0xEC, 0xE7, 0xEB, 0xE7, 0x80, 0xEC, 0x1F, 0xEB, 0xE7, 0xEC, 0xE7, 0xEC, 0xEB, 0xE7, 0xE7, 0xEB, 
	0xEC, 0xEB, 0xE7, 0xEC, 0xE7, 0xE7, 0xEC, 0xE7, 0xEC, 0xE7, 0xE7, 0xEB, 0xE7, 0xEC, 0xEC, 0xE7, 
	0xE7, 0xEC, 0xE7, 0xEC, 0xE7, 0xE7, 0xEC, 0x80, 0xE7, 0x05, 0xEC, 0xEC, 0xEB, 0xEC, 0xE7, 0xEC, 
	0x83, 0xE7, 0x01, 0xEC, 0xEC, 0x81, 0xE7, 0x03, 0xEC, 0xEB, 0xE7, 0xEC, 0x80, 0xE7, 0x00, 0xEC, 
	0x80, 0xE7, 0x16, 0xEC, 0xE7, 0xE7, 0xEC, 0xE7, 0xEC, 0xEB, 0xEC, 0xE7, 0xE7, 0xEC, 0xE7, 0xE7, 
	0xEB, 0xE7, 0xEC, 0xE7, 0xEB, 0xE7, 0xEB, 0xE7, 0xE7, 0xEC, 0x81, 0xE7, 0x00, 0xEC, 0x81, 0xE7, 
	0x05, 0xEB, 0xEB, 0xE7, 0xEC, 0xE7, 0xEB, 0x80, 0xE7, 0x00, 0xEC, 0x80, 0xE7, 0x00, 0xEC, 0x81, 
	0xE7, 0x02, 0xEC, 0xE7, 0xEC, 0x81, 0xE7, 0x00, 0xEC, 0x81, 0xE7, 0x04, 0xF3, 0xEB, 0xEB, 0xE7, 
	0xF3, 0x80, 0xE7, 0x08, 0x9A, 0x49, 0x49, 0x00, 0x2C, 0x3E, 0x3A, 0x48, 0x4F, 0x83, 0x52, 0x02, 
	0x55, 0x52, 0x55, 0x80, 0x52, 0x04, 0x38, 0x30, 0x4E, 0x52, 0x44, 0x80, 0x52, 0x05, 0xBA, 0xEB, 
	0xE7, 0xE7, 0xF8, 0xEB, 0x82, 0xE7, 0x00, 0xEC, 0x80, 0xE7, 0x06, 0xEC, 0xE7, 0xEC, 0x6F, 0xA1, 
	0xF8, 0xEB, 0x81, 0xE7, 0x0A, 0xEC, 0xA0, 0x2F, 0x3C, 0x4F, 0x52, 0x52, 0x39, 0x38, 0x44, 0x9A, 
	0x82, 0xE7, 0x03, 0xEC, 0xE7, 0xE7, 0xEC, 0x81, 0xE7, 0x00, 0xEC, 0x80, 0xE7, 0x01, 0xF3, 0xEB, 
	0x80, 0xE7, 0x00, 0xF3, 0x81, 0xE7, 0x02, 0xEC, 0xE7, 0xF3, 0x80, 0xE7, 0x03, 0xEB, 0xE7, 0xF3, 
	0xE7, 0x00, 0xEB, 0x80, 0xE7, 0x02, 0xEC, 0xE7, 0xEB, 0x80, 0xE7, 0x01, 0xEC, 0xEC, 0x80, 0xE7, 
	0x02, 0xEC, 0xE7, 0xEC, 0x81, 0xE7, 0x09, 0xEC, 0xEB, 0xEB, 0xE7, 0xE7, 0xEC, 0xEC, 0xE7, 0xE7, 
	0xEC, 0x80, 0xE7, 0x27, 0xEC, 0xE7, 0xEB, 0xEC, 0xE7, 0xEB, 0xE7, 0xE7, 0xEC, 0xE7, 0xEC, 0xE7, 
	0xEB, 0xEB, 0xE7, 0xEC, 0xE7, 0xEC, 0xE7, 0xEC, 0xE7, 0xEC, 0xE7, 0xE7, 0xEC, 0xE7, 0xE7, 0xEC, 
	0xE7, 0xE7, 0xEC, 0xE7, 0xE7, 0xEB, 0xE7, 0xE7, 0xEC, 0xE7, 0xE7, 0xEC, 0x83, 0xE7, 0x09, 0xEB, 
	0xE7, 0xE7, 0xEC, 0xE7, 0xE7, 0xEC, 0xE7, 0xE7, 0xEC, 0x80, 0xE7, 0x0D, 0xEC, 0xE7, 0xEC, 0xE7, 
	0xE7, 0xEB, 0xE7, 0xE7, 0xEC, 0xE7, 0xEB, 0xE7, 0xE7, 0xEC, 0x80, 0xE7, 0x00, 0xEB, 0x80, 0xE7, 
	0x02, 0xEB, 0xE7, 0xEC, 0x83, 0xE7, 0x04, 0xEC, 0xE7, 0xEC, 0xE7, 0xEC, 0x81, 0xE7, 0x05, 0xEC, 
	0xE7, 0xEC, 0xE7, 0xE7, 0xEB, 0x81, 0xE7, 0x00, 0xEC, 0x82, 0xE7, 0x00, 0xEC, 0x82, 0xE7, 0x06, 
	0xEB, 0xE7, 0xE7, 0xEC, 0xE7, 0xE7, 0xEC, 0x88, 0xE7, 0x03, 0xF3, 0xEB, 0xE7, 0xEC, 0x86, 0xE7, 
	0x01, 0xF3, 0xEB, 0x83, 0xE7, 0x00, 0xEC, 0x84, 0xE7, 0x00, 0xEC, 0x82, 0xE7, 0x00, 0xEC, 0x80, 
	0xE7, 0x15, 0xEB, 0xE7, 0xEB, 0xE7, 0xE7, 0xEB, 0x33, 0x5D, 0x3B, 0x5D, 0x00, 0x00, 0x5D, 0x50, 
	0x52, 0x55, 0x52, 0x52, 0x55, 0x38, 0x32, 0x60, 0x81, 0x52, 0x04, 0x79, 0x43, 0x4F, 0x52, 0x60, 
	0x80, 0x52, 0x02, 0x50, 0x9A, 0xF3, 0x87, 0xE7, 0x00, 0xEC, 0x81, 0xE7, 0x00, 0xEB, 0x81, 0xE7, 
	0x00, 0xF3, 0x80, 0xE7, 0x01, 0xBA, 0x79, 0x80, 0x52, 0x04, 0x55, 0x52, 0x55, 0x44, 0x9A, 0x91, 
	0xE7, 0x00, 0xF3, 0x83, 0xE7, 0x03, 0xF3, 0xEB, 0xE7, 0xEB, 0x83, 0xE7, 0x02, 0xE7, 0xE7, 0xEC, 
	0x80, 0xE7, 0x03, 0xEC, 0xEC, 0xE7, 0xEC, 0x80, 0xE7, 0x03, 0xEC, 0xE7, 0xE7, 0xEB, 0x80, 0xE7, 
	0x00, 0xEC, 0x81, 0xE7, 0x00, 0xEC, 0x80, 0xE7, 0x00, 0xEC, 0x86, 0xE7, 0x03, 0xEC, 0xE7, 0xE7, 
	0xEC, 0x83, 0xE7, 0x00, 0xEC, 0x84, 0xE7, 0x03, 0xEC, 0xE7, 0xE7, 0xEB, 0x83, 0xE7, 0x00, 0xEC, 
	0x89, 0xE7, 0x00, 0xEC, 0x8C, 0xE7, 0x04, 0xEB, 0xE7, 0xE7, 0xEC, 0xEC, 0x89, 0xE7, 0x00, 0xEC, 
	0x82, 0xE7, 0x00, 0xEC, 0x88, 0xE7, 0x00, 0xEC, 0x85, 0xE7, 0x00, 0xEC, 0x81, 0xE7, 0x00, 0xF3, 
	0x85, 0xE7, 0x00, 0xF3, 0x87, 0xE7, 0x02, 0xEC, 0xE7, 0xF3, 0x80, 0xE7, 0x01, 0xF3, 0xEB, 0x83, 
	0xE7, 0x00, 0xF3, 0x80, 0xE7, 0x02, 0xF3, 0xE7, 0xEB, 0x83, 0xE7, 0x00, 0xF3, 0x81, 0xE7, 0x00, 
	0xF3, 0x80, 0xE7, 0x00, 0xF3, 0x82, 0xE7, 0x00, 0xF3, 0x86, 0xE7, 0x03, 0x71, 0x35, 0x43, 0x00, 
	0x80, 0x49, 0x01, 0x00, 0x60, 0x83, 0x52, 0x01, 0x34, 0x32, 0x81, 0x52, 0x04, 0x3A, 0x32, 0x52, 
	0x52, 0x60, 0x80, 0x52, 0x03, 0x39, 0x9B, 0xEB, 0xED, 0x86, 0xE7, 0x00, 0xED, 0x86, 0xE7, 0x00, 
	0xED, 0x80, 0xE7, 0x01, 0xA1, 0x38, 0x83, 0x52, 0x01, 0x60, 0xF8, 0x82, 0xE7, 0x00, 0xF3, 0x85, 
	0xE7, 0x00, 0xF3, 0x81, 0xE7, 0x00, 0xED, 0x84, 0xE7, 0x00, 0xED, 0x82, 0xE7, 0x03, 0xED, 0xE7, 
	0xE7, 0xED, 0x82, 0xE7, 0x00, 0xEC, 0x84, 0xE7, 0x00, 0xEC, 0x86, 0xE7, 0x00, 0xF3, 0x89, 0xE7, 
	0x00, 0xEC, 0x87, 0xE7, 0x00, 0xF3, 0x83, 0xE7, 0x00, 0xEC, 0x92, 0xE7, 0x00, 0xEC, 0x87, 0xE7, 
	0x00, 0xEB, 0x84, 0xE7, 0x00, 0xEB, 0xC2, 0xE7, 0x02, 0xEB, 0xE7, 0xED, 0x82, 0xE7, 0x00, 0xED, 
	0x9F, 0xE7, 0x03, 0xED, 0xEB, 0xE7, 0xED, 0x81, 0xE7, 0x0D, 0xED, 0xA1, 0x4F, 0x52, 0x3C, 0x48, 
	0x00, 0x5D, 0x00, 0x2F, 0x55, 0x52, 0x4E, 0x50, 0x80, 0x52, 0x19, 0x55, 0x52, 0x55, 0x52, 0x52, 
	0x3A, 0x3C, 0x52, 0x52, 0x60, 0x38, 0x55, 0x55, 0x3A, 0x30, 0x5E, 0xA1, 0xEB, 0xEC, 0xE7, 0xE7, 
	0xF3, 0xED, 0xED, 0xF3, 0xED, 0x81, 0xE7, 0x03, 0xED, 0xE7, 0xE7, 0xED, 0x80, 0xE7, 0x05, 0xED, 
	0xE7, 0xED, 0xA1, 0x4F, 0x55, 0x82, 0x52, 0x01, 0x2F, 0xA1, 0x82, 0xE7, 0x02, 0xED, 0xE7, 0xED, 
	0x85, 0xE7, 0x00, 0xED, 0x80, 0xE7, 0x02, 0xED, 0xE7, 0xED, 0x81, 0xE7, 0x03, 0xED, 0xE7, 0xE7, 
	0xED, 0x81, 0xE7, 0x01, 0xED, 0xE7, 0x80, 0xE7, 0x00, 0xF3, 0x83, 0xE7, 0x00, 0xF3, 0x8D, 0xE7, 
	0x00, 0xF3, 0x82, 0xE7, 0x00, 0xF3, 0xAA, 0xE7, 0x00, 0xED, 0x8F, 0xE7, 0x03, 0xED, 0xE7, 0xE7, 
	0xED, 0x83, 0xE7, 0x00, 0xED, 0x86, 0xE7, 0x00, 0xED, 0x80, 0xE7, 0x00, 0xED, 0x88, 0xE7, 0x00, 
	0xED, 0x83, 0xE7, 0x00, 0xED, 0x80, 0xE7, 0x00, 0xED, 0x80, 0xE7, 0x06, 0xED, 0xE7, 0xE7, 0xED, 
	0xE7, 0xE7, 0xED, 0x88, 0xE7, 0x03, 0xED, 0xE7, 0xE7, 0xED, 0x81, 0xE7, 0x00, 0xED, 0x80, 0xE7, 
	0x09, 0xED, 0xE7, 0xE7, 0xEB, 0x71, 0x69, 0xA1, 0x6E, 0xEB, 0xED, 0x81, 0xE7, 0x0E, 0xED, 0xE7, 
	0xE7, 0xED, 0xE7, 0xED, 0xE7, 0xED, 0xE7, 0xED, 0xE7, 0xE7, 0xED, 0xE7, 0xED, 0x82, 0xE7, 0x2C, 
	0xED, 0xE7, 0xE7, 0xED, 0xF8, 0x50, 0x55, 0x52, 0x3A, 0x2F, 0x32, 0x5E, 0x4E, 0x55, 0x52, 0x2E, 
	0x48, 0x3A, 0x55, 0x52, 0x4E, 0x3A, 0x38, 0x55, 0x52, 0x3A, 0x3C, 0x52, 0x52, 0x44, 0x38, 0x38, 
	0x50, 0x43, 0x5D, 0x48, 0x00, 0xBA, 0xA8, 0x73, 0xAA, 0x9A, 0xF8, 0xE7, 0xED, 0x82, 0xE7, 0x05, 
	0xED, 0xE7, 0xED, 0xE7, 0xED, 0xED, 0x80, 0xE7, 0x02, 0xED, 0xA1, 0x38, 0x82, 0x52, 0x07, 0x55, 
	0x1B, 0x65, 0x9A, 0xED, 0xE7, 0xE7, 0xED, 0x81, 0xE7, 0x05, 0xED, 0xE7, 0xED, 0xE7, 0xED, 0xED, 
	0x80, 0xE7, 0x04, 0xED, 0xE7, 0xE7, 0xED, 0xEB, 0x80, 0xED, 0x80, 0xE7, 0x07, 0xED, 0xEB, 0xED, 
	0xE7, 0xED, 0xED, 0xE7, 0xE7, 0x81, 0xE7, 0x00, 0xED, 0x92, 0xE7, 0x02, 0xED, 0xE7, 0xED, 0x81, 
	0xE7, 0x00, 0xED, 0x85, 0xE7, 0x00, 0xED, 0x83, 0xE7, 0x02, 0xED, 0xE7, 0xED, 0x81, 0xE7, 0x00, 
	0xED, 0x81, 0xE7, 0x00, 0xED, 0x82, 0xE7, 0x00, 0xED, 0x80, 0xE7, 0x00, 0xED, 0x81, 0xE7, 0x00, 
	0xED, 0x81, 0xE7, 0x00, 0xED, 0x81, 0xE7, 0x09, 0xED, 0xE7, 0xE7, 0xED, 0xE7, 0xED, 0xE7, 0xED, 
	0xE7, 0xED, 0x80, 0xE7, 0x12, 0xED, 0xE7, 0xE7, 0xED, 0xE7, 0xE7, 0xED, 0xE7, 0xED, 0xE7, 0xE7, 
	0xED, 0xE7, 0xED, 0xE7, 0xE7, 0xED, 0xE7, 0xED, 0x82, 0xE7, 0x00, 0xED, 0x80, 0xE7, 0x00, 0xED, 
	0x80, 0xE7, 0x08, 0xED, 0xE7, 0xED, 0xE7, 0xE7, 0xED, 0xE7, 0xE7, 0xED, 0x80, 0xE7, 0x00, 0xED, 
	0x80, 0xE7, 0x11, 0xED, 0xE7, 0xED, 0xE7, 0xED, 0xE7, 0xE7, 0xED, 0xE7, 0xE7, 0xED, 0xE7, 0xED, 
	0xE7, 0xED, 0xE7, 0xED, 0xED, 0x80, 0xE7, 0x32, 0xED, 0xE7, 0xE7, 0xED, 0xE7, 0xED, 0xEB, 0xE7, 
	0xE7, 0xED, 0xEB, 0x9A, 0x69, 0x6F, 0x87, 0xAB, 0x83, 0x83, 0x8D, 0xA1, 0xE7, 0xE7, 0xED, 0xE7, 
	0xED, 0xEB, 0x69, 0x9A, 0x6E, 0xF8, 0xED, 0xED, 0xE7, 0xED, 0xE7, 0xED, 0xE7, 0xE7, 0xED, 0xE7, 
	0xED, 0xE7, 0xED, 0xE7, 0xED, 0xE7, 0xE7, 0xED, 0xE7, 0xE7, 0x78, 0x82, 0x52, 0x00, 0x4F, 0x80, 
	0x52, 0x21, 0x4F, 0x3A, 0x52, 0x55, 0x52, 0x3C, 0x00, 0x3A, 0x52, 0x55, 0x50, 0x2F, 0x52, 0x52, 
	0x32, 0x33, 0x33, 0x48, 0x5D, 0x3B, 0x00, 0x32, 0x53, 0x40, 0x40, 0x3E, 0xEE, 0xCF, 0x99, 0xEB, 
	0xED, 0xED, 0xE7, 0xED, 0x80, 0xE7, 0x00, 0xED, 0x80, 0xE7, 0x05, 0xED, 0xED, 0xE7, 0xED, 0xA1, 
	0x38, 0x82, 0x52, 0x0C, 0x55, 0x50, 0xA1, 0xA1, 0xEB, 0xED, 0xE7, 0xED, 0xE7, 0xED, 0xE7, 0xED, 
	0xE7, 0x80, 0xED, 0x09, 0xE7, 0xE7, 0xED, 0xE7, 0xED, 0xE7, 0xED, 0xED, 0xE7, 0xED, 0x80, 0xE7, 
	0x80, 0xED, 0x07, 0xE7, 0xED, 0xED, 0xE7, 0xED, 0xE7, 0xED, 0xE7, 0x03, 0xED, 0xE7, 0xE7, 0xED, 
	0x80, 0xE7, 0x0B, 0xED, 0xE7, 0xED, 0xE7, 0xE7, 0xED, 0xE7, 0xED, 0xE7, 0xED, 0xE7, 0xED, 0x81, 
	0xE7, 0x00, 0xED, 0x83, 0xE7, 0x18, 0xED, 0xE7, 0xED, 0xE7, 0xE7, 0xED, 0xE7, 0xE7, 0xED, 0xE7, 
	0xED, 0xED, 0xE7, 0xE7, 0xED, 0xED, 0xE7, 0xE7, 0xED, 0xE7, 0xE7, 0xED, 0xE7, 0xE7, 0xED, 0x80, 
	0xE7, 0x15, 0xED, 0xE7, 0xED, 0xE7, 0xE7, 0xED, 0xED, 0xE7, 0xED, 0xE7, 0xE7, 0xED, 0xE7, 0xED, 
	0xE7, 0xED, 0xED, 0xE7, 0xED, 0xE7, 0xE7, 0xED, 0x80, 0xE7, 0x00, 0xED, 0x80, 0xE7, 0x05, 0xED, 
	0xE7, 0xE7, 0xED, 0xE7, 0xED, 0x80, 0xE7, 0x03, 0xED, 0xED, 0xE7, 0xED, 0x80, 0xE7, 0x00, 0xED, 
	0x81, 0xE7, 0x00, 0xED, 0x81, 0xE7, 0x18, 0xED, 0xE7, 0xE7, 0xED, 0xE7, 0xE7, 0xED, 0xED, 0xE7, 
	0xED, 0xE7, 0xED, 0xE7, 0xED, 0xE7, 0xED, 0xE7, 0xED, 0xE7, 0xED, 0xE7, 0xED, 0xE7, 0xE7, 0xED, 
	0x80, 0xE7, 0x0E, 0xED, 0xE7, 0xED, 0xE7, 0xED, 0xE7, 0xE7, 0xED, 0xE7, 0xED, 0xE7, 0xE7, 0xED, 
	0xE7, 0xED, 0x80, 0xE7, 0x3F, 0xED, 0xE7, 0xE7, 0xED, 0xE7, 0xE7, 0xED, 0xED, 0xE7, 0xED, 0xED, 
	0xE7, 0xE7, 0xED, 0xEB, 0x6A, 0x8E, 0x7C, 0x7C, 0xAC, 0x01, 0x00, 0x6B, 0xBA, 0x87, 0x79, 0x81, 
	0x89, 0x50, 0x71, 0xED, 0xE7, 0xED, 0xEF, 0x7B, 0x55, 0x8C, 0x52, 0x9A, 0xA1, 0xEB, 0xE7, 0xED, 
	0xE7, 0xE7, 0xED, 0xED, 0xE7, 0xED, 0xE7, 0xE7, 0xED, 0xE7, 0xE7, 0xED, 0xE7, 0xED, 0xE7, 0xED, 
	0x9A, 0x3A, 0x55, 0x52, 0x55, 0x83, 0x52, 0x00, 0x55, 0x81, 0x52, 0x00, 0x3A, 0x80, 0x52, 0x17, 
	0x4E, 0x1B, 0x55, 0x52, 0x34, 0x00, 0x49, 0x49, 0x00, 0x00, 0x3C, 0x53, 0x40, 0x40, 0x3F, 0xA0, 
	0xD9, 0xD9, 0xCD, 0xCF, 0x9A, 0xED, 0xED, 0xE7, 0x80, 0xED, 0x00, 0xE7, 0x80, 0xED, 0x29, 0xE7, 
	0xED, 0xE7, 0xED, 0xA1, 0x38, 0x52, 0x52, 0x55, 0x52, 0x52, 0x38, 0x43, 0x9A, 0xA6, 0xA1, 0xE7, 
	0xED, 0xE7, 0xED, 0xE7, 0xED, 0xE7, 0xED, 0xE7, 0xED, 0xE7, 0xED, 0xED, 0xE7, 0xED, 0xE7, 0xED, 
	0xE7, 0xED, 0xE7, 0xED, 0xE7, 0xED, 0xE7, 0xED, 0xE7, 0x80, 0xED, 0x05, 0xE7, 0xED, 0xE7, 0xED, 
	0xE7, 0xED, 0x01, 0xE7, 0xED, 0x81, 0xE7, 0x07, 0xED, 0xE7, 0xED, 0xED, 0xE7, 0xED, 0xE7, 0xED, 
	0x84, 0xE7, 0x03, 0xED, 0xE7, 0xED, 0xE7, 0x81, 0xED, 0x04, 0xE7, 0xED, 0xE7, 0xE7, 0xED, 0x80, 
	0xE7, 0x00, 0xED, 0x81, 0xE7, 0x09, 0xED, 0xED, 0xE7, 0xE7, 0xED, 0xE7, 0xED, 0xED, 0xE7, 0xED, 
	0x80, 0xE7, 0x80, 0xED, 0x80, 0xE7, 0x00, 0xED, 0x80, 0xE7, 0x21, 0xED, 0xED, 0xE7, 0xED, 0xE7, 
	0xED, 0xED, 0xE7, 0xE7, 0xED, 0xE7, 0xE7, 0xED, 0xED, 0xE7, 0xED, 0xED, 0xE7, 0xED, 0xED, 0xE7, 
	0xED, 0xE7, 0xED, 0xE7, 0xED, 0xE7, 0xE7, 0xED, 0xE7, 0xED, 0xE7, 0xED, 0xE7, 0x81, 0xED, 0x00, 
	0xE7, 0x81, 0xED, 0x07, 0xE7, 0xE7, 0xED, 0xED, 0xE7, 0xED, 0xED, 0xE7, 0x80, 0xED, 0x12, 0xE7, 
	0xED, 0xED, 0xE7, 0xED, 0xE7, 0xED, 0xE7, 0xED, 0xE7, 0xED, 0xE7, 0xED, 0xE7, 0xED, 0xE7, 0xED, 
	0xED, 0xE7, 0x80, 0xED, 0x02, 0xE7, 0xED, 0xE7, 0x80, 0xED, 0x3A, 0xE7, 0xED, 0xE7, 0xED, 0xE7, 
	0xED, 0xED, 0xE7, 0xED, 0xE7, 0xED, 0xED, 0xE7, 0xED, 0xE7, 0xED, 0xED, 0xE7, 0xE7, 0xED, 0xE7, 
	0xE7, 0xED, 0xED, 0xE7, 0xE7, 0xED, 0xF8, 0x71, 0xA1, 0x69, 0xA1, 0x7B, 0xF8, 0xF8, 0xE7, 0xEB, 
	0xA1, 0x76, 0x47, 0x74, 0xBA, 0xEB, 0xEB, 0x6F, 0x50, 0x77, 0x55, 0x73, 0x83, 0x83, 0x52, 0x87, 
	0x6A, 0x71, 0xF8, 0xE7, 0xED, 0xE7, 0x81, 0xED, 0x0C, 0xE7, 0xED, 0xED, 0xE7, 0xED, 0xE7, 0xED, 
	0xE7, 0xEB, 0xBA, 0x52, 0x79, 0x4F, 0x8A, 0x52, 0x06, 0x55, 0x52, 0x2F, 0x39, 0x52, 0x52, 0x36, 
	0x80, 0x00, 0x02, 0x32, 0x52, 0x41, 0x80, 0x40, 0x0A, 0x3E, 0xCF, 0xD9, 0xD9, 0xCF, 0x34, 0x50, 
	0x9A, 0xE7, 0xED, 0xE7, 0x80, 0xED, 0x02, 0xE7, 0xED, 0xE7, 0x81, 0xED, 0x01, 0xA1, 0x79, 0x82, 
	0x52, 0x05, 0x55, 0x3C, 0x7C, 0xEB, 0xED, 0xE7, 0x83, 0xED, 0x04, 0xE7, 0xE7, 0xED, 0xED, 0xE7, 
	0x8B, 0xED, 0x02, 0xE7, 0xED, 0xF3, 0x82, 0xED, 0x00, 0xE7, 0x01, 0xED, 0xE7, 0x81, 0xED, 0x07, 
	0xE7, 0xED, 0xE7, 0xE7, 0xED, 0xE7, 0xED, 0xE7, 0x82, 0xED, 0x06, 0xE7, 0xED, 0xE7, 0xED, 0xE7, 
	0xE7, 0xED, 0x80, 0xE7, 0x07, 0xED, 0xE7, 0xED, 0xED, 0xE7, 0xED, 0xED, 0xE7, 0x80, 0xED, 0x0B, 
	0xE7, 0xED, 0xE7, 0xED, 0xE7, 0xED, 0xED, 0xE7, 0xED, 0xE7, 0xED, 0xE7, 0x81, 0xED, 0x01, 0xE7, 
	0xE7, 0x80, 0xED, 0x00, 0xE7, 0x80, 0xED, 0x07, 0xE7, 0xED, 0xED, 0xE7, 0xED, 0xE7, 0xED, 0xE7, 
	0x80, 0xED, 0x11, 0xE7, 0xED, 0xE7, 0xED, 0xE7, 0xED, 0xED, 0xE7, 0xED, 0xE7, 0xED, 0xED, 0xE7, 
	0xED, 0xED, 0xE7, 0xED, 0xE7, 0x80, 0xED, 0x09, 0xE7, 0xED, 0xE7, 0xED, 0xE7, 0xED, 0xE7, 0xED, 
	0xED, 0xE7, 0x80, 0xED, 0x11, 0xE7, 0xED, 0xED, 0xE7, 0xED, 0xED, 0xE7, 0xED, 0xE7, 0xED, 0xED, 
	0xE7, 0xED, 0xE7, 0xED, 0xE7, 0xED, 0xE7, 0x81, 0xED, 0x05, 0xE7, 0xED, 0xE7, 0xED, 0xED, 0xE7, 
	0x80, 0xED, 0x0C, 0xE7, 0xED, 0xE7, 0xED, 0xE7, 0xED, 0xE7, 0xED, 0xED, 0xE7, 0xED, 0xED, 0xE7, 
	0x81, 0xED, 0x04, 0xE7, 0xED, 0xE7, 0xED, 0xE7, 0x82, 0xED, 0x02, 0xE7, 0xED, 0xE7, 0x81, 0xED, 
	0x00, 0xE7, 0x84, 0xED, 0x0D, 0xE7, 0x9A, 0x7C, 0x8A, 0x7E, 0x83, 0x9B, 0xBA, 0x83, 0x8C, 0x50, 
	0x6F, 0xA1, 0xA1, 0x80, 0x87, 0x09, 0x33, 0x00, 0x67, 0x7C, 0x8E, 0x6A, 0xE7, 0xED, 0xED, 0xE7, 
	0x86, 0xED, 0x05, 0xA1, 0x3A, 0x43, 0x2B, 0x4F, 0x55, 0x83, 0x52, 0x1E, 0x55, 0x55, 0x52, 0x55, 
	0x38, 0x3A, 0x3C, 0x2C, 0x3A, 0x55, 0x52, 0x50, 0x52, 0x5F, 0x4D, 0x4D, 0x39, 0x44, 0x52, 0x41, 
	0x40, 0x4F, 0xD8, 0xD9, 0xD9, 0x35, 0x53, 0x40, 0x4C, 0xCA, 0xE7, 0x80, 0xED, 0x00, 0xF3, 0x82, 
	0xED, 0x03, 0xE7, 0xE4, 0x7B, 0x79, 0x82, 0x52, 0x04, 0x38, 0x34, 0x9A, 0xA1, 0xA6, 0x80, 0xED, 
	0x03, 0xE7, 0xED, 0xED, 0xE7, 0x82, 0xED, 0x00, 0xE7, 0x80, 0xED, 0x08, 0xE7, 0xED, 0xED, 0xE7, 
	0xED, 0xE7, 0xE7, 0xED, 0xE7, 0x87, 0xED, 0x00, 0xED, 0x82, 0xE7, 0x81, 0xED, 0x08, 0xE7, 0xED, 
	0xE7, 0xED, 0xE7, 0xED, 0xE7, 0xED, 0xE7, 0x80, 0xED, 0x00, 0xE7, 0x83, 0xED, 0x08, 0xE7, 0xED, 
	0xE7, 0xED, 0xED, 0xE7, 0xED, 0xED, 0xE7, 0x80, 0xED, 0x00, 0xE7, 0x80, 0xED, 0x15, 0xE7, 0xED, 
	0xE7, 0xED, 0xE7, 0xED, 0xE7, 0xED, 0xE7, 0xED, 0xE7, 0xED, 0xED, 0xE7, 0xED, 0xE7, 0xED, 0xE7, 
	0xED, 0xE7, 0xED, 0xE7, 0x81, 0xED, 0x05, 0xE7, 0xED, 0xE7, 0xED, 0xED, 0xE7, 0x80, 0xED, 0x02, 
	0xE7, 0xED, 0xE7, 0x80, 0xED, 0x00, 0xE7, 0x80, 0xED, 0x00, 0xE7, 0x80, 0xED, 0x00, 0xE7, 0x81, 
	0xED, 0x03, 0xE7, 0xED, 0xED, 0xE7, 0x81, 0xED, 0x0A, 0xE7, 0xE7, 0xED, 0xED, 0xE7, 0xED, 0xED, 
	0xE7, 0xED, 0xED, 0xE7, 0x85, 0xED, 0x03, 0xE7, 0xED, 0xED, 0xE7, 0x82, 0xED, 0x00, 0xE7, 0x80, 
	0xED, 0x00, 0xF3, 0x82, 0xED, 0x00, 0xE7, 0x83, 0xED, 0x03, 0xF3, 0xDA, 0xED, 0xF3, 0x84, 0xED, 
	0x03, 0xF3, 0xED, 0xED, 0xF3, 0x82, 0xED, 0x02, 0xE7, 0xED, 0xE7, 0x80, 0xED, 0x1D, 0xE7, 0xED, 
	0xED, 0xE7, 0xED, 0x9A, 0x8E, 0x67, 0x00, 0x55, 0x83, 0x50, 0x8C, 0x52, 0x99, 0x8E, 0xEB, 0xED, 
	0xED, 0xE7, 0xEB, 0xEB, 0x9A, 0xA1, 0xA1, 0x6F, 0xA1, 0xF8, 0xED, 0xE7, 0x83, 0xED, 0x00, 0xF3, 
	0x81, 0xED, 0x2C, 0xEB, 0x35, 0x50, 0x60, 0x44, 0x4E, 0x38, 0x52, 0x52, 0x38, 0x39, 0x3A, 0x3A, 
	0x50, 0x1B, 0x3C, 0x60, 0x42, 0x39, 0x00, 0x33, 0x4E, 0x3A, 0x4B, 0x40, 0x40, 0x41, 0x44, 0xA5, 
	0x86, 0x75, 0x36, 0x3E, 0x4E, 0xD7, 0xD9, 0xCF, 0x3E, 0x40, 0x40, 0x3F, 0x60, 0xA1, 0xF8, 0xA6, 
	0x86, 0xED, 0x01, 0xA1, 0x3A, 0x82, 0x52, 0x04, 0x50, 0x00, 0x9A, 0xA6, 0x9A, 0x82, 0xED, 0x00, 
	0xE7, 0x81, 0xED, 0x00, 0xE7, 0x81, 0xED, 0x03, 0xF3, 0xDA, 0xED, 0xE7, 0x87, 0xED, 0x05, 0xE7, 
	0xED, 0xED, 0xE7, 0xED, 0xED, 0x84, 0xED, 0x00, 0xE7, 0x80, 0xED, 0x00, 0xE7, 0x80, 0xED, 0x00, 
	0xE7, 0x80, 0xED, 0x01, 0xE7, 0xF3, 0x80, 0xED, 0x03, 0xF3, 0xED, 0xED, 0xE7, 0x81, 0xED, 0x06, 
	0xF3, 0xED, 0xED, 0xE7, 0xED, 0xED, 0xE7, 0x80, 0xED, 0x00, 0xE7, 0x95, 0xED, 0x02, 0xE7, 0xED, 
	0xE7, 0x81, 0xED, 0x00, 0xE7, 0x80, 0xED, 0x00, 0xE7, 0x81, 0xED, 0x02, 0xE7, 0xED, 0xE7, 0x82, 
	0xED, 0x00, 0xE7, 0x81, 0xED, 0x00, 0xE7, 0x81, 0xED, 0x03, 0xF3, 0xED, 0xED, 0xE7, 0x83, 0xED, 
	0x00, 0xF3, 0x81, 0xED, 0x08, 0xF3, 0xED, 0xED, 0xE7, 0xED, 0xED, 0xF3, 0xED, 0xE7, 0x82, 0xED, 
	0x03, 0xF3, 0xED, 0xED, 0xE7, 0x80, 0xED, 0x00, 0xE7, 0x82, 0xED, 0x00, 0xE7, 0x81, 0xED, 0x00, 
	0xE7, 0x87, 0xED, 0x00, 0xF3, 0x96, 0xED, 0x02, 0x9A, 0xA0, 0x87, 0x80, 0x83, 0x05, 0x9B, 0x9B, 
	0x6A, 0x7C, 0x8E, 0xE7, 0x81, 0xED, 0x00, 0xDA, 0x80, 0xED, 0x00, 0xDA, 0x83, 0xED, 0x00, 0xE7, 
	0x81, 0xED, 0x42, 0xE7, 0xED, 0xDA, 0x9A, 0x60, 0x52, 0x2F, 0x30, 0x3A, 0x55, 0x4E, 0x34, 0x43, 
	0x32, 0x32, 0x34, 0x3C, 0x3C, 0x1B, 0x41, 0x4D, 0x33, 0x00, 0x5D, 0x43, 0x4B, 0x40, 0x40, 0x3E, 
	0xA5, 0x0B, 0x66, 0x66, 0x2A, 0x5D, 0x33, 0xD9, 0xD9, 0xA0, 0x3F, 0x40, 0x40, 0x50, 0xD8, 0xD9, 
	0xCF, 0x8E, 0xBA, 0x9A, 0xED, 0xE4, 0xED, 0xE7, 0x9A, 0xE3, 0xA1, 0x6B, 0x39, 0x55, 0x52, 0x55, 
	0x52, 0x52, 0x39, 0x6B, 0x6B, 0xE7, 0x8D, 0xED, 0x00, 0xDA, 0x8D, 0xED, 0x02, 0xDA, 0xED, 0xED, 
	0x08, 0xED, 0xED, 0xE7, 0xED, 0xED, 0xE7, 0xED, 0xED, 0xE7, 0x81, 0xED, 0x00, 0xE7, 0x84, 0xED, 
	0x00, 0xE7, 0x83, 0xED, 0x00, 0xF3, 0x82, 0xED, 0x00, 0xE7, 0x82, 0xED, 0x00, 0xE7, 0x80, 0xED, 
	0x03, 0xF3, 0xED, 0xED, 0xF3, 0x80, 0xED, 0x02, 0xE7, 0xED, 0xE7, 0x82, 0xED, 0x05, 0xF3, 0xED, 
	0xED, 0xE7, 0xED, 0xE7, 0x8C, 0xED, 0x02, 0xE7, 0xED, 0xE7, 0x83, 0xED, 0x00, 0xE7, 0x85, 0xED, 
	0x00, 0xF3, 0x87, 0xED, 0x00, 0xE7, 0x84, 0xED, 0x00, 0xDA, 0x85, 0xED, 0x00, 0xE7, 0x85, 0xED, 
	0x00, 0xE7, 0x82, 0xED, 0x00, 0xE7, 0xA7, 0xED, 0x0B, 0xE4, 0xED, 0xDA, 0x9A, 0xA1, 0x7B, 0xA1, 
	0x9A, 0xA6, 0xED, 0xED, 0x9A, 0x84, 0xED, 0x00, 0xDA, 0x8E, 0xED, 0x35, 0xEB, 0xBA, 0x4E, 0x3A, 
	0x52, 0x3A, 0x5B, 0x3F, 0x60, 0x1B, 0x44, 0x3C, 0x36, 0x60, 0x44, 0x32, 0x43, 0x4E, 0x3C, 0x00, 
	0x00, 0x5E, 0x52, 0x4B, 0x44, 0x19, 0x36, 0x5D, 0x2C, 0x2A, 0x51, 0x30, 0xD7, 0xD9, 0xCF, 0x3F, 
	0x40, 0x4D, 0xCF, 0xD9, 0xD7, 0xBA, 0x4D, 0x3F, 0x53, 0x50, 0xA1, 0xEB, 0xBA, 0x47, 0x4E, 0xCF, 
	0xA0, 0x39, 0x81, 0x52, 0x05, 0x55, 0x3A, 0xA1, 0x9A, 0xA1, 0xAA, 0x8F, 0xED, 0x00, 0xDA, 0x82, 
	0xED, 0x00, 0xDA, 0x83, 0xED, 0x00, 0xDA, 0x80, 0xED, 0xA0, 0xED, 0x00, 0xE7, 0x92, 0xED, 0x00, 
	0xF3, 0x8D, 0xED, 0x00, 0xE7, 0x88, 0xED, 0x00, 0xDA, 0x82, 0xED, 0x00, 0xF3, 0x82, 0xED, 0x00, 
	0xDA, 0x85, 0xED, 0x01, 0xF3, 0xDA, 0x8E, 0xED, 0x03, 0xDA, 0xED, 0xED, 0xE7, 0x89, 0xED, 0x00, 
	0xDA, 0x83, 0xED, 0x02, 0xDA, 0xF3, 0xDA, 0x84, 0xED, 0x00, 0xDA, 0x99, 0xED, 0x07, 0xDA, 0xED, 
	0xDA, 0xDA, 0xE4, 0xED, 0xED, 0xE4, 0x80, 0xED, 0x02, 0xDA, 0xED, 0xDA, 0x82, 0xED, 0x00, 0xDA, 
	0x81, 0xED, 0x22, 0xDA, 0xED, 0xDA, 0xDA, 0xED, 0xDA, 0xDA, 0xED, 0xED, 0xDA, 0xED, 0x9A, 0xBA, 
	0xBA, 0x6B, 0x4E, 0x53, 0x55, 0x00, 0x30, 0x5D, 0x00, 0x00, 0x33, 0x43, 0x2E, 0x2F, 0x43, 0x49, 
	0x3B, 0x5D, 0x00, 0x49, 0x2B, 0x23, 0x81, 0x49, 0x16, 0x5D, 0xEE, 0xD9, 0xD9, 0xA0, 0x3F, 0x40, 
	0x55, 0xD8, 0xD9, 0xD8, 0x4F, 0x40, 0x40, 0x41, 0x45, 0xD8, 0xA0, 0x3F, 0x40, 0x87, 0xD9, 0xA0, 
	0x83, 0x52, 0x03, 0x4E, 0x9A, 0xE4, 0x9A, 0x84, 0xED, 0x00, 0xDA, 0x82, 0xED, 0x00, 0xDA, 0x83, 
	0xED, 0x02, 0xDA, 0xED, 0xDA, 0x80, 0xED, 0x09, 0xDA, 0xDA, 0xED, 0xED, 0xDA, 0xED, 0xDA, 0xED, 
	0xDA, 0xED, 0x9E, 0xED, 0x03, 0xE7, 0xE7, 0xA7, 0xA7, 0x87, 0xED, 0x00, 0xDA, 0x86, 0xED, 0x00, 
	0xDA, 0x85, 0xED, 0x00, 0xE4, 0x8B, 0xED, 0x00, 0xDA, 0x80, 0xED, 0x00, 0xDA, 0x83, 0xED, 0x03, 
	0xDA, 0xED, 0xED, 0xDA, 0x8D, 0xED, 0x02, 0xDA, 0xED, 0xDA, 0x84, 0xED, 0x02, 0xDA, 0xED, 0xDA, 
	0x82, 0xED, 0x08, 0xDA, 0xED, 0xDA, 0xED, 0xED, 0xDA, 0xED, 0xED, 0xDA, 0x81, 0xED, 0x00, 0xDA, 
	0x83, 0xED, 0x02, 0xDA, 0xED, 0xDA, 0x80, 0xED, 0x07, 0xDA, 0xDA, 0xED, 0xED, 0xDA, 0xED, 0xED, 
	0xDA, 0x82, 0xED, 0x04, 0xDA, 0xED, 0xDA, 0xED, 0xDA, 0x82, 0xED, 0x02, 0xDA, 0xED, 0xDA, 0x81, 
	0xED, 0x03, 0xDA, 0xED, 0xED, 0xDA, 0x88, 0xED, 0x00, 0xDA, 0x86, 0xED, 0x05, 0xDA, 0xED, 0xDA, 
	0xED, 0xED, 0xDA, 0x80, 0xED, 0x1A, 0xDA, 0xED, 0xED, 0xDA, 0xED, 0xED, 0xA6, 0x9A, 0xA0, 0x34, 
	0xEE, 0xA1, 0xEE, 0x48, 0x30, 0x65, 0xEE, 0xA0, 0xC4, 0xCF, 0xD8, 0xCD, 0xCF, 0x65, 0x00, 0x2C, 
	0x33, 0x80, 0x49, 0x17, 0x48, 0x30, 0xA0, 0xD9, 0xCD, 0xA0, 0x4D, 0x40, 0x4F, 0xD7, 0xD9, 0xD8, 
	0x55, 0x40, 0x40, 0x3E, 0xD1, 0xD7, 0x3A, 0x40, 0x3F, 0xBA, 0xD7, 0x34, 0x82, 0x52, 0x09, 0x55, 
	0x60, 0xEB, 0xDA, 0xAA, 0xED, 0xDA, 0xDA, 0xED, 0xDA, 0x80, 0xED, 0x06, 0xDA, 0xDA, 0xED, 0xDA, 
	0xDA, 0xED, 0xED, 0x80, 0xDA, 0x0B, 0xED, 0xDA, 0xED, 0xED, 0xDA, 0xED, 0xDA, 0xED, 0xED, 0xDA, 
	0xED, 0xDA, 0x81, 0xED, 0x01, 0xDA, 0xED, 0x01, 0xED, 0xDA, 0x83, 0xED, 0x00, 0xDA, 0x81, 0xED, 
	0x00, 0xDA, 0x90, 0xED, 0x04, 0xA7, 0xAD, 0xC0, 0xAD, 0xD6, 0x84, 0xED, 0x06, 0xDA, 0xED, 0xED, 
	0xDA, 0xED, 0xED, 0xDA, 0x85, 0xED, 0x03, 0xDA, 0xED, 0xED, 0xDA, 0x81, 0xED, 0x02, 0xDA, 0xED, 
	0xDA, 0x82, 0xED, 0x00, 0xDA, 0x82, 0xED, 0x02, 0xDA, 0xED, 0xDA, 0x83, 0xED, 0x02, 0xDA, 0xED, 
	0xDA, 0x82, 0xED, 0x00, 0xDA, 0x83, 0xED, 0x06, 0xDA, 0xED, 0xED, 0xDA, 0xED, 0xED, 0xDA, 0x80, 
	0xED, 0x06, 0xDA, 0xED, 0xED, 0xDA, 0xED, 0xED, 0xDA, 0x80, 0xED, 0x01, 0xDA, 0xED, 0x80, 0xDA, 
	0x81, 0xED, 0x00, 0xDA, 0x81, 0xED, 0x01, 0xDA, 0xDA, 0x80, 0xED, 0x10, 0xDA, 0xED, 0xDA, 0xED, 
	0xED, 0xDA, 0xED, 0xED, 0xF3, 0xED, 0xED, 0xF3, 0xED, 0xED, 0xDA, 0xED, 0xDA, 0x81, 0xED, 0x00, 
	0xDA, 0x83, 0xED, 0x03, 0xDA, 0xDA, 0xED, 0xDA, 0x82, 0xED, 0x00, 0xDA, 0x80, 0xED, 0x05, 0xDA, 
	0xED, 0xED, 0xDA, 0xED, 0xDA, 0x80, 0xED, 0x04, 0xDA, 0xA6, 0xDA, 0xED, 0xDA, 0x81, 0xED, 0x07, 
	0xDA, 0xDA, 0xED, 0xDA, 0xDA, 0xED, 0xDA, 0xDA, 0x82, 0xED, 0x11, 0xDA, 0xED, 0xDA, 0xED, 0xED, 
	0xDA, 0xED, 0xDA, 0xED, 0xED, 0xA6, 0x87, 0xA0, 0xD9, 0xD9, 0xCD, 0xA0, 0xCD, 0x86, 0xD9, 0x01, 
	0xA0, 0x4A, 0x81, 0x49, 0x17, 0x33, 0xCF, 0xC4, 0xA0, 0xA0, 0x65, 0x55, 0x40, 0x5F, 0xD8, 0xE3, 
	0xD8, 0x52, 0x40, 0x40, 0x4F, 0xD7, 0xD8, 0x55, 0x40, 0x3F, 0xCD, 0xD7, 0x2F, 0x83, 0x52, 0x08, 
	0x35, 0xA6, 0xED, 0xDA, 0xDA, 0xED, 0xED, 0xDA, 0xED, 0x80, 0xDA, 0x00, 0xED, 0x80, 0xDA, 0x0D, 
	0xED, 0xDA, 0xED, 0xDA, 0xED, 0xDA, 0xED, 0xDA, 0xED, 0xDA, 0xDA, 0xED, 0xDA, 0xED, 0x80, 0xDA, 
	0x06, 0xED, 0xED, 0xDA, 0xED, 0xDA, 0xDA, 0xED, 0x0A, 0xDA, 0xED, 0xED, 0xDA, 0xED, 0xDA, 0xED, 
	0xDA, 0xED, 0xED, 0xDA, 0x84, 0xED, 0x05, 0xDA, 0xED, 0xED, 0xDA, 0xED, 0xDA, 0x80, 0xED, 0x00, 
	0xDA, 0x80, 0xED, 0x06, 0xC6, 0xC6, 0x80, 0x8B, 0xF3, 0xAD, 0x98, 0x80, 0xED, 0x02, 0xDA, 0xED, 
	0xDA, 0x80, 0xED, 0x20, 0xDA, 0xED, 0xDA, 0xED, 0xDA, 0xED, 0xED, 0xDA, 0xED, 0xDA, 0xED, 0xED, 
	0xDA, 0xED, 0xDA, 0xED, 0xED, 0xDA, 0xED, 0xDA, 0xED, 0xED, 0xDA, 0xED, 0xDA, 0xED, 0xDA, 0xED, 
	0xDA, 0xED, 0xDA, 0xED, 0xDA, 0x80, 0xED, 0x07, 0xDA, 0xED, 0xDA, 0xED, 0xDA, 0xED, 0xED, 0xDA, 
	0x80, 0xED, 0x3F, 0xDA, 0xDA, 0xED, 0xDA, 0xED, 0xDA, 0xED, 0xED, 0xDA, 0xED, 0xDA, 0xDA, 0xED, 
	0xDA, 0xED, 0xED, 0xDA, 0xED, 0xED, 0xDA, 0xED, 0xDA, 0xED, 0xDA, 0xED, 0xDA, 0xED, 0xDA, 0xED, 
	0xED, 0xDA, 0xDA, 0xED, 0xDA, 0xED, 0xED, 0xDA, 0xED, 0xDA, 0xED, 0xDA, 0xED, 0xDA, 0xED, 0xDA, 
	0xED, 0xDA, 0xED, 0xDA, 0xED, 0xED, 0xDA, 0xED, 0xED, 0xDA, 0xED, 0xDA, 0xED, 0xC6, 0x98, 0xA7, 
	0x98, 0x8B, 0xA7, 0x80, 0xED, 0x07, 0xDA, 0xED, 0xDA, 0xED, 0xDA, 0xED, 0xDA, 0xED, 0x80, 0xDA, 
	0x00, 0xED, 0x80, 0xDA, 0x00, 0xED, 0x82, 0xDA, 0x03, 0xED, 0xDA, 0xDA, 0xED, 0x80, 0xDA, 0x0B, 
	0xED, 0xED, 0xDA, 0xDA, 0xED, 0xDA, 0xED, 0xDA, 0xDA, 0xED, 0xDA, 0xED, 0x80, 0xDA, 0x07, 0xED, 
	0xED, 0xDA, 0xED, 0xDA, 0xDA, 0xED, 0xED, 0x81, 0xDA, 0x11, 0xED, 0xED, 0xDA, 0xED, 0xDA, 0xED, 
	0xDA, 0xED, 0xDA, 0xDA, 0x9A, 0x5F, 0x41, 0x50, 0xD7, 0xD9, 0xD9, 0xCF, 0x81, 0xD9, 0x01, 0xD7, 
	0xD7, 0x81, 0xD8, 0x01, 0xCF, 0xC5, 0x81, 0x00, 0x17, 0xC4, 0xD9, 0xCD, 0x6F, 0xDA, 0xED, 0x9A, 
	0xAB, 0x79, 0xCF, 0xD9, 0xD8, 0x4F, 0x40, 0x40, 0xAB, 0xD7, 0xCF, 0x5F, 0x40, 0x3F, 0xA1, 0xD7, 
	0x44, 0x82, 0x52, 0x04, 0x3A, 0x99, 0xE4, 0xDA, 0xED, 0x82, 0xDA, 0x00, 0xED, 0x80, 0xDA, 0x03, 
	0xED, 0xED, 0xDA, 0xED, 0x80, 0xDA, 0x05, 0xED, 0xDA, 0xED, 0xDA, 0xDA, 0xED, 0x81, 0xDA, 0x02, 
	0xED, 0xDA, 0xED, 0x81, 0xDA, 0x02, 0xED, 0xDA, 0xDA, 0x14, 0xED, 0xED, 0xDA, 0xED, 0xDA, 0xED, 
	0xDA, 0xED, 0xDA, 0xED, 0xDA, 0xED, 0xED, 0xDA, 0xED, 0xED, 0xDA, 0xED, 0xDA, 0xED, 0xDA, 0x82, 
	0xED, 0x0B, 0xDA, 0xED, 0xDA, 0xED, 0xC6, 0x80, 0xC0, 0xAD, 0xF6, 0xF6, 0x8B, 0x98, 0x81, 0xED, 
	0x14, 0xDA, 0xED, 0xDA, 0xED, 0xDA, 0xED, 0xDA, 0xED, 0xDA, 0xED, 0xDA, 0xDA, 0xED, 0xDA, 0xED, 
	0xDA, 0xED, 0xDA, 0xDA, 0xED, 0xDA, 0x82, 0xED, 0x0B, 0xDA, 0xED, 0xDA, 0xDA, 0xED, 0xED, 0xDA, 
	0xDA, 0xED, 0xDA, 0xDA, 0xED, 0x80, 0xDA, 0x01, 0xED, 0xED, 0x83, 0xDA, 0x03, 0xED, 0xDA, 0xED, 
	0xDA, 0x80, 0xED, 0x02, 0xE7, 0xED, 0xED, 0x80, 0xDA, 0x81, 0xED, 0x03, 0xDA, 0xED, 0xDA, 0xED, 
	0x81, 0xDA, 0x0F, 0xED, 0xDA, 0xED, 0xDA, 0xDA, 0xED, 0xDA, 0xED, 0xDA, 0xED, 0xDA, 0xED, 0xDA, 
	0xED, 0xDA, 0xED, 0x80, 0xDA, 0x1C, 0xED, 0xED, 0xDA, 0xED, 0xDA, 0xDA, 0xED, 0xED, 0xDA, 0xDA, 
	0xED, 0xDA, 0xDA, 0xED, 0xDA, 0xED, 0xE7, 0x81, 0x80, 0xAD, 0xCB, 0x8B, 0xAD, 0x80, 0x98, 0xED, 
	0xDA, 0xDA, 0xED, 0x80, 0xDA, 0x0F, 0xED, 0xDA, 0xED, 0xED, 0xDA, 0xDA, 0xED, 0xDA, 0xED, 0xED, 
	0xDA, 0xDA, 0xED, 0xED, 0xDA, 0xED, 0x80, 0xDA, 0x1C, 0xED, 0xED, 0xDA, 0xDA, 0xED, 0xDA, 0xED, 
	0xDA, 0xED, 0xDA, 0xDA, 0xED, 0xDA, 0xDA, 0xED, 0xDA, 0xED, 0xDA, 0xDA, 0xED, 0xDA, 0xED, 0xDA, 
	0xDA, 0xED, 0xDA, 0xED, 0xDA, 0xED, 0x85, 0xDA, 0x11, 0xED, 0xDA, 0xA1, 0x55, 0x40, 0x40, 0x53, 
	0xA0, 0xD9, 0xCD, 0xCF, 0xD8, 0xCF, 0xCF, 0xBA, 0x45, 0x3A, 0x4F, 0x80, 0x5F, 0x09, 0x3E, 0x5F, 
	0x5F, 0x52, 0x4F, 0x50, 0x4E, 0xBA, 0xA1, 0xA0, 0x80, 0xDA, 0x10, 0xED, 0xEB, 0x9B, 0xA0, 0xD8, 
	0x50, 0x40, 0x40, 0x4F, 0xD7, 0xD8, 0x3E, 0x40, 0x3F, 0xCD, 0xD7, 0x44, 0x80, 0x52, 0x06, 0x55, 
	0x52, 0x34, 0x9A, 0xDA, 0xDA, 0xED, 0x81, 0xDA, 0x03, 0xED, 0xDA, 0xDA, 0xED, 0x84, 0xDA, 0x00, 
	0xED, 0x83, 0xDA, 0x00, 0xED, 0x86, 0xDA, 0x00, 0xED, 0x80, 0xDA, 0x0D, 0xDA, 0xDA, 0xED, 0xDA, 
	0xED, 0xDA, 0xED, 0xED, 0xDA, 0xDA, 0xED, 0xDA, 0xDA, 0xED, 0x80, 0xDA, 0x05, 0xED, 0xDA, 0xED, 
	0xED, 0xC6, 0x8B, 0x80, 0xDA, 0x21, 0xED, 0xDA, 0xED, 0xDA, 0x80, 0x98, 0xF5, 0xF5, 0xF6, 0xF6, 
	0xD6, 0xAD, 0xED, 0xDA, 0xED, 0xDA, 0xDA, 0xED, 0xDA, 0xDA, 0xED, 0xDA, 0xDA, 0xED, 0xDA, 0xDA, 
	0xED, 0xDA, 0xDA, 0xED, 0xDA, 0xED, 0xDA, 0xED, 0x85, 0xDA, 0x08, 0xED, 0xDA, 0xED, 0xDA, 0xDA, 
	0xED, 0xDA, 0xDA, 0xED, 0x81, 0xDA, 0x02, 0xED, 0xDA, 0xED, 0x81, 0xDA, 0x13, 0xED, 0xDA, 0xDA, 
	0xED, 0xDA, 0xED, 0xED, 0xC6, 0xA7, 0x74, 0xAD, 0xAD, 0x88, 0xAD, 0x80, 0xAD, 0x80, 0x80, 0x98, 
	0xED, 0x80, 0xDA, 0x06, 0xED, 0xDA, 0xDA, 0xED, 0xDA, 0xDA, 0xED, 0x82, 0xDA, 0x02, 0xED, 0xDA, 
	0xED, 0x82, 0xDA, 0x02, 0xED, 0xDA, 0xED, 0x87, 0xDA, 0x09, 0xED, 0xDA, 0xDA, 0xED, 0xDA, 0xED, 
	0xDA, 0xDA, 0xAD, 0xE4, 0x81, 0xF6, 0x03, 0xD6, 0x80, 0xD6, 0xED, 0x81, 0xDA, 0x00, 0xED, 0x83, 
	0xDA, 0x00, 0xED, 0x80, 0xDA, 0x00, 0xED, 0x87, 0xDA, 0x00, 0xED, 0x85, 0xDA, 0x00, 0xED, 0x90, 
	0xDA, 0x00, 0xED, 0x80, 0xDA, 0x05, 0xED, 0xDA, 0xA3, 0xA1, 0x8E, 0xAB, 0x80, 0x40, 0x07, 0x5F, 
	0xD1, 0xA1, 0xA0, 0x4F, 0x47, 0x53, 0x41, 0x8A, 0x40, 0x03, 0x41, 0x3F, 0x55, 0xA6, 0x81, 0xDA, 
	0x15, 0xE4, 0xA6, 0xA0, 0xA0, 0x53, 0x40, 0x5F, 0xD8, 0xD1, 0x3E, 0x40, 0x41, 0xBA, 0xD9, 0x35, 
	0x4F, 0x55, 0x52, 0x52, 0x3A, 0xEE, 0xCA, 0x94, 0xDA, 0x00, 0xED, 0x8C, 0xDA, 0x02, 0xED, 0xDA, 
	0xED, 0x82, 0xDA, 0x00, 0xED, 0x82, 0xDA, 0x0B, 0xED, 0xDA, 0xDA, 0xED, 0xDA, 0xDA, 0xE7, 0xAD, 
	0xC0, 0x81, 0xC6, 0xED, 0x80, 0xDA, 0x02, 0xC6, 0xAD, 0xF5, 0x81, 0xF6, 0x03, 0xD6, 0x80, 0xED, 
	0xED, 0x81, 0xDA, 0x00, 0xED, 0x80, 0xDA, 0x05, 0xED, 0xDA, 0xDA, 0xED, 0xDA, 0xED, 0x81, 0xDA, 
	0x05, 0xED, 0xDA, 0xED, 0xDA, 0xED, 0xDA, 0x80, 0xED, 0x0F, 0xE7, 0xED, 0xDA, 0xDA, 0xBC, 0xD6, 
	0xC6, 0xDA, 0xED, 0xED, 0xDA, 0xED, 0xDA, 0xED, 0xDA, 0xED, 0x85, 0xDA, 0x12, 0xED, 0xBC, 0x8B, 
	0xAD, 0x80, 0xAD, 0x8B, 0xC8, 0xD6, 0xE4, 0xF3, 0xF3, 0xF5, 0xF3, 0x8B, 0xAD, 0xED, 0xDA, 0xED, 
	0x83, 0xDA, 0x00, 0xED, 0x81, 0xDA, 0x00, 0xED, 0x81, 0xDA, 0x04, 0xE7, 0xED, 0xDA, 0xDA, 0xED, 
	0x82, 0xDA, 0x00, 0xED, 0x8C, 0xDA, 0x01, 0xAD, 0xF3, 0x81, 0xF6, 0x04, 0xF5, 0xAD, 0xD6, 0xDA, 
	0xED, 0x85, 0xDA, 0x00, 0xED, 0x81, 0xDA, 0x02, 0xED, 0xDA, 0xED, 0x84, 0xDA, 0x00, 0xED, 0x80, 
	0xDA, 0x00, 0xED, 0x8A, 0xDA, 0x02, 0xED, 0xDA, 0xED, 0x89, 0xDA, 0x08, 0xED, 0xDA, 0xDA, 0xE7, 
	0xA0, 0xD8, 0xD9, 0xCF, 0x4D, 0x80, 0x40, 0x02, 0x4E, 0xCC, 0x52, 0x90, 0x40, 0x02, 0x4B, 0xEB, 
	0xE4, 0x83, 0xDA, 0x0C, 0x7D, 0xBA, 0x4C, 0x4C, 0xCF, 0xD8, 0x5F, 0x40, 0x41, 0xCA, 0xD7, 0xCF, 
	0x4F, 0x80, 0x52, 0x02, 0x4E, 0xA0, 0xA1, 0x8F, 0xDA, 0x01, 0xD6, 0xED, 0x90, 0xDA, 0x81, 0xDA, 
	0x05, 0xED, 0xDA, 0xED, 0xDA, 0xDA, 0xED, 0x87, 0xDA, 0x0B, 0x98, 0xAD, 0xED, 0xAD, 0xC0, 0xBC, 
	0xDA, 0xED, 0xDA, 0xDA, 0x80, 0xF3, 0x81, 0xF6, 0x04, 0xE4, 0xAD, 0xDA, 0xDA, 0xED, 0x83, 0xDA, 
	0x00, 0xED, 0x81, 0xDA, 0x00, 0xED, 0x80, 0xDA, 0x00, 0xED, 0x80, 0xDA, 0x10, 0xED, 0xED, 0xDA, 
	0xC6, 0xBC, 0xB5, 0x8B, 0xAD, 0xAD, 0x80, 0x80, 0xCB, 0xAD, 0xAD, 0x80, 0x80, 0x98, 0x86, 0xDA, 
	0x00, 0xED, 0x80, 0xDA, 0x05, 0xED, 0xA7, 0x80, 0x8B, 0xE4, 0xF5, 0x86, 0xF6, 0x01, 0x98, 0x88, 
	0x8E, 0xDA, 0x03, 0xED, 0xA7, 0x80, 0x74, 0x85, 0xDA, 0x02, 0xBC, 0xDA, 0xED, 0x8A, 0xDA, 0x01, 
	0x80, 0xF3, 0x81, 0xF6, 0x02, 0xF3, 0xC0, 0xED, 0x8E, 0xDA, 0x00, 0xD6, 0x87, 0xDA, 0x00, 0xC6, 
	0x9C, 0xDA, 0x02, 0xEB, 0x50, 0xBA, 0x80, 0xD9, 0x06, 0xBA, 0x3F, 0x40, 0x40, 0x3F, 0x3C, 0x5F, 
	0x87, 0x40, 0x81, 0x41, 0x07, 0x3F, 0x3F, 0x41, 0x3F, 0x41, 0x3F, 0xAA, 0x84, 0x84, 0xDA, 0x12, 
	0xED, 0x9A, 0x44, 0xA0, 0xD7, 0x55, 0x40, 0x40, 0xAB, 0xD7, 0xCD, 0x44, 0x52, 0x52, 0x55, 0x39, 
	0xA0, 0xD9, 0xC6, 0x80, 0xDA, 0x00, 0xC6, 0x83, 0xDA, 0x02, 0xC6, 0xDA, 0xE4, 0x82, 0xDA, 0x00, 
	0xC6, 0x80, 0xDA, 0x01, 0xC6, 0xD6, 0x8B, 0xDA, 0x8E, 0xDA, 0x09, 0xED, 0xB5, 0xAD, 0xAD, 0xD6, 
	0xF6, 0xF2, 0xCB, 0x98, 0xED, 0x80, 0xDA, 0x01, 0x80, 0xD6, 0x81, 0xF6, 0x01, 0xE4, 0x80, 0x81, 
	0xED, 0x8E, 0xDA, 0x13, 0xC6, 0x98, 0x81, 0xAD, 0x80, 0xAD, 0xCB, 0x8B, 0xC8, 0xE4, 0xE4, 0xF5, 
	0xF6, 0xF6, 0xF5, 0xF3, 0xE4, 0xAD, 0x8B, 0xED, 0x88, 0xDA, 0x08, 0xC6, 0xC0, 0xD6, 0xF7, 0xF6, 
	0xF7, 0xF6, 0xF6, 0xF7, 0x82, 0xF6, 0x02, 0xF7, 0xE4, 0xAD, 0x82, 0xDA, 0x01, 0xC6, 0xC6, 0x87, 
	0xDA, 0x04, 0xED, 0xAD, 0x8B, 0xAD, 0x98, 0x82, 0xDA, 0x05, 0xED, 0x74, 0xC0, 0x81, 0x81, 0xBC, 
	0x88, 0xDA, 0x02, 0xBC, 0x80, 0xF5, 0x80, 0xF6, 0x03, 0xF7, 0xC8, 0xAD, 0xED, 0x8C, 0xDA, 0x00, 
	0xC6, 0x85, 0xDA, 0x01, 0xD6, 0xDA, 0x81, 0xED, 0x05, 0xDA, 0xDA, 0xC6, 0xDA, 0xDA, 0xC6, 0x86, 
	0xDA, 0x02, 0xC6, 0xDA, 0xC6, 0x81, 0xDA, 0x00, 0xE4, 0x81, 0xDA, 0x21, 0xD6, 0xDA, 0x9A, 0x79, 
	0x40, 0x47, 0xCF, 0xD9, 0xD9, 0xD7, 0x45, 0x3F, 0x40, 0x40, 0x4C, 0x47, 0x40, 0x41, 0x3F, 0x4D, 
	0x47, 0x5F, 0x55, 0xAB, 0x50, 0x60, 0x45, 0xBA, 0x35, 0xCD, 0x35, 0xCD, 0x35, 0xCD, 0x80, 0xBA, 
	0x23, 0xDA, 0xDA, 0xC6, 0xDA, 0xDA, 0xC6, 0xDA, 0xDA, 0xC6, 0xDA, 0xA6, 0xA1, 0x8E, 0x50, 0x40, 
	0x40, 0xA8, 0xD8, 0xD9, 0xA0, 0x60, 0x52, 0x55, 0x4E, 0xCF, 0xA1, 0xDA, 0xDA, 0xC6, 0xDA, 0xE4, 
	0xDA, 0xC6, 0xDA, 0xC6, 0xC6, 0x80, 0xDA, 0x04, 0xC6, 0xDA, 0xC6, 0xDA, 0xC6, 0x80, 0xDA, 0x00, 
	0xC6, 0x82, 0xDA, 0x04, 0xC6, 0xDA, 0xC6, 0xDA, 0xD6, 0x80, 0xDA, 0x03, 0xC6, 0xDA, 0xC6, 0xDA, 
	0x8E, 0xDA, 0x09, 0xED, 0xAD, 0x8B, 0xF2, 0xF7, 0xF6, 0xF2, 0xC8, 0xCB, 0xED, 0x80, 0xDA, 0x0B, 
	0xAD, 0xD6, 0xF7, 0xF6, 0xF6, 0xF7, 0xF3, 0xAD, 0xED, 0x98, 0x8B, 0x98, 0x82, 0xDA, 0x00, 0xC6, 
	0x82, 0xDA, 0x00, 0xC6, 0x81, 0xDA, 0x07, 0x8B, 0x80, 0xAD, 0xB5, 0xE4, 0xF5, 0xF7, 0xE1, 0x81, 
	0xF7, 0x00, 0xF6, 0x82, 0xF7, 0x03, 0xF3, 0x80, 0xCB, 0xED, 0x82, 0xDA, 0x00, 0xED, 0x82, 0xDA, 
	0x02, 0xAD, 0x8B, 0xF2, 0x80, 0xF7, 0x0A, 0xF6, 0xF7, 0xF7, 0xF2, 0xE1, 0xF7, 0xE1, 0xE1, 0xE4, 
	0xC0, 0xC6, 0x80, 0xDA, 0x00, 0x8B, 0x80, 0x80, 0x00, 0x8B, 0x83, 0xDA, 0x12, 0xC6, 0xDA, 0x98, 
	0x80, 0xF6, 0xD6, 0x80, 0xDA, 0xDA, 0xC6, 0xDA, 0xA7, 0xAD, 0x80, 0xF3, 0x8B, 0xAD, 0x81, 0xED, 
	0x82, 0xDA, 0x06, 0xED, 0xBC, 0xA7, 0xDA, 0xDA, 0xA7, 0xAD, 0x82, 0xF7, 0x0D, 0x8B, 0x8B, 0xED, 
	0xDA, 0xC6, 0xDA, 0xC6, 0xDA, 0xDA, 0xC6, 0xDA, 0xC6, 0xDA, 0xC6, 0x81, 0xDA, 0x00, 0xC6, 0x84, 
	0xDA, 0x11, 0xD6, 0xE7, 0x78, 0x3D, 0x46, 0x23, 0x3D, 0x44, 0x87, 0xED, 0xDA, 0xC6, 0xDA, 0xC6, 
	0xDA, 0xC6, 0xDA, 0xC6, 0x81, 0xDA, 0x1D, 0xC6, 0xDA, 0xDA, 0xC6, 0xDA, 0xDA, 0xC6, 0xDA, 0xD6, 
	0xDA, 0xED, 0xED, 0xDA, 0x9A, 0x35, 0x41, 0x40, 0x40, 0x52, 0xD1, 0xD9, 0xD9, 0xD7, 0x45, 0x41, 
	0x3F, 0x52, 0x44, 0xBA, 0xBA, 0x80, 0xCF, 0x02, 0xD1, 0xD8, 0xD8, 0x80, 0xD7, 0x05, 0xD9, 0xD7, 
	0xD9, 0xD7, 0xD9, 0xD7, 0x80, 0xD9, 0x01, 0xCF, 0x84, 0x80, 0xDA, 0x1A, 0xC6, 0xDA, 0xDA, 0xC6, 
	0xDA, 0xDA, 0xC6, 0xC6, 0x9A, 0x35, 0x40, 0x40, 0x3F, 0xCD, 0xD9, 0xE3, 0xCF, 0x34, 0x2F, 0xA0, 
	0xCD, 0xE3, 0xC6, 0xDA, 0xC6, 0xDA, 0xC6, 0x83, 0xDA, 0x09, 0xC6, 0xDA, 0xDA, 0xC6, 0xDA, 0xC6, 
	0xDA, 0xC6, 0xDA, 0xC6, 0x81, 0xDA, 0x03, 0xC6, 0xDA, 0xDA, 0xC6, 0x80, 0xDA, 0x06, 0xC6, 0xC6, 
	0xDA, 0xC6, 0xDA, 0xDA, 0xC6, 0x8E, 0xDA, 0x09, 0xED, 0x98, 0x8B, 0xF2, 0xF7, 0xF7, 0xF2, 0xD6, 
	0xCB, 0xED, 0x80, 0xDA, 0x01, 0x81, 0xC8, 0x81, 0xF7, 0x09, 0xF3, 0x80, 0x81, 0x80, 0x8B, 0x80, 
	0xB5, 0xDA, 0xDA, 0xC6, 0x88, 0xDA, 0x04, 0xC6, 0xC0, 0xF3, 0xE1, 0xF2, 0x86, 0xF7, 0x08, 0xE1, 
	0xF7, 0xF7, 0xE1, 0xF6, 0xF2, 0xF5, 0x80, 0xC6, 0x80, 0xDA, 0x0C, 0xD6, 0xDA, 0x8B, 0xAD, 0xCB, 
	0xA7, 0xDA, 0xDA, 0xBC, 0xC0, 0xF3, 0xF2, 0xF6, 0x80, 0xF7, 0x16, 0xF3, 0xD6, 0xC8, 0x98, 0x98, 
	0xCB, 0x80, 0x88, 0x8B, 0xA7, 0xED, 0xBC, 0x80, 0xF3, 0xF5, 0xF0, 0xAD, 0x74, 0xED, 0xC6, 0xDA, 
	0xDA, 0x81, 0x80, 0x80, 0x04, 0x98, 0xF7, 0xF5, 0x80, 0xBC, 0x80, 0xDA, 0x14, 0xAD, 0x8B, 0xF3, 
	0xE1, 0xF2, 0xC8, 0xAD, 0xDA, 0xDA, 0xC6, 0xDA, 0x98, 0x8B, 0x81, 0x80, 0xC0, 0xA7, 0xED, 0x98, 
	0xCB, 0xE1, 0x80, 0xF7, 0x0A, 0xE1, 0xAD, 0xC8, 0xED, 0xDA, 0xC6, 0xDA, 0xDA, 0xC6, 0xDA, 0xC6, 
	0x81, 0xDA, 0x02, 0xC6, 0xDA, 0xC6, 0x80, 0xDA, 0x39, 0xC6, 0xDA, 0xC6, 0xDA, 0xC6, 0xDA, 0xA6, 
	0x0C, 0x57, 0x5C, 0x5A, 0x5A, 0x59, 0x57, 0x0E, 0x46, 0x9A, 0xDA, 0xC6, 0xDA, 0xC6, 0xDA, 0xDA, 
	0xC6, 0xDA, 0xC6, 0xDA, 0xDA, 0xC6, 0xDA, 0xC6, 0xDA, 0xD6, 0xDA, 0xC6, 0xDA, 0xED, 0x7D, 0x8C, 
	0x8C, 0x35, 0xD8, 0xCF, 0x47, 0x40, 0x40, 0x41, 0x79, 0xD1, 0xD9, 0xD9, 0xD8, 0xBA, 0x87, 0x87, 
	0xCF, 0xD9, 0xD7, 0x8C, 0xD9, 0x80, 0xD7, 0x05, 0xEE, 0xA6, 0xD6, 0xC6, 0xDA, 0xC6, 0x80, 0xDA, 
	0x26, 0xC6, 0xDA, 0xDA, 0xC6, 0xD6, 0x87, 0x4C, 0x40, 0x40, 0x8C, 0xD8, 0xD9, 0xD9, 0xD7, 0xD8, 
	0xD9, 0xD9, 0x9A, 0xC6, 0xC6, 0xDA, 0xC6, 0xDA, 0xC6, 0xC6, 0xDA, 0xC6, 0xC6, 0xDA, 0xC6, 0xC6, 
	0xDA, 0xC6, 0xDA, 0xC6, 0xDA, 0xDA, 0xC6, 0xDA, 0x80, 0xC6, 0x06, 0xDA, 0xC6, 0xC6, 0xDA, 0xC6, 
	0xDA, 0xC6, 0x80, 0xDA, 0x04, 0xC6, 0xDA, 0xC6, 0xDA, 0xC6, 0x0C, 0xC6, 0xDA, 0xC6, 0xDA, 0xC6, 
	0xDA, 0xC6, 0xDA, 0xC6, 0xDA, 0xC6, 0xDA, 0xC6, 0x82, 0xDA, 0x2B, 0x98, 0xCB, 0xF2, 0xF7, 0xE1, 
	0xF2, 0xE4, 0xCB, 0xDA, 0xC6, 0xDA, 0xDA, 0x8B, 0x98, 0xF2, 0xF2, 0xE1, 0xE1, 0xF6, 0x8B, 0x8B, 
	0xF3, 0xEA, 0xD6, 0x80, 0xED, 0xDA, 0xDA, 0xC6, 0xDA, 0xDA, 0x92, 0x98, 0x80, 0x80, 0xB5, 0xDA, 
	0xD6, 0xDA, 0xDA, 0x81, 0x8B, 0xF2, 0xF7, 0x80, 0xE1, 0x00, 0xF7, 0x80, 0xE1, 0x03, 0xEA, 0xE1, 
	0xE1, 0xF5, 0x80, 0xE1, 0x4D, 0xF5, 0x8B, 0xBB, 0xBC, 0xDA, 0xC6, 0xDA, 0xDA, 0x98, 0xAD, 0xD6, 
	0xC8, 0x80, 0x81, 0xDA, 0xED, 0x8B, 0xCB, 0xE1, 0xF7, 0xE1, 0xE1, 0xF3, 0xBB, 0x88, 0xCB, 0xCB, 
	0x8B, 0x8B, 0xDA, 0x81, 0xCB, 0x80, 0x92, 0x74, 0xCB, 0xEA, 0xE1, 0xE1, 0xF3, 0x80, 0xD6, 0xDA, 
	0xDA, 0xBC, 0xAD, 0xD6, 0xD6, 0xF7, 0xF2, 0xE1, 0xEA, 0xCB, 0x98, 0xDA, 0xC6, 0xDA, 0xCB, 0xD6, 
	0xF2, 0xE1, 0xF2, 0xB5, 0xCB, 0xED, 0xDA, 0xDA, 0x74, 0xAD, 0x8B, 0x98, 0xF5, 0x8B, 0x98, 0xED, 
	0x8B, 0x8B, 0xF2, 0x80, 0xE1, 0x0F, 0xF0, 0x80, 0xD6, 0xDA, 0xC6, 0xC6, 0xDA, 0xDA, 0xC6, 0xDA, 
	0xC6, 0xDA, 0xC6, 0xC6, 0xDA, 0xDA, 0x80, 0xC6, 0x19, 0xDA, 0xDA, 0xC6, 0xC6, 0xDA, 0xC6, 0xDA, 
	0xDA, 0x78, 0x5C, 0x5A, 0x59, 0x58, 0x58, 0x59, 0x59, 0x5A, 0x5A, 0x08, 0x2F, 0xA6, 0xDA, 0xDA, 
	0xC6, 0xC6, 0xDA, 0x82, 0xC6, 0x01, 0xDA, 0xC6, 0x80, 0xDA, 0x0A, 0xC6, 0xDA, 0x87, 0x3F, 0x40, 
	0x55, 0xCF, 0xD9, 0xD9, 0xA0, 0x4B, 0x80, 0x40, 0x07, 0x55, 0xBA, 0xCF, 0xA1, 0x76, 0xD6, 0xEB, 
	0xCF, 0x82, 0xD9, 0x81, 0xD7, 0x01, 0xCF, 0xD8, 0x81, 0xCF, 0x0D, 0xCD, 0xBA, 0xBA, 0x50, 0xAB, 
	0x4F, 0x87, 0xDA, 0xDA, 0xC6, 0xDA, 0xC6, 0xD6, 0xDA, 0x80, 0xC6, 0x08, 0xE4, 0xC6, 0xED, 0x50, 
	0x41, 0x40, 0x40, 0x4F, 0xD7, 0x80, 0xD9, 0x13, 0xCD, 0xA1, 0x84, 0xC6, 0xDA, 0xC6, 0xDA, 0xC6, 
	0xC6, 0xDA, 0xC6, 0xDA, 0xC6, 0xE4, 0xC6, 0xC6, 0xDA, 0xC6, 0xC6, 0xE4, 0x80, 0xC6, 0x05, 0xD6, 
	0xDA, 0xDA, 0xC6, 0xDA, 0xDA, 0x85, 0xC6, 0x00, 0xDA, 0x80, 0xC6, 0x00, 0xDA, 0x13, 0xDA, 0xC6, 
	0xDA, 0xC6, 0xDA, 0xC6, 0xDA, 0xDA, 0xC6, 0xDA, 0xDA, 0xC6, 0xDA, 0xDA, 0xC6, 0xDA, 0xC6, 0xDA, 
	0xBC, 0x80, 0x80, 0xE1, 0x09, 0xF2, 0xF0, 0x80, 0xC6, 0xDA, 0xC6, 0xDA, 0x8B, 0x8B, 0xF2, 0x80, 
	0xE1, 0x19, 0xF2, 0xEA, 0xF2, 0xF2, 0xEA, 0xF5, 0x80, 0xBC, 0xDA, 0xC6, 0xDA, 0xC6, 0xAD, 0xC0, 
	0xAD, 0xD6, 0xD6, 0x80, 0xBC, 0xDA, 0xC6, 0xDA, 0xC6, 0xC0, 0xF0, 0xF2, 0x82, 0xE1, 0x20, 0xE8, 
	0xE4, 0x8B, 0xCB, 0x88, 0xCB, 0xF0, 0xF2, 0xF2, 0xE7, 0x41, 0xC8, 0xDA, 0xC6, 0xDA, 0xC6, 0xED, 
	0xCB, 0x98, 0xEA, 0xEA, 0xF6, 0xCB, 0x81, 0xED, 0xBC, 0x89, 0xE8, 0xE1, 0xE1, 0xEA, 0xD6, 0xCB, 
	0x80, 0xED, 0x14, 0xDA, 0xED, 0x98, 0x80, 0xEA, 0xE4, 0x80, 0x89, 0x80, 0xE7, 0xF2, 0xE1, 0xEA, 
	0xCB, 0x98, 0xDA, 0xDA, 0x8B, 0xCB, 0xEA, 0xF2, 0x80, 0xE1, 0x1A, 0xEA, 0x8B, 0x8B, 0xED, 0xDA, 
	0xDA, 0xCB, 0xC8, 0xF2, 0xE1, 0xF2, 0xC8, 0xCB, 0xDA, 0x84, 0xC6, 0x80, 0xD6, 0xEA, 0xF2, 0xEA, 
	0xCB, 0xB5, 0xED, 0x81, 0x98, 0xF2, 0x80, 0xE1, 0x05, 0xE4, 0x80, 0xDA, 0xDA, 0xC6, 0xDA, 0x80, 
	0xC6, 0x03, 0xDA, 0xC6, 0xC6, 0xDA, 0x80, 0xC6, 0x0F, 0xDA, 0xDA, 0xC6, 0xC6, 0xDA, 0xC6, 0xDA, 
	0xC6, 0xDA, 0xC6, 0xC6, 0x44, 0x61, 0x59, 0x58, 0x5C, 0x80, 0x58, 0x3A, 0x59, 0x58, 0x59, 0x57, 
	0x23, 0xEB, 0xC6, 0xDA, 0xC6, 0xC6, 0xDA, 0xC6, 0xC6, 0xDA, 0xC6, 0xDA, 0xDA, 0xD6, 0xC6, 0xC6, 
	0xDA, 0x9A, 0x55, 0x40, 0x40, 0x3F, 0xBA, 0xD7, 0xD9, 0xD9, 0xA0, 0x4B, 0x40, 0x40, 0x3F, 0x44, 
	0x9A, 0xC6, 0xDA, 0xC6, 0x87, 0x8E, 0xD8, 0xCF, 0xCF, 0xCD, 0xBA, 0x45, 0x50, 0xAB, 0x52, 0x55, 
	0x3E, 0x47, 0x4C, 0x4B, 0x53, 0x3F, 0x41, 0x81, 0x40, 0x01, 0x73, 0xDA, 0x81, 0xC6, 0x04, 0xDA, 
	0xC6, 0xDA, 0xC6, 0xDA, 0x80, 0xC6, 0x0A, 0xED, 0x3A, 0x3F, 0x40, 0x41, 0x60, 0xD8, 0xA1, 0xCF, 
	0xA1, 0xA6, 0x82, 0xC6, 0x00, 0xDA, 0x80, 0xC6, 0x0F, 0xD6, 0xDA, 0xC6, 0xC6, 0xDA, 0xD6, 0xC6, 
	0xC6, 0xDA, 0xC6, 0xDA, 0xC6, 0xDA, 0xC6, 0xC6, 0xDA, 0x82, 0xC6, 0x09, 0xDA, 0xC6, 0xDA, 0xC6, 
	0xDA, 0xC6, 0xC6, 0xDA, 0xC6, 0xC6, 0x0B, 0xC6, 0xC6, 0xDA, 0xD6, 0xDA, 0xC6, 0xDA, 0xDA, 0xC6, 
	0xDA, 0xC6, 0xDA, 0x81, 0xC6, 0x10, 0xDA, 0xC6, 0xC6, 0x80, 0xF3, 0xEA, 0xE1, 0xF2, 0xF1, 0x80, 
	0xBC, 0xC6, 0xDA, 0xDA, 0x98, 0xCB, 0xEA, 0x82, 0xE1, 0x3E, 0xEA, 0xE1, 0xE1, 0xEA, 0x8B, 0x8B, 
	0xDA, 0xC6, 0xDA, 0x98, 0xAD, 0xEA, 0xEA, 0xF2, 0xEA, 0x80, 0xA7, 0xC6, 0xDA, 0xDA, 0xA7, 0x80, 
	0xE8, 0xE1, 0xEA, 0xEA, 0xE1, 0xE1, 0xEA, 0xAD, 0x80, 0x8B, 0x98, 0xBC, 0xBB, 0xE4, 0xF2, 0xE1, 
	0xEA, 0x98, 0xCB, 0xDA, 0xDA, 0xB5, 0xC0, 0x88, 0x77, 0xCB, 0xEA, 0xF2, 0xEA, 0xE8, 0xAD, 0xB5, 
	0xC6, 0x88, 0xF5, 0xEA, 0xE1, 0xEA, 0xC8, 0xCB, 0xDA, 0x80, 0xC6, 0x13, 0xDA, 0x80, 0xD6, 0xEA, 
	0xEA, 0xF0, 0xCB, 0x41, 0xD6, 0xEA, 0xE1, 0xEA, 0xC8, 0xCB, 0xDA, 0xDA, 0x8B, 0x8B, 0xEA, 0xF2, 
	0x80, 0xE1, 0x20, 0xEA, 0xC8, 0x81, 0xDA, 0xC6, 0xDA, 0x89, 0xC8, 0xEA, 0xE1, 0xEA, 0x8B, 0x8B, 
	0xDA, 0xDA, 0xB5, 0x80, 0xEA, 0xF2, 0xE1, 0xE1, 0x80, 0xA7, 0xED, 0xCB, 0xD6, 0xEA, 0xE1, 0xE1, 
	0xEA, 0xC8, 0xCB, 0xDA, 0x80, 0xC6, 0x04, 0xDA, 0xC6, 0xDA, 0xC6, 0xDA, 0x80, 0xC6, 0x00, 0xDA, 
	0x80, 0xC6, 0x0E, 0xDA, 0xC6, 0xC6, 0xDA, 0xC6, 0xC6, 0xDA, 0xC6, 0xC6, 0x70, 0x09, 0x5A, 0x59, 
	0x58, 0x59, 0x82, 0x58, 0x08, 0x5C, 0x5C, 0x23, 0x7D, 0xD6, 0xDA, 0xC6, 0xC6, 0xDA, 0x84, 0xC6, 
	0x03, 0xDA, 0x7B, 0xC4, 0xAB, 0x80, 0x40, 0x09, 0x56, 0xBA, 0xD8, 0xD9, 0xD9, 0xA0, 0x3E, 0x4D, 
	0x87, 0xAA, 0x81, 0xC6, 0x07, 0x9A, 0x52, 0x4C, 0x53, 0x3F, 0x3F, 0x41, 0x41, 0x8C, 0x40, 0x05, 
	0x3E, 0xA6, 0xC6, 0xC6, 0xDA, 0xD6, 0x82, 0xC6, 0x0B, 0xDA, 0xDA, 0xC6, 0xC6, 0xA6, 0x87, 0x55, 
	0xA8, 0xA6, 0xA6, 0xAA, 0x84, 0x81, 0xC6, 0x00, 0xDA, 0x80, 0xC6, 0x00, 0xDA, 0x81, 0xC6, 0x00, 
	0xDA, 0x80, 0xC6, 0x00, 0xDA, 0x80, 0xC6, 0x00, 0xDA, 0x82, 0xC6, 0x02, 0xD6, 0xC6, 0xDA, 0x81, 
	0xC6, 0x07, 0xDA, 0xC6, 0xC6, 0xDA, 0xC6, 0xC6, 0xDA, 0xC6, 0x05, 0xC6, 0xDA, 0xC6, 0xDA, 0xC6, 
	0xDA, 0x82, 0xC6, 0x18, 0xDA, 0xD6, 0xDA, 0xC6, 0xDA, 0xD6, 0xDA, 0xDA, 0x88, 0xE4, 0xEA, 0xE1, 
	0xEA, 0xE1, 0x80, 0xC8, 0xDA, 0xC6, 0xC6, 0xA7, 0xCB, 0xEA, 0xE1, 0xEA, 0xE1, 0x80, 0xEA, 0x0E, 
	0xE1, 0xEA, 0xEA, 0xE4, 0x80, 0xDA, 0xC6, 0xDA, 0x81, 0xB5, 0xEA, 0xF2, 0xEA, 0xE7, 0x80, 0x80, 
	0xC6, 0x0B, 0xDA, 0xA7, 0xBB, 0x80, 0x88, 0x8B, 0xD6, 0xEA, 0xE1, 0xEA, 0x8B, 0xCB, 0x80, 0xDA, 
	0x01, 0x88, 0xE4, 0x80, 0xEA, 0x54, 0xC8, 0xCB, 0xED, 0xC6, 0x80, 0xE4, 0xD6, 0xC0, 0xC8, 0xEA, 
	0xEA, 0xE1, 0xEA, 0xC8, 0x88, 0xC6, 0x88, 0xF1, 0xF2, 0xE1, 0xEA, 0xC8, 0xCB, 0xDA, 0xC6, 0xC6, 
	0xDA, 0xBC, 0x80, 0xE8, 0xF2, 0xEA, 0xEA, 0xCB, 0xC0, 0xF1, 0xF2, 0xEA, 0xEA, 0xED, 0x80, 0xDA, 
	0xDA, 0xAD, 0xC8, 0xEA, 0xEA, 0xE1, 0xEA, 0xE1, 0xEA, 0xE4, 0xAD, 0xC6, 0xC6, 0xDA, 0xCB, 0xC8, 
	0xEA, 0xEA, 0xE6, 0x8B, 0x8B, 0xDA, 0xDA, 0x89, 0xC8, 0xEA, 0xE1, 0xEA, 0xF1, 0xBB, 0xC6, 0xDA, 
	0x88, 0xE4, 0xEA, 0xE1, 0xEA, 0xEA, 0x8B, 0x8B, 0xDA, 0xC6, 0xDA, 0x84, 0xC6, 0x03, 0xDA, 0xC6, 
	0xC6, 0xDA, 0x80, 0xC6, 0x00, 0xDA, 0x80, 0xC6, 0x0A, 0xD6, 0xC6, 0xDA, 0xC6, 0xA6, 0x2E, 0x27, 
	0x27, 0x5C, 0x59, 0x59, 0x81, 0x58, 0x0C, 0x59, 0x59, 0x58, 0x23, 0xA6, 0xC6, 0xC6, 0xDA, 0xC6, 
	0xC6, 0xDA, 0xC6, 0xDA, 0x80, 0xC6, 0x04, 0xA6, 0xCF, 0xE3, 0xD8, 0x3E, 0x80, 0x40, 0x07, 0x3F, 
	0xAB, 0xD8, 0xD7, 0xD9, 0xA0, 0x32, 0xDA, 0x80, 0xC6, 0x03, 0xDA, 0xD6, 0x87, 0x3F, 0x91, 0x40, 
	0x02, 0x41, 0x4F, 0x9A, 0x84, 0xC6, 0x00, 0xDA, 0x83, 0xC6, 0x80, 0xDA, 0x87, 0xC6, 0x00, 0xDA, 
	0x80, 0xC6, 0x00, 0xE4, 0x89, 0xC6, 0x03, 0xDA, 0xC6, 0xC6, 0xDA, 0x81, 0xC6, 0x02, 0xDA, 0xC6, 
	0xD6, 0x81, 0xC6, 0x00, 0xD6, 0x80, 0xC6, 0x83, 0xC6, 0x04, 0xDA, 0xC6, 0xDA, 0xC6, 0xDA, 0x80, 
	0xC6, 0x18, 0xDA, 0xC6, 0xC6, 0xDA, 0xDA, 0xCB, 0xB5, 0xE6, 0xF2, 0xE0, 0xEA, 0xCB, 0xB5, 0xDA, 
	0xC6, 0xDA, 0xBC, 0x80, 0xE8, 0xEA, 0xE1, 0xEA, 0xE0, 0x77, 0x98, 0x81, 0xEA, 0x05, 0x80, 0xB5, 
	0xDA, 0xDA, 0xAD, 0xE4, 0x80, 0xEA, 0x02, 0xC8, 0xCB, 0xDA, 0x82, 0xC6, 0x03, 0xBC, 0xB5, 0x89, 
	0xCB, 0x81, 0xEA, 0x1A, 0x88, 0x98, 0xDA, 0xDA, 0x88, 0xE4, 0xEA, 0xEA, 0xE6, 0x8B, 0x8B, 0xED, 
	0x8B, 0x77, 0xEA, 0xEA, 0xE9, 0x8B, 0xCE, 0xEA, 0xEA, 0xF2, 0xF1, 0x80, 0xBC, 0x80, 0xF3, 0x80, 
	0xEA, 0x07, 0xC8, 0x81, 0xDA, 0xC6, 0xC6, 0xDA, 0x8B, 0x77, 0x80, 0xEA, 0x0C, 0xE4, 0x88, 0x80, 
	0xCE, 0xEA, 0xE1, 0xEA, 0xF1, 0x80, 0xBC, 0xC6, 0x80, 0xE7, 0x81, 0xEA, 0x08, 0xE1, 0xEA, 0xF4, 
	0x80, 0xC6, 0xC6, 0xDA, 0x89, 0xC8, 0x80, 0xEA, 0x05, 0x8B, 0x8B, 0xDA, 0x92, 0x80, 0xE8, 0x80, 
	0xEA, 0x05, 0xF3, 0xC1, 0xC6, 0xC6, 0x80, 0xF3, 0x81, 0xEA, 0x02, 0x88, 0xB5, 0xDA, 0x81, 0xC6, 
	0x03, 0xDA, 0xC6, 0xC6, 0xDA, 0x87, 0xC6, 0x16, 0xDA, 0xA3, 0x71, 0x7B, 0x35, 0x3D, 0x26, 0x0C, 
	0x25, 0x19, 0x13, 0x0F, 0x22, 0x5C, 0x5A, 0x59, 0x58, 0x5C, 0x59, 0x59, 0x5C, 0x23, 0xED, 0x86, 
	0xC6, 0x01, 0xD6, 0x9A, 0x80, 0xD9, 0x01, 0xD7, 0x47, 0x81, 0x40, 0x05, 0x4D, 0x45, 0xA0, 0x47, 
	0x3E, 0xA6, 0x82, 0xC6, 0x01, 0xA6, 0x3F, 0x8F, 0x40, 0x04, 0x41, 0x47, 0x45, 0xCF, 0x9B, 0x80, 
	0xC6, 0x03, 0xDA, 0xC6, 0xC6, 0xDA, 0x97, 0xC6, 0x00, 0xDA, 0x8A, 0xC6, 0x00, 0xD6, 0x81, 0xC6, 
	0x01, 0xD6, 0xDA, 0x86, 0xC6, 0x04, 0xC6, 0xC6, 0xDA, 0xC6, 0xDA, 0x88, 0xC6, 0x29, 0xDA, 0xC6, 
	0xDA, 0x8B, 0x8B, 0xE6, 0xEA, 0xEA, 0xE6, 0x8B, 0x8B, 0xDA, 0xDA, 0xC6, 0xB5, 0x80, 0xE0, 0xEA, 
	0xE0, 0xEA, 0xF1, 0xBB, 0xC0, 0xE7, 0xEA, 0xE0, 0xE6, 0x98, 0xCB, 0xDA, 0xC6, 0xBB, 0xF0, 0xEA, 
	0xE0, 0xE6, 0x8B, 0x74, 0xDA, 0xC6, 0xC6, 0xDA, 0x80, 0xC6, 0x02, 0xDA, 0xA7, 0x88, 0x80, 0xEA, 
	0x4B, 0xE6, 0x98, 0x77, 0xDA, 0xDA, 0x88, 0xAA, 0xEA, 0xE0, 0xEA, 0x8B, 0x8B, 0xED, 0x80, 0xE4, 
	0xE6, 0xE6, 0xCE, 0xBB, 0x80, 0xC8, 0xEA, 0xEA, 0xE6, 0xCB, 0x74, 0x88, 0xF0, 0xE6, 0xEA, 0xE6, 
	0x77, 0x77, 0xDA, 0xC6, 0xC6, 0xDA, 0x89, 0xC8, 0xE6, 0xEA, 0xE6, 0x8B, 0x8B, 0x74, 0x8B, 0xE6, 
	0xEA, 0xEA, 0xE0, 0x80, 0xC8, 0xBC, 0x80, 0xE8, 0xEA, 0xEA, 0xE0, 0xEA, 0xE0, 0xEA, 0xEA, 0x89, 
	0x98, 0xDA, 0xC6, 0xCB, 0xC8, 0xE6, 0xEA, 0xE6, 0x8B, 0x8B, 0xED, 0x81, 0x8B, 0x80, 0xEA, 0x06, 
	0xE0, 0xE4, 0x88, 0xDA, 0xC6, 0xBB, 0xE3, 0x80, 0xEA, 0x02, 0xE8, 0x80, 0xBC, 0x8B, 0xC6, 0x27, 
	0xD6, 0xC6, 0xDA, 0xBC, 0x6C, 0x7B, 0x2E, 0x14, 0x08, 0x61, 0x5C, 0x59, 0x5A, 0x5A, 0x59, 0x61, 
	0x0E, 0x0F, 0x0A, 0x14, 0x5C, 0x59, 0x59, 0x57, 0x27, 0x27, 0x0E, 0x34, 0xA6, 0xC6, 0xDA, 0xA6, 
	0xC6, 0xC6, 0xD6, 0xC6, 0xC6, 0xD6, 0x9A, 0xCF, 0x80, 0xD9, 0x02, 0xCF, 0x55, 0x41, 0x81, 0x40, 
	0x04, 0x4B, 0x4C, 0x4D, 0xA6, 0xBC, 0x81, 0xC6, 0x01, 0x7D, 0x53, 0x8A, 0x40, 0x0B, 0x41, 0x41, 
	0x53, 0x3E, 0x4F, 0xBA, 0xCF, 0xD7, 0xD9, 0xEE, 0x87, 0xD6, 0x81, 0xC6, 0x00, 0xBC, 0x84, 0xC6, 
	0x09, 0xD6, 0xC6, 0x84, 0x9A, 0x99, 0x35, 0x99, 0xA6, 0xBC, 0xDA, 0x9A, 0xC6, 0x02, 0xBC, 0xC6, 
	0xBC, 0x84, 0xC6, 0x84, 0xC6, 0x05, 0xDA, 0xC6, 0xDA, 0xC6, 0xC6, 0xDA, 0x82, 0xC6, 0x26, 0xDA, 
	0xB5, 0xCB, 0xE6, 0xE0, 0xEA, 0xE6, 0xC8, 0x88, 0x98, 0x89, 0x80, 0x88, 0x98, 0xEA, 0xE0, 0xEA, 
	0xEA, 0xE8, 0xCB, 0x77, 0x77, 0xE6, 0xEA, 0xEA, 0xF0, 0xBB, 0xC6, 0xA7, 0x88, 0xE8, 0xEA, 0xEA, 
	0xE0, 0x80, 0xC8, 0xC6, 0xC6, 0xD6, 0x82, 0xC6, 0x26, 0xD6, 0xC1, 0xF1, 0xE6, 0xE0, 0xE6, 0xC8, 
	0x81, 0xDA, 0xC6, 0x81, 0xC8, 0xE6, 0xEA, 0xE6, 0xCB, 0xB5, 0xA7, 0x80, 0xE8, 0xEA, 0xE6, 0x98, 
	0x8B, 0x98, 0xCB, 0xE6, 0xEA, 0xE6, 0xC8, 0xCB, 0xC1, 0xE3, 0xEA, 0xE0, 0xE6, 0x8B, 0x77, 0xDA, 
	0x80, 0xC6, 0x08, 0x80, 0xE4, 0xE6, 0xEA, 0xE0, 0x80, 0xC8, 0xC8, 0x88, 0x80, 0xEA, 0x29, 0xE8, 
	0x88, 0xBC, 0x98, 0xCB, 0xE6, 0xE0, 0xE0, 0xEA, 0xEA, 0xE0, 0xE0, 0xE6, 0x98, 0xCB, 0xDA, 0xC6, 
	0x89, 0xC8, 0xE6, 0xEA, 0xE6, 0x8B, 0x8B, 0xC6, 0x80, 0xEF, 0xEA, 0xE0, 0xEA, 0xE6, 0xCE, 0x88, 
	0xDA, 0x92, 0x80, 0xE8, 0xEA, 0xE0, 0xEA, 0xE7, 0xC1, 0x8A, 0xC6, 0x00, 0xD6, 0x80, 0xC6, 0x09, 
	0xA3, 0x99, 0x1F, 0x27, 0x5A, 0x59, 0x59, 0x5C, 0x59, 0x58, 0x81, 0x59, 0x10, 0x5A, 0x59, 0x27, 
	0x21, 0x19, 0x03, 0x0E, 0x19, 0x0F, 0x14, 0x08, 0x0C, 0x0D, 0x9B, 0x99, 0x87, 0xD6, 0x82, 0xC6, 
	0x02, 0x35, 0x34, 0xCF, 0x80, 0xD9, 0x02, 0xD7, 0x45, 0x4D, 0x82, 0x40, 0x02, 0x4D, 0x7D, 0xD6, 
	0x81, 0xC6, 0x04, 0xAA, 0x60, 0x4F, 0x55, 0x5F, 0x82, 0x3E, 0x0F, 0x5F, 0x5F, 0x55, 0x3A, 0x50, 
	0xBA, 0xCD, 0xCF, 0xCF, 0xD7, 0xD7, 0xD9, 0xD1, 0xBA, 0x5F, 0x87, 0x8B, 0xC6, 0x08, 0x7B, 0x3C, 
	0x4E, 0x3A, 0x4F, 0x4E, 0x87, 0x87, 0xA6, 0x90, 0xC6, 0x00, 0xBC, 0x8B, 0xC6, 0x00, 0xD6, 0x81, 
	0xC6, 0x90, 0xC6, 0x0C, 0xBC, 0x80, 0xE8, 0xEA, 0xE0, 0xE0, 0xEF, 0x77, 0x81, 0xC8, 0xE7, 0xE0, 
	0xE6, 0x80, 0xE0, 0x11, 0xE6, 0xE8, 0x88, 0xA7, 0xBB, 0xE4, 0xE6, 0xE0, 0xE6, 0x77, 0x8B, 0x98, 
	0x77, 0xE6, 0xE0, 0xE6, 0xEC, 0xBB, 0x87, 0xC6, 0x24, 0x80, 0xE7, 0xE6, 0xE0, 0xE6, 0xC8, 0xCB, 
	0xDA, 0xC6, 0x81, 0xC8, 0xE6, 0xE0, 0xE6, 0x89, 0xB5, 0x74, 0x77, 0xE6, 0xE0, 0xE6, 0x88, 0xB5, 
	0xD6, 0x80, 0xE8, 0xE0, 0xE6, 0xCE, 0x88, 0x80, 0xF0, 0xE6, 0xE0, 0xE6, 0x77, 0x8B, 0x80, 0xC6, 
	0x27, 0xBC, 0x88, 0xE8, 0xEA, 0xE6, 0xEC, 0x80, 0xC6, 0x92, 0x88, 0xE8, 0xE6, 0xE6, 0xE9, 0x80, 
	0xC6, 0x89, 0xA8, 0xE6, 0xE0, 0xEA, 0xEC, 0xEC, 0xE0, 0xE0, 0xE6, 0xCE, 0x88, 0xC6, 0xDA, 0x89, 
	0xC8, 0xE6, 0xE0, 0xE6, 0x8B, 0xA8, 0x8B, 0x77, 0xE6, 0x80, 0xE0, 0x0C, 0xE6, 0xC8, 0x89, 0xDA, 
	0xB5, 0x88, 0xE6, 0xE0, 0xE0, 0xE6, 0xCE, 0x88, 0xDA, 0x87, 0xC6, 0x00, 0xBC, 0x81, 0xC6, 0x03, 
	0x6C, 0x46, 0x27, 0x5A, 0x85, 0x59, 0x00, 0x58, 0x82, 0x59, 0x0D, 0x5A, 0x27, 0x0F, 0x14, 0x28, 
	0x03, 0x27, 0x59, 0x5A, 0x5C, 0x0F, 0x67, 0xA6, 0xBC, 0x80, 0xC6, 0x05, 0xBC, 0x7D, 0x4E, 0x52, 
	0x3C, 0xA0, 0x80, 0xD9, 0x08, 0xD7, 0xD8, 0xAB, 0x4C, 0x3F, 0x41, 0x4D, 0xAB, 0xDA, 0x82, 0xC6, 
	0x04, 0x84, 0xCF, 0xD7, 0xEE, 0xD1, 0x80, 0xD8, 0x06, 0xD1, 0xD8, 0xD1, 0xD8, 0xD1, 0xD7, 0xD7, 
	0x81, 0xD9, 0x0A, 0xD7, 0xCF, 0xBA, 0x55, 0x41, 0x40, 0x5F, 0x7D, 0xD6, 0xC6, 0xBC, 0x81, 0xC6, 
	0x10, 0xBC, 0xC6, 0xBC, 0xBC, 0x7D, 0x34, 0x4E, 0x52, 0x55, 0x52, 0x52, 0x4E, 0x65, 0x87, 0xC6, 
	0xC6, 0xBC, 0x81, 0xC6, 0x02, 0xBC, 0xC6, 0xBC, 0x80, 0xC6, 0x00, 0xBC, 0x80, 0xC6, 0x00, 0xBC, 
	0x82, 0xC6, 0x06, 0xBC, 0xC6, 0xC6, 0xBC, 0xC6, 0xC6, 0xBC, 0x80, 0xC6, 0x01, 0xBC, 0xBC, 0x80, 
	0xC6, 0x01, 0xBC, 0xC6, 0x91, 0xC6, 0x05, 0xBB, 0xAA, 0xE6, 0xE0, 0xE2, 0xE0, 0x81, 0xE6, 0x1C, 
	0xE2, 0xE0, 0xDE, 0xE0, 0xDE, 0xE0, 0xDE, 0x88, 0xA7, 0x98, 0xCB, 0xE6, 0xE2, 0xE6, 0xEC, 0xC1, 
	0x80, 0xC8, 0xE6, 0xE2, 0xE6, 0xCE, 0x88, 0xDA, 0xD6, 0xC6, 0xD6, 0xC6, 0xD6, 0x81, 0xC6, 0x24, 
	0x88, 0xAA, 0xE6, 0xE0, 0xE6, 0xCE, 0xCB, 0xC6, 0xDA, 0x81, 0xC8, 0xE6, 0xE0, 0xE6, 0x88, 0xC8, 
	0x77, 0xA8, 0xE6, 0xE0, 0xDE, 0x80, 0xA7, 0xC6, 0xC1, 0xAA, 0xE6, 0xE6, 0xE4, 0x88, 0xC1, 0xE3, 
	0xEA, 0xE0, 0xE6, 0xA8, 0x77, 0x80, 0xC6, 0x38, 0xA7, 0x88, 0xDE, 0xE0, 0xE6, 0xC8, 0xCB, 0xDA, 
	0x92, 0x88, 0xE8, 0xE0, 0xE6, 0xE3, 0xBB, 0xC6, 0x80, 0xEC, 0xE6, 0xEA, 0xDE, 0xBB, 0xC1, 0xE2, 
	0xE0, 0xE6, 0xE3, 0xBB, 0xCE, 0xDA, 0x89, 0xC8, 0xE6, 0xE0, 0xE6, 0xA8, 0x77, 0x80, 0xED, 0xE6, 
	0xE2, 0xE0, 0xDE, 0xE6, 0x8B, 0x8B, 0xDA, 0x98, 0x81, 0xE6, 0xE2, 0xE0, 0xE6, 0xA8, 0xCB, 0xDA, 
	0xBC, 0x80, 0xC6, 0x04, 0xBC, 0xC6, 0xBC, 0xC6, 0xBC, 0x81, 0xC6, 0x03, 0xBC, 0x6C, 0x22, 0x5A, 
	0x83, 0x59, 0x81, 0x58, 0x1E, 0x59, 0x5C, 0x58, 0x59, 0x58, 0x59, 0x59, 0x5A, 0x0F, 0x0A, 0x17, 
	0x1C, 0x61, 0x5A, 0x59, 0x59, 0x35, 0xDF, 0x8E, 0x7D, 0xC6, 0xBC, 0xC6, 0xD6, 0xA6, 0x50, 0x55, 
	0x52, 0x44, 0xEE, 0xCF, 0x81, 0xD9, 0x10, 0xD8, 0xD9, 0xCD, 0x9B, 0xC6, 0xC6, 0xBC, 0xC6, 0xBC, 
	0xC6, 0xC6, 0x84, 0xD8, 0xA1, 0xEE, 0xCD, 0xE3, 0x88, 0xD9, 0x04, 0xD8, 0xCF, 0xBA, 0x5F, 0x41, 
	0x80, 0x40, 0x01, 0x47, 0xA0, 0x81, 0xC6, 0x09, 0xBC, 0xBC, 0xC6, 0xBC, 0xC6, 0xC6, 0x7B, 0x44, 
	0x38, 0x55, 0x80, 0x52, 0x02, 0x60, 0x2C, 0x87, 0x82, 0xC6, 0x23, 0xBC, 0xC6, 0xBC, 0xC6, 0xC6, 
	0xBC, 0xC6, 0xBC, 0xC6, 0xBC, 0xC6, 0xBC, 0xC6, 0xC6, 0xBC, 0xC6, 0xBC, 0xBC, 0xC6, 0xC6, 0xBC, 
	0xC6, 0xC6, 0xBC, 0xBC, 0xC6, 0xBC, 0xD6, 0xBC, 0xC6, 0xBC, 0xC6, 0xBC, 0xBC, 0xC6, 0xBC, 0x00, 
	0xBC, 0x84, 0xC6, 0x00, 0xBC, 0x80, 0xC6, 0x00, 0xBC, 0x82, 0xC6, 0x0B, 0x8B, 0xBB, 0x89, 0xE8, 
	0xE2, 0xE0, 0xDE, 0xE0, 0xDE, 0xE2, 0xDE, 0xE0, 0x80, 0xE6, 0x13, 0xE0, 0xDE, 0xE0, 0xE6, 0x88, 
	0xB5, 0xC6, 0xC1, 0xC8, 0xE6, 0xDE, 0xE6, 0xA8, 0xC0, 0xE3, 0xE6, 0xE0, 0xE2, 0x8B, 0x77, 0x81, 
	0xC6, 0x00, 0xBC, 0x82, 0xC6, 0x5E, 0x89, 0xC8, 0xE6, 0xDE, 0xE6, 0xAA, 0x88, 0xC6, 0xC6, 0x81, 
	0xC8, 0xE2, 0xE2, 0xE6, 0xCB, 0xB5, 0x88, 0xCE, 0xE6, 0xE2, 0xE8, 0xC1, 0xA7, 0xDA, 0x88, 0xE4, 
	0xE6, 0xE6, 0xCE, 0x89, 0x88, 0xEC, 0xE2, 0xDE, 0xE6, 0x77, 0x8B, 0xDA, 0xBC, 0xC6, 0xA7, 0x88, 
	0xE8, 0xE2, 0xE6, 0xA8, 0x77, 0xDA, 0xB5, 0x88, 0xDE, 0xE2, 0xE6, 0xE4, 0x88, 0xC8, 0xC1, 0xDE, 
	0xE0, 0xE6, 0xAA, 0xBB, 0xC1, 0xEC, 0xE6, 0xE2, 0xE6, 0x88, 0xB5, 0xDA, 0x89, 0xC8, 0xE6, 0xDE, 
	0xE6, 0xA8, 0x80, 0xCB, 0xE6, 0xE2, 0xE8, 0xE0, 0xDE, 0xE6, 0x77, 0x74, 0xC6, 0x98, 0x89, 0xE6, 
	0xE2, 0xDE, 0xE6, 0x77, 0x74, 0x82, 0xC6, 0x03, 0xBC, 0xC6, 0xC6, 0xBC, 0x80, 0xC6, 0x04, 0xBC, 
	0xBC, 0x6C, 0x14, 0x59, 0x82, 0x58, 0x80, 0x59, 0x83, 0x58, 0x16, 0x59, 0x58, 0x59, 0x59, 0x27, 
	0x72, 0x0C, 0x23, 0x2E, 0x03, 0x5C, 0x59, 0x5C, 0x9B, 0xE0, 0x4A, 0x48, 0x87, 0xC6, 0xBC, 0xC6, 
	0xC6, 0x60, 0x80, 0x52, 0x03, 0x39, 0x34, 0x6B, 0xD8, 0x82, 0xD9, 0x0F, 0x99, 0xBC, 0xBC, 0xD6, 
	0xBC, 0xC6, 0xBC, 0xBC, 0xC6, 0xA1, 0xCF, 0x30, 0x35, 0x34, 0xCF, 0xD7, 0x81, 0xD9, 0x07, 0xD7, 
	0xD8, 0xCF, 0xCF, 0xBA, 0x4F, 0x4D, 0x41, 0x81, 0x40, 0x0D, 0x3F, 0xBA, 0x7C, 0xAA, 0xBC, 0xBC, 
	0xC6, 0xBC, 0xC6, 0xBC, 0xC6, 0xBC, 0x99, 0x60, 0x82, 0x52, 0x14, 0x55, 0x52, 0x50, 0x87, 0x9A, 
	0xAA, 0xC6, 0xBC, 0xBC, 0xC6, 0xBC, 0xBC, 0xC6, 0xBC, 0xC6, 0xBC, 0xBC, 0xC6, 0xBC, 0xC6, 0xC6, 
	0x80, 0xBC, 0x0B, 0xC6, 0xC6, 0xBC, 0xBC, 0xD6, 0xBC, 0xBC, 0xC6, 0xBC, 0xC6, 0xBC, 0xBC, 0x80, 
	0xC6, 0x05, 0xBC, 0xC6, 0xBC, 0xBC, 0xC6, 0xBC, 0x15, 0xC6, 0xD6, 0xBC, 0xC6, 0xC6, 0xBC, 0xC6, 
	0xC6, 0xBC, 0xC6, 0xC6, 0xBC, 0xC6, 0xBC, 0xC6, 0xBC, 0xBC, 0x80, 0x81, 0xE7, 0xDE, 0xE2, 0x81, 
	0xDE, 0x14, 0xE0, 0xE6, 0xE6, 0xD7, 0xC8, 0x77, 0xAA, 0xE6, 0xDE, 0xDE, 0xE6, 0xCB, 0xB5, 0xC6, 
	0xB5, 0xC1, 0xDE, 0xE2, 0xE2, 0xDE, 0xE8, 0x81, 0xDE, 0x04, 0x88, 0xB5, 0xC6, 0xC6, 0xBC, 0x80, 
	0xC6, 0x00, 0xBC, 0x80, 0xC6, 0x24, 0x77, 0xB5, 0xDB, 0xE2, 0xE6, 0xCE, 0x89, 0xC6, 0x84, 0x81, 
	0xC8, 0xE6, 0xDE, 0xE6, 0x4C, 0xC8, 0x88, 0xAA, 0xE6, 0xE2, 0xE3, 0x80, 0xBC, 0xC6, 0x88, 0xAA, 
	0xDB, 0xDB, 0xC8, 0x81, 0x88, 0xAA, 0xE6, 0xE2, 0xDB, 0xA8, 0x77, 0x80, 0xC6, 0x40, 0xA7, 0x88, 
	0xDE, 0xDE, 0xE6, 0xA8, 0x8B, 0xDA, 0x98, 0x81, 0xE6, 0xDE, 0xE6, 0xC8, 0x77, 0x8C, 0x77, 0xE6, 
	0xDE, 0xDB, 0x8B, 0x77, 0xCB, 0xC8, 0xDB, 0xDE, 0xE6, 0xA8, 0x81, 0xDA, 0x81, 0xC8, 0xDB, 0xE2, 
	0xE6, 0xA8, 0x41, 0xCE, 0xDB, 0xDE, 0xE2, 0xDE, 0xE0, 0xE2, 0xCB, 0x98, 0xDA, 0x77, 0x77, 0xDB, 
	0xDE, 0xE0, 0xDB, 0xCB, 0x98, 0xC6, 0xC6, 0xBC, 0xBC, 0xC6, 0xBC, 0xC6, 0xC6, 0xBC, 0xC6, 0x80, 
	0xBC, 0x04, 0xC6, 0x2F, 0x61, 0x5A, 0x59, 0x81, 0x58, 0x00, 0x59, 0x85, 0x58, 0x12, 0x59, 0x5A, 
	0x5C, 0x59, 0x08, 0x37, 0x10, 0x6A, 0xDF, 0x67, 0x13, 0x61, 0x5A, 0x0C, 0xDF, 0xDF, 0xAC, 0x67, 
	0xEB, 0x80, 0xBC, 0x0F, 0xA3, 0x50, 0x39, 0x4F, 0x52, 0x52, 0x50, 0x2F, 0xA0, 0xCF, 0xCF, 0xD7, 
	0xCF, 0xA0, 0x84, 0xC6, 0x80, 0xBC, 0x12, 0xC6, 0xC6, 0xBC, 0xBA, 0x35, 0x35, 0x52, 0x52, 0x3A, 
	0xA0, 0xBA, 0xCF, 0x35, 0xBA, 0x4E, 0x4F, 0x3E, 0x56, 0x41, 0x83, 0x40, 0x08, 0x41, 0x50, 0xD7, 
	0xCF, 0x9B, 0xC6, 0xBC, 0xBC, 0xC6, 0x80, 0xBC, 0x02, 0x99, 0x4E, 0x55, 0x83, 0x52, 0x06, 0x3A, 
	0x32, 0x9B, 0xAA, 0xBC, 0xBC, 0xC6, 0x80, 0xBC, 0x08, 0xC6, 0xBC, 0xBC, 0xC6, 0xBC, 0xC6, 0xC6, 
	0xBC, 0xC6, 0x80, 0xBC, 0x02, 0xC6, 0xBC, 0xC6, 0x80, 0xBC, 0x05, 0xC6, 0xBC, 0xBC, 0xC6, 0xBC, 
	0xC6, 0x80, 0xBC, 0x06, 0xC6, 0xBC, 0xBC, 0xC6, 0xBC, 0xBC, 0xC6, 0x05, 0xBC, 0xC6, 0xBC, 0xC6, 
	0xC6, 0xBC, 0x81, 0xC6, 0x0A, 0xBC, 0xC6, 0xC6, 0xBC, 0xC6, 0xC6, 0xBC, 0xBB, 0xD7, 0xDB, 0xE2, 
	0x83, 0xDE, 0x10, 0xAA, 0x77, 0xC0, 0x89, 0xCB, 0x4C, 0xE6, 0xDE, 0xDE, 0xE6, 0x89, 0xB5, 0xC6, 
	0xC6, 0x88, 0xC8, 0xDB, 0x82, 0xDE, 0x32, 0xE0, 0xE3, 0x80, 0xBC, 0xC6, 0xBC, 0xC6, 0xC6, 0xBC, 
	0xBC, 0xC6, 0xC6, 0xBC, 0xC6, 0x98, 0x89, 0xDB, 0xDE, 0xE6, 0xAA, 0x88, 0xC6, 0xDA, 0xCB, 0xA8, 
	0xDB, 0xDE, 0xDB, 0xCB, 0xB5, 0x80, 0xE3, 0xE2, 0xDB, 0xCE, 0xC1, 0xC6, 0xC6, 0xC1, 0xAA, 0xE6, 
	0xDB, 0xC8, 0x77, 0x88, 0xAA, 0xDB, 0xDE, 0xE6, 0x77, 0x77, 0x80, 0xC6, 0x24, 0x92, 0xC1, 0xD7, 
	0xE2, 0xDB, 0x8B, 0x74, 0xDA, 0x8B, 0x77, 0xDB, 0xDE, 0xDB, 0x77, 0x74, 0x88, 0xC8, 0xDB, 0xE2, 
	0xDE, 0x88, 0xC8, 0x77, 0x77, 0xDB, 0xE2, 0xE6, 0xCE, 0xC1, 0xDA, 0x77, 0x77, 0xDB, 0xDE, 0xDE, 
	0xD7, 0xE7, 0x83, 0xDE, 0x1F, 0xDC, 0xBB, 0xC8, 0xC6, 0x8B, 0xA8, 0xDB, 0xDE, 0xDE, 0xE8, 0xC1, 
	0xA7, 0xC6, 0xBC, 0xC6, 0xBC, 0xC6, 0xBC, 0xC6, 0xBC, 0xBC, 0xC6, 0xBC, 0xC6, 0xBC, 0xA6, 0x1F, 
	0x59, 0x59, 0x5A, 0x59, 0x59, 0x81, 0x58, 0x00, 0x5C, 0x83, 0x58, 0x19, 0x61, 0x0E, 0x5C, 0x59, 
	0x57, 0x27, 0x54, 0xE9, 0xE0, 0x67, 0x00, 0x37, 0x5C, 0x5C, 0x2F, 0xDF, 0xEA, 0xDF, 0xE5, 0xDA, 
	0xBC, 0xBC, 0x84, 0x6B, 0x2F, 0x38, 0x81, 0x52, 0x09, 0x38, 0x3A, 0x4E, 0x44, 0x16, 0x0E, 0x23, 
	0x34, 0x78, 0xC6, 0x80, 0xBC, 0x0B, 0xC6, 0x79, 0xC1, 0x50, 0x52, 0x52, 0x55, 0x50, 0x5F, 0x41, 
	0x3F, 0x41, 0x87, 0x40, 0x08, 0x3F, 0x45, 0xD8, 0xD9, 0xCD, 0x6B, 0xAA, 0xBC, 0xC6, 0x80, 0xBC, 
	0x02, 0xBA, 0x4E, 0x55, 0x83, 0x52, 0x05, 0x4F, 0x34, 0x32, 0x84, 0xAA, 0x73, 0x81, 0xBC, 0x04, 
	0xC6, 0xBC, 0xC6, 0xBC, 0xC6, 0x83, 0xBC, 0x00, 0xC6, 0x82, 0xBC, 0x00, 0xC6, 0x80, 0xBC, 0x00, 
	0xC6, 0x81, 0xBC, 0x02, 0xC6, 0xBC, 0xC6, 0x81, 0xBC, 0x01, 0xC6, 0xBC, 0x06, 0xBC, 0xBC, 0xC6, 
	0xC6, 0xBC, 0xBC, 0xC6, 0x80, 0xBC, 0x08, 0xC6, 0xBC, 0xC6, 0xBC, 0xBC, 0xC6, 0xBC, 0x80, 0xC8, 
	0x83, 0xDE, 0x13, 0xE6, 0xCE, 0xC0, 0x77, 0xC8, 0xDA, 0xB5, 0x88, 0xD5, 0xDE, 0xDE, 0xDB, 0xCB, 
	0xA8, 0xC6, 0xC6, 0xB5, 0xBB, 0xE3, 0xE2, 0x81, 0xDE, 0x33, 0xDB, 0xCE, 0xC1, 0xC6, 0xBC, 0xC6, 
	0xC6, 0xBC, 0xBC, 0xC6, 0xBC, 0xBC, 0xC6, 0xC6, 0x98, 0x89, 0xDB, 0xDE, 0xDB, 0xCA, 0xC1, 0xD6, 
	0xC6, 0x77, 0xA8, 0xDB, 0xDE, 0xDB, 0xCB, 0xB5, 0xC1, 0xE3, 0xDE, 0xDB, 0xC8, 0xCB, 0xC6, 0x92, 
	0xBB, 0xD9, 0xE2, 0xDB, 0x77, 0x77, 0x88, 0xCE, 0xDB, 0xDE, 0xD4, 0xA8, 0x77, 0xC6, 0x80, 0xBC, 
	0x23, 0xBB, 0xE3, 0xDE, 0xDB, 0xA8, 0x81, 0xDA, 0x88, 0xC8, 0xDB, 0xDE, 0xDB, 0x89, 0x74, 0x88, 
	0xD9, 0xE2, 0xDC, 0xD9, 0x80, 0xBC, 0xC8, 0xC1, 0xDE, 0xDE, 0xDC, 0xD7, 0xBB, 0x92, 0x8B, 0xA8, 
	0xDB, 0xDE, 0xDE, 0xE2, 0xDB, 0x83, 0xDE, 0x0A, 0xE3, 0xC1, 0xBC, 0xC6, 0x81, 0xC8, 0xDB, 0xE2, 
	0xE2, 0xCA, 0x80, 0x81, 0xBC, 0x00, 0xC6, 0x80, 0xBC, 0x02, 0xC6, 0xBC, 0xC6, 0x80, 0xBC, 0x01, 
	0xA3, 0x17, 0x80, 0x59, 0x2B, 0x58, 0x58, 0x59, 0x59, 0x58, 0x59, 0x59, 0x58, 0x58, 0x5C, 0x59, 
	0x58, 0x59, 0x0E, 0x25, 0x5A, 0x58, 0x59, 0x61, 0x5B, 0x87, 0xE0, 0xE5, 0x5D, 0x00, 0x28, 0x59, 
	0x57, 0x2E, 0xE5, 0x84, 0x77, 0x73, 0xBC, 0x87, 0x99, 0xBA, 0x35, 0x4E, 0x60, 0x38, 0x55, 0x52, 
	0x55, 0x80, 0x52, 0x0C, 0x3D, 0x59, 0x0E, 0x25, 0x0E, 0x34, 0xA6, 0xBC, 0xBC, 0xC6, 0xAA, 0x3F, 
	0x39, 0x80, 0x52, 0x01, 0x4F, 0x39, 0x89, 0x40, 0x0D, 0x47, 0xBA, 0xD7, 0xD9, 0xD9, 0xCF, 0x4C, 
	0x3A, 0xC6, 0xBC, 0xC6, 0x92, 0x7D, 0x60, 0x82, 0x52, 0x00, 0x55, 0x80, 0x52, 0x03, 0x3A, 0x33, 
	0x9B, 0x84, 0x8B, 0xBC, 0x00, 0xC6, 0x80, 0xBC, 0x05, 0xC6, 0xBC, 0xC6, 0xBC, 0xC6, 0xC6, 0x89, 
	0xBC, 0x00, 0xC6, 0x80, 0xBC, 0x01, 0xBC, 0xC6, 0x81, 0xBC, 0x7F, 0xC6, 0xBC, 0xC6, 0xBC, 0xBC, 
	0xC6, 0xBC, 0xC6, 0xBC, 0xBC, 0xC6, 0x7E, 0xBB, 0xCA, 0xD4, 0xDB, 0xDE, 0xDC, 0xDE, 0xDB, 0xC8, 
	0x4C, 0xDA, 0xBC, 0xC6, 0xA7, 0x88, 0xDC, 0xDC, 0xDE, 0xD4, 0xA8, 0x8B, 0xC6, 0xBC, 0xC6, 0x77, 
	0x88, 0xDB, 0xDC, 0xDE, 0xDC, 0xDE, 0xDB, 0xA8, 0x81, 0xC6, 0xC6, 0xBC, 0xBC, 0xC6, 0xBC, 0xBC, 
	0xC6, 0xBC, 0xBC, 0xC6, 0xA7, 0xC1, 0xD7, 0xE2, 0xDC, 0xE3, 0xC1, 0xBC, 0xC6, 0x77, 0xA8, 0xDB, 
	0xDE, 0xDB, 0x89, 0xB5, 0xC1, 0xCA, 0xE2, 0xD4, 0xC8, 0x89, 0xC6, 0xB5, 0x89, 0xD5, 0xDC, 0xDB, 
	0xCB, 0xB5, 0x88, 0xCA, 0xE2, 0xDC, 0xDB, 0x8B, 0x8B, 0xC6, 0xBC, 0xC6, 0xC6, 0x80, 0xAA, 0xDB, 
	0xDB, 0xE4, 0xC1, 0xB5, 0xC1, 0xD9, 0xE2, 0xE2, 0xD9, 0xC1, 0x98, 0xC1, 0xD5, 0xDE, 0xDB, 0xAA, 
	0xC1, 0xD6, 0xBC, 0xC1, 0xCA, 0xE2, 0xDC, 0xDB, 0x77, 0x74, 0x8B, 0x02, 0x77, 0xD4, 0xDE, 0x81, 
	0xDC, 0x10, 0xDE, 0xDC, 0xDE, 0xDC, 0xDB, 0xAA, 0xBB, 0xC6, 0xC6, 0x81, 0xA8, 0xD4, 0xDE, 0xDB, 
	0xAA, 0xC1, 0xC6, 0x87, 0xBC, 0x0A, 0xC6, 0xBC, 0xC6, 0xBC, 0x1B, 0x59, 0x59, 0x58, 0x59, 0x58, 
	0x5C, 0x82, 0x58, 0x00, 0x59, 0x80, 0x58, 0x0D, 0x5A, 0x14, 0x0E, 0x59, 0x59, 0x58, 0x58, 0x54, 
	0x4D, 0xDF, 0xE0, 0xE5, 0xE5, 0x35, 0x80, 0x5A, 0x0D, 0x26, 0x5F, 0x3E, 0x1B, 0x9B, 0x87, 0xC6, 
	0xBA, 0x7C, 0x2F, 0x3A, 0x79, 0x39, 0x4F, 0x81, 0x52, 0x0D, 0x1B, 0x58, 0x57, 0x22, 0x59, 0x27, 
	0x17, 0x1B, 0xC6, 0xA7, 0xA6, 0x4B, 0x5F, 0x39, 0x80, 0x52, 0x01, 0x4E, 0x41, 0x86, 0x40, 0x0E, 
	0x4D, 0x50, 0xCF, 0xD7, 0xD9, 0xD9, 0xD8, 0x4F, 0x40, 0x4C, 0x87, 0xBC, 0xBC, 0x84, 0x35, 0x85, 
	0x52, 0x03, 0x55, 0x38, 0x43, 0x87, 0x80, 0xBC, 0x00, 0xC6, 0x81, 0xBC, 0x00, 0xC6, 0x88, 0xBC, 
	0x00, 0xC6, 0x92, 0xBC, 0x81, 0xBC, 0x00, 0xC6, 0x80, 0xBC, 0x25, 0xC6, 0xBC, 0xBC, 0xC6, 0xBC, 
	0xBC, 0xC6, 0xBC, 0xBC, 0xC6, 0xBB, 0xAA, 0xC8, 0xA8, 0xD7, 0xDC, 0xDC, 0xDB, 0xCA, 0x80, 0xC6, 
	0xBC, 0xC6, 0x92, 0xC1, 0xD9, 0xDC, 0xDC, 0xD4, 0x8B, 0x77, 0xC6, 0xBC, 0xC6, 0xC6, 0x80, 0xC8, 
	0xD4, 0x80, 0xDC, 0x03, 0xD5, 0x88, 0xB5, 0xC6, 0x88, 0xBC, 0x48, 0x80, 0xCA, 0xDB, 0xD5, 0xD9, 
	0xBB, 0xBC, 0xC6, 0x8B, 0x77, 0xD4, 0xDC, 0xDB, 0x89, 0xB5, 0x80, 0xD9, 0xDC, 0xDB, 0xC8, 0x89, 
	0xDA, 0x77, 0x77, 0xD4, 0xDC, 0xD7, 0xC1, 0xCE, 0x88, 0xC8, 0xD4, 0xDC, 0xD4, 0xA8, 0x8B, 0xC6, 
	0xBC, 0xBC, 0xC6, 0x88, 0xAB, 0xDB, 0xDC, 0xD4, 0x4C, 0xBB, 0xA8, 0xD4, 0xD5, 0xD4, 0xC8, 0x89, 
	0x77, 0xA8, 0xD4, 0xDE, 0xD4, 0xA8, 0xCB, 0xC6, 0xC6, 0x88, 0xCE, 0xD4, 0xDE, 0xD4, 0xC8, 0x81, 
	0x8B, 0xA8, 0xD4, 0xDE, 0x85, 0xDC, 0x0C, 0xDB, 0xAA, 0xC1, 0xC6, 0xC6, 0x98, 0x88, 0xDC, 0xD4, 
	0xD4, 0xC8, 0x89, 0xC6, 0x81, 0xBC, 0x02, 0xC6, 0xBC, 0xC6, 0x84, 0xBC, 0x03, 0x84, 0x0C, 0x5C, 
	0x59, 0x85, 0x58, 0x81, 0x59, 0x34, 0x27, 0x13, 0x58, 0x58, 0x59, 0x58, 0x58, 0x27, 0x3F, 0x83, 
	0xDF, 0xE0, 0xE1, 0x6A, 0x57, 0x5C, 0x1F, 0x16, 0xAF, 0x07, 0x5C, 0x14, 0xBA, 0x99, 0x7D, 0x87, 
	0x33, 0x2F, 0x44, 0x44, 0x4E, 0x52, 0x52, 0x55, 0x52, 0x39, 0x26, 0x23, 0x25, 0x59, 0x5A, 0x5A, 
	0x0E, 0x7D, 0xBC, 0x84, 0x3E, 0x4C, 0x3A, 0x52, 0x52, 0x4F, 0x50, 0x84, 0x40, 0x04, 0x41, 0x4D, 
	0x50, 0xCF, 0xD7, 0x81, 0xD9, 0x08, 0xBA, 0x41, 0x40, 0x3F, 0x32, 0xC6, 0x92, 0xBA, 0x3A, 0x81, 
	0x52, 0x00, 0x55, 0x81, 0x52, 0x01, 0x50, 0x35, 0x97, 0xBC, 0x00, 0x92, 0x8D, 0xBC, 0x01, 0xBC, 
	0xC6, 0x87, 0xBC, 0x00, 0xC6, 0x81, 0xBC, 0x0A, 0xC6, 0x81, 0xBB, 0x89, 0xC0, 0xAA, 0xD4, 0xDC, 
	0xD5, 0xD9, 0xBB, 0x80, 0xBC, 0x08, 0xC6, 0xC1, 0x45, 0xDB, 0xDC, 0xD4, 0xA8, 0x81, 0xC6, 0x80, 
	0xBC, 0x09, 0xA7, 0x53, 0x89, 0xDC, 0xDC, 0xD5, 0xD9, 0xBB, 0x92, 0xD6, 0x87, 0xBC, 0x2B, 0xC6, 
	0x88, 0xAB, 0xDB, 0xD5, 0xD9, 0xBB, 0xA7, 0xC6, 0x74, 0xCB, 0xD4, 0xDC, 0xDB, 0x4C, 0xC8, 0x80, 
	0xCE, 0xD4, 0xD4, 0xCE, 0x88, 0xC6, 0x80, 0xCE, 0xD4, 0xDB, 0xCA, 0xC0, 0xD6, 0x81, 0xC8, 0xD4, 
	0xD5, 0xD4, 0xCB, 0x74, 0xC6, 0xBC, 0xBC, 0xC6, 0x81, 0x77, 0xD4, 0x80, 0xDC, 0x19, 0xD9, 0xD1, 
	0xDC, 0xD5, 0xD7, 0xC1, 0xB5, 0x80, 0xAB, 0xDB, 0xDC, 0xDB, 0xCB, 0x8B, 0xC6, 0xC6, 0x8C, 0x77, 
	0xD4, 0xDC, 0xDB, 0xCA, 0xBB, 0x77, 0x3E, 0xD4, 0x85, 0xDC, 0x0C, 0xD5, 0xD4, 0xAB, 0x88, 0xC6, 
	0xBC, 0xC6, 0x88, 0x77, 0xCE, 0xC8, 0xC1, 0xB5, 0x8C, 0xBC, 0x04, 0xA7, 0x84, 0x1B, 0x27, 0x61, 
	0x84, 0x59, 0x08, 0x61, 0x27, 0x22, 0x46, 0x35, 0x2F, 0x61, 0x5A, 0x59, 0x80, 0x58, 0x15, 0x54, 
	0x41, 0x4C, 0x9A, 0xDD, 0xBA, 0x27, 0x25, 0x00, 0x00, 0x20, 0x5C, 0x59, 0x59, 0x28, 0x9B, 0x99, 
	0xBA, 0x99, 0x60, 0x55, 0x55, 0x83, 0x52, 0x10, 0x4F, 0x4F, 0x3D, 0x61, 0x28, 0x28, 0x27, 0x87, 
	0xBC, 0xC6, 0x79, 0x4F, 0x3A, 0x52, 0x55, 0x4E, 0x42, 0x81, 0x40, 0x05, 0x3F, 0x4D, 0x52, 0xBA, 
	0xCF, 0xD7, 0x82, 0xD9, 0x08, 0xCF, 0xC1, 0x40, 0x40, 0x55, 0x00, 0xBA, 0x84, 0x60, 0x80, 0x52, 
	0x00, 0x55, 0x81, 0x52, 0x12, 0x55, 0x52, 0x2F, 0x84, 0xBC, 0xA7, 0xBC, 0x92, 0xBC, 0x92, 0xBC, 
	0x92, 0xBC, 0xBC, 0x84, 0x9B, 0x99, 0x9A, 0x76, 0x80, 0xBC, 0x0D, 0x92, 0xBC, 0x92, 0x92, 0xBC, 
	0x92, 0x92, 0xBC, 0x92, 0xBC, 0xBC, 0x92, 0xBC, 0x92, 0x87, 0xBC, 0x00, 0x92, 0x84, 0xBC, 0x00, 
	0xC6, 0x88, 0xBC, 0x14, 0x92, 0xC6, 0x81, 0xA8, 0xD4, 0xD5, 0xD5, 0xD9, 0xC1, 0x92, 0xBC, 0xBC, 
	0xC6, 0x80, 0xAA, 0xD4, 0xD5, 0xD4, 0xA8, 0x77, 0xC6, 0x80, 0xBC, 0x0D, 0xC6, 0xB5, 0xC1, 0xD8, 
	0xD5, 0xD4, 0xAB, 0x88, 0xC6, 0xBC, 0x92, 0xBC, 0xBC, 0xC6, 0x81, 0xBC, 0x26, 0xC6, 0xBC, 0xC6, 
	0xCB, 0xA8, 0xD4, 0xD5, 0xD7, 0xC1, 0xA7, 0xC6, 0x74, 0x4C, 0xD4, 0xD5, 0xD4, 0xC1, 0xB5, 0x81, 
	0xA8, 0xD4, 0xDB, 0xCA, 0xC1, 0x74, 0xC1, 0xD8, 0xD5, 0xD4, 0x77, 0x77, 0xC6, 0x77, 0x3E, 0xD4, 
	0xD5, 0xD4, 0xA8, 0x8B, 0x81, 0xBC, 0x02, 0xA7, 0xC1, 0xD8, 0x83, 0xD5, 0x0F, 0xD4, 0xA8, 0x89, 
	0xBC, 0xC1, 0xD9, 0xD5, 0xD5, 0xD8, 0xC1, 0xC8, 0xBC, 0xC6, 0xA7, 0x80, 0xD1, 0x80, 0xD5, 0x03, 
	0x4C, 0xC0, 0xC8, 0xD4, 0x80, 0xD5, 0x1E, 0xD1, 0xD5, 0xD4, 0xD4, 0xDC, 0xD5, 0xD4, 0xC8, 0x88, 
	0xC6, 0xBC, 0xBC, 0x92, 0x88, 0xC1, 0xC1, 0xB5, 0xBC, 0xBC, 0x92, 0xBC, 0x92, 0xBC, 0xBC, 0x92, 
	0xBC, 0xBC, 0x92, 0xBC, 0xBC, 0x92, 0x81, 0xBC, 0x11, 0xC6, 0x87, 0xC2, 0x26, 0x02, 0x27, 0x27, 
	0x18, 0x0C, 0x23, 0x44, 0x78, 0x7D, 0xDA, 0x92, 0x87, 0x61, 0x5A, 0x81, 0x58, 0x18, 0x57, 0x54, 
	0x56, 0x3F, 0x4C, 0x54, 0x5C, 0x27, 0x25, 0x72, 0x1F, 0x5A, 0x5A, 0x58, 0x5A, 0x28, 0x76, 0xA7, 
	0x73, 0x35, 0x3A, 0x55, 0x52, 0x52, 0x55, 0x81, 0x52, 0x16, 0x55, 0x38, 0x1B, 0x4E, 0x1B, 0x23, 
	0x9B, 0xBC, 0x92, 0x99, 0x33, 0x4F, 0x52, 0x38, 0x32, 0x5F, 0x3E, 0x5F, 0x4F, 0x45, 0xA1, 0xCF, 
	0xD8, 0x84, 0xD9, 0x09, 0xCF, 0x47, 0x40, 0x40, 0x4B, 0x33, 0x5D, 0x30, 0x99, 0x79, 0x86, 0x52, 
	0x04, 0x4E, 0xBA, 0x92, 0xBC, 0x92, 0x82, 0xBC, 0x23, 0x92, 0xBC, 0xA7, 0xAA, 0x33, 0x7C, 0x9B, 
	0x7D, 0xA7, 0xBC, 0x92, 0xBC, 0x92, 0xBC, 0xBC, 0x92, 0xBC, 0x92, 0xBC, 0x92, 0xBC, 0x92, 0xBC, 
	0xBC, 0x92, 0xBC, 0xBC, 0x92, 0x92, 0xBC, 0x92, 0xBC, 0x92, 0x92, 0xBC, 0xBC, 0x01, 0xBC, 0x92, 
	0x81, 0xBC, 0x00, 0x92, 0x8B, 0xBC, 0x11, 0x74, 0x77, 0xD4, 0xD5, 0xD5, 0xD1, 0x88, 0xB5, 0xBC, 
	0xBC, 0xC6, 0x89, 0xC8, 0xD4, 0xD1, 0xD4, 0xC8, 0x77, 0x82, 0xBC, 0x0F, 0x74, 0xCB, 0xD4, 0xD1, 
	0xD4, 0xC8, 0x89, 0xC6, 0xBC, 0xC6, 0x92, 0xA7, 0x98, 0xBC, 0xBC, 0x92, 0x81, 0xBC, 0x45, 0x74, 
	0x77, 0xD4, 0xCC, 0xCC, 0xCB, 0x98, 0xC6, 0x98, 0x89, 0xD4, 0xD1, 0xCC, 0x89, 0xB5, 0x98, 0x4C, 
	0xCC, 0xD5, 0xD5, 0xA8, 0xC1, 0xAB, 0xD4, 0xD5, 0xD1, 0xC1, 0xB5, 0xBC, 0x74, 0x89, 0xD4, 0xD5, 
	0xD5, 0xC1, 0x98, 0xC6, 0x92, 0xBC, 0x92, 0xC6, 0x89, 0xA8, 0xD4, 0xD5, 0xCC, 0xD1, 0xD5, 0xD4, 
	0xCA, 0xBB, 0xA7, 0xB5, 0x88, 0xCC, 0xD5, 0xD4, 0x45, 0xC1, 0xBC, 0x82, 0x8B, 0x88, 0xC1, 0xD1, 
	0xD5, 0xD1, 0xD5, 0xD8, 0xCD, 0x80, 0xD5, 0x13, 0xD1, 0xD5, 0xD5, 0xCC, 0xC8, 0xAB, 0xD5, 0xCC, 
	0xD4, 0xC8, 0x4C, 0xC6, 0xBC, 0x92, 0xB5, 0x81, 0xC1, 0x74, 0xC6, 0x92, 0x81, 0xBC, 0x0B, 0x92, 
	0xBC, 0x92, 0xBC, 0xBC, 0x92, 0xBC, 0xBC, 0xA7, 0xA7, 0xBC, 0xBC, 0x80, 0xA7, 0x06, 0xD6, 0xBC, 
	0x84, 0x73, 0x76, 0x84, 0x84, 0x80, 0xBC, 0x04, 0xA7, 0xBC, 0x92, 0x87, 0x09, 0x82, 0x59, 0x10, 
	0x58, 0x57, 0x0E, 0xC2, 0x31, 0x5C, 0x59, 0x5A, 0x5A, 0x18, 0x22, 0x59, 0x27, 0x09, 0x5A, 0x5C, 
	0x3D, 0x80, 0xBC, 0x01, 0xBA, 0x38, 0x86, 0x52, 0x0D, 0x55, 0x52, 0x52, 0x4F, 0x79, 0x4E, 0x87, 
	0x60, 0x3A, 0x52, 0x52, 0x4E, 0xA0, 0xD7, 0x80, 0xD8, 0x00, 0xD7, 0x86, 0xD9, 0x0C, 0xCD, 0x47, 
	0x40, 0x40, 0x41, 0x2F, 0x00, 0x3B, 0x48, 0x33, 0x3A, 0x52, 0x55, 0x82, 0x52, 0x07, 0x55, 0x38, 
	0x35, 0xBC, 0x92, 0x92, 0xBC, 0xBC, 0x80, 0x92, 0x0D, 0xBC, 0xBC, 0xA7, 0xBC, 0xAA, 0x99, 0xD6, 
	0x92, 0xBC, 0xBC, 0x92, 0xBC, 0xBC, 0x92, 0x80, 0xBC, 0x13, 0x92, 0xBC, 0xBC, 0x92, 0xBC, 0xBC, 
	0x92, 0x92, 0xBC, 0x92, 0x92, 0xBC, 0x92, 0x92, 0xBC, 0x92, 0xBC, 0x92, 0x92, 0xBC, 0x80, 0xBC, 
	0x00, 0x92, 0x81, 0xBC, 0x09, 0x92, 0xBC, 0x92, 0x92, 0xBC, 0x92, 0xBC, 0x92, 0xBC, 0x73, 0x80, 
	0xBC, 0x11, 0xB5, 0xC1, 0xC4, 0xD5, 0xCC, 0xD4, 0x47, 0x8B, 0xC6, 0x92, 0xC6, 0x81, 0x55, 0xD2, 
	0xD5, 0xD2, 0xC8, 0x81, 0x80, 0xBC, 0x0F, 0x92, 0xC6, 0x81, 0xA8, 0xD2, 0xD5, 0xCC, 0x4C, 0x98, 
	0xBC, 0xBC, 0x4C, 0xBB, 0xC1, 0xC1, 0x89, 0x80, 0xBC, 0x26, 0x92, 0xBC, 0xBC, 0x98, 0xC1, 0xCC, 
	0xD5, 0xD4, 0x4D, 0xB5, 0xBC, 0x98, 0x4C, 0xCC, 0xD5, 0xCC, 0x77, 0x98, 0xBC, 0xC0, 0xCA, 0xCC, 
	0xCC, 0xD4, 0xD1, 0xCC, 0xD1, 0xD2, 0xA8, 0x88, 0xD6, 0xBC, 0x98, 0x89, 0xC7, 0xCC, 0xCA, 0xC1, 
	0x92, 0x81, 0xBC, 0x3F, 0x92, 0xBC, 0x88, 0xA8, 0xCC, 0xD4, 0xD2, 0xD4, 0xCA, 0xBB, 0x8B, 0xDA, 
	0x74, 0x4C, 0xD4, 0xD1, 0xCC, 0xCA, 0xBB, 0xC1, 0xC1, 0x8C, 0x4F, 0xCA, 0xCC, 0xD1, 0xCC, 0xD1, 
	0xCC, 0xCC, 0xD4, 0xD2, 0xD1, 0xCC, 0xD1, 0xCC, 0xCA, 0x41, 0xC1, 0xD1, 0xD5, 0xD2, 0xC8, 0x81, 
	0xBC, 0x92, 0x88, 0xC1, 0xA8, 0x45, 0x88, 0x81, 0xBC, 0x92, 0xBC, 0x92, 0xBC, 0xBC, 0x92, 0xBC, 
	0x92, 0x92, 0xBC, 0xA7, 0x80, 0xBC, 0x00, 0xA7, 0x82, 0xBC, 0x03, 0x92, 0xBC, 0x92, 0xBC, 0x80, 
	0x92, 0x22, 0xBC, 0xBC, 0xA7, 0xBC, 0xBC, 0x7D, 0x09, 0x5A, 0x5C, 0x27, 0x17, 0x25, 0x1F, 0x0F, 
	0x0F, 0x14, 0x5C, 0x59, 0x58, 0x59, 0x58, 0x57, 0x25, 0x27, 0x28, 0x5C, 0x59, 0x27, 0x87, 0xBC, 
	0x92, 0x92, 0xBC, 0x87, 0x4F, 0x85, 0x52, 0x01, 0x38, 0x55, 0x83, 0x52, 0x07, 0x55, 0x52, 0x52, 
	0x4F, 0x35, 0xCF, 0xD8, 0xD7, 0x84, 0xD9, 0x04, 0xD8, 0xD8, 0xCF, 0x7C, 0x3E, 0x80, 0x40, 0x01, 
	0x50, 0x00, 0x80, 0x3B, 0x01, 0x00, 0x32, 0x83, 0x52, 0x27, 0x55, 0x52, 0x35, 0xAA, 0x92, 0xBC, 
	0x92, 0x92, 0xBC, 0xBC, 0x92, 0xA7, 0xBC, 0xAA, 0xAA, 0x73, 0x7D, 0x9B, 0x84, 0xA7, 0xA7, 0xBC, 
	0xBC, 0x92, 0x92, 0xBC, 0x8D, 0x92, 0x92, 0xBC, 0x92, 0x92, 0xBC, 0x92, 0xBC, 0x92, 0xBC, 0x92, 
	0x92, 0xBC, 0x81, 0x92, 0x04, 0xBC, 0xBC, 0x92, 0xBC, 0x92, 0x00, 0x92, 0x80, 0xBC, 0x22, 0x92, 
	0xBC, 0x92, 0xBC, 0x92, 0x92, 0xBC, 0x92, 0xBC, 0xBC, 0x92, 0x73, 0xBC, 0x92, 0xBC, 0x92, 0xBC, 
	0xBC, 0xC1, 0xCA, 0xCC, 0xCC, 0xD2, 0xC8, 0x89, 0xC6, 0xBC, 0xBC, 0x77, 0x77, 0xD2, 0xD1, 0xD4, 
	0x4F, 0xCB, 0x80, 0xBC, 0x13, 0x92, 0xBC, 0xC1, 0x45, 0xD4, 0xCC, 0xD1, 0xC1, 0xB5, 0xBC, 0x98, 
	0xC1, 0xCD, 0xCF, 0xCC, 0x4C, 0x88, 0xBC, 0x92, 0xBC, 0x80, 0x92, 0x08, 0xC1, 0xCD, 0xCC, 0xD2, 
	0x4C, 0x8B, 0xD6, 0xB5, 0xC1, 0x80, 0xCC, 0x28, 0x88, 0xB5, 0xD6, 0x77, 0x4C, 0xD2, 0xD5, 0xCC, 
	0xCC, 0xD5, 0xD2, 0xCA, 0xC0, 0xC8, 0x92, 0xBC, 0xA7, 0xC1, 0xA8, 0xC1, 0xC1, 0xBB, 0xBC, 0x92, 
	0xBC, 0x92, 0xBC, 0x92, 0xBC, 0xA7, 0x88, 0x89, 0xCE, 0xA8, 0x4D, 0xBB, 0x8B, 0xBC, 0x8C, 0xBB, 
	0x77, 0x81, 0xCC, 0x26, 0xD7, 0xCD, 0xD1, 0xD2, 0xD4, 0xD4, 0xD1, 0xCC, 0xD1, 0xCC, 0xD4, 0xD8, 
	0xA8, 0xAB, 0xD2, 0xD5, 0xCC, 0xD4, 0xA8, 0x88, 0x88, 0xC4, 0xCC, 0xD2, 0xA8, 0x81, 0xC6, 0x8C, 
	0x4C, 0xCC, 0xD2, 0xD4, 0xCD, 0xC1, 0xC8, 0xBC, 0x92, 0xBC, 0x92, 0x82, 0xBC, 0x06, 0xA7, 0xBC, 
	0x92, 0xA7, 0xBC, 0x92, 0xBC, 0x82, 0x92, 0x05, 0xBC, 0x92, 0xA7, 0xBC, 0xBC, 0x92, 0x80, 0xBC, 
	0x0D, 0x92, 0xA7, 0xAA, 0x28, 0x28, 0x19, 0x0F, 0x28, 0x03, 0x17, 0x0F, 0x1F, 0x27, 0x5C, 0x80, 
	0x5A, 0x0F, 0x5C, 0x14, 0x52, 0x39, 0x61, 0x59, 0x5C, 0x25, 0x87, 0x92, 0x92, 0xBC, 0x92, 0xBC, 
	0x87, 0x39, 0x91, 0x52, 0x09, 0x3A, 0x4E, 0x60, 0x35, 0xCF, 0xCF, 0xA1, 0xD9, 0xCF, 0x44, 0x82, 
	0x4E, 0x04, 0x5F, 0x41, 0x39, 0x00, 0x49, 0x81, 0x3B, 0x01, 0x00, 0x44, 0x83, 0x52, 0x1F, 0x44, 
	0x87, 0xA7, 0x92, 0xBC, 0x92, 0xBC, 0xA7, 0xA7, 0xBC, 0xA7, 0xBC, 0xAB, 0x79, 0xBA, 0x9B, 0x34, 
	0x50, 0x84, 0xA7, 0x92, 0x92, 0xBC, 0x92, 0xBC, 0xBC, 0x92, 0xBC, 0x92, 0xBC, 0x92, 0xBC, 0x80, 
	0x92, 0x0C, 0xBC, 0x92, 0xBC, 0xA7, 0x92, 0x92, 0xBC, 0xBC, 0x92, 0xBC, 0x92, 0x92, 0xBC, 0x0C, 
	0x92, 0xBC, 0xA7, 0xBC, 0xBC, 0xA7, 0xBC, 0x92, 0xBC, 0x92, 0xBC, 0xBC, 0x92, 0x80, 0xBC, 0x58, 
	0x92, 0xBC, 0xBC, 0x92, 0x92, 0xC6, 0x88, 0x4F, 0xD2, 0xD5, 0xD2, 0xAB, 0xC1, 0xBC, 0x92, 0xBC, 
	0x98, 0x4C, 0xCC, 0xCC, 0xC9, 0xC8, 0x4C, 0xBC, 0x92, 0xBC, 0xBC, 0x7E, 0x88, 0xCF, 0xCC, 0xCC, 
	0xCA, 0xC1, 0xBC, 0xC6, 0x88, 0x4F, 0xD2, 0xD5, 0xCC, 0xC9, 0x89, 0x8B, 0xBC, 0x92, 0xBC, 0x92, 
	0xBC, 0xC1, 0xCA, 0xCC, 0xD2, 0xA8, 0x77, 0xBC, 0x92, 0xBB, 0xCD, 0xCC, 0xCC, 0xBB, 0xB5, 0x92, 
	0x92, 0xBB, 0xC8, 0xD2, 0xD2, 0xCC, 0xC7, 0xCA, 0xC0, 0x8B, 0xC6, 0x92, 0x92, 0xBC, 0x81, 0xC0, 
	0x98, 0x98, 0xB5, 0xBC, 0x92, 0xBC, 0x92, 0xBC, 0x92, 0x80, 0xBC, 0x0C, 0x8B, 0x89, 0x89, 0xA8, 
	0x92, 0xC6, 0x77, 0x88, 0xCA, 0xC4, 0xCC, 0xCC, 0xD1, 0x86, 0xCC, 0x19, 0xD2, 0xD2, 0xCD, 0xC1, 
	0x88, 0xBB, 0xA8, 0xC4, 0xD2, 0xCC, 0xC1, 0xB5, 0xC1, 0xD1, 0xD2, 0xCC, 0x77, 0x8B, 0xC6, 0x89, 
	0xAB, 0xD2, 0xD5, 0xCC, 0xCD, 0xBB, 0x80, 0x92, 0x00, 0xBC, 0x81, 0x92, 0x33, 0xA7, 0xBC, 0x92, 
	0xBC, 0x92, 0x92, 0xBC, 0x92, 0xBC, 0x92, 0xBC, 0xBC, 0x92, 0xBC, 0x92, 0xBC, 0x92, 0x92, 0xBC, 
	0xBC, 0x92, 0xBC, 0x92, 0xA7, 0xC6, 0x78, 0x36, 0x0E, 0x57, 0x5A, 0x0E, 0x25, 0x17, 0x0E, 0x08, 
	0x57, 0x19, 0x21, 0x08, 0x07, 0x23, 0x4D, 0x4B, 0x54, 0x61, 0x59, 0x57, 0x3D, 0x84, 0x92, 0x92, 
	0xBC, 0x80, 0x92, 0x01, 0x76, 0x50, 0x82, 0x52, 0x00, 0x55, 0x83, 0x52, 0x00, 0x55, 0x84, 0x52, 
	0x11, 0x55, 0x55, 0x52, 0x38, 0x50, 0x60, 0x34, 0x32, 0x4E, 0x52, 0x55, 0x55, 0x52, 0x52, 0x4E, 
	0x3C, 0x00, 0x49, 0x82, 0x3B, 0x02, 0x49, 0x30, 0x39, 0x81, 0x52, 0x14, 0x3D, 0xBA, 0x92, 0x92, 
	0xBC, 0x92, 0x92, 0xBC, 0x92, 0xA7, 0xA7, 0xBC, 0xBC, 0x83, 0x41, 0x81, 0x9B, 0x9B, 0xC1, 0x55, 
	0xA6, 0x80, 0x92, 0x00, 0xBC, 0x80, 0x92, 0x00, 0xBC, 0x82, 0x92, 0x00, 0xBC, 0x80, 0x92, 0x01, 
	0xBC, 0xA7, 0x81, 0x92, 0x04, 0xA7, 0x92, 0x92, 0xBC, 0x92, 0x01, 0x92, 0xBC, 0x81, 0x92, 0x02, 
	0xBC, 0x92, 0xBC, 0x80, 0x92, 0x00, 0xBC, 0x81, 0x92, 0x47, 0xBC, 0x92, 0xBC, 0xBC, 0x73, 0x81, 
	0x77, 0xD2, 0xCC, 0xCC, 0x45, 0x80, 0xBC, 0x92, 0xBC, 0xB5, 0xC1, 0xC4, 0xCC, 0xD2, 0xAB, 0xBB, 
	0xBC, 0xBC, 0x92, 0xBC, 0x7E, 0x88, 0xC4, 0xCC, 0xC9, 0xAB, 0x88, 0xBC, 0xBC, 0xC1, 0x45, 0xD4, 
	0xCC, 0xCC, 0xD2, 0x47, 0x77, 0xBC, 0xBC, 0x92, 0xBC, 0xBC, 0x89, 0xAB, 0xD2, 0xD2, 0xC8, 0x89, 
	0xBC, 0xBC, 0x81, 0xA8, 0xC7, 0xCC, 0xC1, 0xB5, 0xBC, 0xBC, 0xB5, 0xC1, 0x4C, 0xAB, 0x45, 0xA8, 
	0xC0, 0xA8, 0x80, 0xBC, 0x03, 0x92, 0xBC, 0xA7, 0xA7, 0x80, 0xBC, 0x84, 0x92, 0x01, 0xA7, 0x92, 
	0x83, 0xBC, 0x02, 0x81, 0xA8, 0xC7, 0x82, 0xCC, 0x29, 0xC4, 0xCC, 0xCC, 0xD2, 0xD2, 0xCC, 0xCD, 
	0x45, 0xC8, 0x4C, 0xBB, 0x77, 0xBC, 0xA7, 0x80, 0x88, 0xC8, 0x4C, 0xC1, 0xBC, 0xC1, 0xA8, 0x4C, 
	0x88, 0xC1, 0xB5, 0xBC, 0xC1, 0xCA, 0xCC, 0xCC, 0xC9, 0xAA, 0xC1, 0xBC, 0xBC, 0x92, 0x92, 0xBC, 
	0xA7, 0xBC, 0xBC, 0x81, 0x92, 0x06, 0xBC, 0x92, 0xBC, 0x92, 0xBC, 0xA7, 0xBC, 0x80, 0x92, 0x21, 
	0xBC, 0xA7, 0xBC, 0xA7, 0x92, 0xBC, 0x92, 0xBC, 0xA7, 0x73, 0x99, 0xA6, 0x39, 0x58, 0x27, 0x0C, 
	0x22, 0x5C, 0x27, 0x21, 0x27, 0x5A, 0x09, 0x2A, 0xD0, 0xD0, 0x05, 0x3F, 0x47, 0x0E, 0x59, 0x5A, 
	0x21, 0x2F, 0x81, 0x92, 0x07, 0xBC, 0x92, 0xBC, 0x92, 0x76, 0x60, 0x79, 0x5F, 0x8A, 0x52, 0x00, 
	0x55, 0x85, 0x52, 0x05, 0x55, 0x4F, 0x4F, 0x60, 0x2F, 0x39, 0x80, 0x55, 0x01, 0x3A, 0x48, 0x84, 
	0x49, 0x07, 0x3B, 0x5D, 0x43, 0x38, 0x55, 0x38, 0x44, 0x87, 0x84, 0x92, 0x0F, 0xA7, 0x92, 0xA7, 
	0x92, 0xBC, 0x83, 0x41, 0x41, 0x78, 0x6B, 0x4C, 0x41, 0x5F, 0x84, 0x92, 0xBC, 0x8B, 0x92, 0x03, 
	0xA7, 0x92, 0x92, 0xBC, 0x84, 0x92, 0x05, 0x92, 0xBC, 0x92, 0xBC, 0xBC, 0xA7, 0x80, 0x92, 0x02, 
	0xBC, 0x92, 0xBC, 0x80, 0x92, 0x00, 0xBC, 0x82, 0x92, 0x07, 0xBC, 0xB5, 0xC1, 0xC4, 0xCC, 0xC5, 
	0xCD, 0xBB, 0x80, 0x92, 0x1C, 0xBC, 0xC1, 0xC8, 0xC7, 0xCC, 0x55, 0x88, 0xBC, 0xA7, 0xBC, 0x92, 
	0x98, 0xC1, 0xC9, 0xD1, 0xC7, 0x4C, 0x8B, 0xBC, 0x92, 0x80, 0x45, 0xC9, 0xC4, 0xCC, 0xC5, 0x88, 
	0x98, 0xBC, 0x80, 0x92, 0x18, 0xBC, 0xCB, 0xA8, 0xC7, 0xC7, 0x45, 0xC1, 0xBC, 0x92, 0xA7, 0xC0, 
	0xA8, 0xCD, 0x53, 0xB5, 0x92, 0xBC, 0x92, 0x92, 0x8B, 0x88, 0x80, 0x88, 0xA7, 0xBC, 0x88, 0x92, 
	0x0A, 0xBC, 0x92, 0xBC, 0x92, 0x92, 0xBC, 0x92, 0xBC, 0xA7, 0xBC, 0xBC, 0x80, 0x92, 0x0C, 0xBB, 
	0xAB, 0xC9, 0xCC, 0xCC, 0xC4, 0xCC, 0xC9, 0xD2, 0xCC, 0xCD, 0xAB, 0x47, 0x80, 0xC1, 0x33, 0x89, 
	0x8B, 0xB5, 0xBC, 0x92, 0x92, 0xCE, 0x77, 0xBB, 0x77, 0xB5, 0xBC, 0x77, 0x88, 0x74, 0xB5, 0xA7, 
	0x92, 0x92, 0xBB, 0xCD, 0xCC, 0xCC, 0xC9, 0xAB, 0xC1, 0xBC, 0x92, 0x92, 0xBC, 0x92, 0x8D, 0xA7, 
	0x92, 0x92, 0xBC, 0x92, 0xA7, 0x92, 0xA7, 0xBC, 0xA7, 0x92, 0x92, 0xA7, 0x92, 0x92, 0xA7, 0xBC, 
	0x92, 0x92, 0xBC, 0x82, 0x92, 0x18, 0xBC, 0xCE, 0x92, 0x1B, 0x22, 0x28, 0x61, 0x5A, 0x0E, 0x25, 
	0x5C, 0x5A, 0x59, 0x5A, 0x09, 0x66, 0xD0, 0xD3, 0x66, 0x1F, 0x5A, 0x58, 0x5C, 0x1B, 0x76, 0x82, 
	0x92, 0x06, 0xBC, 0x92, 0x92, 0x8D, 0x46, 0x1F, 0x1B, 0x81, 0x52, 0x03, 0x55, 0x52, 0x52, 0x55, 
	0x85, 0x52, 0x00, 0x55, 0x80, 0x52, 0x00, 0x55, 0x80, 0x52, 0x09, 0x55, 0x52, 0x4F, 0x2F, 0x4E, 
	0x50, 0x3D, 0x43, 0x5D, 0x49, 0x81, 0x3B, 0x08, 0x49, 0x3B, 0x49, 0x49, 0x00, 0x3C, 0x60, 0x34, 
	0x76, 0x87, 0x92, 0x0C, 0xA7, 0xA7, 0xBC, 0x83, 0x41, 0x41, 0x8D, 0x8E, 0x55, 0x41, 0x41, 0x55, 
	0xC6, 0x88, 0x92, 0x03, 0x8D, 0x92, 0x92, 0xBC, 0x88, 0x92, 0x80, 0x92, 0x02, 0xA7, 0x92, 0xBC, 
	0x80, 0x92, 0x04, 0xBC, 0xA7, 0x92, 0x92, 0xBC, 0x81, 0x92, 0x29, 0xBC, 0x92, 0xBC, 0x92, 0xBC, 
	0xBB, 0xAB, 0xC9, 0xC9, 0xCD, 0xC0, 0xA7, 0x92, 0xBC, 0xBC, 0x77, 0x47, 0xAB, 0xBB, 0x3F, 0xCB, 
	0xCE, 0x92, 0x92, 0xBC, 0x77, 0xA8, 0xC7, 0xC7, 0xAB, 0xC0, 0xA7, 0x92, 0xBC, 0xC1, 0xAB, 0xC9, 
	0xCC, 0xCC, 0xCF, 0xC1, 0xA7, 0x80, 0x92, 0x14, 0xBC, 0x92, 0x74, 0x4C, 0xAB, 0x4C, 0xA8, 0xC1, 
	0xBC, 0x92, 0x92, 0x98, 0x88, 0x3F, 0xBB, 0xA7, 0x92, 0x92, 0xA7, 0xBC, 0x92, 0x80, 0xBC, 0x82, 
	0x92, 0x00, 0xBC, 0x80, 0x92, 0x03, 0xBC, 0xA7, 0x92, 0xBC, 0x80, 0x92, 0x04, 0xBC, 0xBC, 0x92, 
	0x92, 0xA7, 0x81, 0x92, 0x10, 0xBC, 0x77, 0xC1, 0xC4, 0xCC, 0xCC, 0xC9, 0xC9, 0xCF, 0xAB, 0xA8, 
	0x4D, 0xC1, 0xC1, 0x77, 0x98, 0xA7, 0x80, 0xBC, 0x04, 0x92, 0x92, 0xA7, 0x92, 0x92, 0x80, 0xBC, 
	0x80, 0x92, 0x00, 0xBC, 0x80, 0x92, 0x0A, 0xBC, 0x7E, 0xBB, 0xC4, 0xC9, 0xC5, 0xC7, 0xA8, 0x81, 
	0xBC, 0xBC, 0x80, 0x92, 0x0D, 0xBC, 0xA7, 0x92, 0xBC, 0x8D, 0xA7, 0xBC, 0xA7, 0x92, 0xA7, 0x92, 
	0x92, 0xBC, 0xA7, 0x8C, 0x92, 0x05, 0x2F, 0x0E, 0x59, 0x59, 0x27, 0x1F, 0x81, 0x59, 0x0E, 0x58, 
	0x5C, 0x02, 0x12, 0xD0, 0xD0, 0x17, 0x5A, 0x58, 0x57, 0x4E, 0xA7, 0x92, 0x92, 0xA7, 0x81, 0x92, 
	0x08, 0x73, 0x26, 0x5C, 0x5A, 0x27, 0x23, 0x4E, 0x52, 0x55, 0x8B, 0x52, 0x04, 0x4F, 0x3A, 0x3A, 
	0x52, 0x55, 0x81, 0x52, 0x09, 0x4F, 0x43, 0x00, 0x00, 0x48, 0x49, 0x3B, 0x49, 0x3B, 0x3B, 0x81, 
	0x49, 0x03, 0x3B, 0x49, 0x00, 0x99, 0x81, 0x92, 0x00, 0xA7, 0x84, 0x92, 0x0C, 0xA7, 0x92, 0xBC, 
	0x83, 0x41, 0x41, 0x3E, 0x6A, 0x79, 0x41, 0x41, 0xC0, 0x8D, 0x8A, 0x92, 0x01, 0xA7, 0xA7, 0x80, 
	0x92, 0x00, 0xBC, 0x81, 0x92, 0x02, 0xA7, 0x92, 0x92, 0x02, 0xA7, 0xBC, 0xA7, 0x80, 0x92, 0x05, 
	0xBC, 0xA7, 0xA7, 0x92, 0x92, 0xA7, 0x87, 0x92, 0x24, 0xBC, 0x74, 0xC1, 0xC4, 0xC9, 0xCA, 0x53, 
	0xA7, 0x92, 0x92, 0xBC, 0xB5, 0x3F, 0x80, 0x98, 0xC8, 0xB5, 0xBC, 0x92, 0x92, 0xBC, 0x89, 0x3E, 
	0xA8, 0x45, 0xC1, 0x98, 0x92, 0x92, 0xBC, 0x89, 0x55, 0xC7, 0xC5, 0xC9, 0x45, 0xC1, 0x80, 0x92, 
	0x09, 0xA7, 0x92, 0xBC, 0x98, 0x3F, 0xC1, 0x77, 0xBB, 0x8B, 0xBC, 0x80, 0x92, 0x06, 0xBC, 0x7E, 
	0xB5, 0x92, 0x92, 0xBC, 0xA7, 0x82, 0x92, 0x01, 0xBC, 0xA7, 0x80, 0x92, 0x06, 0xA7, 0x92, 0xA7, 
	0xA7, 0xBC, 0xA7, 0xA7, 0x86, 0x92, 0x00, 0xBC, 0x81, 0x92, 0x0C, 0x7E, 0xBB, 0x3E, 0xC7, 0xC4, 
	0xAB, 0x3E, 0xC1, 0xC1, 0xCB, 0x98, 0xA7, 0xBC, 0x81, 0x92, 0x80, 0xA7, 0x04, 0x92, 0xBC, 0x92, 
	0x92, 0xA7, 0x87, 0x92, 0x11, 0xA7, 0xBB, 0x4C, 0x45, 0xCC, 0xCA, 0x4D, 0x74, 0x92, 0x92, 0xA7, 
	0x92, 0x92, 0xA7, 0xBC, 0x92, 0x92, 0xA7, 0x8D, 0x92, 0x00, 0xA7, 0x82, 0x92, 0x07, 0xBC, 0x7D, 
	0x1B, 0x27, 0x27, 0x5C, 0x85, 0x57, 0x83, 0x59, 0x1C, 0x5A, 0x5C, 0x22, 0x17, 0x5C, 0x58, 0x59, 
	0x27, 0x87, 0xA7, 0xA7, 0x92, 0x92, 0xA7, 0x92, 0x92, 0x76, 0x18, 0x5C, 0x5A, 0x5C, 0x59, 0x5A, 
	0x0E, 0x36, 0x4E, 0x38, 0x52, 0x55, 0x81, 0x52, 0x00, 0x55, 0x83, 0x52, 0x05, 0x50, 0x2F, 0x44, 
	0x3C, 0x34, 0x3A, 0x81, 0x52, 0x01, 0x50, 0x48, 0x81, 0x3B, 0x80, 0x49, 0x02, 0x3B, 0x3B, 0x49, 
	0x80, 0x3B, 0x02, 0x5D, 0x9B, 0xA7, 0x8A, 0x92, 0x06, 0x73, 0xA8, 0x41, 0x41, 0xC1, 0x99, 0x50, 
	0x80, 0x41, 0x03, 0x4C, 0x73, 0x92, 0xA7, 0x83, 0x92, 0x04, 0xA7, 0xA7, 0x92, 0xA7, 0xA7, 0x83, 
	0x92, 0x00, 0xA7, 0x82, 0x92, 0x04, 0x92, 0x92, 0xBC, 0x92, 0xA7, 0x80, 0x92, 0x02, 0xBC, 0x92, 
	0xA7, 0x81, 0x92, 0x01, 0xBC, 0xA7, 0x83, 0x92, 0x06, 0xBC, 0x88, 0xA8, 0xC7, 0x4F, 0x88, 0xBC, 
	0x81, 0x92, 0x81, 0xA7, 0x81, 0x92, 0x1B, 0xBC, 0x88, 0x53, 0xC1, 0x3F, 0xC1, 0xC8, 0x92, 0xBC, 
	0x92, 0x74, 0xBB, 0xA8, 0xC9, 0xC7, 0xA8, 0x89, 0xC6, 0xA7, 0x92, 0x92, 0xA7, 0xA7, 0xBC, 0x98, 
	0xB5, 0xBC, 0xBC, 0x87, 0x92, 0x00, 0xA7, 0x81, 0x92, 0x00, 0xBC, 0x80, 0x92, 0x03, 0xA7, 0x92, 
	0xA7, 0xA7, 0x85, 0x92, 0x00, 0xA7, 0x88, 0x92, 0x09, 0xBC, 0x98, 0xC1, 0xA8, 0xC1, 0xC1, 0x8B, 
	0xC8, 0xBC, 0xBC, 0x81, 0x92, 0x07, 0xA7, 0x92, 0x92, 0xA7, 0xA7, 0x92, 0x92, 0xA7, 0x84, 0x92, 
	0x00, 0xA7, 0x83, 0x92, 0x05, 0xB5, 0x8C, 0xBB, 0x4B, 0xC1, 0x89, 0x88, 0x92, 0x80, 0xA7, 0x05, 
	0x92, 0x92, 0xBC, 0x92, 0x92, 0xA7, 0x81, 0x92, 0x00, 0xA7, 0x80, 0x92, 0x02, 0xA7, 0x92, 0xA7, 
	0x81, 0x92, 0x15, 0x76, 0x36, 0x14, 0x17, 0x17, 0x5A, 0x5A, 0x59, 0x59, 0x58, 0x59, 0x58, 0x59, 
	0x5A, 0x59, 0x5A, 0x58, 0x59, 0x58, 0x23, 0xBC, 0xA7, 0x81, 0x92, 0x11, 0x73, 0x4E, 0x03, 0x59, 
	0x59, 0x58, 0x59, 0x59, 0x5A, 0x0E, 0x87, 0x76, 0xBA, 0x60, 0x3A, 0x52, 0x52, 0x55, 0x84, 0x52, 
	0x07, 0x55, 0x55, 0x38, 0x3A, 0x23, 0xB4, 0x85, 0x2F, 0x81, 0x52, 0x01, 0x32, 0x5D, 0x80, 0x49, 
	0x80, 0x3B, 0x00, 0x49, 0x80, 0x3B, 0x04, 0x49, 0x49, 0x5D, 0x5E, 0x8D, 0x81, 0x92, 0x00, 0xA7, 
	0x85, 0x92, 0x0B, 0x84, 0x8C, 0x41, 0x41, 0xBB, 0xBA, 0x73, 0xC0, 0x41, 0x41, 0xC0, 0x73, 0x80, 
	0x92, 0x00, 0xA7, 0x84, 0x92, 0x00, 0xA7, 0x84, 0x92, 0x05, 0xA7, 0x92, 0xA7, 0xA7, 0x92, 0x92, 
	0x02, 0x92, 0x92, 0xA7, 0x81, 0x92, 0x00, 0xA7, 0x81, 0x92, 0x00, 0xA7, 0x80, 0x92, 0x00, 0xA7, 
	0x81, 0x92, 0x07, 0xA7, 0x92, 0x92, 0x98, 0xC1, 0x4C, 0xC1, 0x77, 0x81, 0x92, 0x03, 0xA7, 0x92, 
	0x92, 0xA7, 0x83, 0x92, 0x04, 0x77, 0xBB, 0xB5, 0x8B, 0x98, 0x81, 0x92, 0x06, 0xBC, 0xB5, 0x4D, 
	0xC5, 0xC4, 0xC1, 0xA8, 0x83, 0x92, 0x03, 0xA7, 0xBC, 0x92, 0xA7, 0x8A, 0x92, 0x00, 0xA7, 0x84, 
	0x92, 0x09, 0xA7, 0x92, 0xBC, 0x92, 0xA7, 0x92, 0xA7, 0x92, 0x92, 0xA7, 0x83, 0x92, 0x0D, 0xA7, 
	0x92, 0x92, 0xA7, 0x92, 0xA7, 0x92, 0xA7, 0x92, 0x8C, 0x81, 0xB5, 0x92, 0xBC, 0x83, 0x92, 0x00, 
	0xA7, 0x94, 0x92, 0x03, 0xBC, 0x92, 0x98, 0xA7, 0x80, 0x92, 0x00, 0xA7, 0x82, 0x92, 0x00, 0xA7, 
	0x81, 0x92, 0x00, 0xA7, 0x81, 0x92, 0x00, 0xA7, 0x82, 0x92, 0x00, 0xA7, 0x83, 0x92, 0x0C, 0xA7, 
	0x92, 0x92, 0xA7, 0x8D, 0x76, 0x18, 0x19, 0x17, 0x27, 0x27, 0x59, 0x59, 0x83, 0x58, 0x14, 0x59, 
	0x59, 0x06, 0x0C, 0xBA, 0x92, 0x92, 0xA7, 0xA7, 0xB5, 0x84, 0x1B, 0x57, 0x59, 0x59, 0x58, 0x5C, 
	0x59, 0x59, 0x27, 0x78, 0x80, 0xA7, 0x07, 0xBC, 0x76, 0x87, 0x50, 0x3A, 0x38, 0x52, 0x55, 0x80, 
	0x52, 0x1E, 0x38, 0x3A, 0x3D, 0x46, 0xB0, 0xB6, 0xB7, 0xB7, 0xB2, 0x36, 0x50, 0x52, 0x52, 0x60, 
	0x00, 0x49, 0x49, 0x3B, 0x49, 0x49, 0x3B, 0x3B, 0x49, 0x49, 0x3B, 0x49, 0x3B, 0x3B, 0x48, 0xAA, 
	0xA7, 0x80, 0x92, 0x03, 0xA7, 0x92, 0xA7, 0xA7, 0x80, 0x92, 0x03, 0xA7, 0xA7, 0x76, 0xC1, 0x80, 
	0x41, 0x01, 0x87, 0x50, 0x81, 0x41, 0x02, 0x55, 0xC6, 0xA7, 0x84, 0x92, 0x03, 0xA7, 0xA7, 0x92, 
	0xA7, 0x81, 0x92, 0x00, 0x7E, 0x84, 0x92, 0x01, 0xA7, 0xA7, 0x82, 0x92, 0x00, 0xA7, 0x88, 0x92, 
	0x00, 0xA7, 0x82, 0x92, 0x02, 0x7E, 0x8B, 0x98, 0x8C, 0x92, 0x0E, 0xBC, 0x92, 0x92, 0xBC, 0xBC, 
	0x92, 0x92, 0xA7, 0x92, 0x92, 0xB5, 0xC1, 0xC4, 0x5F, 0xC1, 0x81, 0x92, 0x04, 0xA7, 0xA7, 0x92, 
	0x92, 0xA7, 0x8C, 0x92, 0x07, 0xA7, 0x92, 0x92, 0xA7, 0x92, 0xA7, 0x92, 0x92, 0x81, 0xA7, 0x02, 
	0x92, 0xA7, 0xA7, 0x80, 0x92, 0x80, 0xA7, 0x04, 0x92, 0xA7, 0x92, 0x92, 0xA7, 0x80, 0x92, 0x00, 
	0xA7, 0x80, 0x92, 0x03, 0xBC, 0x92, 0x92, 0xA7, 0x82, 0x92, 0x05, 0x8D, 0xA7, 0x92, 0x92, 0xA7, 
	0xA7, 0x8B, 0x92, 0x00, 0x7E, 0x8C, 0x92, 0x00, 0x7E, 0x86, 0x92, 0x00, 0xA7, 0x88, 0x92, 0x80, 
	0xA7, 0x07, 0x92, 0x92, 0xA7, 0x92, 0xA7, 0x92, 0x76, 0x3D, 0x80, 0x78, 0x02, 0x87, 0x26, 0x27, 
	0x80, 0x61, 0x80, 0x58, 0x15, 0x61, 0x22, 0x38, 0x41, 0x79, 0x73, 0xA7, 0x73, 0x7D, 0x7B, 0x14, 
	0x58, 0x59, 0x59, 0x5A, 0x58, 0x59, 0x59, 0x27, 0x4E, 0x92, 0xA7, 0x80, 0x92, 0x0E, 0x7E, 0x92, 
	0x92, 0x73, 0x87, 0x35, 0x32, 0x3C, 0x3C, 0x32, 0x33, 0x48, 0xB2, 0x9E, 0xBD, 0x81, 0xB7, 0x06, 
	0xB8, 0xB9, 0x2E, 0x2E, 0x36, 0x48, 0x49, 0x80, 0x3B, 0x83, 0x49, 0x80, 0x3B, 0x0A, 0x5D, 0x87, 
	0x92, 0xA7, 0x92, 0xA7, 0x92, 0xA7, 0x92, 0x92, 0xA7, 0x81, 0x92, 0x01, 0x79, 0x3F, 0x80, 0x41, 
	0x01, 0xBA, 0x79, 0x81, 0x41, 0x0F, 0xA8, 0x84, 0x92, 0xA7, 0x7E, 0x92, 0x92, 0x7E, 0x92, 0xA7, 
	0x92, 0xA7, 0x92, 0x7E, 0x92, 0x7E, 0x82, 0x92, 0x04, 0x7E, 0xA7, 0xA7, 0x92, 0x92, 0x80, 0x92, 
	0x00, 0xA7, 0x83, 0x92, 0x00, 0xA7, 0x92, 0x92, 0x00, 0xA7, 0x80, 0x92, 0x03, 0xA7, 0xA7, 0x92, 
	0xA7, 0x88, 0x92, 0x08, 0x7E, 0x92, 0x92, 0xBB, 0x45, 0x3E, 0x8B, 0xBC, 0x7E, 0x81, 0x92, 0x00, 
	0xA7, 0x80, 0x92, 0x00, 0xA7, 0x82, 0x92, 0x00, 0x7E, 0x81, 0x92, 0x00, 0xA7, 0x82, 0x92, 0x00, 
	0xA7, 0x80, 0x92, 0x03, 0xA7, 0x92, 0x92, 0xA7, 0x82, 0x92, 0x00, 0xA7, 0x83, 0x92, 0x00, 0xA7, 
	0x80, 0x92, 0x03, 0xA7, 0x92, 0x92, 0xA7, 0x84, 0x92, 0x02, 0xA7, 0x92, 0x7E, 0x87, 0x92, 0x06, 
	0x7E, 0x92, 0x92, 0x7E, 0x92, 0x92, 0x7E, 0x85, 0x92, 0x00, 0x7E, 0x80, 0x92, 0x06, 0xA7, 0x92, 
	0xA7, 0x92, 0xA7, 0x7E, 0xA7, 0x81, 0x92, 0x0A, 0xA7, 0x92, 0x7E, 0x92, 0xA7, 0xA7, 0x92, 0x7E, 
	0x92, 0x92, 0x7E, 0x80, 0x92, 0x00, 0xA7, 0x81, 0x92, 0x23, 0x7E, 0x92, 0xA7, 0x92, 0x92, 0x7E, 
	0x92, 0xA7, 0x92, 0x7E, 0x73, 0x76, 0x92, 0xBC, 0xB5, 0x84, 0x60, 0x42, 0x5B, 0x54, 0x54, 0xC2, 
	0x31, 0x5F, 0x53, 0x40, 0x53, 0xBA, 0x73, 0x99, 0x9D, 0x90, 0x97, 0x23, 0x61, 0x59, 0x80, 0x58, 
	0x09, 0x5A, 0x27, 0x1B, 0xBC, 0xA7, 0x92, 0xA7, 0x92, 0x92, 0xA7, 0x80, 0x92, 0x0B, 0xA7, 0x76, 
	0x00, 0x5D, 0x00, 0x5D, 0x48, 0x01, 0xB2, 0xBD, 0x9E, 0xC3, 0x82, 0xB7, 0x09, 0xB6, 0xB6, 0xB1, 
	0x72, 0x4A, 0x3B, 0x49, 0x3B, 0x49, 0x3B, 0x80, 0x49, 0x80, 0x3B, 0x10, 0x49, 0x00, 0xBA, 0x92, 
	0xA7, 0x7E, 0x92, 0xA7, 0x7E, 0x92, 0x92, 0x82, 0x92, 0x92, 0xA7, 0x73, 0x83, 0x81, 0x41, 0x01, 
	0x78, 0x4F, 0x80, 0x41, 0x15, 0x40, 0x8C, 0x76, 0x7E, 0xA7, 0x92, 0xA7, 0x92, 0x92, 0xA7, 0x92, 
	0xA7, 0x7E, 0x92, 0xA7, 0x92, 0x92, 0xA7, 0x92, 0xA7, 0x92, 0xA7, 0x80, 0x92, 0x01, 0x7E, 0x92, 
	0x85, 0x92, 0x03, 0xA7, 0x92, 0x92, 0x7E, 0x84, 0x92, 0x03, 0xA7, 0x92, 0x92, 0x7E, 0x87, 0x92, 
	0x01, 0xA7, 0xA7, 0x83, 0x92, 0x00, 0xA7, 0x83, 0x92, 0x00, 0x7E, 0x82, 0x92, 0x03, 0x88, 0x4F, 
	0xC1, 0x98, 0x81, 0x92, 0x0D, 0xA7, 0xA7, 0x7E, 0x92, 0xA7, 0x92, 0x92, 0x7E, 0x92, 0x92, 0x7E, 
	0x92, 0x92, 0xA7, 0x82, 0x92, 0x08, 0xA7, 0x92, 0x92, 0xA7, 0x92, 0x7E, 0x92, 0x92, 0x7E, 0x80, 
	0x92, 0x09, 0x7E, 0x92, 0xA7, 0x92, 0xA7, 0x92, 0xA7, 0xA7, 0x92, 0x7E, 0x80, 0x92, 0x0B, 0x7E, 
	0x92, 0x92, 0xA7, 0x7E, 0x92, 0x92, 0xA7, 0x7E, 0x92, 0x92, 0x7E, 0x80, 0x92, 0x01, 0xA7, 0x92, 
	0x81, 0xA7, 0x04, 0x92, 0x7E, 0x92, 0x92, 0x7E, 0x82, 0x92, 0x01, 0xA7, 0xA7, 0x80, 0x92, 0x00, 
	0x7E, 0x80, 0x92, 0x00, 0x7E, 0x80, 0x92, 0x07, 0xA7, 0x92, 0xA7, 0x7E, 0x92, 0x92, 0xA7, 0x92, 
	0x80, 0xA7, 0x0B, 0x92, 0x92, 0x7E, 0xA7, 0x92, 0xA7, 0x92, 0x7E, 0x92, 0xA7, 0x92, 0x92, 0x81, 
	0xA7, 0x04, 0x92, 0x92, 0x7E, 0x92, 0xA7, 0x80, 0x92, 0x06, 0xA7, 0xA7, 0x92, 0xA7, 0x92, 0x7E, 
	0x92, 0x82, 0xA7, 0x01, 0xBC, 0x5F, 0x80, 0x40, 0x01, 0x41, 0x41, 0x80, 0x40, 0x26, 0x3F, 0x47, 
	0x47, 0x62, 0x64, 0x95, 0x96, 0x95, 0x90, 0x46, 0x59, 0x5A, 0x58, 0x59, 0x27, 0x1B, 0x92, 0xA7, 
	0x92, 0xA7, 0xA7, 0x92, 0x7E, 0x92, 0xA7, 0x7E, 0x92, 0xA7, 0x7E, 0x6B, 0x5D, 0x49, 0x49, 0x3B, 
	0x01, 0xB4, 0xB8, 0x9E, 0xBD, 0x85, 0xB7, 0x05, 0x37, 0x00, 0x3B, 0x49, 0x3B, 0x49, 0x80, 0x3B, 
	0x00, 0x49, 0x81, 0x3B, 0x08, 0x5D, 0x99, 0xA7, 0x92, 0x92, 0x82, 0x92, 0x92, 0xA7, 0x80, 0x92, 
	0x03, 0x82, 0xA7, 0x76, 0x4D, 0x81, 0x41, 0x02, 0x35, 0x8C, 0x40, 0x80, 0x41, 0x01, 0x4C, 0x76, 
	0x81, 0xA7, 0x13, 0x92, 0x82, 0x92, 0x92, 0xA7, 0x92, 0xA7, 0x92, 0xA7, 0xA7, 0x92, 0x82, 0x92, 
	0xA7, 0xA7, 0x92, 0x82, 0x92, 0x92, 0xA7, 0x00, 0xA7, 0x82, 0x92, 0x13, 0x7E, 0x92, 0x92, 0x7E, 
	0x92, 0xA7, 0x92, 0xA7, 0x92, 0x7E, 0x92, 0x92, 0x7E, 0x92, 0x92, 0xA7, 0x92, 0x92, 0xA7, 0xA7, 
	0x80, 0x92, 0x0D, 0x7E, 0x92, 0xA7, 0x92, 0x7E, 0x92, 0x92, 0xA7, 0x92, 0x7E, 0x92, 0x92, 0xA7, 
	0x7E, 0x81, 0x92, 0x03, 0xA7, 0x92, 0x92, 0xA7, 0x80, 0x92, 0x02, 0x98, 0xBB, 0x4C, 0x80, 0xA7, 
	0x01, 0x92, 0x7E, 0x81, 0x92, 0x16, 0xA7, 0x92, 0xA7, 0x92, 0x92, 0xA7, 0x92, 0xA7, 0xA7, 0x92, 
	0x92, 0xA7, 0xA7, 0x7E, 0x92, 0xA7, 0x7E, 0x92, 0xA7, 0xA7, 0x92, 0x92, 0xA7, 0x80, 0x92, 0x22, 
	0xA7, 0x92, 0x92, 0xA7, 0x7E, 0x92, 0xA7, 0x7E, 0x92, 0xA7, 0xA7, 0x92, 0x7E, 0xA7, 0x92, 0xA7, 
	0x92, 0x92, 0xA7, 0xA7, 0x7E, 0xA7, 0x92, 0x92, 0xA7, 0x92, 0x92, 0xA7, 0x92, 0x7E, 0x92, 0x92, 
	0xA7, 0x92, 0x82, 0x80, 0x92, 0x0E, 0xA7, 0x92, 0xA7, 0x92, 0xA7, 0xA7, 0x82, 0x92, 0xA7, 0xA7, 
	0x92, 0xA7, 0x92, 0xA7, 0x7E, 0x80, 0x92, 0x12, 0xA7, 0x82, 0x92, 0x7E, 0x92, 0x92, 0xA7, 0xA7, 
	0x92, 0xA7, 0x92, 0x7E, 0x92, 0x92, 0xA7, 0xA7, 0x92, 0x92, 0xA7, 0x80, 0x92, 0x07, 0xA7, 0xA7, 
	0x92, 0xA7, 0x92, 0x92, 0xA7, 0x7E, 0x80, 0x92, 0x05, 0xA7, 0x92, 0x92, 0x7E, 0xA7, 0x92, 0x81, 
	0xA7, 0x0B, 0x92, 0xA7, 0x92, 0xA7, 0x7E, 0x92, 0xA7, 0x73, 0x52, 0x52, 0x3E, 0x41, 0x82, 0x40, 
	0x02, 0x53, 0x3D, 0x97, 0x80, 0x95, 0x08, 0x96, 0x95, 0x9D, 0x0E, 0x59, 0x5A, 0x0E, 0x4E, 0xBC, 
	0x82, 0xA7, 0x04, 0x7E, 0xA7, 0xA7, 0x92, 0x92, 0x80, 0xA7, 0x01, 0xBA, 0x5D, 0x80, 0x49, 0x06, 
	0x4A, 0xAF, 0xB8, 0xBD, 0xBE, 0xB7, 0xB6, 0x81, 0xB7, 0x03, 0xB6, 0xB1, 0xBF, 0x01, 0x81, 0x3B, 
	0x03, 0x49, 0x3B, 0x3B, 0x49, 0x80, 0x3B, 0x04, 0x49, 0x00, 0x78, 0xA7, 0xA7, 0x80, 0x92, 0x02, 
	0xA7, 0xA7, 0x82, 0x80, 0x92, 0x20, 0x76, 0x50, 0xC0, 0xC0, 0x3F, 0xC0, 0x89, 0x34, 0xA8, 0xC1, 
	0x88, 0x88, 0x89, 0x7E, 0x99, 0xBC, 0xA7, 0xA7, 0x7E, 0x92, 0x92, 0xA7, 0x82, 0x92, 0xA7, 0xA7, 
	0x82, 0x92, 0xA7, 0x92, 0x92, 0xA7, 0x82, 0x80, 0x92, 0x02, 0xA7, 0x92, 0xA7, 0x02, 0xA7, 0xA7, 
	0x82, 0x8F, 0xA7, 0x05, 0x82, 0xA7, 0xA7, 0x7E, 0xA7, 0x82, 0x81, 0xA7, 0x00, 0x82, 0x80, 0xA7, 
	0x01, 0x92, 0x7E, 0x81, 0xA7, 0x06, 0x7E, 0x92, 0xA7, 0xA7, 0x82, 0x92, 0x82, 0x80, 0xA7, 0x00, 
	0x7E, 0x80, 0xA7, 0x01, 0xB5, 0x92, 0x80, 0xA7, 0x00, 0x7E, 0x82, 0xA7, 0x03, 0x7E, 0xA7, 0xA7, 
	0x7E, 0x80, 0xA7, 0x05, 0x82, 0x92, 0x82, 0xA7, 0x82, 0x92, 0x80, 0xA7, 0x0F, 0x92, 0xA7, 0x82, 
	0xA7, 0xA7, 0x7E, 0xA7, 0x7E, 0xA7, 0x82, 0x92, 0xA7, 0x7E, 0xA7, 0xA7, 0x92, 0x80, 0xA7, 0x02, 
	0x7E, 0xA7, 0x92, 0x80, 0xA7, 0x02, 0x92, 0xA7, 0x7E, 0x85, 0xA7, 0x10, 0x7E, 0xA7, 0xA7, 0x92, 
	0xA7, 0x82, 0x92, 0xA7, 0x92, 0xA7, 0xA7, 0x7E, 0xA7, 0x7E, 0xA7, 0x82, 0x92, 0x80, 0xA7, 0x0B, 
	0x92, 0x82, 0x92, 0xA7, 0x82, 0x92, 0x92, 0xA7, 0xA7, 0x82, 0x92, 0x92, 0x82, 0xA7, 0x26, 0x82, 
	0x92, 0xA7, 0x92, 0x92, 0xA7, 0x82, 0x92, 0x82, 0x92, 0x82, 0xA7, 0x82, 0xA7, 0xA7, 0x82, 0x92, 
	0x82, 0x92, 0x82, 0x92, 0xA7, 0x92, 0x92, 0xA7, 0xA7, 0x7E, 0xA7, 0xA7, 0x92, 0x82, 0xA7, 0x82, 
	0x92, 0x82, 0x92, 0xA7, 0x82, 0x92, 0x80, 0xA7, 0x04, 0x82, 0xA7, 0x78, 0x4D, 0x41, 0x81, 0x40, 
	0x13, 0x3F, 0x5F, 0x5F, 0x4E, 0x90, 0x96, 0x95, 0x96, 0x95, 0x95, 0x96, 0x9F, 0x5A, 0x0E, 0x87, 
	0x92, 0xA7, 0x82, 0xA7, 0x82, 0x81, 0xA7, 0x07, 0x82, 0xA7, 0x82, 0x92, 0xA7, 0x82, 0x84, 0x30, 
	0x81, 0x49, 0x03, 0x01, 0xB2, 0xB6, 0xB6, 0x80, 0xB7, 0x06, 0xB6, 0xB8, 0xB0, 0xB9, 0x30, 0x01, 
	0x30, 0x80, 0x49, 0x10, 0x3B, 0x49, 0x3B, 0x3B, 0x49, 0x3B, 0x49, 0x3B, 0x49, 0x5D, 0x87, 0xA7, 
	0x82, 0xA7, 0x82, 0xA7, 0x82, 0x80, 0x92, 0x12, 0x82, 0x84, 0x73, 0x74, 0x81, 0x77, 0x77, 0x81, 
	0x77, 0x74, 0x81, 0xAD, 0x81, 0xAD, 0xAD, 0x8C, 0xBA, 0x92, 0x7E, 0x81, 0xA7, 0x11, 0x82, 0x92, 
	0xA7, 0xA7, 0x82, 0x92, 0xA7, 0x82, 0xA7, 0x82, 0x92, 0xA7, 0xA7, 0x82, 0x92, 0x82, 0x92, 0xA7, 
	0x09, 0x84, 0x84, 0xA3, 0x84, 0xA3, 0x84, 0xA3, 0x84, 0x84, 0xA3, 0x82, 0x84, 0x00, 0xA3, 0x81, 
	0x84, 0x03, 0xA3, 0xA3, 0x84, 0x84, 0x80, 0xA3, 0x81, 0x84, 0x03, 0xA3, 0x84, 0xA3, 0x84, 0x80, 
	0xA3, 0x80, 0x84, 0x80, 0xA3, 0x09, 0x84, 0xA3, 0x84, 0xA3, 0x84, 0xA3, 0x84, 0xA3, 0x84, 0x84, 
	0x80, 0xA3, 0x01, 0x84, 0x84, 0x81, 0xA3, 0x01, 0x84, 0x84, 0x80, 0xA3, 0x03, 0x84, 0xA3, 0x84, 
	0x84, 0x84, 0xA3, 0x81, 0x84, 0x80, 0xA3, 0x00, 0x84, 0x85, 0xA3, 0x01, 0x84, 0xA3, 0x80, 0x84, 
	0x04, 0xA3, 0xA3, 0x84, 0x84, 0xA3, 0x82, 0x84, 0x08, 0xA3, 0xA3, 0x84, 0x84, 0xA3, 0x84, 0x84, 
	0xA3, 0xA3, 0x80, 0x84, 0x80, 0xA3, 0x80, 0x84, 0x86, 0xA3, 0x03, 0x84, 0xA3, 0xA3, 0x84, 0x86, 
	0xA3, 0x05, 0x84, 0xA3, 0xA3, 0x84, 0xA3, 0xA3, 0x81, 0x84, 0x85, 0xA3, 0x00, 0x84, 0x81, 0xA3, 
	0x04, 0x84, 0xA3, 0x84, 0x84, 0xA3, 0x80, 0x84, 0x02, 0xA3, 0x84, 0x84, 0x87, 0xA3, 0x13, 0x84, 
	0xA3, 0x84, 0x76, 0x70, 0x8A, 0x4B, 0x40, 0x40, 0x3F, 0x53, 0x5F, 0x39, 0x53, 0x40, 0x4C, 0x97, 
	0x95, 0x96, 0x95, 0x80, 0x96, 0x05, 0x37, 0x46, 0x99, 0x73, 0x84, 0x84, 0x80, 0xA3, 0x80, 0x84, 
	0x82, 0xA3, 0x13, 0x84, 0xA3, 0x84, 0x7C, 0x5D, 0x3B, 0x49, 0x49, 0x01, 0xAF, 0xB0, 0xB1, 0xB0, 
	0xB2, 0xB3, 0xB4, 0xAF, 0x01, 0x01, 0x4A, 0x80, 0x3B, 0x00, 0x49, 0x80, 0x3B, 0x08, 0x49, 0x3B, 
	0x3B, 0x49, 0x49, 0x3B, 0x49, 0x5D, 0x87, 0x84, 0xA3, 0x04, 0x84, 0xA3, 0xA3, 0x7D, 0x82, 0x85, 
	0xAD, 0x0F, 0x81, 0x8B, 0x81, 0x74, 0x73, 0x70, 0xA3, 0x84, 0xA3, 0x84, 0xA3, 0x84, 0xA3, 0xA3, 
	0x84, 0x84, 0x8A, 0xA3, 0x00, 0x84, 0x00, 0x6D, 0x81, 0x70, 0x08, 0x6D, 0x70, 0x6D, 0x70, 0x6D, 
	0x6D, 0x70, 0x70, 0x6D, 0x82, 0x70, 0x08, 0x6D, 0x70, 0x70, 0x6D, 0x70, 0x71, 0x70, 0x6D, 0x70, 
	0x80, 0x6D, 0x01, 0x70, 0x70, 0x80, 0x6D, 0x09, 0x70, 0x6D, 0x70, 0x6D, 0x71, 0x71, 0x6D, 0x6D, 
	0x6C, 0x71, 0x83, 0x6D, 0x03, 0x70, 0x6D, 0x6D, 0x6E, 0x82, 0x70, 0x09, 0x6D, 0x6D, 0x70, 0x6E, 
	0x6D, 0x6D, 0x70, 0x70, 0x6D, 0x6E, 0x84, 0x6D, 0x03, 0x70, 0x6D, 0x70, 0x70, 0x82, 0x6D, 0x05, 
	0x70, 0x70, 0x6D, 0x70, 0x6D, 0x70, 0x80, 0x6D, 0x04, 0x70, 0x6D, 0x70, 0x6D, 0x6D, 0x81, 0x70, 
	0x07, 0x71, 0x6D, 0x70, 0x6D, 0x71, 0x6D, 0x70, 0x70, 0x91, 0x6D, 0x80, 0x6C, 0x84, 0x6D, 0x01, 
	0x6C, 0x6C, 0x80, 0x6D, 0x04, 0x6C, 0x6D, 0x6F, 0x8A, 0x7B, 0x87, 0x6D, 0x00, 0x6C, 0x81, 0x6D, 
	0x01, 0x70, 0x70, 0x81, 0x6D, 0x0D, 0x70, 0x70, 0x6D, 0x70, 0x6D, 0x6D, 0x70, 0x70, 0x6D, 0x70, 
	0x6D, 0x6C, 0x70, 0x6C, 0x84, 0x6D, 0x01, 0x7B, 0x7A, 0x80, 0x90, 0x05, 0x8A, 0x52, 0x5F, 0x5F, 
	0x3E, 0x4D, 0x80, 0x40, 0x04, 0x56, 0x64, 0x95, 0x95, 0x96, 0x80, 0x95, 0x07, 0xAE, 0x7B, 0x6C, 
	0x70, 0x8A, 0x6A, 0x7B, 0x6C, 0x81, 0x6D, 0x03, 0x6C, 0x6D, 0x6D, 0x6C, 0x80, 0x6D, 0x09, 0x6C, 
	0x9B, 0x48, 0x49, 0x49, 0x3B, 0x3B, 0x01, 0x01, 0x49, 0x82, 0x01, 0x01, 0x49, 0x49, 0x82, 0x3B, 
	0x01, 0x49, 0x49, 0x80, 0x3B, 0x09, 0x49, 0x3B, 0x49, 0x3B, 0x48, 0x33, 0x7B, 0x71, 0x6D, 0x70, 
	0x84, 0x6D, 0x07, 0x70, 0x7D, 0x84, 0x76, 0x7D, 0x87, 0x6C, 0x70, 0x80, 0x7B, 0x05, 0x6E, 0x6F, 
	0x7B, 0x69, 0x70, 0x70, 0x87, 0x6D, 0x08, 0x6E, 0x6D, 0x6C, 0x6D, 0x6E, 0x6C, 0x6C, 0x6D, 0x70, 
	0x81, 0x6D, 0x0B, 0x6D, 0x6D, 0x70, 0x6E, 0x70, 0x70, 0x6D, 0x70, 0x70, 0x6D, 0x70, 0x6D, 0x80, 
	0x70, 0x0A, 0x6D, 0x6D, 0x70, 0x6D, 0x70, 0x70, 0x6D, 0x70, 0x70, 0x6D, 0x70, 0x81, 0x6D, 0x01, 
	0x70, 0x70, 0x81, 0x6D, 0x15, 0x6E, 0x6E, 0x70, 0x6E, 0x6E, 0x6D, 0x6E, 0x6E, 0x70, 0x6E, 0x6E, 
	0x70, 0x71, 0x6D, 0x6D, 0x70, 0x6D, 0x6D, 0x70, 0x6D, 0x6D, 0x70, 0x86, 0x6D, 0x00, 0x70, 0x81, 
	0x6D, 0x06, 0x70, 0x6D, 0x6E, 0x6D, 0x6D, 0x70, 0x70, 0x85, 0x6D, 0x00, 0x6E, 0x81, 0x6D, 0x00, 
	0x70, 0x80, 0x6D, 0x05, 0x71, 0x6D, 0x6C, 0x6D, 0x70, 0x70, 0x81, 0x6D, 0x00, 0x6C, 0x87, 0x6D, 
	0x80, 0x70, 0x0B, 0x6E, 0x6D, 0x6D, 0x70, 0x70, 0x6E, 0x6E, 0x70, 0x7B, 0x6E, 0x7B, 0x6E, 0x82, 
	0x7B, 0x81, 0x99, 0x0B, 0x9B, 0x99, 0x93, 0x9B, 0x9B, 0x93, 0x9B, 0x9B, 0x8A, 0x33, 0x66, 0x29, 
	0x82, 0x8A, 0x09, 0x32, 0x8A, 0x32, 0x8A, 0x32, 0x6B, 0x32, 0x6B, 0x43, 0x6B, 0x80, 0x43, 0x02, 
	0x6B, 0x43, 0x6B, 0x83, 0x43, 0x16, 0x6B, 0x43, 0x6B, 0x43, 0x8A, 0x32, 0x7C, 0x32, 0x8A, 0x43, 
	0x6B, 0x6B, 0x5E, 0x6B, 0x6B, 0xA9, 0x96, 0x95, 0x96, 0x95, 0x97, 0x60, 0x41, 0x83, 0x40, 0x03, 
	0x3F, 0x9D, 0x95, 0x96, 0x80, 0x95, 0x15, 0x64, 0x5E, 0x9B, 0x6B, 0x43, 0x2A, 0x86, 0x7C, 0x6A, 
	0x6A, 0x8A, 0x6A, 0x6A, 0x9B, 0x6A, 0x9B, 0x6F, 0x9B, 0x6F, 0x6F, 0x9B, 0x9B, 0x81, 0x3B, 0x01, 
	0x49, 0x3B, 0x86, 0x49, 0x02, 0x3B, 0x3B, 0x49, 0x80, 0x3B, 0x00, 0x49, 0x81, 0x3B, 0x05, 0x49, 
	0x3B, 0x3B, 0x49, 0x33, 0x6E, 0x81, 0x70, 0x00, 0x6E, 0x81, 0x6D, 0x06, 0x6F, 0x6B, 0x7C, 0x7B, 
	0x70, 0x7B, 0x6E, 0x80, 0x70, 0x00, 0x6C, 0x81, 0x6D, 0x01, 0x6C, 0x6C, 0x83, 0x6D, 0x0A, 0x6C, 
	0x6D, 0x6D, 0x6E, 0x82, 0x74, 0x8C, 0xAD, 0x74, 0x8C, 0x82, 0x84, 0x6D, 0x13, 0x70, 0x6D, 0x6D, 
	0x70, 0x6D, 0x70, 0x70, 0x6D, 0x6D, 0x6E, 0x6D, 0x70, 0x6D, 0x70, 0x6D, 0x6D, 0x70, 0x6D, 0x6D, 
	0x70, 0x80, 0x6D, 0x80, 0x70, 0x21, 0x6D, 0x6D, 0x70, 0x6D, 0x70, 0x6D, 0x70, 0x6D, 0x6E, 0x73, 
	0x74, 0x7E, 0x81, 0x74, 0x7E, 0x81, 0x74, 0x7E, 0x81, 0x74, 0x7E, 0x82, 0x6C, 0x70, 0x6D, 0x6D, 
	0x6E, 0x6D, 0x70, 0x6D, 0x70, 0x71, 0x6D, 0x71, 0x80, 0x6D, 0x0C, 0x70, 0x70, 0x6D, 0x70, 0x6D, 
	0x70, 0x6D, 0x6D, 0x70, 0x6D, 0x70, 0x6D, 0x70, 0x83, 0x6D, 0x03, 0x70, 0x6D, 0x6D, 0x70, 0x81, 
	0x6D, 0x05, 0x6A, 0x43, 0x6F, 0x70, 0x6D, 0x6D, 0x82, 0x70, 0x03, 0x7B, 0x70, 0x7B, 0x70, 0x80, 
	0x7B, 0x81, 0x99, 0x81, 0x9B, 0x81, 0x8A, 0x06, 0x32, 0x8A, 0x43, 0x43, 0x36, 0x2B, 0x43, 0x81, 
	0x2B, 0x03, 0x2C, 0x2B, 0x2C, 0x2C, 0x80, 0x51, 0x00, 0x75, 0x81, 0x51, 0x29, 0x75, 0x51, 0x51, 
	0x75, 0x51, 0x75, 0x75, 0xA5, 0x2A, 0x51, 0x72, 0x51, 0x51, 0x72, 0x51, 0x33, 0x51, 0x33, 0x72, 
	0x33, 0x33, 0x43, 0x2B, 0x5E, 0x3C, 0x43, 0x5E, 0x3C, 0x43, 0x43, 0x3C, 0x6B, 0x7C, 0x8A, 0x5E, 
	0x65, 0x5E, 0x7C, 0x5E, 0x65, 0x7C, 0x5E, 0x85, 0x7C, 0x01, 0x5E, 0x97, 0x83, 0x95, 0x01, 0x94, 
	0x4C, 0x83, 0x40, 0x06, 0x41, 0x93, 0x96, 0x64, 0x96, 0x90, 0x7A, 0x82, 0x7C, 0x05, 0x29, 0x2C, 
	0x65, 0x5E, 0x7C, 0x7C, 0x80, 0x5E, 0x08, 0x65, 0x5E, 0x5E, 0xAC, 0x5E, 0x33, 0x5E, 0x67, 0x30, 
	0x81, 0x3B, 0x84, 0x49, 0x03, 0x3B, 0x49, 0x3B, 0x49, 0x81, 0x3B, 0x02, 0x49, 0x3B, 0x49, 0x81, 
	0x3B, 0x03, 0x49, 0x3B, 0x49, 0x49, 0x80, 0x43, 0x11, 0x32, 0x32, 0x8A, 0x32, 0x8A, 0x8A, 0x32, 
	0x2B, 0x66, 0x51, 0x7C, 0x8A, 0x9B, 0x9B, 0x3C, 0x99, 0x3C, 0x9B, 0x85, 0x99, 0x83, 0x7B, 0x09, 
	0x70, 0x7B, 0x7D, 0x7E, 0x8D, 0x76, 0x7E, 0x7E, 0x7D, 0x7B, 0x81, 0x70, 0x01, 0x6E, 0x70, 0x0E, 
	0x6D, 0x70, 0x6D, 0x6D, 0x70, 0x6D, 0x6D, 0x70, 0x6D, 0x70, 0x6D, 0x6D, 0x70, 0x6E, 0x6D, 0x80, 
	0x70, 0x1E, 0x6D, 0x70, 0x6D, 0x70, 0x70, 0x6D, 0x6D, 0x70, 0x70, 0x6D, 0x6D, 0x70, 0x6D, 0x70, 
	0x7D, 0x6C, 0x6E, 0x73, 0x74, 0x74, 0x7E, 0x82, 0x74, 0x7E, 0x82, 0x74, 0x7E, 0x82, 0x74, 0x73, 
	0x70, 0x88, 0x6D, 0x03, 0x6C, 0x6D, 0x6C, 0x70, 0x80, 0x6D, 0x0B, 0x70, 0x6D, 0x70, 0x6D, 0x70, 
	0x6E, 0x70, 0x6E, 0x7B, 0x70, 0x7B, 0x70, 0x81, 0x7B, 0x80, 0x99, 0x09, 0x9B, 0x99, 0x8A, 0x8A, 
	0x33, 0x66, 0x29, 0x43, 0x32, 0x32, 0x80, 0x43, 0x81, 0x2B, 0x81, 0x2C, 0x01, 0x51, 0x2C, 0x83, 
	0x51, 0x0C, 0x72, 0x51, 0x72, 0x75, 0xA5, 0xA5, 0x72, 0x2B, 0x2B, 0x33, 0x33, 0x5E, 0x33, 0x80, 
	0x5E, 0x18, 0x7C, 0x5E, 0x7C, 0x6B, 0x3C, 0x6B, 0x35, 0x99, 0x6B, 0x6B, 0x6A, 0x6B, 0x6A, 0x6A, 
	0x9B, 0x6A, 0x6A, 0x6F, 0x6F, 0x6B, 0x2B, 0x9B, 0x6F, 0x6F, 0xA1, 0x80, 0x6F, 0x80, 0x7B, 0x07, 
	0x6F, 0x6F, 0x73, 0x8C, 0x4C, 0x8C, 0x8C, 0x47, 0x81, 0x8C, 0x0C, 0x4C, 0x81, 0x7E, 0x70, 0x6D, 
	0x70, 0x70, 0x6C, 0x70, 0x70, 0x71, 0x6D, 0x70, 0x81, 0x6D, 0x05, 0x6C, 0x7B, 0xA9, 0x95, 0x96, 
	0x96, 0x81, 0x95, 0x02, 0x90, 0x78, 0x41, 0x82, 0x40, 0x1E, 0x41, 0x2F, 0x96, 0x64, 0x5E, 0x6A, 
	0x70, 0x6C, 0x6C, 0x6D, 0x6D, 0x70, 0x36, 0x5E, 0x70, 0x6D, 0x70, 0x6E, 0x71, 0x71, 0x70, 0x70, 
	0x6E, 0x6E, 0x70, 0x7B, 0x6E, 0x6E, 0x7B, 0x5E, 0x48, 0x81, 0x3B, 0x03, 0x49, 0x3B, 0x49, 0x49, 
	0x80, 0x3B, 0x00, 0x49, 0x80, 0x3B, 0x0E, 0x49, 0x5D, 0x49, 0x3B, 0x49, 0x3B, 0x49, 0x3B, 0x3B, 
	0x49, 0x3B, 0x49, 0x3B, 0x30, 0x5E, 0x81, 0x33, 0x01, 0x72, 0x33, 0x80, 0x72, 0x07, 0x2C, 0x0B, 
	0x86, 0x5D, 0x51, 0x75, 0x51, 0x75, 0x85, 0x51, 0x18, 0x2C, 0x86, 0x2C, 0x2C, 0x2A, 0x2C, 0x2A, 
	0x2B, 0x2B, 0x29, 0x2B, 0x2B, 0x2C, 0x29, 0x2B, 0x2C, 0x2B, 0x2B, 0x36, 0x43, 0x36, 0x43, 0x36, 
	0x32, 0x36, 0x00, 0x70, 0x80, 0x6D, 0x03, 0x70, 0x70, 0x6D, 0x6D, 0x81, 0x70, 0x04, 0x6E, 0x71, 
	0x70, 0x6E, 0x70, 0x80, 0x6E, 0x07, 0x70, 0x71, 0x70, 0x6D, 0x6D, 0x70, 0x6C, 0x70, 0x80, 0x6D, 
	0x01, 0x71, 0x92, 0x81, 0x81, 0x02, 0x8C, 0x74, 0x70, 0x81, 0x6E, 0x03, 0x7B, 0x6E, 0x70, 0x6E, 
	0x80, 0x70, 0x01, 0x7B, 0x6E, 0x82, 0x7B, 0x80, 0x99, 0x80, 0x9B, 0x81, 0x8A, 0x01, 0x32, 0x32, 
	0x81, 0x43, 0x03, 0x2B, 0x43, 0x2B, 0x2B, 0x80, 0x2C, 0x81, 0x51, 0x02, 0x72, 0x51, 0x75, 0x80, 
	0x72, 0x02, 0x2A, 0x2C, 0x30, 0x81, 0x33, 0x02, 0x5E, 0x5E, 0x65, 0x82, 0x7C, 0x22, 0x6B, 0x8E, 
	0x6B, 0x8E, 0x6A, 0x6A, 0x8E, 0x6A, 0x9B, 0x6F, 0x6F, 0x99, 0xAA, 0x78, 0xAB, 0x87, 0x70, 0x9A, 
	0x7B, 0x70, 0x7B, 0x70, 0x6E, 0x9A, 0x6E, 0x7B, 0x70, 0x70, 0x6C, 0x8C, 0x81, 0x81, 0x76, 0x6E, 
	0x71, 0x80, 0x6D, 0x81, 0x70, 0x1B, 0x6D, 0x6C, 0x6F, 0x2B, 0x7B, 0x9A, 0x6D, 0x70, 0x6D, 0x9A, 
	0x70, 0x71, 0x71, 0x7E, 0x92, 0x8D, 0x8C, 0x82, 0x7E, 0x8D, 0x76, 0x76, 0x6C, 0x76, 0x76, 0x6C, 
	0x76, 0x76, 0x80, 0x70, 0x00, 0x6D, 0x81, 0x70, 0x81, 0x6D, 0x06, 0x70, 0x6D, 0x6C, 0x6F, 0xA9, 
	0x95, 0x96, 0x84, 0x95, 0x01, 0x94, 0x42, 0x83, 0x40, 0x04, 0x78, 0x96, 0x90, 0x99, 0x6C, 0x82, 
	0x6D, 0x05, 0x70, 0x3C, 0x43, 0x70, 0x6D, 0x70, 0x81, 0x6D, 0x00, 0x70, 0x82, 0x6D, 0x03, 0x6C, 
	0x70, 0x33, 0x49, 0x80, 0x3B, 0x80, 0x49, 0x0B, 0x30, 0x49, 0x3B, 0x49, 0x49, 0x3B, 0x49, 0x48, 
	0x5D, 0x33, 0x6B, 0x30, 0x80, 0x49, 0x80, 0x3B, 0x0A, 0x49, 0x49, 0x3B, 0x5D, 0x8A, 0x6E, 0x70, 
	0x6E, 0x7B, 0x7B, 0x6E, 0x81, 0x7B, 0x04, 0x8A, 0x2A, 0x65, 0x9B, 0x6F, 0x81, 0x6A, 0x01, 0x6B, 
	0x6A, 0x81, 0x6B, 0x07, 0x7C, 0x6B, 0x7C, 0x7C, 0x5E, 0x7C, 0x5E, 0x5E, 0x81, 0x33, 0x04, 0x2C, 
	0x33, 0x33, 0x51, 0x33, 0x86, 0x51, 0x05, 0x6D, 0x6D, 0x6E, 0x6D, 0x6C, 0x70, 0x80, 0x6D, 0x12, 
	0x6C, 0x71, 0x6C, 0x92, 0x76, 0x73, 0x7E, 0x76, 0x84, 0x7E, 0x76, 0x76, 0x7E, 0x7D, 0x7D, 0x9B, 
	0x6B, 0x6A, 0x6E, 0x81, 0x7B, 0x06, 0x99, 0x50, 0x76, 0x78, 0x50, 0x50, 0x78, 0x81, 0x8A, 0x80, 
	0x32, 0x02, 0x43, 0x36, 0x43, 0x82, 0x2B, 0x01, 0x2C, 0x2C, 0x80, 0x51, 0x09, 0x75, 0x75, 0x51, 
	0x75, 0x51, 0x2C, 0x51, 0x2C, 0x2C, 0x30, 0x80, 0x33, 0x00, 0x2C, 0x80, 0x5E, 0x06, 0x65, 0x7C, 
	0x7C, 0x6B, 0x7C, 0x6A, 0x8E, 0x81, 0x6A, 0x80, 0x6F, 0x0F, 0x6B, 0x2B, 0x99, 0x7B, 0x7B, 0x70, 
	0x7B, 0x70, 0x70, 0x7B, 0x9A, 0x70, 0x6E, 0x6C, 0x6D, 0x6C, 0x81, 0x6D, 0x02, 0x70, 0x70, 0x6D, 
	0x80, 0x6C, 0x13, 0x70, 0x6C, 0x74, 0x88, 0x81, 0x76, 0x6E, 0x6D, 0x6C, 0x84, 0x7D, 0x7D, 0x8D, 
	0x6C, 0x76, 0x73, 0x7D, 0x7D, 0x73, 0x7D, 0x80, 0x73, 0x20, 0x92, 0x73, 0x7E, 0x6C, 0x70, 0x70, 
	0x6D, 0x6C, 0x70, 0x6C, 0x6C, 0x6F, 0x2B, 0x70, 0x6C, 0x6D, 0x70, 0x6D, 0x70, 0x6D, 0x6D, 0x6E, 
	0x73, 0x81, 0x8C, 0x74, 0x8C, 0x81, 0x73, 0x6E, 0x70, 0x6D, 0x70, 0x80, 0x6D, 0x80, 0x70, 0x03, 
	0x6D, 0x6D, 0x70, 0x70, 0x80, 0x6D, 0x06, 0x6C, 0x6D, 0x6D, 0x70, 0x6D, 0x7B, 0xA9, 0x80, 0x95, 
	0x03, 0x96, 0x95, 0x95, 0x96, 0x80, 0x95, 0x02, 0x96, 0x78, 0x41, 0x82, 0x40, 0x0D, 0x78, 0x97, 
	0xA9, 0x7B, 0x6D, 0x6D, 0x70, 0x70, 0x6E, 0x70, 0x6D, 0x8A, 0x43, 0x6E, 0x80, 0x6D, 0x12, 0x70, 
	0x6D, 0x70, 0x71, 0x70, 0x6E, 0x6D, 0x6D, 0x70, 0x6D, 0x99, 0x48, 0x49, 0x49, 0x3B, 0x49, 0x49, 
	0x3B, 0x3B, 0x80, 0x49, 0x80, 0x5D, 0x0A, 0x49, 0x33, 0x6A, 0x7B, 0x70, 0x33, 0x49, 0x49, 0x3B, 
	0x3B, 0x49, 0x80, 0x3B, 0x1C, 0x49, 0x5D, 0x9B, 0x70, 0x6D, 0x70, 0x6C, 0x6D, 0x6D, 0x70, 0x6C, 
	0x71, 0x6C, 0x70, 0x15, 0x6B, 0x6C, 0x6C, 0x70, 0x6C, 0x70, 0x70, 0x71, 0x70, 0x71, 0x9A, 0x9A, 
	0x6C, 0x6C, 0x80, 0x70, 0x01, 0x6D, 0x70, 0x80, 0x6E, 0x0A, 0x70, 0x70, 0x6E, 0x6E, 0x7B, 0x7B, 
	0x6E, 0x6F, 0x6E, 0x6F, 0x69, 0x81, 0x6F, 0x01, 0x6A, 0x6A, 0x04, 0x70, 0x70, 0x6E, 0x7B, 0x6E, 
	0x80, 0x7B, 0x07, 0x99, 0x7B, 0x99, 0x9B, 0x79, 0x55, 0x38, 0x55, 0x80, 0x39, 0x07, 0x1B, 0x1B, 
	0x3A, 0x2F, 0x2E, 0x29, 0x2A, 0x51, 0x81, 0x2B, 0x04, 0x2A, 0x2C, 0x86, 0x75, 0x86, 0x80, 0x75, 
	0x02, 0x51, 0x51, 0x75, 0x80, 0x51, 0x1D, 0x72, 0x51, 0x33, 0x33, 0x2C, 0x65, 0x5E, 0x65, 0x7C, 
	0x5E, 0x8A, 0x87, 0x60, 0x78, 0x79, 0x79, 0x50, 0x7E, 0x55, 0x8D, 0x5F, 0xA8, 0x87, 0x6F, 0x7B, 
	0x7B, 0x70, 0x6E, 0x6E, 0x9A, 0x80, 0x70, 0x0F, 0x6C, 0x6D, 0x6D, 0x71, 0x6D, 0x6D, 0x70, 0x70, 
	0x6C, 0x6D, 0x70, 0x6C, 0x6F, 0x2B, 0x70, 0x6C, 0x80, 0x6D, 0x0A, 0x70, 0x6C, 0x6D, 0x6D, 0x70, 
	0x6D, 0x70, 0x6D, 0x6D, 0x70, 0x6D, 0x81, 0x70, 0x07, 0x6C, 0x6D, 0x6D, 0x70, 0x6C, 0x6D, 0x70, 
	0x7D, 0x82, 0x70, 0x05, 0x74, 0x81, 0x81, 0x89, 0x81, 0x89, 0x83, 0x81, 0x11, 0x73, 0x7D, 0x8C, 
	0x81, 0x7E, 0x6E, 0x6D, 0x70, 0x6D, 0x6D, 0x70, 0x6D, 0x6C, 0x9B, 0x2B, 0x78, 0x71, 0x6D, 0x80, 
	0x70, 0x07, 0x6D, 0x6D, 0x6C, 0x70, 0x6D, 0x6D, 0x6E, 0x6E, 0x81, 0x70, 0x09, 0x71, 0x6D, 0x70, 
	0x6D, 0x70, 0x70, 0x6D, 0x6D, 0x6C, 0x6C, 0x80, 0x70, 0x0B, 0x6D, 0x6C, 0x70, 0x6D, 0x70, 0x6D, 
	0x7B, 0x63, 0x64, 0x64, 0x96, 0x96, 0x82, 0x95, 0x80, 0x96, 0x01, 0x94, 0x4C, 0x82, 0x40, 0x17, 
	0x4E, 0x95, 0x90, 0x6F, 0x6D, 0x6D, 0x84, 0x84, 0x76, 0x73, 0x6D, 0x3C, 0x43, 0x6E, 0x6D, 0x6D, 
	0x70, 0x6D, 0x70, 0x76, 0x73, 0x7D, 0x92, 0x6C, 0x80, 0x6D, 0x06, 0x6F, 0x49, 0x49, 0x3B, 0x49, 
	0x3B, 0x49, 0x80, 0x3B, 0x18, 0x30, 0x5E, 0x34, 0x8A, 0xA0, 0x6F, 0x6E, 0x6C, 0x6C, 0x6D, 0x6B, 
	0x5D, 0x49, 0x49, 0x3B, 0x49, 0x49, 0x3B, 0x49, 0x3B, 0x5D, 0x9B, 0x70, 0x6D, 0x70, 0x80, 0x6D, 
	0x10, 0x70, 0x6D, 0x6D, 0x6C, 0x70, 0x36, 0x6B, 0x71, 0x6C, 0x70, 0x70, 0x73, 0x76, 0x84, 0x73, 
	0x6C, 0x70, 0x83, 0x6D, 0x07, 0x70, 0x76, 0x73, 0x7D, 0x8D, 0x7D, 0x6D, 0x6C, 0x81, 0x6D, 0x09, 
	0x70, 0x6C, 0x9A, 0x70, 0x6E, 0x71, 0x71, 0x9A, 0x6D, 0x6D, 0x02, 0x36, 0x15, 0x36, 0x80, 0x15, 
	0x02, 0x2B, 0x2A, 0x15, 0x80, 0x2A, 0x04, 0xA4, 0x86, 0x86, 0x75, 0x86, 0x83, 0x75, 0x12, 0xA5, 
	0x2A, 0x0B, 0x72, 0x30, 0x33, 0x33, 0x5E, 0x5E, 0x7C, 0x5E, 0x7C, 0x7C, 0x7A, 0x6B, 0x6A, 0x7A, 
	0x9B, 0x6A, 0x80, 0x6F, 0x05, 0x7B, 0x69, 0x7B, 0x7B, 0x6E, 0x6E, 0x80, 0x70, 0x12, 0x9A, 0x6C, 
	0x76, 0x76, 0x6C, 0xA3, 0xA6, 0x7D, 0x76, 0x76, 0x7E, 0x7E, 0x82, 0x8C, 0x73, 0x7E, 0x73, 0x70, 
	0x6D, 0x80, 0x70, 0x00, 0x6D, 0x81, 0x70, 0x01, 0x6D, 0x6D, 0x83, 0x70, 0x10, 0x6C, 0x9B, 0x2B, 
	0x70, 0x6C, 0x6D, 0x6D, 0x70, 0x70, 0x6D, 0x70, 0x70, 0x6D, 0x70, 0x70, 0x6D, 0x70, 0x80, 0x6D, 
	0x03, 0x70, 0x70, 0x6D, 0x6D, 0x81, 0x70, 0x40, 0x6D, 0x71, 0x70, 0x70, 0x6D, 0x70, 0x70, 0x6D, 
	0x6D, 0x76, 0x7D, 0x6C, 0x76, 0x7D, 0x6C, 0x76, 0x76, 0x7E, 0x7E, 0x82, 0x74, 0x73, 0x7E, 0x73, 
	0x69, 0x6D, 0x6D, 0x70, 0x6D, 0x71, 0x70, 0x70, 0x6D, 0x9B, 0x2B, 0x7B, 0x6D, 0x70, 0x70, 0x71, 
	0x70, 0x70, 0x6C, 0x6E, 0x6C, 0x70, 0x6D, 0x6D, 0x71, 0x6D, 0x70, 0x6D, 0x70, 0x6E, 0x6D, 0x70, 
	0x6D, 0x70, 0x6D, 0x70, 0x6D, 0x70, 0x6D, 0x70, 0x70, 0x80, 0x6D, 0x08, 0x6C, 0x6D, 0x70, 0x71, 
	0x78, 0x1F, 0x22, 0x1F, 0x5E, 0x82, 0x95, 0x00, 0x96, 0x80, 0x95, 0x01, 0x90, 0x50, 0x82, 0x40, 
	0x1E, 0x78, 0x96, 0x97, 0x6F, 0x6D, 0x70, 0x7E, 0x81, 0x89, 0x92, 0x6E, 0x3C, 0x5E, 0x70, 0x70, 
	0x6C, 0x6D, 0x6E, 0x6E, 0x76, 0x81, 0x89, 0x83, 0x6C, 0x6D, 0x70, 0x6D, 0x7B, 0x30, 0x49, 0x3B, 
	0x81, 0x49, 0x05, 0x3B, 0x3B, 0x49, 0x33, 0x35, 0x7D, 0x81, 0x6D, 0x08, 0x70, 0x6D, 0x6A, 0x5D, 
	0x3B, 0x49, 0x3B, 0x3B, 0x49, 0x80, 0x3B, 0x04, 0x5D, 0x8A, 0x6C, 0x6D, 0x70, 0x80, 0x6D, 0x1D, 
	0x6C, 0x70, 0x6D, 0x6D, 0x70, 0x15, 0x6B, 0x71, 0x70, 0x6D, 0x6E, 0x7E, 0x81, 0x81, 0x7E, 0x6E, 
	0x6D, 0x70, 0x6E, 0x6D, 0x71, 0x70, 0x6E, 0x6E, 0x76, 0x77, 0x89, 0x74, 0x6D, 0x6D, 0x80, 0x70, 
	0x00, 0x6C, 0x80, 0x6D, 0x07, 0x70, 0x8D, 0x73, 0x8D, 0xA7, 0x70, 0x6D, 0x70, 0x83, 0x51, 0x0C, 
	0x2C, 0x33, 0x51, 0x33, 0x33, 0x5E, 0x33, 0x7C, 0x5E, 0x7C, 0x7C, 0x6B, 0x7A, 0x81, 0x6A, 0x09, 
	0x9B, 0x32, 0x86, 0x7C, 0x9A, 0x9A, 0x70, 0x9A, 0x7B, 0x70, 0x80, 0x6D, 0x0D, 0x70, 0x6C, 0x70, 
	0x6D, 0x71, 0x6C, 0x6D, 0x70, 0x6C, 0x71, 0x6C, 0x6C, 0x6D, 0x6D, 0x81, 0x70, 0x28, 0x6C, 0x70, 
	0x6D, 0x70, 0x6D, 0x70, 0x6E, 0x6D, 0x70, 0x70, 0x7E, 0x81, 0x8C, 0x98, 0x81, 0x8C, 0xA3, 0x6E, 
	0x6D, 0x70, 0x6D, 0x70, 0x6C, 0x70, 0x6C, 0x70, 0x6E, 0x6C, 0x70, 0x6E, 0x6C, 0x70, 0x70, 0x7D, 
	0x6E, 0x70, 0x6F, 0x2B, 0x78, 0x9A, 0x70, 0x80, 0x6D, 0x0A, 0x70, 0x6D, 0x6D, 0x70, 0x70, 0x6D, 
	0x70, 0x6D, 0x6D, 0x70, 0x70, 0x82, 0x6D, 0x00, 0x70, 0x80, 0x6D, 0x07, 0x70, 0x6D, 0x6D, 0x70, 
	0x6D, 0x70, 0x70, 0x6D, 0x84, 0x70, 0x07, 0x6E, 0x7E, 0x77, 0x8C, 0x83, 0x81, 0x74, 0x76, 0x80, 
	0x6D, 0x18, 0x6C, 0x6D, 0x6D, 0x70, 0x6C, 0x70, 0x6A, 0x2B, 0x7B, 0x70, 0x6C, 0x70, 0x6E, 0x7D, 
	0x6E, 0x6E, 0x6C, 0x6C, 0x6D, 0x70, 0x70, 0x6D, 0x6D, 0x6E, 0x6D, 0x81, 0x70, 0x00, 0x6E, 0x82, 
	0x6D, 0x0A, 0x70, 0x6D, 0x70, 0x6D, 0x6D, 0x71, 0x70, 0x6E, 0x6D, 0x78, 0x10, 0x80, 0x5A, 0x0C, 
	0x17, 0x64, 0x95, 0x96, 0x96, 0x64, 0x91, 0x95, 0x96, 0x95, 0x95, 0x9D, 0x56, 0x81, 0x40, 0x16, 
	0x78, 0x95, 0x95, 0x7A, 0x6D, 0x70, 0x6D, 0x6C, 0x6C, 0x70, 0x6D, 0x3C, 0x2B, 0x6E, 0x70, 0x70, 
	0x7E, 0x7E, 0x74, 0x7E, 0x70, 0x7D, 0x70, 0x80, 0x6D, 0x01, 0x6C, 0x7B, 0x81, 0x3B, 0x22, 0x49, 
	0x3B, 0x3B, 0x49, 0x49, 0x48, 0x9B, 0x6C, 0x71, 0x6D, 0x70, 0x6D, 0x70, 0x6D, 0x6D, 0x7B, 0x30, 
	0x3B, 0x3B, 0x49, 0x3B, 0x49, 0x3B, 0x3B, 0x49, 0x5D, 0x9B, 0x70, 0x70, 0x6D, 0x70, 0x70, 0x6D, 
	0x70, 0x6D, 0x80, 0x70, 0x27, 0x36, 0x7C, 0x6C, 0x6C, 0x6D, 0x70, 0x70, 0x6C, 0x7D, 0x6E, 0x70, 
	0x70, 0x6D, 0x70, 0x6D, 0x70, 0x7E, 0x82, 0x82, 0x7E, 0x6D, 0x7D, 0x6E, 0x70, 0x6D, 0x70, 0x70, 
	0x6D, 0x70, 0x6D, 0x70, 0x6D, 0x70, 0x73, 0x81, 0x81, 0x73, 0x6D, 0x6E, 0x70, 0x09, 0x6B, 0x6A, 
	0xA0, 0x6A, 0xA1, 0x6A, 0x6F, 0x6F, 0x6E, 0x6E, 0x81, 0x70, 0x00, 0x9A, 0x80, 0x6C, 0x00, 0x9A, 
	0x80, 0x70, 0x0B, 0x6C, 0x6C, 0x99, 0x2C, 0x6F, 0x6D, 0x70, 0x70, 0x9A, 0x6C, 0x70, 0x70, 0x82, 
	0x6D, 0x0C, 0x6C, 0x6D, 0x70, 0x70, 0x6D, 0x6D, 0x70, 0x6D, 0x70, 0x70, 0x6C, 0x6D, 0x6C, 0x80, 
	0x70, 0x01, 0x6D, 0x6D, 0x80, 0x70, 0x80, 0x6D, 0x07, 0x70, 0x6E, 0x70, 0x70, 0x6E, 0x6D, 0x71, 
	0x6E, 0x83, 0x6D, 0x1A, 0x70, 0x8D, 0x8C, 0x74, 0x89, 0x8C, 0x74, 0x89, 0x8C, 0x74, 0x81, 0x8C, 
	0x74, 0x79, 0x2B, 0x6E, 0x71, 0x6D, 0x6D, 0x70, 0x70, 0x6D, 0x6D, 0x70, 0x6C, 0x70, 0x6C, 0x80, 
	0x70, 0x0A, 0x71, 0x6D, 0x6E, 0x6D, 0x6E, 0x6D, 0x70, 0x6D, 0x70, 0x6D, 0x6D, 0x80, 0x70, 0x04, 
	0x6D, 0x70, 0x6D, 0x70, 0x6D, 0x82, 0x70, 0x09, 0x6D, 0x70, 0x70, 0x6E, 0x6D, 0x6D, 0x6E, 0x70, 
	0x6D, 0x70, 0x81, 0x6D, 0x0C, 0x70, 0x6C, 0x6E, 0x7E, 0x74, 0x87, 0x16, 0x55, 0x74, 0x89, 0x77, 
	0x74, 0x89, 0x80, 0x74, 0x02, 0x6D, 0x70, 0x70, 0x82, 0x6D, 0x14, 0x70, 0x6D, 0x7D, 0x6D, 0x6C, 
	0x7D, 0x6D, 0x6D, 0x70, 0x6D, 0x70, 0x6D, 0x6D, 0x70, 0x70, 0x7D, 0x70, 0x6D, 0x78, 0x10, 0x5A, 
	0x80, 0x59, 0x06, 0x57, 0xA2, 0x96, 0x96, 0x9D, 0x6B, 0x64, 0x81, 0x95, 0x01, 0x97, 0x55, 0x80, 
	0x40, 0x07, 0x41, 0x93, 0x95, 0x95, 0x8F, 0x6C, 0x6D, 0x70, 0x81, 0x6D, 0x0B, 0x8A, 0x2B, 0x6E, 
	0x70, 0x70, 0x73, 0x74, 0x74, 0x76, 0x71, 0x70, 0x70, 0x81, 0x6D, 0x0C, 0x9B, 0x5D, 0x3B, 0x49, 
	0x3B, 0x3B, 0x49, 0x3B, 0x49, 0x5D, 0x7C, 0x6C, 0x6C, 0x80, 0x6D, 0x13, 0x70, 0x6D, 0x70, 0x6C, 
	0x70, 0x5E, 0x48, 0x3B, 0x49, 0x3B, 0x49, 0x3B, 0x3B, 0x49, 0x5D, 0x6B, 0x6D, 0x70, 0x70, 0x6D, 
	0x80, 0x70, 0x0C, 0x6D, 0x71, 0x6C, 0x70, 0x16, 0x7C, 0x70, 0x70, 0x6C, 0x70, 0x6D, 0x6E, 0x70, 
	0x83, 0x6D, 0x0C, 0x70, 0x76, 0x74, 0x8C, 0x76, 0x70, 0x70, 0x6D, 0x6D, 0x70, 0x70, 0x6D, 0x70, 
	0x84, 0x6D, 0x04, 0x71, 0x76, 0x8B, 0x83, 0x81, 0x13, 0x6C, 0x70, 0x6C, 0x6D, 0x70, 0x6D, 0x9A, 
	0x70, 0x9A, 0x6C, 0x6C, 0x9A, 0x70, 0x6D, 0x70, 0x70, 0x6D, 0x70, 0x6C, 0x6D, 0x80, 0x70, 0x03, 
	0x6D, 0x78, 0x2C, 0x6F, 0x80, 0x6C, 0x01, 0x70, 0x70, 0x81, 0x6D, 0x80, 0x70, 0x01, 0x71, 0x70, 
	0x80, 0x6D, 0x0C, 0x70, 0x70, 0x6C, 0x70, 0x6C, 0x70, 0x70, 0x6D, 0x6C, 0x70, 0x70, 0x6D, 0x6D, 
	0x81, 0x70, 0x05, 0x6D, 0x70, 0x70, 0x6D, 0x6D, 0x71, 0x85, 0x6D, 0x80, 0x70, 0x06, 0x7D, 0x7E, 
	0x7E, 0x73, 0x7E, 0x82, 0x73, 0x80, 0x7E, 0x0E, 0x82, 0x83, 0x87, 0x2B, 0x87, 0x84, 0x6D, 0x70, 
	0x6D, 0x6D, 0x6C, 0x70, 0x70, 0x6C, 0x70, 0x80, 0x6D, 0x0C, 0x7D, 0x6E, 0x6C, 0x76, 0x70, 0x6C, 
	0x76, 0x70, 0x6C, 0x7D, 0x70, 0x6C, 0x7D, 0x83, 0x6D, 0x02, 0x70, 0x70, 0x6C, 0x84, 0x6D, 0x08, 
	0x70, 0x6D, 0x6D, 0x70, 0x70, 0x6D, 0x6D, 0x70, 0x70, 0x80, 0x6D, 0x34, 0x6E, 0x7D, 0x7E, 0x87, 
	0x2A, 0x8D, 0x82, 0x73, 0x8D, 0x82, 0x7E, 0x83, 0x83, 0x82, 0x7D, 0x6C, 0x84, 0x6D, 0x6D, 0x70, 
	0x6D, 0x70, 0x70, 0x6C, 0x8C, 0x81, 0x81, 0x84, 0x6E, 0x6D, 0x6E, 0x6C, 0x6D, 0x70, 0x6D, 0x6D, 
	0x70, 0x82, 0x81, 0x55, 0x9E, 0x58, 0x5C, 0x58, 0x59, 0x58, 0x5A, 0x9F, 0x90, 0x9C, 0x70, 0x6F, 
	0x96, 0x81, 0x95, 0x01, 0x90, 0x78, 0x80, 0x40, 0x05, 0x3F, 0x8F, 0x96, 0x96, 0x9D, 0x70, 0x83, 
	0x6D, 0x04, 0x3C, 0x2C, 0x6E, 0x6D, 0x70, 0x80, 0x6E, 0x03, 0x70, 0x6D, 0x6D, 0x70, 0x80, 0x6D, 
	0x02, 0x70, 0x7C, 0x5D, 0x80, 0x3B, 0x06, 0x49, 0x3B, 0x49, 0x49, 0x3B, 0x7B, 0x6C, 0x80, 0x6D, 
	0x01, 0x70, 0x70, 0x80, 0x6D, 0x02, 0x70, 0x6B, 0x5D, 0x82, 0x3B, 0x05, 0x49, 0x3B, 0x5D, 0x8A, 
	0x71, 0x6D, 0x80, 0x70, 0x80, 0x6D, 0x08, 0x70, 0x6C, 0x70, 0x36, 0x43, 0x70, 0x6C, 0x70, 0x70, 
	0x81, 0x6D, 0x80, 0x70, 0x81, 0x6D, 0x16, 0x6E, 0x6E, 0x70, 0x6D, 0x70, 0x70, 0x6D, 0x70, 0x6D, 
	0x70, 0x6D, 0x70, 0x70, 0x6C, 0x70, 0x6D, 0x6C, 0x70, 0x70, 0x6D, 0x73, 0x82, 0x73, 0x1D, 0x6D, 
	0x70, 0x6D, 0x70, 0x6D, 0x6D, 0x70, 0x6D, 0x70, 0x6D, 0x70, 0x70, 0x6D, 0x6D, 0x70, 0x6D, 0x6D, 
	0x71, 0x6D, 0x6E, 0x6D, 0x70, 0x6D, 0x6D, 0x99, 0x2C, 0x99, 0x70, 0x70, 0x6C, 0x82, 0x70, 0x07, 
	0x71, 0x6D, 0x6D, 0x70, 0x70, 0x6C, 0x6D, 0x70, 0x80, 0x6D, 0x0E, 0x70, 0x70, 0x6C, 0x6D, 0x70, 
	0x70, 0x6C, 0x70, 0x6C, 0x70, 0x6D, 0x6D, 0x70, 0x6D, 0x70, 0x83, 0x6D, 0x0B, 0x6C, 0x6D, 0x6D, 
	0x70, 0x6D, 0x6E, 0x6D, 0x6D, 0x70, 0x70, 0x6E, 0x70, 0x85, 0x6E, 0x0B, 0x73, 0x81, 0x81, 0x79, 
	0x16, 0x8C, 0x74, 0x70, 0x70, 0x6D, 0x70, 0x70, 0x80, 0x6D, 0x19, 0x70, 0x6C, 0x70, 0x70, 0x74, 
	0x81, 0x81, 0x89, 0x8C, 0x81, 0x89, 0x8C, 0x81, 0x89, 0x8C, 0x81, 0x73, 0x6E, 0x71, 0x70, 0x70, 
	0x6D, 0x6D, 0x70, 0x6D, 0x6D, 0x82, 0x70, 0x00, 0x6D, 0x80, 0x70, 0x81, 0x6D, 0x80, 0x70, 0x01, 
	0x6D, 0x70, 0x80, 0x6D, 0x08, 0x6E, 0x6B, 0x2B, 0x7B, 0x6E, 0x69, 0x6E, 0x69, 0x7E, 0x80, 0x89, 
	0x02, 0x81, 0x89, 0x83, 0x80, 0x6D, 0x00, 0x70, 0x80, 0x6D, 0x10, 0x7D, 0x92, 0x76, 0x73, 0x84, 
	0x76, 0x73, 0x6E, 0x6D, 0x70, 0x6D, 0x6D, 0x70, 0x6C, 0x79, 0x10, 0x59, 0x82, 0x58, 0x08, 0x5A, 
	0x0F, 0x9C, 0x9A, 0x70, 0x7A, 0x96, 0x95, 0x96, 0x80, 0x95, 0x19, 0x97, 0x4D, 0x40, 0x40, 0x4D, 
	0x94, 0x95, 0x95, 0x9D, 0x6E, 0x6C, 0x6D, 0x6D, 0x70, 0x6D, 0x6D, 0x3C, 0x2C, 0x6E, 0x6C, 0x70, 
	0x6C, 0x6D, 0x6C, 0x70, 0x70, 0x80, 0x6D, 0x0E, 0x70, 0x6D, 0x7B, 0x33, 0x48, 0x49, 0x3B, 0x3B, 
	0x49, 0x3B, 0x3B, 0x48, 0x7C, 0x70, 0x6C, 0x80, 0x70, 0x11, 0x6D, 0x6D, 0x70, 0x71, 0x6C, 0x6C, 
	0x9B, 0x5D, 0x49, 0x49, 0x3B, 0x49, 0x49, 0x3B, 0x3B, 0x5D, 0x6B, 0x6C, 0x80, 0x6D, 0x15, 0x71, 
	0x6D, 0x70, 0x6D, 0x6C, 0x6C, 0x7B, 0x36, 0x7C, 0x70, 0x70, 0x6C, 0x6D, 0x70, 0x6D, 0x6D, 0x70, 
	0x71, 0x70, 0x6D, 0x70, 0x70, 0x82, 0x6D, 0x80, 0x70, 0x80, 0x6D, 0x0D, 0x70, 0x70, 0x6D, 0x6D, 
	0x70, 0x6D, 0x71, 0x6D, 0x70, 0x70, 0x6D, 0x71, 0x6E, 0x71, 0x09, 0x70, 0x6D, 0x6D, 0x70, 0x6D, 
	0x70, 0x70, 0x71, 0x70, 0x70, 0x80, 0x6D, 0x0D, 0x6C, 0x70, 0x70, 0x6D, 0x70, 0x7D, 0x84, 0x6C, 
	0x76, 0x7D, 0x6D, 0x78, 0x2C, 0x9B, 0x80, 0x6D, 0x07, 0x70, 0x6D, 0x84, 0x6C, 0x7D, 0x76, 0x70, 
	0x6D, 0x80, 0x70, 0x02, 0x6C, 0x70, 0x6D, 0x81, 0x70, 0x0A, 0x6D, 0x6D, 0x70, 0x70, 0x6D, 0x70, 
	0x6D, 0x70, 0x6C, 0x6D, 0x70, 0x80, 0x6D, 0x05, 0x6C, 0x6D, 0x6D, 0x70, 0x6D, 0x70, 0x80, 0x6D, 
	0x08, 0x70, 0x6D, 0x6D, 0x70, 0x70, 0x6D, 0x70, 0x6D, 0x70, 0x83, 0x6D, 0x0B, 0x70, 0x6D, 0x76, 
	0x76, 0x9B, 0x36, 0x87, 0x6C, 0x70, 0x70, 0x6D, 0x70, 0x81, 0x6D, 0x17, 0x70, 0x6E, 0x6D, 0x6C, 
	0x7D, 0x8D, 0x73, 0x7D, 0x73, 0x73, 0x7D, 0x92, 0x73, 0x8D, 0x7E, 0x82, 0x82, 0x76, 0x84, 0x73, 
	0x6E, 0x71, 0x6D, 0x71, 0x81, 0x70, 0x0B, 0x6D, 0x6D, 0x70, 0x6D, 0x70, 0x70, 0x6D, 0x70, 0x6D, 
	0x6D, 0x71, 0x6D, 0x80, 0x70, 0x81, 0x6D, 0x0D, 0x6C, 0x6B, 0x43, 0x7B, 0x84, 0x82, 0x73, 0x7E, 
	0x7D, 0x76, 0x84, 0x6D, 0x76, 0x76, 0x80, 0x6D, 0x00, 0x70, 0x82, 0x6D, 0x07, 0x6E, 0x6E, 0x7E, 
	0x89, 0x81, 0x7E, 0x6E, 0x6C, 0x80, 0x70, 0x04, 0x71, 0x78, 0x18, 0x59, 0x59, 0x80, 0x58, 0x38, 
	0x59, 0x5A, 0x03, 0x3C, 0x6E, 0x6C, 0x70, 0x7A, 0x95, 0x95, 0x96, 0x95, 0x95, 0x96, 0x97, 0x55, 
	0x40, 0x40, 0x3E, 0x94, 0x95, 0x95, 0x90, 0x99, 0x71, 0x6C, 0x70, 0x70, 0x6D, 0x6D, 0x3C, 0x2C, 
	0x69, 0x6C, 0x70, 0x6D, 0x70, 0x6D, 0x70, 0x6D, 0x6D, 0x70, 0x6D, 0x70, 0x6C, 0x6F, 0x5D, 0x3B, 
	0x3B, 0x49, 0x49, 0x3B, 0x49, 0x3B, 0x48, 0x99, 0x6C, 0x80, 0x70, 0x07, 0x6D, 0x70, 0x6D, 0x6C, 
	0x6D, 0x6D, 0x6C, 0x7B, 0x80, 0x49, 0x09, 0x3B, 0x3B, 0x49, 0x3B, 0x49, 0x5D, 0x6B, 0x6C, 0x71, 
	0x6D, 0x81, 0x70, 0x08, 0x71, 0x6D, 0x6D, 0x70, 0x36, 0x5E, 0x70, 0x70, 0x6C, 0x80, 0x70, 0x1F, 
	0x6D, 0x70, 0x6D, 0x70, 0x70, 0x6D, 0x71, 0x6D, 0x70, 0x6D, 0x70, 0x70, 0x6D, 0x70, 0x6D, 0x70, 
	0x6D, 0x70, 0x70, 0x6D, 0x6D, 0x70, 0x6D, 0x6D, 0x6C, 0x6D, 0x6D, 0x6C, 0x6D, 0x70, 0x6D, 0x70, 
	0x08, 0x6D, 0x6D, 0x70, 0x70, 0x6C, 0x73, 0x76, 0x84, 0x76, 0x81, 0x70, 0x0F, 0x6D, 0x70, 0x6D, 
	0x71, 0x70, 0x7D, 0x81, 0x81, 0x8C, 0x7D, 0x6E, 0x7B, 0x2C, 0x9B, 0x6D, 0x6D, 0x80, 0x70, 0x10, 
	0x74, 0x89, 0x81, 0x73, 0x70, 0x70, 0x6D, 0x70, 0x6D, 0x6D, 0x70, 0x6C, 0x70, 0x6E, 0x6D, 0x6C, 
	0x6D, 0x81, 0x70, 0x02, 0x6D, 0x70, 0x70, 0x81, 0x6D, 0x06, 0x6C, 0x70, 0x70, 0x6D, 0x6D, 0x71, 
	0x70, 0x82, 0x6D, 0x04, 0x70, 0x6D, 0x70, 0x6D, 0x6D, 0x80, 0x70, 0x01, 0x6D, 0x6D, 0x81, 0x70, 
	0x19, 0x6D, 0x6D, 0x6E, 0x70, 0x6B, 0x2B, 0x7B, 0x6C, 0x70, 0x70, 0x6D, 0x6C, 0x70, 0x70, 0x6D, 
	0x70, 0x6D, 0x70, 0x6D, 0x6D, 0x70, 0x6E, 0x70, 0x6D, 0x6E, 0x6D, 0x80, 0x6E, 0x09, 0x82, 0x81, 
	0x81, 0x8C, 0x81, 0x81, 0x73, 0x6E, 0x6D, 0x6D, 0x80, 0x70, 0x82, 0x6D, 0x00, 0x70, 0x8C, 0x6D, 
	0x11, 0x6C, 0x6B, 0x15, 0x70, 0x7D, 0x74, 0x8C, 0x74, 0x7D, 0x6E, 0x6D, 0x70, 0x6E, 0x6D, 0x6C, 
	0x6D, 0x6D, 0x6C, 0x84, 0x6D, 0x03, 0x70, 0x6C, 0x7D, 0x6E, 0x80, 0x6D, 0x13, 0x6C, 0x6D, 0x99, 
	0x03, 0x59, 0x59, 0x58, 0x58, 0x5C, 0x58, 0x5A, 0x0E, 0x99, 0x70, 0x6E, 0x70, 0x70, 0x8F, 0x95, 
	0x96, 0x81, 0x95, 0x19, 0x96, 0x78, 0x40, 0x40, 0x52, 0x97, 0x95, 0x95, 0x90, 0x9B, 0x71, 0x70, 
	0x6E, 0x70, 0x70, 0x6E, 0x93, 0x2C, 0x69, 0x71, 0x70, 0x6E, 0x70, 0x70, 0x6D, 0x6D, 0x80, 0x70, 
	0x04, 0x6D, 0x6D, 0x6B, 0x5D, 0x49, 0x80, 0x3B, 0x03, 0x49, 0x3B, 0x48, 0x7C, 0x81, 0x70, 0x2E, 
	0x6D, 0x70, 0x70, 0x6D, 0x6D, 0x70, 0x6D, 0x9A, 0x6E, 0x33, 0x49, 0x49, 0x3B, 0x49, 0x3B, 0x49, 
	0x3B, 0x5D, 0x7C, 0x6C, 0x6D, 0x70, 0x6C, 0x6D, 0x6D, 0x70, 0x70, 0x6D, 0x70, 0x70, 0x36, 0x2B, 
	0x9A, 0x70, 0x70, 0x71, 0x71, 0x6E, 0x6E, 0x6D, 0x6E, 0x6E, 0x70, 0x71, 0x6E, 0x70, 0x6E, 0x80, 
	0x6D, 0x00, 0x70, 0x80, 0x6D, 0x03, 0x70, 0x70, 0x6D, 0x71, 0x81, 0x6D, 0x80, 0x70, 0x04, 0x6D, 
	0x70, 0x6C, 0x70, 0x70, 0x2C, 0x6D, 0x6D, 0x6E, 0x6E, 0x71, 0x82, 0x89, 0x81, 0x73, 0x6E, 0x6D, 
	0x70, 0x70, 0x6D, 0x70, 0x6C, 0x6D, 0x70, 0x6D, 0x7D, 0x76, 0x7D, 0x7E, 0x73, 0x50, 0x2B, 0x6A, 
	0x6D, 0x70, 0x6C, 0x6D, 0x70, 0x6D, 0x76, 0x76, 0x6D, 0x70, 0x6D, 0x70, 0x6C, 0x6D, 0x6C, 0x70, 
	0x6D, 0x6C, 0x83, 0x70, 0x00, 0x6D, 0x80, 0x70, 0x02, 0x6C, 0x6D, 0x70, 0x80, 0x6D, 0x00, 0x70, 
	0x81, 0x6D, 0x01, 0x70, 0x6D, 0x80, 0x70, 0x05, 0x6D, 0x6D, 0x70, 0x6D, 0x6D, 0x70, 0x81, 0x6D, 
	0x0E, 0x70, 0x70, 0x6D, 0x70, 0x70, 0x6D, 0x6D, 0x70, 0x6D, 0x6B, 0x36, 0x70, 0x70, 0x6C, 0x6D, 
	0x81, 0x70, 0x07, 0x6D, 0x70, 0x6D, 0x70, 0x6D, 0x6D, 0x71, 0x70, 0x80, 0x6D, 0x09, 0x6C, 0x84, 
	0x76, 0x76, 0x73, 0x7D, 0x7D, 0x6D, 0x7D, 0x6C, 0x85, 0x6D, 0x03, 0x70, 0x70, 0x71, 0x70, 0x83, 
	0x6E, 0x01, 0x69, 0x7B, 0x80, 0x69, 0x0E, 0x6F, 0x69, 0x6F, 0x69, 0x6F, 0x6F, 0x7C, 0x2B, 0x9B, 
	0x6F, 0x6A, 0x69, 0x6A, 0x6A, 0x69, 0x82, 0x6F, 0x02, 0x6A, 0x6F, 0x69, 0x81, 0x6F, 0x1B, 0x69, 
	0x6F, 0x69, 0x6F, 0x69, 0x6F, 0x69, 0x69, 0x7B, 0x6E, 0x6E, 0x99, 0x0E, 0x59, 0x58, 0x5C, 0x58, 
	0x59, 0x59, 0x5C, 0x0C, 0x7B, 0x6E, 0x70, 0x50, 0x78, 0x9B, 0x64, 0x81, 0x95, 0x21, 0x96, 0x95, 
	0x95, 0x8F, 0x56, 0x40, 0x50, 0x97, 0x95, 0x95, 0x90, 0x99, 0x84, 0x76, 0x7E, 0x84, 0x76, 0x7E, 
	0x60, 0x2C, 0x8D, 0x76, 0x76, 0x73, 0x6C, 0x6D, 0x6D, 0x70, 0x71, 0x6D, 0x6D, 0x71, 0x70, 0x33, 
	0x80, 0x49, 0x06, 0x3B, 0x49, 0x3B, 0x3B, 0x5D, 0x9B, 0x6D, 0x81, 0x70, 0x11, 0x6D, 0x6D, 0x71, 
	0x6D, 0x70, 0x70, 0x6D, 0x70, 0x65, 0x48, 0x49, 0x3B, 0x49, 0x49, 0x3B, 0x49, 0x5D, 0x6B, 0x80, 
	0x6C, 0x25, 0x6D, 0x6D, 0x70, 0x6D, 0x70, 0x6D, 0x70, 0x70, 0x36, 0x65, 0x70, 0x70, 0x76, 0x73, 
	0x76, 0x7E, 0x73, 0x76, 0x7E, 0x76, 0x76, 0x7E, 0x76, 0x76, 0x73, 0x6C, 0x6C, 0x6D, 0x6D, 0x70, 
	0x70, 0x6D, 0x6D, 0x70, 0x6D, 0x70, 0x70, 0x6D, 0x80, 0x70, 0x03, 0x6D, 0x70, 0x6D, 0x6D, 0x80, 
	0x70, 0x07, 0x71, 0x73, 0x74, 0x8D, 0x98, 0x7D, 0x6C, 0x6C, 0x80, 0x70, 0x1B, 0x6D, 0x6D, 0x70, 
	0x70, 0x6D, 0x70, 0x70, 0x6D, 0x70, 0x6E, 0x70, 0x92, 0x81, 0x55, 0x29, 0x6A, 0x70, 0x6D, 0x70, 
	0x6C, 0x70, 0x6C, 0x70, 0x70, 0x6D, 0x6D, 0x70, 0x6D, 0x80, 0x70, 0x07, 0x6D, 0x6C, 0x6D, 0x70, 
	0x6D, 0x70, 0x70, 0x6C, 0x80, 0x6D, 0x03, 0x70, 0x70, 0x6D, 0x70, 0x80, 0x6D, 0x17, 0x70, 0x70, 
	0x6D, 0x70, 0x6C, 0x70, 0x6D, 0x6D, 0x6E, 0x6E, 0x6D, 0x6D, 0x70, 0x6D, 0x70, 0x6D, 0x70, 0x70, 
	0x6D, 0x70, 0x6C, 0x71, 0x6E, 0x6E, 0x83, 0x6D, 0x1B, 0x6B, 0x43, 0x7B, 0x6C, 0x6C, 0x6D, 0x6D, 
	0x6C, 0x6D, 0x6C, 0x6D, 0x6C, 0x6C, 0x6D, 0x6D, 0x6C, 0x6D, 0x70, 0x6E, 0x70, 0x6E, 0x7B, 0x92, 
	0x8C, 0x81, 0x73, 0x6A, 0x6F, 0x80, 0x6A, 0x04, 0x7A, 0x6A, 0x16, 0x6B, 0x6A, 0x82, 0x6B, 0x21, 
	0x43, 0x32, 0x36, 0x36, 0x29, 0x36, 0x16, 0x0D, 0x37, 0x0D, 0x37, 0x05, 0x0A, 0x20, 0x0A, 0x0A, 
	0x0D, 0x0D, 0x13, 0x2C, 0x0B, 0x0A, 0x0A, 0x85, 0x0A, 0x85, 0x12, 0x12, 0x11, 0x11, 0x13, 0x23, 
	0x13, 0x23, 0x83, 0x13, 0x0E, 0x37, 0x11, 0x37, 0x13, 0x13, 0x37, 0x05, 0x2E, 0x37, 0x36, 0x2B, 
	0x17, 0x5A, 0x59, 0x58, 0x80, 0x59, 0x09, 0x5C, 0x19, 0x7C, 0x6B, 0x78, 0x78, 0x41, 0x3F, 0x3A, 
	0x97, 0x84, 0x95, 0x0B, 0x97, 0x47, 0x40, 0x78, 0x90, 0x95, 0x95, 0x97, 0x8A, 0x81, 0x89, 0x8C, 
	0x80, 0x81, 0x0E, 0x39, 0x2C, 0x55, 0x81, 0x89, 0x82, 0x71, 0x6E, 0x6C, 0x6D, 0x6D, 0x70, 0x6C, 
	0x6D, 0x99, 0x81, 0x49, 0x14, 0x3B, 0x3B, 0x49, 0x48, 0x33, 0x70, 0x6D, 0x6C, 0x70, 0x6E, 0x6C, 
	0x70, 0x6E, 0x6C, 0x6E, 0x6E, 0x6C, 0x70, 0x70, 0x6B, 0x5D, 0x81, 0x49, 0x09, 0x3B, 0x3B, 0x5D, 
	0x6B, 0x6C, 0x70, 0x70, 0x6D, 0x70, 0x70, 0x80, 0x6D, 0x09, 0x6C, 0x70, 0x36, 0x2C, 0x6E, 0x70, 
	0x73, 0x81, 0x81, 0x8C, 0x82, 0x81, 0x06, 0x8C, 0x81, 0x81, 0x82, 0x6D, 0x6E, 0x71, 0x80, 0x70, 
	0x0A, 0x6D, 0x70, 0x70, 0x6D, 0x70, 0x71, 0x6D, 0x6D, 0x70, 0x6D, 0x6D, 0x80, 0x70, 0x80, 0x6D, 
	0x0D, 0x70, 0x7D, 0x82, 0x8C, 0x7E, 0x70, 0x70, 0x6D, 0x70, 0x70, 0x6D, 0x6D, 0x70, 0x6D, 0x81, 
	0x70, 0x0B, 0x6D, 0x6D, 0x70, 0x6D, 0x6E, 0x6D, 0x78, 0x2C, 0x8A, 0x71, 0x6D, 0x6D, 0x81, 0x70, 
	0x05, 0x6D, 0x6D, 0x70, 0x70, 0x6D, 0x6D, 0x80, 0x70, 0x08, 0x6D, 0x71, 0x70, 0x70, 0x6D, 0x70, 
	0x6E, 0x71, 0x71, 0x84, 0x6E, 0x19, 0x70, 0x71, 0x6C, 0x70, 0x70, 0x6D, 0x70, 0x70, 0x8D, 0x82, 
	0x7E, 0x98, 0x6C, 0x6D, 0x6D, 0x71, 0x70, 0x6D, 0x71, 0x70, 0x70, 0x76, 0x98, 0x7E, 0x74, 0x76, 
	0x82, 0x6D, 0x01, 0x6B, 0x16, 0x80, 0x70, 0x05, 0x6E, 0x6E, 0x7B, 0x69, 0x6F, 0x6F, 0x80, 0x6A, 
	0x22, 0x6B, 0x7A, 0x6B, 0x6B, 0x32, 0x36, 0x43, 0x29, 0x16, 0x13, 0x13, 0x20, 0x12, 0x13, 0x19, 
	0x1E, 0x25, 0x21, 0x0A, 0x0D, 0x0F, 0x14, 0x17, 0x17, 0x26, 0x0E, 0x18, 0x18, 0x0E, 0x0E, 0x1F, 
	0x0D, 0x1C, 0x07, 0x07, 0x83, 0x09, 0x06, 0x27, 0x06, 0x04, 0x0D, 0x06, 0x20, 0x11, 0x81, 0x09, 
	0x0B, 0x06, 0x06, 0x27, 0x28, 0x11, 0x10, 0x10, 0x02, 0x10, 0x10, 0x02, 0x02, 0x80, 0x10, 0x0C, 
	0x26, 0x0D, 0x17, 0x02, 0x10, 0x10, 0x02, 0x10, 0x26, 0x0C, 0x27, 0x59, 0x59, 0x80, 0x58, 0x0F, 
	0x5A, 0x27, 0x28, 0x1C, 0x1C, 0x2D, 0x47, 0x53, 0x4B, 0x54, 0x36, 0x96, 0x95, 0x95, 0x96, 0x96, 
	0x80, 0x95, 0x17, 0x90, 0x79, 0x41, 0x93, 0x96, 0x95, 0x97, 0x50, 0x55, 0x8A, 0x6F, 0x6A, 0x6F, 
	0x99, 0x6F, 0x8A, 0x51, 0x76, 0x7E, 0x7E, 0x8C, 0x82, 0x7E, 0x82, 0x80, 0x6C, 0x04, 0x6D, 0x6D, 
	0x6B, 0x5D, 0x3B, 0x80, 0x49, 0x13, 0x3B, 0x3B, 0x5D, 0x6B, 0x6C, 0x70, 0x82, 0x74, 0x74, 0x89, 
	0x74, 0x74, 0x88, 0x83, 0x8C, 0x89, 0x74, 0x8C, 0x87, 0x00, 0x83, 0x3B, 0x01, 0x5D, 0x6B, 0x81, 
	0x70, 0x80, 0x6D, 0x2B, 0x70, 0x6C, 0x6C, 0x70, 0x36, 0x5E, 0x6E, 0x9A, 0x6D, 0x7D, 0x6C, 0x70, 
	0x6C, 0x7D, 0x6E, 0x7D, 0x6C, 0x73, 0x83, 0x82, 0x81, 0x82, 0x7E, 0x82, 0x6C, 0x70, 0x70, 0x6D, 
	0x70, 0x6D, 0x6D, 0x70, 0x70, 0x6C, 0x70, 0x6D, 0x6D, 0x70, 0x6D, 0x6D, 0x70, 0x6D, 0x70, 0x70, 
	0x01, 0x6D, 0x71, 0x80, 0x6E, 0x80, 0x6D, 0x80, 0x70, 0x80, 0x6D, 0x03, 0x70, 0x6D, 0x6D, 0x71, 
	0x80, 0x6D, 0x05, 0x70, 0x70, 0x6D, 0x7B, 0x2C, 0x6A, 0x80, 0x70, 0x04, 0x6D, 0x70, 0x6D, 0x6D, 
	0x70, 0x80, 0x6D, 0x00, 0x70, 0x81, 0x6D, 0x1C, 0x70, 0x6D, 0x70, 0x70, 0x6D, 0x92, 0x8D, 0x73, 
	0x74, 0x73, 0x73, 0x74, 0x8D, 0x73, 0x74, 0x8D, 0x73, 0x92, 0x70, 0x6D, 0x6C, 0x6D, 0x70, 0x70, 
	0x76, 0x74, 0x8C, 0x73, 0x70, 0x82, 0x6D, 0x2F, 0x7D, 0x6C, 0x6C, 0x76, 0x7E, 0x8C, 0x7E, 0x7B, 
	0x69, 0x6F, 0x6A, 0x6F, 0x6A, 0x5E, 0x2B, 0x32, 0x6B, 0x36, 0x36, 0x2E, 0x16, 0x20, 0x0A, 0x12, 
	0x12, 0x1E, 0x25, 0x21, 0x1D, 0x1C, 0x1C, 0x22, 0x28, 0x29, 0x12, 0x09, 0x07, 0x07, 0x06, 0x09, 
	0x27, 0x24, 0x09, 0x27, 0x07, 0x0D, 0x25, 0x10, 0x86, 0x02, 0x03, 0x13, 0x0A, 0x09, 0x06, 0x86, 
	0x09, 0x0D, 0x0A, 0x20, 0x09, 0x11, 0x1A, 0x08, 0x06, 0x06, 0x09, 0x09, 0x06, 0x06, 0x21, 0x11, 
	0x87, 0x02, 0x09, 0x03, 0x11, 0x25, 0x02, 0x02, 0x10, 0x26, 0x14, 0x08, 0x5C, 0x80, 0x59, 0x0E, 
	0x5A, 0x59, 0x58, 0x08, 0x1C, 0x09, 0x06, 0x09, 0x1C, 0x4B, 0x40, 0x54, 0x61, 0x85, 0x90, 0x85, 
	0x95, 0x1E, 0x78, 0x42, 0x97, 0x96, 0x97, 0x78, 0x41, 0x3F, 0x1F, 0x1F, 0x25, 0x0F, 0x19, 0x13, 
	0x05, 0x51, 0x36, 0x3D, 0x1B, 0x4E, 0x3A, 0x79, 0x4E, 0x6A, 0x6A, 0x6F, 0x6F, 0x7B, 0x65, 0x48, 
	0x49, 0x81, 0x3B, 0x1E, 0x49, 0x30, 0x7B, 0x6C, 0x6D, 0x76, 0x7E, 0x82, 0x73, 0x7E, 0x7E, 0x73, 
	0x7E, 0x82, 0x8D, 0x82, 0x74, 0x50, 0x00, 0x3B, 0x3B, 0x49, 0x49, 0x3B, 0x49, 0x5D, 0x7C, 0x6C, 
	0x70, 0x6D, 0x6D, 0x80, 0x70, 0x1A, 0x71, 0x70, 0x6D, 0x70, 0x36, 0x2C, 0x6E, 0x70, 0x6D, 0x70, 
	0x70, 0x6D, 0x6D, 0x70, 0x70, 0x6E, 0x6E, 0x76, 0x83, 0x74, 0x7E, 0x83, 0x8C, 0x73, 0x6C, 0x6D, 
	0x70, 0x81, 0x6D, 0x00, 0x71, 0x81, 0x70, 0x07, 0x71, 0x70, 0x70, 0x6D, 0x6C, 0x70, 0x6D, 0x6D, 
	0x01, 0x6D, 0x70, 0x80, 0x6D, 0x80, 0x70, 0x05, 0x6D, 0x70, 0x70, 0x6D, 0x70, 0x6D, 0x80, 0x70, 
	0x09, 0x6D, 0x70, 0x70, 0x6D, 0x70, 0x6D, 0x6D, 0x78, 0x2C, 0x8A, 0x80, 0x70, 0x82, 0x6D, 0x1A, 
	0x70, 0x6D, 0x70, 0x6D, 0x70, 0x6D, 0x71, 0x6D, 0x6C, 0x6D, 0x6C, 0x6E, 0x6E, 0x73, 0x81, 0x8C, 
	0x74, 0x81, 0x8C, 0x74, 0x8C, 0x81, 0x83, 0x81, 0x8C, 0x73, 0x70, 0x83, 0x6D, 0x1E, 0x6E, 0x6E, 
	0x6D, 0x6D, 0x6E, 0x6E, 0x69, 0x69, 0x6F, 0x87, 0x87, 0x35, 0x78, 0x6B, 0x2B, 0x16, 0x37, 0x16, 
	0x13, 0x23, 0x23, 0x1F, 0x2B, 0x1A, 0x14, 0x0E, 0x18, 0x18, 0x26, 0x0A, 0x04, 0x81, 0x06, 0x00, 
	0x27, 0x81, 0x06, 0x02, 0x09, 0x11, 0x11, 0x87, 0x09, 0x02, 0x04, 0x20, 0x17, 0x86, 0x02, 0x05, 
	0x03, 0x0D, 0x1E, 0x27, 0x09, 0x06, 0x85, 0x09, 0x06, 0x20, 0x0A, 0x09, 0x11, 0x1A, 0x08, 0x06, 
	0x81, 0x09, 0x02, 0x06, 0x28, 0x11, 0x83, 0x02, 0x00, 0x10, 0x81, 0x02, 0x07, 0x20, 0x0A, 0x02, 
	0x18, 0x22, 0x27, 0x5A, 0x5A, 0x81, 0x58, 0x03, 0x59, 0x58, 0x0E, 0x22, 0x81, 0x09, 0x17, 0x22, 
	0x53, 0x40, 0x54, 0x61, 0x3D, 0x93, 0x94, 0x90, 0x95, 0x96, 0x96, 0x95, 0x96, 0x95, 0x8F, 0x6B, 
	0x94, 0x93, 0x55, 0x41, 0x40, 0x56, 0x17, 0x82, 0x02, 0x0D, 0x0C, 0x51, 0x21, 0x08, 0x08, 0x1C, 
	0x2D, 0x2D, 0x1E, 0x21, 0x04, 0x85, 0x13, 0x16, 0x81, 0x49, 0x05, 0x3B, 0x49, 0x3B, 0x48, 0x65, 
	0x6F, 0x82, 0x6E, 0x02, 0x70, 0x6E, 0x70, 0x80, 0x6E, 0x04, 0x82, 0x81, 0x81, 0x8D, 0x00, 0x81, 
	0x3B, 0x05, 0x49, 0x49, 0x5D, 0x6B, 0x6C, 0x70, 0x80, 0x6E, 0x14, 0x71, 0x70, 0x6E, 0x6E, 0x70, 
	0x7B, 0x36, 0x33, 0x6E, 0x6C, 0x70, 0x6C, 0x6D, 0x6D, 0x70, 0x6E, 0x84, 0x83, 0x7E, 0x82, 0x6C, 
	0x80, 0x6E, 0x0F, 0x71, 0x6D, 0x6D, 0x70, 0x70, 0x6D, 0x6D, 0x70, 0x6E, 0x6D, 0x6D, 0x6C, 0x6C, 
	0x70, 0x7D, 0x6C, 0x82, 0x6D, 0x00, 0x70, 0x02, 0x6D, 0x6C, 0x6D, 0x80, 0x70, 0x80, 0x6D, 0x05, 
	0x70, 0x70, 0x6E, 0x6D, 0x6D, 0x6E, 0x80, 0x6D, 0x00, 0x70, 0x81, 0x6D, 0x06, 0x70, 0x7B, 0x2A, 
	0x8E, 0x6D, 0x6E, 0x70, 0x80, 0x71, 0x08, 0x70, 0x6E, 0x71, 0x70, 0x6E, 0x70, 0x71, 0x6D, 0x6D, 
	0x80, 0x70, 0x2E, 0x82, 0x74, 0x83, 0x89, 0x83, 0x74, 0x7E, 0x6E, 0x6D, 0x6E, 0x6D, 0x6D, 0x6E, 
	0x6D, 0x6C, 0x6D, 0x6C, 0x6D, 0x71, 0x6E, 0x69, 0x6F, 0x6F, 0x6A, 0x7A, 0x6B, 0x6B, 0x43, 0x37, 
	0x0D, 0x0A, 0x12, 0x1E, 0x21, 0x28, 0x28, 0x1C, 0x28, 0x0A, 0x20, 0x18, 0x10, 0x10, 0x02, 0x10, 
	0x0D, 0x20, 0x80, 0x10, 0x03, 0x18, 0x0A, 0x12, 0x24, 0x81, 0x09, 0x0A, 0x06, 0x09, 0x06, 0x07, 
	0x06, 0x12, 0x29, 0x1C, 0x27, 0x07, 0x07, 0x83, 0x09, 0x03, 0x07, 0x16, 0x13, 0x10, 0x80, 0x02, 
	0x1A, 0x03, 0x02, 0x02, 0x03, 0x02, 0x02, 0x0C, 0x0D, 0x22, 0x06, 0x09, 0x06, 0x09, 0x09, 0x07, 
	0x09, 0x09, 0x06, 0x09, 0x09, 0x0D, 0x0F, 0x09, 0x29, 0x1A, 0x08, 0x06, 0x81, 0x09, 0x08, 0x06, 
	0x28, 0x11, 0x02, 0x02, 0x03, 0x02, 0x03, 0x03, 0x82, 0x02, 0x06, 0x20, 0x0D, 0x02, 0x18, 0x14, 
	0x27, 0x0E, 0x83, 0x58, 0x01, 0x57, 0x21, 0x82, 0x09, 0x12, 0x18, 0x41, 0x41, 0x02, 0x08, 0x47, 
	0x3F, 0x52, 0x78, 0x7A, 0x8F, 0x90, 0x91, 0x8F, 0x7A, 0x78, 0x3A, 0x42, 0x3F, 0x80, 0x40, 0x01, 
	0x4E, 0x1F, 0x82, 0x02, 0x0F, 0x14, 0x51, 0x0B, 0x08, 0x24, 0x24, 0x06, 0x24, 0x06, 0x09, 0x09, 
	0x07, 0x06, 0x19, 0x00, 0x49, 0x80, 0x3B, 0x13, 0x49, 0x3B, 0x49, 0x37, 0x13, 0x2E, 0x36, 0x43, 
	0x8A, 0x7C, 0x6A, 0x6A, 0x6F, 0x69, 0x69, 0x6E, 0x70, 0x76, 0x76, 0x78, 0x80, 0x3B, 0x16, 0x49, 
	0x3B, 0x3B, 0x49, 0x5D, 0x6B, 0x70, 0x76, 0x7E, 0x84, 0x74, 0x7E, 0x84, 0x83, 0x7E, 0x73, 0x74, 
	0x3D, 0x2C, 0x8D, 0x7D, 0x71, 0x70, 0x80, 0x6D, 0x04, 0x70, 0x7D, 0x82, 0x8C, 0x92, 0x82, 0x6D, 
	0x03, 0x70, 0x70, 0x6D, 0x70, 0x81, 0x6D, 0x0C, 0x70, 0x70, 0x73, 0x81, 0x8C, 0x81, 0x6C, 0x70, 
	0x6D, 0x6C, 0x70, 0x70, 0x6D, 0x06, 0x6D, 0x70, 0x6D, 0x70, 0x70, 0x6D, 0x6D, 0x80, 0x70, 0x1E, 
	0x6D, 0x6D, 0x70, 0x70, 0x6D, 0x71, 0x70, 0x70, 0x6D, 0x6D, 0x6C, 0x70, 0x6D, 0x6C, 0x78, 0x2C, 
	0x6B, 0x76, 0x73, 0x6C, 0x76, 0x73, 0x6C, 0x76, 0x73, 0x6C, 0x76, 0x7D, 0x6D, 0x70, 0x6D, 0x80, 
	0x70, 0x0E, 0x6E, 0x7D, 0x82, 0x82, 0x73, 0x82, 0x82, 0x7D, 0x6D, 0x6D, 0x6C, 0x70, 0x6E, 0x69, 
	0x6F, 0x80, 0x6A, 0x0B, 0x6B, 0x43, 0x36, 0x37, 0x0A, 0x12, 0x25, 0x19, 0x12, 0x1C, 0x08, 0x08, 
	0x80, 0x09, 0x07, 0x27, 0x06, 0x09, 0x06, 0x1C, 0x20, 0x20, 0x17, 0x81, 0x02, 0x0A, 0x03, 0x16, 
	0x20, 0x03, 0x03, 0x02, 0x0A, 0x12, 0x06, 0x09, 0x06, 0x84, 0x09, 0x03, 0x28, 0x29, 0x12, 0x06, 
	0x85, 0x09, 0x03, 0x07, 0x04, 0x20, 0x17, 0x82, 0x02, 0x06, 0x03, 0x02, 0x03, 0x02, 0x02, 0x13, 
	0x20, 0x89, 0x09, 0x07, 0x0D, 0x28, 0x04, 0x2A, 0x2A, 0x12, 0x08, 0x06, 0x81, 0x09, 0x01, 0x28, 
	0x11, 0x80, 0x02, 0x02, 0x03, 0x02, 0x03, 0x82, 0x02, 0x06, 0x0F, 0x0D, 0x02, 0x02, 0x18, 0x13, 
	0x0E, 0x80, 0x59, 0x05, 0x5A, 0x5C, 0x58, 0x27, 0x0F, 0x06, 0x81, 0x09, 0x05, 0x26, 0x41, 0x41, 
	0x02, 0x1E, 0x4D, 0x80, 0x40, 0x00, 0x3F, 0x80, 0x53, 0x01, 0x3F, 0x3F, 0x82, 0x40, 0x0F, 0x3F, 
	0x79, 0x7F, 0x0F, 0x02, 0x02, 0x03, 0x02, 0x02, 0x14, 0x51, 0x23, 0x19, 0x08, 0x24, 0x06, 0x81, 
	0x09, 0x03, 0x06, 0x0E, 0x2B, 0x01, 0x80, 0x3B, 0x80, 0x49, 0x13, 0x33, 0x18, 0x10, 0x10, 0x03, 
	0x18, 0x26, 0x1F, 0x11, 0x0F, 0x12, 0x0A, 0x37, 0x36, 0x43, 0x6B, 0x6B, 0x50, 0x5E, 0x48, 0x80, 
	0x3B, 0x19, 0x49, 0x49, 0x5D, 0x6B, 0x6D, 0x76, 0x8B, 0x81, 0x83, 0x8C, 0x81, 0x74, 0x8C, 0x81, 
	0x83, 0x3D, 0x2B, 0x8D, 0x6C, 0x6E, 0x6C, 0x6D, 0x70, 0x70, 0x6D, 0x70, 0x80, 0x6E, 0x80, 0x6D, 
	0x01, 0x70, 0x70, 0x80, 0x6D, 0x01, 0x70, 0x70, 0x80, 0x6D, 0x0C, 0x70, 0x71, 0x6D, 0x73, 0x8D, 
	0x7D, 0x6D, 0x6D, 0x70, 0x6D, 0x70, 0x6D, 0x6D, 0x07, 0x6C, 0x6D, 0x6D, 0x70, 0x6D, 0x70, 0x6D, 
	0x6D, 0x84, 0x70, 0x03, 0x6D, 0x70, 0x6D, 0x6D, 0x80, 0x70, 0x1C, 0x6E, 0x71, 0x7B, 0x86, 0x87, 
	0x80, 0x88, 0x89, 0x88, 0x80, 0x88, 0x80, 0x80, 0x89, 0x88, 0x73, 0x6E, 0x6C, 0x6C, 0x6D, 0x6D, 
	0x6C, 0x6D, 0x6D, 0x70, 0x6E, 0x6E, 0x69, 0x69, 0x80, 0x6A, 0x08, 0x6B, 0x7C, 0x16, 0x37, 0x13, 
	0x1E, 0x25, 0x21, 0x1C, 0x80, 0x07, 0x05, 0x09, 0x09, 0x22, 0x21, 0x07, 0x06, 0x81, 0x09, 0x00, 
	0x06, 0x80, 0x09, 0x03, 0x28, 0x0A, 0x0A, 0x26, 0x80, 0x02, 0x0A, 0x10, 0x03, 0x03, 0x15, 0x0A, 
	0x18, 0x02, 0x19, 0x0A, 0x07, 0x06, 0x85, 0x09, 0x15, 0x07, 0x29, 0x11, 0x09, 0x09, 0x06, 0x09, 
	0x09, 0x07, 0x09, 0x06, 0x09, 0x09, 0x07, 0x16, 0x13, 0x10, 0x02, 0x02, 0x03, 0x02, 0x03, 0x80, 
	0x02, 0x03, 0x03, 0x03, 0x0D, 0x21, 0x81, 0x09, 0x00, 0x07, 0x83, 0x09, 0x09, 0x22, 0x0D, 0x08, 
	0x1D, 0x04, 0x1E, 0x1E, 0x08, 0x06, 0x06, 0x80, 0x09, 0x02, 0x1C, 0x11, 0x10, 0x80, 0x02, 0x00, 
	0x03, 0x80, 0x02, 0x12, 0x03, 0x03, 0x02, 0x17, 0x1A, 0x18, 0x02, 0x18, 0x0E, 0x5A, 0x5C, 0x27, 
	0x5C, 0x5A, 0x17, 0x27, 0x5C, 0x20, 0x08, 0x81, 0x09, 0x07, 0x18, 0x41, 0x40, 0x31, 0x12, 0x8A, 
	0x3E, 0x3F, 0x87, 0x40, 0x06, 0x53, 0x55, 0x8A, 0x68, 0x63, 0x36, 0x10, 0x80, 0x02, 0x06, 0x03, 
	0x25, 0x86, 0x23, 0x26, 0x12, 0x07, 0x81, 0x09, 0x0E, 0x06, 0x06, 0x1D, 0x3B, 0x49, 0x3B, 0x3B, 
	0x49, 0x3B, 0x49, 0x00, 0x13, 0x02, 0x02, 0x10, 0x81, 0x02, 0x0B, 0x17, 0x25, 0x07, 0x24, 0x07, 
	0x08, 0x08, 0x1C, 0x20, 0x3C, 0x32, 0x5D, 0x80, 0x49, 0x18, 0x3B, 0x3B, 0x48, 0x7C, 0x6E, 0x6E, 
	0x7B, 0x6D, 0x6E, 0x6D, 0x6D, 0x70, 0x6E, 0x6D, 0x76, 0x3D, 0x2C, 0x8B, 0x81, 0x82, 0x8C, 0x7D, 
	0x71, 0x6D, 0x70, 0x82, 0x6D, 0x80, 0x70, 0x07, 0x6D, 0x70, 0x6D, 0x70, 0x6D, 0x70, 0x6D, 0x6D, 
	0x80, 0x70, 0x03, 0x6D, 0x6E, 0x6E, 0x70, 0x80, 0x6D, 0x03, 0x70, 0x6D, 0x70, 0x70, 0x03, 0x6D, 
	0x6D, 0x70, 0x71, 0x80, 0x70, 0x06, 0x6D, 0x6D, 0x70, 0x6D, 0x6D, 0x70, 0x70, 0x81, 0x6D, 0x14, 
	0x70, 0x6D, 0x70, 0x7D, 0x82, 0x73, 0x79, 0x15, 0x35, 0x83, 0x73, 0x84, 0x76, 0x7D, 0x73, 0x7D, 
	0x7D, 0x73, 0x76, 0x70, 0x6C, 0x80, 0x6D, 0x0E, 0x6E, 0x69, 0x6F, 0x6A, 0x6A, 0x6B, 0x43, 0x37, 
	0x37, 0x19, 0x25, 0x25, 0x85, 0x21, 0x07, 0x81, 0x09, 0x07, 0x24, 0x06, 0x09, 0x07, 0x06, 0x09, 
	0x28, 0x1D, 0x80, 0x09, 0x02, 0x24, 0x09, 0x06, 0x80, 0x09, 0x05, 0x06, 0x28, 0x20, 0x0A, 0x0E, 
	0x10, 0x80, 0x02, 0x0B, 0x03, 0x02, 0x18, 0x29, 0x20, 0x03, 0x04, 0x1A, 0x08, 0x06, 0x09, 0x07, 
	0x81, 0x09, 0x05, 0x06, 0x07, 0x09, 0x20, 0x29, 0x08, 0x82, 0x09, 0x00, 0x07, 0x80, 0x09, 0x03, 
	0x06, 0x19, 0x20, 0x17, 0x82, 0x02, 0x07, 0x03, 0x02, 0x03, 0x02, 0x02, 0x1F, 0x20, 0x08, 0x86, 
	0x09, 0x43, 0x06, 0x06, 0x25, 0x0D, 0x09, 0x09, 0x07, 0x07, 0x06, 0x06, 0x07, 0x09, 0x09, 0x07, 
	0x06, 0x28, 0x11, 0x10, 0x02, 0x02, 0x03, 0x02, 0x02, 0x03, 0x02, 0x03, 0x03, 0x02, 0x18, 0x11, 
	0x1F, 0x02, 0x18, 0x14, 0x22, 0x0C, 0x25, 0x5A, 0x61, 0x0F, 0x0E, 0x57, 0x20, 0x21, 0x06, 0x06, 
	0x09, 0x06, 0x22, 0x4B, 0x40, 0x31, 0x2B, 0x63, 0x7F, 0x6B, 0x1B, 0x55, 0x47, 0x4D, 0x4B, 0x56, 
	0x4D, 0x47, 0x55, 0x1B, 0x5E, 0x7F, 0x80, 0x63, 0x01, 0x62, 0x17, 0x80, 0x02, 0x00, 0x1F, 0x80, 
	0x2A, 0x02, 0x18, 0x14, 0x19, 0x80, 0x09, 0x0F, 0x06, 0x09, 0x09, 0x13, 0x00, 0x49, 0x49, 0x3B, 
	0x49, 0x3B, 0x49, 0x49, 0x0C, 0x02, 0x03, 0x03, 0x82, 0x02, 0x02, 0x0E, 0x0F, 0x1C, 0x80, 0x06, 
	0x04, 0x09, 0x29, 0x32, 0x32, 0x00, 0x82, 0x3B, 0x16, 0x49, 0x15, 0x05, 0x36, 0x43, 0x6B, 0x6A, 
	0x6A, 0x6F, 0x69, 0x6E, 0x6D, 0x7D, 0x2E, 0x2C, 0x76, 0x7E, 0x82, 0x84, 0x6D, 0x70, 0x6D, 0x70, 
	0x80, 0x6D, 0x00, 0x70, 0x81, 0x6D, 0x04, 0x70, 0x6D, 0x6D, 0x70, 0x6E, 0x81, 0x6D, 0x00, 0x70, 
	0x81, 0x6D, 0x01, 0x6E, 0x70, 0x80, 0x6D, 0x02, 0x70, 0x6D, 0x70, 0x02, 0x6C, 0x70, 0x70, 0x83, 
	0x6D, 0x31, 0x70, 0x71, 0x70, 0x6D, 0x6D, 0x70, 0x6D, 0x70, 0x6C, 0x6D, 0x70, 0x70, 0x6C, 0x74, 
	0x80, 0x3E, 0x29, 0x78, 0x81, 0x76, 0x69, 0x6E, 0x70, 0x6E, 0x6D, 0x70, 0x6E, 0x6E, 0x69, 0x6F, 
	0x6A, 0x7A, 0x43, 0x36, 0x0D, 0x13, 0x1E, 0x21, 0x1C, 0x08, 0x08, 0x09, 0x09, 0x1C, 0x2D, 0x08, 
	0x06, 0x09, 0x09, 0x07, 0x83, 0x09, 0x02, 0x08, 0x21, 0x1C, 0x80, 0x09, 0x02, 0x06, 0x09, 0x07, 
	0x81, 0x09, 0x04, 0x28, 0x05, 0x0A, 0x18, 0x10, 0x81, 0x03, 0x15, 0x02, 0x03, 0x0F, 0x2A, 0x2A, 
	0x0A, 0x20, 0x22, 0x06, 0x06, 0x07, 0x09, 0x09, 0x07, 0x09, 0x09, 0x06, 0x06, 0x25, 0x29, 0x25, 
	0x06, 0x85, 0x09, 0x03, 0x07, 0x07, 0x0D, 0x13, 0x85, 0x02, 0x05, 0x03, 0x03, 0x02, 0x0A, 0x12, 
	0x07, 0x83, 0x09, 0x00, 0x06, 0x80, 0x09, 0x04, 0x06, 0x13, 0x20, 0x09, 0x09, 0x80, 0x06, 0x09, 
	0x07, 0x09, 0x06, 0x09, 0x09, 0x06, 0x22, 0x11, 0x03, 0x03, 0x82, 0x02, 0x00, 0x03, 0x81, 0x02, 
	0x17, 0x0D, 0x19, 0x02, 0x03, 0x0E, 0x18, 0x26, 0x0E, 0x5A, 0x17, 0x18, 0x0C, 0x14, 0x0C, 0x12, 
	0x09, 0x06, 0x09, 0x06, 0x07, 0x54, 0x40, 0x52, 0x7F, 0x80, 0x63, 0x0B, 0x68, 0x7F, 0x7F, 0x68, 
	0x62, 0x62, 0x68, 0x7F, 0x7F, 0x62, 0x63, 0x64, 0x80, 0x63, 0x01, 0x62, 0x23, 0x80, 0x02, 0x0E, 
	0x0E, 0x14, 0x14, 0x26, 0x03, 0x03, 0x0C, 0x04, 0x09, 0x06, 0x09, 0x06, 0x0E, 0x2C, 0x01, 0x82, 
	0x3B, 0x02, 0x01, 0x2B, 0x18, 0x81, 0x02, 0x0D, 0x03, 0x02, 0x03, 0x02, 0x02, 0x18, 0x04, 0x21, 
	0x09, 0x09, 0x14, 0x49, 0x30, 0x33, 0x80, 0x3B, 0x15, 0x49, 0x3B, 0x3B, 0x00, 0x0F, 0x27, 0x07, 
	0x08, 0x1C, 0x21, 0x1E, 0x0A, 0x37, 0x36, 0x6B, 0x6B, 0x36, 0x72, 0x6A, 0x6E, 0x6E, 0x70, 0x81, 
	0x6D, 0x00, 0x70, 0x80, 0x6D, 0x09, 0x70, 0x6D, 0x70, 0x6D, 0x6D, 0x70, 0x70, 0x6D, 0x71, 0x70, 
	0x80, 0x6D, 0x00, 0x71, 0x80, 0x6D, 0x05, 0x70, 0x6D, 0x6D, 0x70, 0x70, 0x6D, 0x80, 0x70, 0x0B, 
	0x6D, 0x6D, 0x70, 0x70, 0x6D, 0x6D, 0x70, 0x70, 0x6C, 0x6D, 0x6E, 0x70, 0x81, 0x6D, 0x2A, 0x70, 
	0x6D, 0x6D, 0x70, 0x70, 0x6D, 0x70, 0x6C, 0x7B, 0x2B, 0x7C, 0x7D, 0x7E, 0x76, 0x73, 0x7D, 0x6F, 
	0x6A, 0x6B, 0x6B, 0x36, 0x2B, 0x11, 0x1E, 0x21, 0x22, 0x08, 0x09, 0x06, 0x09, 0x24, 0x09, 0x07, 
	0x06, 0x07, 0x28, 0x2D, 0x07, 0x09, 0x24, 0x09, 0x09, 0x07, 0x82, 0x09, 0x06, 0x08, 0x1E, 0x08, 
	0x07, 0x09, 0x09, 0x07, 0x82, 0x09, 0x05, 0x06, 0x21, 0x20, 0x0A, 0x0E, 0x10, 0x82, 0x03, 0x21, 
	0x02, 0x03, 0x14, 0x0F, 0x0A, 0x1A, 0x1C, 0x06, 0x06, 0x09, 0x09, 0x07, 0x07, 0x09, 0x09, 0x07, 
	0x09, 0x08, 0x29, 0x20, 0x09, 0x24, 0x09, 0x09, 0x27, 0x06, 0x09, 0x09, 0x06, 0x06, 0x09, 0x19, 
	0x0D, 0x18, 0x81, 0x02, 0x0A, 0x03, 0x02, 0x03, 0x03, 0x02, 0x03, 0x18, 0x0D, 0x28, 0x09, 0x07, 
	0x85, 0x09, 0x06, 0x06, 0x09, 0x20, 0x20, 0x06, 0x09, 0x09, 0x80, 0x06, 0x80, 0x09, 0x0C, 0x06, 
	0x09, 0x28, 0x11, 0x18, 0x02, 0x02, 0x03, 0x02, 0x03, 0x03, 0x02, 0x03, 0x80, 0x02, 0x09, 0x20, 
	0x20, 0x02, 0x03, 0x03, 0x02, 0x0E, 0x1F, 0x0C, 0x0E, 0x80, 0x02, 0x02, 0x10, 0x05, 0x08, 0x81, 
	0x09, 0x03, 0x28, 0x42, 0x52, 0x7F, 0x90, 0x63, 0x01, 0x16, 0x10, 0x80, 0x03, 0x82, 0x02, 0x07, 
	0x03, 0x1F, 0x04, 0x06, 0x09, 0x06, 0x22, 0x30, 0x82, 0x3B, 0x17, 0x49, 0x49, 0x72, 0x26, 0x10, 
	0x02, 0x10, 0x03, 0x02, 0x03, 0x03, 0x02, 0x03, 0x02, 0x10, 0x1F, 0x21, 0x0E, 0x29, 0x01, 0x3B, 
	0x49, 0x3B, 0x49, 0x80, 0x3B, 0x05, 0x49, 0x49, 0x0F, 0x1D, 0x06, 0x06, 0x82, 0x09, 0x0C, 0x08, 
	0x1C, 0x28, 0x1A, 0x51, 0x2C, 0x43, 0x6B, 0x6B, 0x6A, 0x69, 0x69, 0x70, 0x81, 0x6D, 0x01, 0x70, 
	0x6D, 0x80, 0x70, 0x01, 0x6D, 0x70, 0x81, 0x6D, 0x00, 0x70, 0x81, 0x6D, 0x06, 0x71, 0x70, 0x6D, 
	0x70, 0x70, 0x6D, 0x70, 0x80, 0x6D, 0x12, 0x6D, 0x70, 0x6D, 0x6D, 0x70, 0x70, 0x71, 0x70, 0x76, 
	0x77, 0x74, 0x74, 0x76, 0x6E, 0x70, 0x6D, 0x71, 0x70, 0x71, 0x80, 0x6C, 0x10, 0x6D, 0x70, 0x78, 
	0x15, 0x5E, 0x6F, 0x79, 0x50, 0x1B, 0x37, 0x0A, 0x1E, 0x28, 0x21, 0x21, 0x2D, 0x09, 0x81, 0x06, 
	0x83, 0x09, 0x04, 0x08, 0x21, 0x1C, 0x09, 0x06, 0x82, 0x09, 0x00, 0x07, 0x80, 0x09, 0x04, 0x1C, 
	0x21, 0x08, 0x06, 0x07, 0x80, 0x09, 0x0B, 0x07, 0x07, 0x09, 0x06, 0x06, 0x25, 0x0A, 0x0A, 0x18, 
	0x10, 0x03, 0x03, 0x84, 0x02, 0x07, 0x14, 0x20, 0x21, 0x06, 0x06, 0x09, 0x06, 0x06, 0x82, 0x09, 
	0x0A, 0x06, 0x0D, 0x29, 0x07, 0x09, 0x06, 0x09, 0x09, 0x06, 0x09, 0x06, 0x80, 0x09, 0x07, 0x07, 
	0x0D, 0x19, 0x10, 0x02, 0x03, 0x02, 0x03, 0x80, 0x02, 0x80, 0x03, 0x02, 0x1F, 0x0D, 0x08, 0x81, 
	0x09, 0x00, 0x07, 0x82, 0x09, 0x17, 0x06, 0x09, 0x0D, 0x04, 0x09, 0x09, 0x07, 0x09, 0x09, 0x07, 
	0x09, 0x07, 0x06, 0x09, 0x06, 0x1C, 0x11, 0x10, 0x02, 0x03, 0x03, 0x02, 0x03, 0x03, 0x82, 0x02, 
	0x10, 0x13, 0x1A, 0x10, 0x03, 0x03, 0x02, 0x03, 0x18, 0x18, 0x10, 0x03, 0x03, 0x02, 0x10, 0x0F, 
	0x21, 0x06, 0x80, 0x09, 0x03, 0x06, 0x0E, 0x2E, 0x62, 0x90, 0x63, 0x01, 0x62, 0x0C, 0x81, 0x02, 
	0x00, 0x03, 0x81, 0x02, 0x06, 0x10, 0x0F, 0x21, 0x09, 0x06, 0x28, 0x01, 0x81, 0x3B, 0x0A, 0x49, 
	0x49, 0x3B, 0x01, 0x2C, 0x1F, 0x03, 0x02, 0x03, 0x02, 0x03, 0x83, 0x02, 0x02, 0x0C, 0x2B, 0x01, 
	0x85, 0x3B, 0x23, 0x49, 0x72, 0x0E, 0x1D, 0x21, 0x07, 0x09, 0x24, 0x09, 0x09, 0x06, 0x09, 0x24, 
	0x06, 0x12, 0x2C, 0x25, 0x1D, 0x25, 0x21, 0x25, 0x12, 0x0D, 0x36, 0x6B, 0x7A, 0x6F, 0x69, 0x6E, 
	0x70, 0x6D, 0x6C, 0x6C, 0x6D, 0x6D, 0x6C, 0x80, 0x70, 0x04, 0x6D, 0x70, 0x6E, 0x6D, 0x70, 0x80, 
	0x6D, 0x06, 0x6E, 0x6D, 0x70, 0x70, 0x6D, 0x6D, 0x70, 0x0C, 0x6D, 0x6C, 0x70, 0x6C, 0x70, 0x6D, 
	0x70, 0x71, 0x6D, 0x73, 0x74, 0x73, 0x6C, 0x80, 0x6D, 0x00, 0x6C, 0x80, 0x6D, 0x15, 0x6E, 0x69, 
	0x6A, 0x6A, 0x43, 0x2A, 0x2C, 0x12, 0x1E, 0x2D, 0x1C, 0x07, 0x09, 0x08, 0x28, 0x1C, 0x07, 0x09, 
	0x06, 0x09, 0x09, 0x06, 0x81, 0x09, 0x06, 0x24, 0x09, 0x2D, 0x21, 0x08, 0x07, 0x06, 0x81, 0x09, 
	0x00, 0x07, 0x80, 0x09, 0x11, 0x07, 0x21, 0x21, 0x07, 0x09, 0x07, 0x09, 0x09, 0x07, 0x06, 0x09, 
	0x06, 0x09, 0x06, 0x25, 0x20, 0x13, 0x18, 0x80, 0x02, 0x03, 0x03, 0x02, 0x03, 0x03, 0x80, 0x02, 
	0x05, 0x0E, 0x20, 0x04, 0x06, 0x09, 0x06, 0x80, 0x09, 0x07, 0x06, 0x06, 0x09, 0x09, 0x06, 0x1E, 
	0x29, 0x28, 0x85, 0x09, 0x05, 0x07, 0x09, 0x06, 0x19, 0x0D, 0x18, 0x80, 0x03, 0x82, 0x02, 0x06, 
	0x03, 0x03, 0x02, 0x0A, 0x0A, 0x06, 0x06, 0x88, 0x09, 0x06, 0x0D, 0x28, 0x06, 0x09, 0x09, 0x06, 
	0x06, 0x82, 0x09, 0x06, 0x06, 0x28, 0x11, 0x18, 0x02, 0x02, 0x03, 0x83, 0x02, 0x0A, 0x03, 0x02, 
	0x1F, 0x11, 0x10, 0x03, 0x02, 0x03, 0x10, 0x02, 0x03, 0x82, 0x02, 0x02, 0x14, 0x12, 0x07, 0x81, 
	0x09, 0x01, 0x06, 0x13, 0x92, 0x63, 0x10, 0x37, 0x10, 0x02, 0x02, 0x03, 0x02, 0x03, 0x02, 0x02, 
	0x03, 0x02, 0x10, 0x19, 0x28, 0x06, 0x28, 0x01, 0x80, 0x49, 0x0E, 0x3B, 0x3B, 0x49, 0x3B, 0x49, 
	0x30, 0x19, 0x25, 0x03, 0x02, 0x03, 0x03, 0x02, 0x03, 0x03, 0x80, 0x02, 0x01, 0x23, 0x00, 0x82, 
	0x3B, 0x0A, 0x49, 0x3B, 0x3B, 0x49, 0x01, 0x05, 0x09, 0x06, 0x08, 0x1E, 0x1C, 0x83, 0x09, 0x14, 
	0x06, 0x12, 0x75, 0x28, 0x06, 0x08, 0x21, 0x08, 0x09, 0x07, 0x08, 0x28, 0x21, 0x12, 0x0D, 0x36, 
	0x6B, 0x6A, 0x6A, 0x69, 0x70, 0x83, 0x6D, 0x00, 0x70, 0x80, 0x6D, 0x01, 0x70, 0x70, 0x81, 0x6D, 
	0x03, 0x70, 0x6D, 0x70, 0x70, 0x05, 0x6D, 0x6D, 0x70, 0x70, 0x6D, 0x70, 0x80, 0x6D, 0x80, 0x6E, 
	0x18, 0x6D, 0x6D, 0x70, 0x70, 0x69, 0x6F, 0x6A, 0x6B, 0x36, 0x37, 0x12, 0x21, 0x28, 0x29, 0x0B, 
	0x09, 0x06, 0x06, 0x09, 0x07, 0x28, 0x28, 0x07, 0x09, 0x24, 0x83, 0x09, 0x0A, 0x07, 0x09, 0x09, 
	0x08, 0x21, 0x1C, 0x09, 0x09, 0x06, 0x09, 0x06, 0x80, 0x09, 0x07, 0x06, 0x06, 0x09, 0x08, 0x21, 
	0x28, 0x09, 0x07, 0x83, 0x09, 0x06, 0x06, 0x09, 0x09, 0x04, 0x20, 0x19, 0x18, 0x80, 0x02, 0x02, 
	0x03, 0x02, 0x03, 0x81, 0x02, 0x03, 0x18, 0x20, 0x1E, 0x06, 0x81, 0x09, 0x00, 0x06, 0x82, 0x09, 
	0x03, 0x1C, 0x29, 0x0A, 0x06, 0x84, 0x09, 0x0D, 0x07, 0x06, 0x06, 0x08, 0x0D, 0x19, 0x10, 0x10, 
	0x02, 0x03, 0x02, 0x03, 0x03, 0x02, 0x80, 0x03, 0x05, 0x18, 0x0D, 0x21, 0x09, 0x06, 0x06, 0x84, 
	0x09, 0x04, 0x06, 0x09, 0x28, 0x0D, 0x07, 0x85, 0x09, 0x0C, 0x06, 0x09, 0x09, 0x28, 0x11, 0x03, 
	0x03, 0x02, 0x03, 0x03, 0x02, 0x02, 0x03, 0x81, 0x02, 0x04, 0x0E, 0x0D, 0x17, 0x02, 0x02, 0x80, 
	0x03, 0x83, 0x02, 0x08, 0x18, 0x05, 0x08, 0x09, 0x09, 0x07, 0x06, 0x07, 0x2B, 0x92, 0x63, 0x01, 
	0x62, 0x26, 0x80, 0x02, 0x18, 0x03, 0x02, 0x03, 0x02, 0x03, 0x02, 0x02, 0x18, 0x13, 0x1D, 0x14, 
	0x01, 0x49, 0x49, 0x3B, 0x3B, 0x49, 0x3B, 0x3B, 0x49, 0x01, 0x1F, 0x1D, 0x0F, 0x18, 0x80, 0x02, 
	0x06, 0x03, 0x02, 0x03, 0x02, 0x0C, 0x01, 0x49, 0x85, 0x3B, 0x27, 0x49, 0x72, 0x22, 0x09, 0x09, 
	0x24, 0x09, 0x1D, 0x21, 0x08, 0x06, 0x09, 0x09, 0x06, 0x09, 0x12, 0x51, 0x0C, 0x06, 0x06, 0x07, 
	0x1C, 0x21, 0x08, 0x09, 0x06, 0x06, 0x27, 0x09, 0x08, 0x1C, 0x21, 0x12, 0x20, 0x36, 0x6B, 0x6A, 
	0x6F, 0x6E, 0x70, 0x80, 0x6D, 0x04, 0x6C, 0x6D, 0x70, 0x6D, 0x6D, 0x80, 0x70, 0x03, 0x6D, 0x70, 
	0x6C, 0x70, 0x80, 0x70, 0x03, 0x6D, 0x70, 0x70, 0x6D, 0x80, 0x6C, 0x1A, 0x6D, 0x6E, 0x69, 0x6A, 
	0x6B, 0x32, 0x2B, 0x29, 0x1E, 0x28, 0x08, 0x07, 0x06, 0x06, 0x08, 0x0B, 0x29, 0x09, 0x06, 0x27, 
	0x22, 0x1D, 0x08, 0x24, 0x07, 0x09, 0x06, 0x82, 0x09, 0x07, 0x06, 0x09, 0x09, 0x1C, 0x21, 0x1C, 
	0x09, 0x06, 0x86, 0x09, 0x02, 0x22, 0x1E, 0x1C, 0x82, 0x09, 0x01, 0x07, 0x07, 0x80, 0x09, 0x04, 
	0x24, 0x19, 0x20, 0x19, 0x10, 0x83, 0x02, 0x06, 0x03, 0x03, 0x02, 0x02, 0x03, 0x0A, 0x12, 0x83, 
	0x09, 0x00, 0x06, 0x82, 0x09, 0x02, 0x16, 0x11, 0x07, 0x84, 0x09, 0x0B, 0x07, 0x09, 0x06, 0x09, 
	0x19, 0x0D, 0x18, 0x02, 0x02, 0x03, 0x02, 0x03, 0x80, 0x02, 0x06, 0x03, 0x02, 0x03, 0x1F, 0x05, 
	0x1C, 0x06, 0x86, 0x09, 0x04, 0x06, 0x09, 0x19, 0x0D, 0x06, 0x87, 0x09, 0x05, 0x06, 0x1D, 0x11, 
	0x10, 0x02, 0x02, 0x80, 0x03, 0x08, 0x02, 0x02, 0x03, 0x02, 0x03, 0x02, 0x03, 0x11, 0x1F, 0x80, 
	0x03, 0x00, 0x02, 0x80, 0x03, 0x0C, 0x02, 0x03, 0x02, 0x02, 0x10, 0x13, 0x28, 0x06, 0x09, 0x09, 
	0x06, 0x0E, 0x5E, 0x92, 0x63, 0x13, 0x62, 0x36, 0x03, 0x02, 0x02, 0x03, 0x02, 0x03, 0x03, 0x02, 
	0x03, 0x02, 0x02, 0x18, 0x19, 0x0F, 0x72, 0x49, 0x49, 0x3B, 0x83, 0x49, 0x04, 0x51, 0x17, 0x1C, 
	0x19, 0x18, 0x82, 0x02, 0x07, 0x18, 0x33, 0x48, 0x49, 0x3B, 0x3B, 0x49, 0x49, 0x80, 0x3B, 0x04, 
	0x49, 0x01, 0x13, 0x06, 0x06, 0x81, 0x09, 0x24, 0x08, 0x21, 0x1D, 0x27, 0x06, 0x07, 0x04, 0x66, 
	0x2A, 0x0B, 0x08, 0x06, 0x06, 0x09, 0x08, 0x21, 0x1C, 0x07, 0x09, 0x06, 0x24, 0x09, 0x24, 0x24, 
	0x06, 0x09, 0x08, 0x1C, 0x1E, 0x0A, 0x2B, 0x43, 0x6B, 0x6A, 0x69, 0x70, 0x71, 0x80, 0x6D, 0x80, 
	0x70, 0x81, 0x6D, 0x01, 0x6C, 0x70, 0x80, 0x6D, 0x21, 0x6C, 0x70, 0x6E, 0x6F, 0x6A, 0x6B, 0x36, 
	0x37, 0x0F, 0x46, 0x0F, 0x25, 0x08, 0x09, 0x24, 0x09, 0x24, 0x09, 0x09, 0x08, 0x0B, 0x2A, 0x07, 
	0x07, 0x1D, 0x1D, 0x07, 0x09, 0x06, 0x09, 0x07, 0x09, 0x09, 0x06, 0x81, 0x09, 0x03, 0x08, 0x21, 
	0x1D, 0x07, 0x82, 0x09, 0x00, 0x07, 0x80, 0x09, 0x05, 0x07, 0x06, 0x1C, 0x1E, 0x08, 0x06, 0x82, 
	0x09, 0x09, 0x06, 0x06, 0x09, 0x09, 0x06, 0x19, 0x0A, 0x19, 0x10, 0x03, 0x80, 0x02, 0x81, 0x03, 
	0x80, 0x02, 0x08, 0x12, 0x0A, 0x07, 0x09, 0x09, 0x06, 0x09, 0x09, 0x07, 0x82, 0x09, 0x02, 0x0A, 
	0x29, 0x1D, 0x81, 0x09, 0x00, 0x07, 0x81, 0x09, 0x08, 0x07, 0x06, 0x08, 0x0D, 0x0F, 0x10, 0x02, 
	0x02, 0x03, 0x80, 0x02, 0x08, 0x03, 0x02, 0x02, 0x03, 0x02, 0x05, 0x20, 0x09, 0x06, 0x87, 0x09, 
	0x04, 0x06, 0x20, 0x20, 0x09, 0x06, 0x87, 0x09, 0x02, 0x28, 0x11, 0x03, 0x83, 0x02, 0x00, 0x03, 
	0x82, 0x02, 0x0A, 0x0D, 0x0A, 0x02, 0x03, 0x02, 0x03, 0x02, 0x03, 0x02, 0x02, 0x03, 0x80, 0x02, 
	0x01, 0x14, 0x12, 0x80, 0x09, 0x02, 0x06, 0x22, 0x5E, 0x93, 0x63, 0x04, 0x62, 0x0C, 0x02, 0x02, 
	0x03, 0x81, 0x02, 0x00, 0x03, 0x80, 0x02, 0x02, 0x18, 0x0A, 0x30, 0x81, 0x49, 0x80, 0x3B, 0x07, 
	0x49, 0x49, 0x01, 0x33, 0x28, 0x22, 0x12, 0x0E, 0x80, 0x02, 0x04, 0x03, 0x36, 0x00, 0x3B, 0x49, 
	0x82, 0x3B, 0x05, 0x49, 0x3B, 0x49, 0x01, 0x25, 0x06, 0x80, 0x09, 0x19, 0x06, 0x09, 0x07, 0x07, 
	0x28, 0x21, 0x08, 0x1C, 0x1A, 0x0B, 0x1A, 0x1A, 0x22, 0x06, 0x09, 0x06, 0x09, 0x07, 0x1C, 0x21, 
	0x08, 0x06, 0x06, 0x07, 0x09, 0x06, 0x80, 0x09, 0x13, 0x06, 0x09, 0x09, 0x08, 0x25, 0x1E, 0x19, 
	0x20, 0x36, 0x6B, 0x6A, 0x6F, 0x6E, 0x70, 0x6D, 0x71, 0x6D, 0x70, 0x70, 0x6D, 0x11, 0x6C, 0x6D, 
	0x6D, 0x6E, 0x69, 0x6A, 0x6B, 0x36, 0x37, 0x1F, 0x17, 0x18, 0x10, 0x14, 0x25, 0x08, 0x09, 0x06, 
	0x81, 0x09, 0x09, 0x07, 0x09, 0x08, 0x1A, 0x2A, 0x22, 0x21, 0x08, 0x06, 0x09, 0x80, 0x07, 0x00, 
	0x06, 0x81, 0x09, 0x04, 0x06, 0x09, 0x1C, 0x25, 0x1C, 0x85, 0x09, 0x06, 0x07, 0x06, 0x09, 0x09, 
	0x21, 0x21, 0x07, 0x81, 0x09, 0x01, 0x07, 0x07, 0x82, 0x09, 0x03, 0x19, 0x20, 0x0F, 0x03, 0x80, 
	0x02, 0x01, 0x03, 0x03, 0x83, 0x02, 0x06, 0x19, 0x20, 0x07, 0x24, 0x07, 0x06, 0x07, 0x83, 0x09, 
	0x03, 0x07, 0x21, 0x29, 0x1E, 0x88, 0x09, 0x03, 0x06, 0x19, 0x0D, 0x18, 0x80, 0x02, 0x0B, 0x03, 
	0x02, 0x02, 0x03, 0x03, 0x02, 0x02, 0x03, 0x18, 0x0D, 0x1E, 0x06, 0x82, 0x09, 0x03, 0x07, 0x09, 
	0x09, 0x07, 0x80, 0x09, 0x02, 0x0D, 0x19, 0x06, 0x87, 0x09, 0x06, 0x06, 0x1D, 0x11, 0x03, 0x02, 
	0x02, 0x10, 0x81, 0x02, 0x06, 0x03, 0x02, 0x03, 0x03, 0x02, 0x20, 0x20, 0x81, 0x02, 0x00, 0x03, 
	0x81, 0x02, 0x0A, 0x03, 0x02, 0x02, 0x18, 0x0D, 0x08, 0x09, 0x06, 0x06, 0x17, 0x62, 0x85, 0x63, 
	0x80, 0x62, 0x02, 0x5E, 0x5E, 0x62, 0x85, 0x63, 0x01, 0x62, 0x2E, 0x80, 0x02, 0x05, 0x03, 0x03, 
	0x02, 0x03, 0x02, 0x03, 0x80, 0x02, 0x02, 0x18, 0x2B, 0x01, 0x83, 0x3B, 0x14, 0x49, 0x3B, 0x49, 
	0x01, 0x3B, 0x25, 0x22, 0x19, 0x26, 0x02, 0x02, 0x0C, 0x5D, 0x49, 0x3B, 0x3B, 0x49, 0x3B, 0x3B, 
	0x49, 0x3B, 0x80, 0x49, 0x03, 0x01, 0x25, 0x06, 0x06, 0x84, 0x09, 0x07, 0x1C, 0x1E, 0x22, 0x09, 
	0x08, 0x08, 0x09, 0x06, 0x83, 0x09, 0x08, 0x07, 0x21, 0x1D, 0x07, 0x06, 0x06, 0x09, 0x09, 0x06, 
	0x81, 0x09, 0x0D, 0x24, 0x09, 0x08, 0x2D, 0x1C, 0x08, 0x1C, 0x1E, 0x37, 0x36, 0x6B, 0x6A, 0x6F, 
	0x6E, 0x80, 0x6D, 0x10, 0x69, 0x6A, 0x6B, 0x36, 0x05, 0x1F, 0x17, 0x18, 0x10, 0x02, 0x10, 0x17, 
	0x25, 0x28, 0x09, 0x09, 0x07, 0x80, 0x09, 0x08, 0x06, 0x09, 0x07, 0x06, 0x08, 0x0B, 0x51, 0x25, 
	0x07, 0x80, 0x09, 0x00, 0x07, 0x84, 0x09, 0x04, 0x22, 0x1E, 0x21, 0x07, 0x06, 0x82, 0x09, 0x01, 
	0x06, 0x06, 0x80, 0x09, 0x06, 0x08, 0x21, 0x21, 0x06, 0x09, 0x09, 0x06, 0x84, 0x09, 0x03, 0x07, 
	0x12, 0x20, 0x0F, 0x82, 0x02, 0x02, 0x03, 0x03, 0x02, 0x80, 0x03, 0x07, 0x02, 0x25, 0x20, 0x08, 
	0x06, 0x09, 0x07, 0x07, 0x83, 0x09, 0x07, 0x06, 0x09, 0x0B, 0x0D, 0x09, 0x09, 0x07, 0x06, 0x85, 
	0x09, 0x02, 0x07, 0x16, 0x1F, 0x82, 0x02, 0x0A, 0x03, 0x02, 0x02, 0x03, 0x03, 0x02, 0x03, 0x0F, 
	0x0D, 0x1C, 0x06, 0x87, 0x09, 0x03, 0x06, 0x0E, 0x0D, 0x28, 0x80, 0x09, 0x00, 0x06, 0x84, 0x09, 
	0x03, 0x06, 0x28, 0x11, 0x10, 0x80, 0x02, 0x01, 0x03, 0x03, 0x82, 0x02, 0x09, 0x03, 0x02, 0x19, 
	0x0D, 0x02, 0x02, 0x03, 0x02, 0x02, 0x03, 0x82, 0x02, 0x03, 0x03, 0x02, 0x0F, 0x25, 0x80, 0x06, 
	0x01, 0x28, 0x62, 0x85, 0x63, 0x05, 0x5E, 0x21, 0x22, 0x22, 0x08, 0x29, 0x85, 0x63, 0x01, 0x68, 
	0x23, 0x81, 0x02, 0x00, 0x03, 0x85, 0x02, 0x03, 0x23, 0x00, 0x3B, 0x49, 0x80, 0x3B, 0x14, 0x49, 
	0x3B, 0x49, 0x3B, 0x3B, 0x49, 0x49, 0x04, 0x22, 0x12, 0x0E, 0x31, 0x15, 0x01, 0x49, 0x3B, 0x3B, 
	0x49, 0x3B, 0x3B, 0x49, 0x80, 0x3B, 0x02, 0x49, 0x01, 0x04, 0x81, 0x09, 0x01, 0x06, 0x06, 0x80, 
	0x09, 0x03, 0x06, 0x08, 0x21, 0x1D, 0x80, 0x06, 0x0E, 0x09, 0x09, 0x07, 0x09, 0x06, 0x09, 0x09, 
	0x06, 0x09, 0x1C, 0x21, 0x08, 0x09, 0x09, 0x06, 0x86, 0x09, 0x0C, 0x1C, 0x28, 0x08, 0x09, 0x09, 
	0x07, 0x2D, 0x1E, 0x20, 0x36, 0x6B, 0x6A, 0x69, 0x04, 0x05, 0x23, 0x17, 0x18, 0x10, 0x81, 0x02, 
	0x04, 0x26, 0x1F, 0x21, 0x09, 0x06, 0x85, 0x09, 0x05, 0x27, 0x22, 0x12, 0x66, 0x2C, 0x12, 0x82, 
	0x09, 0x00, 0x07, 0x81, 0x09, 0x05, 0x08, 0x21, 0x25, 0x08, 0x06, 0x06, 0x80, 0x09, 0x00, 0x07, 
	0x83, 0x09, 0x02, 0x22, 0x1E, 0x1C, 0x82, 0x09, 0x09, 0x27, 0x24, 0x09, 0x07, 0x09, 0x09, 0x07, 
	0x13, 0x20, 0x0F, 0x82, 0x02, 0x18, 0x03, 0x03, 0x02, 0x03, 0x03, 0x02, 0x02, 0x0C, 0x1A, 0x1C, 
	0x09, 0x07, 0x09, 0x06, 0x07, 0x09, 0x09, 0x07, 0x09, 0x06, 0x07, 0x06, 0x0D, 0x29, 0x08, 0x87, 
	0x09, 0x04, 0x07, 0x09, 0x19, 0x0D, 0x10, 0x82, 0x02, 0x00, 0x03, 0x81, 0x02, 0x08, 0x03, 0x02, 
	0x05, 0x0A, 0x09, 0x06, 0x06, 0x09, 0x06, 0x84, 0x09, 0x03, 0x06, 0x28, 0x0D, 0x07, 0x84, 0x09, 
	0x00, 0x07, 0x80, 0x09, 0x03, 0x06, 0x1D, 0x11, 0x10, 0x83, 0x02, 0x00, 0x03, 0x80, 0x02, 0x07, 
	0x03, 0x02, 0x14, 0x11, 0x18, 0x02, 0x02, 0x03, 0x81, 0x02, 0x80, 0x03, 0x08, 0x02, 0x02, 0x14, 
	0x0A, 0x09, 0x09, 0x06, 0x0C, 0x62, 0x85, 0x63, 0x06, 0x5E, 0x1E, 0x07, 0x06, 0x09, 0x28, 0x62, 
	0x83, 0x63, 0x03, 0x68, 0x05, 0x13, 0x18, 0x81, 0x02, 0x00, 0x03, 0x80, 0x02, 0x06, 0x03, 0x02, 
	0x03, 0x02, 0x26, 0x30, 0x49, 0x80, 0x3B, 0x04, 0x49, 0x3B, 0x3B, 0x49, 0x3B, 0x80, 0x49, 0x04, 
	0x01, 0x12, 0x22, 0x19, 0x23, 0x83, 0x49, 0x09, 0x3B, 0x3B, 0x49, 0x3B, 0x49, 0x3B, 0x49, 0x01, 
	0x12, 0x06, 0x86, 0x09, 0x05, 0x06, 0x07, 0x1D, 0x25, 0x09, 0x06, 0x82, 0x09, 0x00, 0x06, 0x81, 
	0x09, 0x03, 0x08, 0x21, 0x1D, 0x08, 0x84, 0x09, 0x00, 0x06, 0x80, 0x09, 0x0B, 0x08, 0x1C, 0x21, 
	0x08, 0x07, 0x24, 0x09, 0x09, 0x08, 0x28, 0x12, 0x20, 0x01, 0x10, 0x10, 0x82, 0x02, 0x08, 0x18, 
	0x1F, 0x21, 0x08, 0x06, 0x06, 0x09, 0x07, 0x07, 0x81, 0x09, 0x1C, 0x06, 0x09, 0x1C, 0x12, 0x66, 
	0x1A, 0x0B, 0x12, 0x08, 0x06, 0x09, 0x09, 0x07, 0x09, 0x06, 0x09, 0x07, 0x28, 0x1E, 0x1C, 0x09, 
	0x06, 0x06, 0x09, 0x09, 0x07, 0x09, 0x09, 0x06, 0x80, 0x09, 0x05, 0x06, 0x1C, 0x1E, 0x22, 0x06, 
	0x07, 0x81, 0x09, 0x08, 0x06, 0x09, 0x07, 0x09, 0x09, 0x07, 0x0A, 0x0A, 0x1F, 0x81, 0x02, 0x0C, 
	0x03, 0x03, 0x02, 0x03, 0x02, 0x03, 0x02, 0x02, 0x14, 0x1A, 0x28, 0x09, 0x06, 0x85, 0x09, 0x05, 
	0x06, 0x06, 0x04, 0x29, 0x25, 0x06, 0x80, 0x09, 0x00, 0x06, 0x81, 0x09, 0x05, 0x06, 0x09, 0x09, 
	0x07, 0x16, 0x1F, 0x84, 0x02, 0x08, 0x03, 0x03, 0x02, 0x03, 0x02, 0x0E, 0x0D, 0x28, 0x06, 0x88, 
	0x09, 0x03, 0x06, 0x19, 0x0D, 0x06, 0x88, 0x09, 0x03, 0x06, 0x28, 0x0D, 0x18, 0x80, 0x03, 0x05, 
	0x02, 0x03, 0x02, 0x02, 0x03, 0x03, 0x80, 0x02, 0x02, 0x18, 0x0D, 0x0C, 0x82, 0x02, 0x01, 0x03, 
	0x03, 0x82, 0x02, 0x05, 0x10, 0x0D, 0x22, 0x06, 0x06, 0x25, 0x86, 0x63, 0x07, 0x37, 0x19, 0x1D, 
	0x09, 0x06, 0x06, 0x0F, 0x62, 0x80, 0x63, 0x0B, 0x67, 0x16, 0x17, 0x5A, 0x0E, 0x19, 0x10, 0x02, 
	0x02, 0x03, 0x02, 0x03, 0x80, 0x02, 0x07, 0x03, 0x02, 0x02, 0x10, 0x16, 0x01, 0x49, 0x49, 0x81, 
	0x3B, 0x02, 0x49, 0x3B, 0x3B, 0x80, 0x49, 0x05, 0x01, 0x20, 0x14, 0x2B, 0x00, 0x30, 0x80, 0x49, 
	0x01, 0x3B, 0x3B, 0x80, 0x49, 0x80, 0x3B, 0x03, 0x01, 0x15, 0x22, 0x06, 0x85, 0x09, 0x06, 0x06, 
	0x09, 0x09, 0x22, 0x04, 0x22, 0x06, 0x85, 0x09, 0x05, 0x06, 0x06, 0x09, 0x1C, 0x21, 0x28, 0x81, 
	0x09, 0x00, 0x07, 0x80, 0x09, 0x0D, 0x06, 0x09, 0x06, 0x09, 0x08, 0x2D, 0x21, 0x1C, 0x07, 0x09, 
	0x09, 0x24, 0x06, 0x09, 0x82, 0x02, 0x05, 0x18, 0x0C, 0x25, 0x08, 0x24, 0x06, 0x82, 0x09, 0x0C, 
	0x06, 0x09, 0x06, 0x09, 0x22, 0x21, 0x1D, 0x09, 0x07, 0x08, 0x08, 0x07, 0x06, 0x81, 0x09, 0x07, 
	0x06, 0x09, 0x22, 0x1E, 0x21, 0x07, 0x24, 0x07, 0x87, 0x09, 0x05, 0x07, 0x21, 0x1E, 0x08, 0x06, 
	0x06, 0x86, 0x09, 0x03, 0x07, 0x0A, 0x0A, 0x1F, 0x82, 0x02, 0x09, 0x03, 0x02, 0x03, 0x02, 0x03, 
	0x02, 0x02, 0x0E, 0x1A, 0x25, 0x80, 0x06, 0x01, 0x09, 0x07, 0x84, 0x09, 0x04, 0x08, 0x29, 0x20, 
	0x06, 0x06, 0x83, 0x09, 0x00, 0x07, 0x81, 0x09, 0x04, 0x19, 0x0D, 0x03, 0x02, 0x03, 0x86, 0x02, 
	0x04, 0x03, 0x0F, 0x05, 0x08, 0x06, 0x85, 0x09, 0x00, 0x06, 0x80, 0x09, 0x01, 0x20, 0x20, 0x83, 
	0x09, 0x0B, 0x07, 0x09, 0x09, 0x07, 0x09, 0x09, 0x06, 0x1D, 0x11, 0x18, 0x02, 0x03, 0x80, 0x02, 
	0x03, 0x03, 0x02, 0x03, 0x03, 0x80, 0x02, 0x07, 0x03, 0x0D, 0x19, 0x03, 0x03, 0x02, 0x03, 0x03, 
	0x80, 0x02, 0x01, 0x03, 0x03, 0x80, 0x02, 0x05, 0x0F, 0x04, 0x06, 0x06, 0x1F, 0x62, 0x85, 0x63, 
	0x12, 0x37, 0x17, 0x12, 0x07, 0x06, 0x09, 0x07, 0x0A, 0x2B, 0x37, 0x15, 0x0E, 0x61, 0x5A, 0x5A, 
	0x59, 0x0A, 0x1F, 0x10, 0x81, 0x02, 0x0F, 0x03, 0x02, 0x03, 0x02, 0x02, 0x03, 0x02, 0x0C, 0x01, 
	0x49, 0x49, 0x3B, 0x3B, 0x49, 0x3B, 0x49, 0x80, 0x3B, 0x07, 0x49, 0x3B, 0x49, 0x00, 0x36, 0x1B, 
	0x43, 0x00, 0x80, 0x3B, 0x00, 0x49, 0x84, 0x3B, 0x03, 0x49, 0x2C, 0x19, 0x22, 0x85, 0x09, 0x00, 
	0x06, 0x80, 0x09, 0x02, 0x08, 0x1E, 0x1D, 0x84, 0x09, 0x00, 0x07, 0x82, 0x09, 0x02, 0x1C, 0x21, 
	0x28, 0x84, 0x09, 0x00, 0x07, 0x81, 0x09, 0x07, 0x07, 0x1C, 0x1D, 0x1C, 0x09, 0x06, 0x06, 0x09, 
	0x80, 0x02, 0x04, 0x10, 0x14, 0x04, 0x28, 0x24, 0x84, 0x09, 0x0E, 0x07, 0x06, 0x09, 0x08, 0x1D, 
	0x1D, 0x08, 0x24, 0x09, 0x09, 0x06, 0x06, 0x09, 0x07, 0x07, 0x81, 0x09, 0x03, 0x1C, 0x12, 0x1C, 
	0x06, 0x87, 0x09, 0x08, 0x06, 0x06, 0x09, 0x25, 0x21, 0x09, 0x06, 0x09, 0x27, 0x80, 0x09, 0x00, 
	0x06, 0x81, 0x09, 0x03, 0x07, 0x0A, 0x20, 0x0C, 0x81, 0x02, 0x03, 0x03, 0x03, 0x02, 0x02, 0x80, 
	0x03, 0x06, 0x02, 0x18, 0x20, 0x04, 0x06, 0x09, 0x06, 0x84, 0x09, 0x06, 0x06, 0x09, 0x09, 0x0D, 
	0x29, 0x07, 0x06, 0x80, 0x09, 0x19, 0x06, 0x09, 0x09, 0x06, 0x09, 0x07, 0x09, 0x09, 0x08, 0x16, 
	0x0C, 0x02, 0x03, 0x02, 0x02, 0x03, 0x02, 0x02, 0x03, 0x02, 0x02, 0x03, 0x02, 0x02, 0x0D, 0x0A, 
	0x84, 0x09, 0x01, 0x06, 0x07, 0x81, 0x09, 0x03, 0x27, 0x0D, 0x13, 0x06, 0x82, 0x09, 0x0C, 0x07, 
	0x07, 0x09, 0x07, 0x09, 0x07, 0x06, 0x28, 0x11, 0x10, 0x02, 0x02, 0x03, 0x80, 0x02, 0x83, 0x03, 
	0x02, 0x02, 0x1A, 0x20, 0x86, 0x02, 0x00, 0x03, 0x80, 0x02, 0x05, 0x26, 0x20, 0x06, 0x06, 0x1F, 
	0x62, 0x82, 0x63, 0x07, 0x64, 0x63, 0x63, 0x37, 0x0E, 0x12, 0x28, 0x06, 0x80, 0x09, 0x0B, 0x0E, 
	0x27, 0x04, 0x27, 0x5A, 0x59, 0x59, 0x5A, 0x03, 0x2A, 0x0C, 0x10, 0x84, 0x02, 0x05, 0x03, 0x02, 
	0x02, 0x18, 0x2C, 0x01, 0x81, 0x3B, 0x00, 0x49, 0x80, 0x3B, 0x19, 0x49, 0x49, 0x3B, 0x49, 0x3B, 
	0x00, 0x65, 0x3D, 0x32, 0x00, 0x3B, 0x3B, 0x49, 0x30, 0x49, 0x3B, 0x49, 0x3B, 0x3B, 0x49, 0x49, 
	0x33, 0x26, 0x19, 0x21, 0x06, 0x87, 0x09, 0x05, 0x06, 0x06, 0x21, 0x25, 0x08, 0x06, 0x85, 0x09, 
	0x80, 0x06, 0x03, 0x08, 0x1D, 0x21, 0x1C, 0x87, 0x09, 0x07, 0x07, 0x09, 0x07, 0x1D, 0x28, 0x07, 
	0x09, 0x24, 0x0A, 0x02, 0x10, 0x26, 0x04, 0x21, 0x07, 0x09, 0x09, 0x07, 0x09, 0x06, 0x83, 0x09, 
	0x04, 0x22, 0x21, 0x08, 0x09, 0x24, 0x85, 0x09, 0x06, 0x07, 0x06, 0x06, 0x28, 0x1E, 0x08, 0x06, 
	0x81, 0x09, 0x00, 0x07, 0x80, 0x09, 0x0B, 0x06, 0x09, 0x09, 0x06, 0x0E, 0x1E, 0x1D, 0x09, 0x06, 
	0x09, 0x09, 0x06, 0x80, 0x09, 0x00, 0x06, 0x80, 0x09, 0x03, 0x08, 0x0A, 0x20, 0x14, 0x84, 0x02, 
	0x00, 0x03, 0x80, 0x02, 0x06, 0x03, 0x03, 0x20, 0x12, 0x07, 0x09, 0x07, 0x83, 0x09, 0x07, 0x07, 
	0x06, 0x09, 0x09, 0x12, 0x29, 0x28, 0x06, 0x88, 0x09, 0x13, 0x06, 0x19, 0x0D, 0x03, 0x02, 0x03, 
	0x02, 0x03, 0x03, 0x02, 0x03, 0x02, 0x02, 0x03, 0x02, 0x02, 0x0E, 0x0D, 0x04, 0x06, 0x88, 0x09, 
	0x06, 0x06, 0x08, 0x0D, 0x25, 0x06, 0x06, 0x07, 0x80, 0x09, 0x09, 0x06, 0x09, 0x06, 0x09, 0x09, 
	0x06, 0x06, 0x28, 0x0B, 0x10, 0x81, 0x02, 0x00, 0x03, 0x81, 0x02, 0x00, 0x03, 0x80, 0x02, 0x02, 
	0x13, 0x1A, 0x10, 0x82, 0x02, 0x03, 0x03, 0x03, 0x02, 0x03, 0x80, 0x02, 0x05, 0x03, 0x0D, 0x22, 
	0x06, 0x0F, 0x62, 0x85, 0x63, 0x03, 0x2B, 0x09, 0x1C, 0x12, 0x81, 0x09, 0x19, 0x06, 0x06, 0x0E, 
	0x19, 0x5A, 0x58, 0x5A, 0x58, 0x59, 0x25, 0x0D, 0x0C, 0x02, 0x02, 0x03, 0x02, 0x02, 0x03, 0x02, 
	0x02, 0x03, 0x02, 0x10, 0x23, 0x00, 0x49, 0x82, 0x3B, 0x13, 0x49, 0x3B, 0x3B, 0x49, 0x49, 0x3B, 
	0x49, 0x3B, 0x5D, 0x30, 0x2F, 0x32, 0x5D, 0x49, 0x3B, 0x3B, 0x49, 0x3B, 0x49, 0x3B, 0x80, 0x49, 
	0x04, 0x3B, 0x26, 0x03, 0x0F, 0x25, 0x80, 0x09, 0x12, 0x07, 0x09, 0x09, 0x07, 0x09, 0x06, 0x09, 
	0x07, 0x09, 0x06, 0x22, 0x1E, 0x1C, 0x09, 0x07, 0x09, 0x07, 0x09, 0x07, 0x84, 0x09, 0x04, 0x08, 
	0x21, 0x21, 0x08, 0x06, 0x81, 0x09, 0x02, 0x07, 0x07, 0x06, 0x80, 0x09, 0x04, 0x07, 0x08, 0x21, 
	0x22, 0x09, 0x04, 0x18, 0x1F, 0x21, 0x08, 0x06, 0x83, 0x09, 0x80, 0x06, 0x04, 0x09, 0x09, 0x1D, 
	0x1D, 0x07, 0x86, 0x09, 0x07, 0x07, 0x09, 0x06, 0x07, 0x28, 0x1E, 0x08, 0x06, 0x87, 0x09, 0x05, 
	0x06, 0x06, 0x1C, 0x1E, 0x1C, 0x06, 0x85, 0x09, 0x06, 0x06, 0x09, 0x06, 0x08, 0x0A, 0x05, 0x17, 
	0x80, 0x02, 0x80, 0x03, 0x81, 0x02, 0x05, 0x03, 0x02, 0x03, 0x0A, 0x0A, 0x06, 0x86, 0x09, 0x06, 
	0x06, 0x09, 0x09, 0x1C, 0x29, 0x0A, 0x06, 0x87, 0x09, 0x04, 0x07, 0x06, 0x08, 0x16, 0x0C, 0x84, 
	0x02, 0x0C, 0x03, 0x02, 0x03, 0x03, 0x02, 0x03, 0x23, 0x0D, 0x22, 0x06, 0x09, 0x07, 0x06, 0x83, 
	0x09, 0x07, 0x06, 0x09, 0x09, 0x22, 0x20, 0x1C, 0x07, 0x07, 0x87, 0x09, 0x03, 0x06, 0x28, 0x0B, 
	0x10, 0x81, 0x02, 0x82, 0x03, 0x81, 0x02, 0x07, 0x0C, 0x0B, 0x10, 0x02, 0x03, 0x02, 0x03, 0x03, 
	0x85, 0x02, 0x09, 0x23, 0x04, 0x06, 0x22, 0x19, 0x2B, 0x2B, 0x16, 0x37, 0x37, 0x80, 0x16, 0x14, 
	0x1F, 0x09, 0x07, 0x12, 0x28, 0x06, 0x09, 0x06, 0x09, 0x06, 0x06, 0x25, 0x1F, 0x5C, 0x59, 0x58, 
	0x59, 0x27, 0x0C, 0x20, 0x0C, 0x80, 0x02, 0x03, 0x03, 0x03, 0x02, 0x03, 0x80, 0x02, 0x03, 0x26, 
	0x33, 0x49, 0x49, 0x80, 0x3B, 0x00, 0x49, 0x80, 0x3B, 0x80, 0x49, 0x81, 0x3B, 0x07, 0x5D, 0x3C, 
	0x34, 0x48, 0x49, 0x3B, 0x3B, 0x49, 0x80, 0x3B, 0x09, 0x49, 0x49, 0x00, 0x1F, 0x02, 0x10, 0x1F, 
	0x12, 0x07, 0x06, 0x82, 0x09, 0x0A, 0x06, 0x09, 0x06, 0x07, 0x09, 0x06, 0x07, 0x21, 0x25, 0x08, 
	0x06, 0x86, 0x09, 0x05, 0x06, 0x24, 0x09, 0x1C, 0x1E, 0x08, 0x86, 0x09, 0x05, 0x06, 0x09, 0x09, 
	0x07, 0x28, 0x21, 0x02, 0x04, 0x1C, 0x24, 0x83, 0x09, 0x00, 0x07, 0x81, 0x09, 0x03, 0x08, 0x21, 
	0x1C, 0x07, 0x87, 0x09, 0x06, 0x06, 0x09, 0x09, 0x21, 0x04, 0x08, 0x06, 0x84, 0x09, 0x08, 0x06, 
	0x09, 0x09, 0x06, 0x06, 0x21, 0x04, 0x08, 0x06, 0x80, 0x09, 0x02, 0x06, 0x09, 0x27, 0x82, 0x09, 
	0x04, 0x08, 0x20, 0x20, 0x26, 0x27, 0x86, 0x02, 0x07, 0x03, 0x03, 0x02, 0x12, 0x20, 0x09, 0x24, 
	0x07, 0x84, 0x09, 0x00, 0x06, 0x80, 0x09, 0x01, 0x15, 0x11, 0x81, 0x09, 0x00, 0x07, 0x86, 0x09, 
	0x04, 0x19, 0x05, 0x03, 0x02, 0x02, 0x80, 0x03, 0x0B, 0x02, 0x03, 0x02, 0x03, 0x02, 0x03, 0x02, 
	0x02, 0x0D, 0x0A, 0x06, 0x24, 0x84, 0x09, 0x0A, 0x07, 0x07, 0x09, 0x09, 0x06, 0x04, 0x0D, 0x06, 
	0x09, 0x09, 0x07, 0x84, 0x09, 0x05, 0x06, 0x09, 0x06, 0x28, 0x11, 0x10, 0x80, 0x02, 0x05, 0x03, 
	0x02, 0x03, 0x02, 0x02, 0x03, 0x81, 0x02, 0x02, 0x18, 0x1A, 0x14, 0x85, 0x02, 0x10, 0x03, 0x02, 
	0x02, 0x03, 0x02, 0x14, 0x20, 0x06, 0x06, 0x09, 0x28, 0x57, 0x5C, 0x57, 0x5C, 0x0E, 0x0E, 0x81, 
	0x09, 0x02, 0x28, 0x0A, 0x07, 0x80, 0x09, 0x0C, 0x22, 0x28, 0x0F, 0x0A, 0x5C, 0x58, 0x58, 0x59, 
	0x57, 0x1D, 0x08, 0x20, 0x14, 0x81, 0x02, 0x08, 0x03, 0x02, 0x02, 0x03, 0x02, 0x02, 0x05, 0x00, 
	0x49, 0x82, 0x3B, 0x02, 0x49, 0x3B, 0x49, 0x80, 0x3B, 0x17, 0x49, 0x3B, 0x3B, 0x49, 0x5D, 0x32, 
	0x34, 0x49, 0x49, 0x3B, 0x49, 0x49, 0x3B, 0x49, 0x3B, 0x3B, 0x01, 0x2E, 0x10, 0x02, 0x02, 0x14, 
	0x12, 0x1C, 0x84, 0x09, 0x09, 0x06, 0x09, 0x09, 0x06, 0x09, 0x09, 0x1C, 0x04, 0x22, 0x06, 0x81, 
	0x09, 0x00, 0x06, 0x81, 0x09, 0x0D, 0x06, 0x06, 0x24, 0x07, 0x21, 0x21, 0x07, 0x06, 0x09, 0x09, 
	0x07, 0x09, 0x09, 0x24, 0x81, 0x09, 0x01, 0x06, 0x22, 0x06, 0x09, 0x06, 0x09, 0x09, 0x07, 0x09, 
	0x24, 0x81, 0x09, 0x09, 0x06, 0x09, 0x1C, 0x25, 0x08, 0x09, 0x06, 0x09, 0x09, 0x07, 0x80, 0x09, 
	0x0A, 0x07, 0x09, 0x09, 0x06, 0x06, 0x22, 0x04, 0x21, 0x09, 0x06, 0x06, 0x81, 0x09, 0x02, 0x06, 
	0x09, 0x06, 0x80, 0x09, 0x04, 0x08, 0x25, 0x21, 0x08, 0x06, 0x80, 0x09, 0x00, 0x06, 0x82, 0x09, 
	0x05, 0x07, 0x09, 0x22, 0x20, 0x20, 0x18, 0x85, 0x02, 0x81, 0x03, 0x07, 0x02, 0x0F, 0x1A, 0x08, 
	0x06, 0x09, 0x07, 0x06, 0x86, 0x09, 0x03, 0x0A, 0x29, 0x22, 0x06, 0x89, 0x09, 0x02, 0x22, 0x16, 
	0x0C, 0x82, 0x02, 0x00, 0x03, 0x82, 0x02, 0x05, 0x03, 0x03, 0x26, 0x0D, 0x21, 0x06, 0x83, 0x09, 
	0x00, 0x07, 0x82, 0x09, 0x07, 0x06, 0x13, 0x20, 0x09, 0x06, 0x09, 0x09, 0x06, 0x85, 0x09, 0x04, 
	0x06, 0x28, 0x0B, 0x18, 0x02, 0x80, 0x03, 0x01, 0x02, 0x02, 0x80, 0x03, 0x06, 0x02, 0x03, 0x02, 
	0x02, 0x03, 0x0D, 0x19, 0x80, 0x02, 0x38, 0x03, 0x02, 0x03, 0x03, 0x02, 0x02, 0x03, 0x03, 0x02, 
	0x02, 0x10, 0x0D, 0x22, 0x09, 0x07, 0x14, 0x5C, 0x59, 0x5C, 0x5A, 0x0E, 0x08, 0x09, 0x06, 0x09, 
	0x06, 0x27, 0x12, 0x21, 0x09, 0x14, 0x0F, 0x28, 0x27, 0x5C, 0x5C, 0x59, 0x58, 0x58, 0x5A, 0x0E, 
	0x1C, 0x06, 0x22, 0x0D, 0x26, 0x02, 0x02, 0x03, 0x03, 0x02, 0x02, 0x03, 0x02, 0x02, 0x0C, 0x01, 
	0x87, 0x3B, 0x00, 0x49, 0x80, 0x3B, 0x80, 0x49, 0x04, 0x5D, 0x43, 0x36, 0x30, 0x48, 0x82, 0x3B, 
	0x03, 0x49, 0x01, 0x2C, 0x18, 0x80, 0x02, 0x02, 0x26, 0x12, 0x28, 0x83, 0x09, 0x0A, 0x06, 0x09, 
	0x09, 0x06, 0x09, 0x06, 0x06, 0x08, 0x1E, 0x1D, 0x07, 0x88, 0x09, 0x06, 0x06, 0x07, 0x1D, 0x1E, 
	0x08, 0x09, 0x06, 0x80, 0x09, 0x00, 0x06, 0x83, 0x09, 0x81, 0x09, 0x0C, 0x06, 0x09, 0x09, 0x06, 
	0x09, 0x06, 0x06, 0x08, 0x21, 0x21, 0x08, 0x06, 0x07, 0x85, 0x09, 0x07, 0x06, 0x06, 0x09, 0x25, 
	0x1E, 0x1C, 0x09, 0x07, 0x81, 0x09, 0x00, 0x07, 0x82, 0x09, 0x04, 0x06, 0x08, 0x1E, 0x21, 0x06, 
	0x89, 0x09, 0x07, 0x1C, 0x20, 0x0A, 0x18, 0x10, 0x02, 0x02, 0x03, 0x81, 0x02, 0x00, 0x03, 0x81, 
	0x02, 0x05, 0x25, 0x20, 0x22, 0x06, 0x09, 0x06, 0x80, 0x09, 0x00, 0x06, 0x83, 0x09, 0x02, 0x21, 
	0x29, 0x1E, 0x8B, 0x09, 0x01, 0x0A, 0x0D, 0x81, 0x02, 0x04, 0x03, 0x02, 0x03, 0x02, 0x02, 0x82, 
	0x03, 0x04, 0x0F, 0x0A, 0x22, 0x06, 0x06, 0x81, 0x09, 0x01, 0x06, 0x06, 0x81, 0x09, 0x04, 0x06, 
	0x09, 0x0D, 0x20, 0x27, 0x80, 0x06, 0x02, 0x09, 0x09, 0x07, 0x83, 0x09, 0x07, 0x06, 0x28, 0x0D, 
	0x18, 0x02, 0x03, 0x02, 0x03, 0x82, 0x02, 0x01, 0x03, 0x03, 0x80, 0x02, 0x01, 0x0D, 0x20, 0x81, 
	0x02, 0x01, 0x03, 0x02, 0x81, 0x03, 0x81, 0x02, 0x31, 0x23, 0x04, 0x09, 0x09, 0x28, 0x58, 0x5C, 
	0x59, 0x59, 0x27, 0x1C, 0x09, 0x09, 0x27, 0x06, 0x28, 0x3D, 0x0D, 0x1F, 0x1C, 0x57, 0x5A, 0x59, 
	0x58, 0x58, 0x5A, 0x58, 0x5A, 0x27, 0x21, 0x09, 0x09, 0x06, 0x1D, 0x20, 0x10, 0x02, 0x03, 0x02, 
	0x03, 0x02, 0x03, 0x03, 0x02, 0x10, 0x2B, 0x01, 0x30, 0x3B, 0x3B, 0x81, 0x49, 0x11, 0x3B, 0x3B, 
	0x49, 0x30, 0x3B, 0x3B, 0x49, 0x3B, 0x49, 0x49, 0x5D, 0x43, 0x3C, 0x30, 0x49, 0x3B, 0x3B, 0x49, 
	0x80, 0x3B, 0x01, 0x01, 0x0C, 0x81, 0x02, 0x02, 0x18, 0x19, 0x25, 0x81, 0x09, 0x00, 0x06, 0x84, 
	0x09, 0x06, 0x06, 0x09, 0x21, 0x1E, 0x22, 0x06, 0x06, 0x81, 0x09, 0x00, 0x06, 0x83, 0x09, 0x03, 
	0x08, 0x1E, 0x21, 0x08, 0x80, 0x06, 0x06, 0x09, 0x09, 0x06, 0x09, 0x09, 0x06, 0x09, 0x01, 0x09, 
	0x06, 0x80, 0x07, 0x0A, 0x06, 0x09, 0x06, 0x06, 0x09, 0x28, 0x1E, 0x1C, 0x09, 0x06, 0x06, 0x83, 
	0x09, 0x1B, 0x07, 0x09, 0x06, 0x07, 0x28, 0x19, 0x1D, 0x09, 0x06, 0x09, 0x09, 0x07, 0x09, 0x09, 
	0x06, 0x09, 0x07, 0x09, 0x07, 0x06, 0x09, 0x22, 0x12, 0x1C, 0x06, 0x06, 0x09, 0x07, 0x80, 0x09, 
	0x00, 0x07, 0x82, 0x09, 0x08, 0x28, 0x05, 0x0A, 0x18, 0x10, 0x02, 0x03, 0x03, 0x02, 0x81, 0x03, 
	0x81, 0x02, 0x04, 0x14, 0x1A, 0x28, 0x06, 0x06, 0x86, 0x09, 0x04, 0x07, 0x09, 0x08, 0x15, 0x11, 
	0x80, 0x09, 0x00, 0x06, 0x81, 0x09, 0x00, 0x06, 0x81, 0x09, 0x03, 0x06, 0x22, 0x16, 0x14, 0x83, 
	0x02, 0x00, 0x03, 0x84, 0x02, 0x03, 0x0D, 0x12, 0x09, 0x06, 0x80, 0x09, 0x00, 0x06, 0x82, 0x09, 
	0x07, 0x07, 0x06, 0x06, 0x09, 0x0D, 0x19, 0x09, 0x06, 0x80, 0x09, 0x00, 0x06, 0x80, 0x09, 0x0D, 
	0x07, 0x09, 0x09, 0x07, 0x06, 0x1D, 0x11, 0x18, 0x02, 0x02, 0x03, 0x03, 0x02, 0x03, 0x81, 0x02, 
	0x06, 0x03, 0x03, 0x02, 0x02, 0x05, 0x1A, 0x10, 0x81, 0x02, 0x01, 0x03, 0x02, 0x81, 0x03, 0x0D, 
	0x02, 0x03, 0x02, 0x17, 0x0D, 0x07, 0x09, 0x28, 0x5C, 0x59, 0x59, 0x5A, 0x27, 0x1C, 0x80, 0x09, 
	0x03, 0x08, 0x5B, 0x3F, 0x26, 0x80, 0x5A, 0x08, 0x58, 0x58, 0x59, 0x5A, 0x59, 0x5A, 0x27, 0x21, 
	0x08, 0x80, 0x06, 0x02, 0x09, 0x19, 0x0F, 0x83, 0x02, 0x0D, 0x03, 0x02, 0x02, 0x13, 0x01, 0x3B, 
	0x49, 0x3B, 0x3B, 0x49, 0x49, 0x3B, 0x49, 0x3B, 0x82, 0x49, 0x00, 0x3B, 0x80, 0x49, 0x0B, 0x00, 
	0x43, 0x2F, 0x30, 0x48, 0x30, 0x49, 0x3B, 0x3B, 0x49, 0x00, 0x36, 0x82, 0x02, 0x05, 0x10, 0x1F, 
	0x12, 0x07, 0x09, 0x06, 0x88, 0x09, 0x02, 0x22, 0x1E, 0x1D, 0x81, 0x09, 0x01, 0x06, 0x06, 0x83, 
	0x09, 0x05, 0x06, 0x09, 0x1C, 0x25, 0x1D, 0x09, 0x80, 0x06, 0x04, 0x09, 0x09, 0x06, 0x09, 0x09, 
	0x0D, 0x09, 0x06, 0x09, 0x09, 0x06, 0x27, 0x09, 0x06, 0x22, 0x25, 0x1D, 0x09, 0x07, 0x06, 0x85, 
	0x09, 0x05, 0x06, 0x09, 0x22, 0x19, 0x1E, 0x08, 0x80, 0x06, 0x84, 0x09, 0x08, 0x06, 0x09, 0x06, 
	0x09, 0x28, 0x1E, 0x08, 0x06, 0x06, 0x82, 0x09, 0x00, 0x07, 0x81, 0x09, 0x06, 0x06, 0x28, 0x0A, 
	0x0A, 0x18, 0x10, 0x10, 0x85, 0x02, 0x05, 0x03, 0x02, 0x02, 0x14, 0x1A, 0x21, 0x82, 0x09, 0x00, 
	0x07, 0x85, 0x09, 0x0C, 0x0D, 0x29, 0x08, 0x06, 0x06, 0x09, 0x27, 0x06, 0x09, 0x09, 0x27, 0x06, 
	0x27, 0x80, 0x09, 0x03, 0x06, 0x0A, 0x0D, 0x10, 0x84, 0x02, 0x08, 0x03, 0x02, 0x02, 0x03, 0x02, 
	0x02, 0x14, 0x0D, 0x28, 0x80, 0x06, 0x02, 0x09, 0x06, 0x09, 0x80, 0x06, 0x0A, 0x09, 0x09, 0x06, 
	0x09, 0x06, 0x08, 0x0D, 0x28, 0x09, 0x09, 0x06, 0x87, 0x09, 0x06, 0x06, 0x28, 0x0D, 0x03, 0x02, 
	0x02, 0x03, 0x88, 0x02, 0x2D, 0x04, 0x0D, 0x10, 0x02, 0x03, 0x02, 0x03, 0x02, 0x03, 0x03, 0x02, 
	0x02, 0x03, 0x02, 0x03, 0x02, 0x03, 0x0D, 0x28, 0x06, 0x0C, 0x57, 0x5A, 0x59, 0x5A, 0x57, 0x1C, 
	0x09, 0x09, 0x06, 0x22, 0x4D, 0x41, 0x18, 0x5A, 0x58, 0x58, 0x5C, 0x58, 0x58, 0x59, 0x57, 0x14, 
	0x28, 0x09, 0x06, 0x80, 0x09, 0x03, 0x06, 0x08, 0x20, 0x14, 0x85, 0x02, 0x09, 0x1F, 0x01, 0x49, 
	0x3B, 0x3B, 0x49, 0x3B, 0x49, 0x3B, 0x49, 0x80, 0x3B, 0x00, 0x49, 0x84, 0x3B, 0x05, 0x5D, 0x43, 
	0x2F, 0x3B, 0x49, 0x49, 0x80, 0x3B, 0x02, 0x49, 0x30, 0x26, 0x83, 0x02, 0x03, 0x14, 0x0A, 0x22, 
	0x06, 0x84, 0x09, 0x08, 0x06, 0x09, 0x06, 0x06, 0x09, 0x07, 0x21, 0x04, 0x08, 0x84, 0x09, 0x01, 
	0x27, 0x06, 0x80, 0x09, 0x06, 0x27, 0x08, 0x21, 0x19, 0x08, 0x27, 0x06, 0x80, 0x09, 0x01, 0x06, 
	0x07, 0x0B, 0x21, 0x0C, 0x25, 0x04, 0x19, 0x0A, 0x20, 0x0A, 0x1E, 0x1C, 0x09, 0x27, 0x80, 0x09, 
	0x00, 0x06, 0x80, 0x09, 0x00, 0x07, 0x80, 0x09, 0x08, 0x21, 0x2A, 0x0B, 0x12, 0x19, 0x04, 0x19, 
	0x1E, 0x19, 0x80, 0x12, 0x0B, 0x19, 0x04, 0x25, 0x04, 0x04, 0x0F, 0x0A, 0x1E, 0x08, 0x06, 0x09, 
	0x06, 0x80, 0x09, 0x00, 0x07, 0x83, 0x09, 0x07, 0x28, 0x05, 0x11, 0x19, 0x23, 0x1F, 0x0C, 0x0C, 
	0x80, 0x1F, 0x00, 0x14, 0x80, 0x18, 0x04, 0x14, 0x0C, 0x19, 0x1A, 0x04, 0x80, 0x09, 0x13, 0x07, 
	0x09, 0x09, 0x06, 0x09, 0x06, 0x09, 0x09, 0x06, 0x09, 0x06, 0x04, 0x29, 0x0B, 0x25, 0x25, 0x04, 
	0x12, 0x0A, 0x12, 0x81, 0x04, 0x08, 0x12, 0x19, 0x12, 0x12, 0x0A, 0x16, 0x26, 0x02, 0x10, 0x80, 
	0x02, 0x00, 0x03, 0x85, 0x02, 0x07, 0x0F, 0x2B, 0x12, 0x21, 0x21, 0x25, 0x21, 0x28, 0x80, 0x21, 
	0x09, 0x25, 0x21, 0x04, 0x25, 0x04, 0x28, 0x25, 0x0D, 0x08, 0x06, 0x84, 0x09, 0x10, 0x06, 0x07, 
	0x07, 0x09, 0x09, 0x06, 0x1D, 0x0B, 0x26, 0x03, 0x18, 0x18, 0x03, 0x18, 0x03, 0x18, 0x26, 0x81, 
	0x18, 0x09, 0x03, 0x03, 0x1F, 0x0D, 0x18, 0x03, 0x03, 0x02, 0x03, 0x03, 0x80, 0x02, 0x80, 0x03, 
	0x80, 0x02, 0x10, 0x1F, 0x2C, 0x12, 0x0D, 0x22, 0x5A, 0x58, 0x58, 0x5A, 0x28, 0x20, 0x20, 0x12, 
	0x1A, 0x4D, 0x41, 0x10, 0x81, 0x58, 0x04, 0x59, 0x58, 0x0E, 0x04, 0x28, 0x82, 0x09, 0x0E, 0x06, 
	0x09, 0x06, 0x1D, 0x05, 0x26, 0x18, 0x26, 0x0C, 0x0C, 0x1F, 0x1F, 0x0C, 0x05, 0x01, 0x84, 0x3B, 
	0x01, 0x49, 0x49, 0x80, 0x3B, 0x00, 0x49, 0x82, 0x3B, 0x0C, 0x49, 0x49, 0x00, 0x32, 0x2F, 0x48, 
	0x49, 0x49, 0x3B, 0x49, 0x3B, 0x00, 0x13, 0x80, 0x10, 0x08, 0x18, 0x10, 0x18, 0x10, 0x1F, 0x29, 
	0x28, 0x06, 0x06, 0x89, 0x09, 0x13, 0x28, 0x12, 0x0A, 0x19, 0x04, 0x0F, 0x04, 0x25, 0x04, 0x0F, 
	0x12, 0x19, 0x04, 0x19, 0x12, 0x12, 0x19, 0x11, 0x11, 0x21, 0x80, 0x09, 0x02, 0x06, 0x06, 0x09, 
	0x0D, 0x18, 0x03, 0x18, 0x18, 0x17, 0x13, 0x29, 0x21, 0x09, 0x06, 0x06, 0x09, 0x09, 0x06, 0x85, 
	0x09, 0x14, 0x0F, 0x29, 0x13, 0x1F, 0x0C, 0x14, 0x0C, 0x0C, 0x14, 0x14, 0x17, 0x26, 0x17, 0x26, 
	0x0E, 0x17, 0x18, 0x23, 0x51, 0x25, 0x06, 0x80, 0x09, 0x00, 0x06, 0x83, 0x09, 0x05, 0x06, 0x03, 
	0x06, 0x21, 0x20, 0x0A, 0x81, 0x18, 0x01, 0x03, 0x03, 0x80, 0x18, 0x80, 0x03, 0x05, 0x02, 0x02, 
	0x26, 0x1A, 0x19, 0x06, 0x8A, 0x09, 0x1A, 0x22, 0x29, 0x15, 0x19, 0x19, 0x13, 0x13, 0x05, 0x13, 
	0x13, 0x05, 0x05, 0x13, 0x13, 0x0F, 0x1F, 0x0C, 0x26, 0x16, 0x0D, 0x03, 0x03, 0x02, 0x03, 0x02, 
	0x02, 0x03, 0x80, 0x02, 0x0C, 0x03, 0x02, 0x03, 0x02, 0x02, 0x16, 0x0B, 0x1F, 0x14, 0x26, 0x14, 
	0x14, 0x0C, 0x80, 0x14, 0x00, 0x26, 0x80, 0x0E, 0x04, 0x26, 0x0C, 0x15, 0x0D, 0x06, 0x8A, 0x09, 
	0x19, 0x06, 0x22, 0x0D, 0x05, 0x0A, 0x12, 0x13, 0x12, 0x13, 0x0A, 0x1A, 0x0D, 0x1A, 0x0D, 0x05, 
	0x0A, 0x0A, 0x05, 0x15, 0x0D, 0x0C, 0x03, 0x03, 0x02, 0x03, 0x02, 0x80, 0x03, 0x16, 0x02, 0x03, 
	0x02, 0x03, 0x02, 0x02, 0x26, 0x2C, 0x0C, 0x18, 0x1F, 0x5C, 0x58, 0x58, 0x59, 0x27, 0x13, 0x23, 
	0x0F, 0x20, 0x4C, 0x40, 0x31, 0x80, 0x58, 0x08, 0x59, 0x57, 0x28, 0x28, 0x07, 0x06, 0x09, 0x09, 
	0x07, 0x81, 0x09, 0x06, 0x06, 0x03, 0x12, 0x2C, 0x0B, 0x05, 0x19, 0x80, 0x13, 0x04, 0x19, 0x36, 
	0x48, 0x49, 0x49, 0x80, 0x3B, 0x01, 0x49, 0x3B, 0x80, 0x49, 0x85, 0x3B, 0x17, 0x49, 0x49, 0x3B, 
	0x00, 0x3C, 0x2F, 0x00, 0x49, 0x3B, 0x49, 0x3B, 0x49, 0x33, 0x13, 0x12, 0x13, 0x12, 0x0A, 0x13, 
	0x0A, 0x20, 0x15, 0x0B, 0x25, 0x86, 0x09, 0x00, 0x06, 0x81, 0x09, 0x03, 0x08, 0x12, 0x0D, 0x17, 
	0x83, 0x18, 0x0B, 0x26, 0x18, 0x26, 0x0E, 0x26, 0x0E, 0x26, 0x17, 0x19, 0x19, 0x08, 0x06, 0x80, 
	0x09, 0x08, 0x02, 0x03, 0x02, 0x18, 0x1F, 0x04, 0x08, 0x09, 0x06, 0x83, 0x09, 0x00, 0x06, 0x80, 
	0x09, 0x05, 0x06, 0x09, 0x12, 0x0F, 0x18, 0x10, 0x8A, 0x02, 0x0C, 0x26, 0x20, 0x1C, 0x06, 0x09, 
	0x06, 0x07, 0x09, 0x09, 0x06, 0x09, 0x09, 0x07, 0x80, 0x09, 0x04, 0x06, 0x21, 0x20, 0x13, 0x18, 
	0x80, 0x10, 0x02, 0x03, 0x02, 0x03, 0x80, 0x02, 0x0F, 0x03, 0x02, 0x02, 0x03, 0x03, 0x0A, 0x0A, 
	0x06, 0x09, 0x06, 0x09, 0x07, 0x09, 0x06, 0x09, 0x07, 0x81, 0x09, 0x07, 0x07, 0x06, 0x11, 0x15, 
	0x18, 0x10, 0x02, 0x10, 0x82, 0x02, 0x80, 0x10, 0x80, 0x02, 0x02, 0x18, 0x16, 0x14, 0x81, 0x02, 
	0x01, 0x03, 0x02, 0x80, 0x03, 0x82, 0x02, 0x03, 0x14, 0x0D, 0x18, 0x10, 0x81, 0x02, 0x00, 0x03, 
	0x86, 0x02, 0x02, 0x05, 0x20, 0x06, 0x82, 0x09, 0x00, 0x06, 0x82, 0x09, 0x1B, 0x07, 0x06, 0x09, 
	0x22, 0x0B, 0x08, 0x08, 0x09, 0x08, 0x07, 0x08, 0x09, 0x09, 0x08, 0x03, 0x08, 0x07, 0x08, 0x07, 
	0x08, 0x08, 0x0B, 0x19, 0x02, 0x03, 0x02, 0x02, 0x03, 0x81, 0x02, 0x15, 0x03, 0x02, 0x02, 0x03, 
	0x02, 0x03, 0x05, 0x1F, 0x02, 0x26, 0x08, 0x5A, 0x59, 0x58, 0x59, 0x0E, 0x18, 0x02, 0x26, 0x47, 
	0x40, 0x26, 0x80, 0x58, 0x04, 0x5A, 0x21, 0x14, 0x06, 0x06, 0x80, 0x09, 0x00, 0x06, 0x81, 0x09, 
	0x04, 0x06, 0x06, 0x08, 0x29, 0x0C, 0x83, 0x02, 0x05, 0x23, 0x00, 0x30, 0x49, 0x30, 0x3B, 0x80, 
	0x49, 0x80, 0x3B, 0x04, 0x49, 0x30, 0x3B, 0x3B, 0x49, 0x83, 0x3B, 0x0C, 0x49, 0x00, 0x44, 0x2F, 
	0x00, 0x3B, 0x3B, 0x49, 0x49, 0x00, 0x0F, 0x09, 0x08, 0x80, 0x07, 0x06, 0x09, 0x08, 0x09, 0x08, 
	0x04, 0x12, 0x07, 0x80, 0x09, 0x02, 0x06, 0x09, 0x06, 0x82, 0x09, 0x80, 0x06, 0x06, 0x21, 0x19, 
	0x26, 0x02, 0x02, 0x10, 0x03, 0x86, 0x02, 0x06, 0x10, 0x17, 0x19, 0x28, 0x09, 0x06, 0x07, 0x06, 
	0x02, 0x02, 0x26, 0x12, 0x1D, 0x09, 0x06, 0x82, 0x09, 0x00, 0x06, 0x83, 0x09, 0x07, 0x08, 0x12, 
	0x1F, 0x10, 0x03, 0x02, 0x02, 0x10, 0x87, 0x02, 0x06, 0x0C, 0x0A, 0x08, 0x06, 0x09, 0x09, 0x07, 
	0x86, 0x09, 0x03, 0x06, 0x04, 0x20, 0x19, 0x82, 0x02, 0x06, 0x03, 0x02, 0x03, 0x02, 0x03, 0x02, 
	0x03, 0x80, 0x02, 0x0C, 0x0A, 0x20, 0x07, 0x06, 0x07, 0x07, 0x09, 0x09, 0x06, 0x09, 0x07, 0x09, 
	0x06, 0x80, 0x09, 0x03, 0x06, 0x12, 0x15, 0x0C, 0x8C, 0x02, 0x06, 0x13, 0x05, 0x10, 0x02, 0x02, 
	0x03, 0x02, 0x81, 0x03, 0x01, 0x02, 0x03, 0x81, 0x02, 0x09, 0x13, 0x05, 0x03, 0x03, 0x02, 0x03, 
	0x03, 0x02, 0x03, 0x03, 0x85, 0x02, 0x02, 0x0D, 0x0A, 0x06, 0x84, 0x09, 0x00, 0x06, 0x81, 0x09, 
	0x06, 0x03, 0x06, 0x1D, 0x11, 0x09, 0x06, 0x09, 0x84, 0x06, 0x00, 0x07, 0x82, 0x06, 0x0B, 0x1A, 
	0x05, 0x02, 0x02, 0x03, 0x02, 0x02, 0x03, 0x02, 0x02, 0x03, 0x03, 0x82, 0x02, 0x16, 0x0C, 0x0D, 
	0x10, 0x10, 0x14, 0x61, 0x59, 0x58, 0x58, 0x61, 0x0C, 0x02, 0x0E, 0x47, 0x40, 0x39, 0x61, 0x58, 
	0x58, 0x59, 0x03, 0x1E, 0x06, 0x87, 0x09, 0x04, 0x07, 0x06, 0x25, 0x13, 0x10, 0x82, 0x02, 0x03, 
	0x23, 0x01, 0x49, 0x49, 0x80, 0x3B, 0x02, 0x49, 0x3B, 0x49, 0x81, 0x3B, 0x00, 0x49, 0x82, 0x3B, 
	0x08, 0x49, 0x49, 0x3B, 0x3B, 0x49, 0x48, 0x4E, 0x32, 0x00, 0x80, 0x3B, 0x05, 0x01, 0x15, 0x08, 
	0x09, 0x06, 0x06, 0x80, 0x09, 0x80, 0x06, 0x03, 0x21, 0x12, 0x22, 0x06, 0x82, 0x09, 0x03, 0x06, 
	0x09, 0x09, 0x07, 0x80, 0x09, 0x04, 0x06, 0x22, 0x12, 0x0C, 0x03, 0x8A, 0x02, 0x04, 0x18, 0x1F, 
	0x19, 0x08, 0x09, 0x0A, 0x18, 0x0F, 0x04, 0x08, 0x06, 0x09, 0x09, 0x07, 0x09, 0x09, 0x07, 0x82, 
	0x09, 0x08, 0x06, 0x09, 0x14, 0x12, 0x14, 0x10, 0x03, 0x02, 0x03, 0x88, 0x02, 0x02, 0x0F, 0x12, 
	0x07, 0x89, 0x09, 0x08, 0x07, 0x09, 0x04, 0x20, 0x19, 0x10, 0x02, 0x02, 0x03, 0x81, 0x02, 0x03, 
	0x03, 0x02, 0x02, 0x03, 0x80, 0x02, 0x02, 0x19, 0x1A, 0x08, 0x81, 0x06, 0x83, 0x09, 0x00, 0x06, 
	0x80, 0x09, 0x02, 0x1C, 0x29, 0x05, 0x84, 0x02, 0x80, 0x03, 0x82, 0x02, 0x09, 0x18, 0x16, 0x26, 
	0x02, 0x02, 0x03, 0x02, 0x02, 0x03, 0x03, 0x85, 0x02, 0x04, 0x16, 0x25, 0x02, 0x02, 0x03, 0x81, 
	0x02, 0x00, 0x03, 0x80, 0x02, 0x00, 0x03, 0x80, 0x02, 0x02, 0x03, 0x0D, 0x04, 0x89, 0x09, 0x04, 
	0x07, 0x07, 0x06, 0x28, 0x0D, 0x85, 0x09, 0x09, 0x07, 0x09, 0x06, 0x09, 0x07, 0x07, 0x06, 0x06, 
	0x20, 0x1A, 0x81, 0x02, 0x23, 0x03, 0x02, 0x02, 0x03, 0x03, 0x02, 0x03, 0x03, 0x02, 0x03, 0x02, 
	0x18, 0x2B, 0x17, 0x02, 0x17, 0x0E, 0x5A, 0x58, 0x59, 0x58, 0x0E, 0x14, 0x17, 0x42, 0x40, 0x5B, 
	0x24, 0x59, 0x59, 0x58, 0x5C, 0x25, 0x08, 0x06, 0x06, 0x85, 0x09, 0x04, 0x06, 0x06, 0x07, 0x0A, 
	0x1F, 0x82, 0x02, 0x06, 0x05, 0x01, 0x49, 0x49, 0x3B, 0x3B, 0x49, 0x81, 0x3B, 0x00, 0x49, 0x80, 
	0x3B, 0x14, 0x49, 0x3B, 0x49, 0x3B, 0x49, 0x49, 0x3B, 0x49, 0x3B, 0x3B, 0x5D, 0x43, 0x50, 0x33, 
	0x48, 0x3B, 0x3B, 0x49, 0x48, 0x0C, 0x06, 0x80, 0x09, 0x0A, 0x06, 0x09, 0x06, 0x09, 0x09, 0x06, 
	0x1C, 0x0A, 0x1D, 0x06, 0x06, 0x87, 0x09, 0x80, 0x06, 0x06, 0x25, 0x19, 0x18, 0x02, 0x03, 0x02, 
	0x03, 0x80, 0x02, 0x00, 0x03, 0x83, 0x02, 0x02, 0x26, 0x19, 0x25, 0x04, 0x19, 0x1C, 0x06, 0x06, 
	0x07, 0x83, 0x09, 0x0C, 0x06, 0x09, 0x09, 0x06, 0x09, 0x0E, 0x04, 0x19, 0x18, 0x10, 0x03, 0x02, 
	0x03, 0x87, 0x02, 0x04, 0x18, 0x19, 0x04, 0x06, 0x06, 0x81, 0x09, 0x00, 0x06, 0x84, 0x09, 0x03, 
	0x06, 0x04, 0x20, 0x0F, 0x80, 0x02, 0x02, 0x03, 0x02, 0x03, 0x80, 0x02, 0x00, 0x03, 0x82, 0x02, 
	0x06, 0x1F, 0x1A, 0x22, 0x06, 0x06, 0x09, 0x06, 0x85, 0x09, 0x05, 0x07, 0x07, 0x09, 0x15, 0x29, 
	0x18, 0x84, 0x02, 0x80, 0x03, 0x82, 0x02, 0x01, 0x13, 0x20, 0x80, 0x02, 0x04, 0x03, 0x02, 0x02, 
	0x03, 0x02, 0x80, 0x03, 0x06, 0x02, 0x02, 0x03, 0x02, 0x14, 0x0D, 0x26, 0x84, 0x02, 0x80, 0x03, 
	0x08, 0x02, 0x02, 0x03, 0x03, 0x02, 0x26, 0x0D, 0x22, 0x06, 0x8A, 0x09, 0x14, 0x06, 0x22, 0x11, 
	0x09, 0x09, 0x06, 0x09, 0x06, 0x09, 0x06, 0x09, 0x08, 0x06, 0x09, 0x09, 0x06, 0x07, 0x09, 0x06, 
	0x19, 0x0D, 0x80, 0x02, 0x00, 0x03, 0x80, 0x02, 0x80, 0x03, 0x01, 0x02, 0x03, 0x81, 0x02, 0x17, 
	0x13, 0x23, 0x02, 0x02, 0x1F, 0x57, 0x58, 0x59, 0x58, 0x5A, 0x28, 0x46, 0x42, 0x40, 0x4D, 0x1C, 
	0x58, 0x58, 0x59, 0x59, 0x27, 0x1F, 0x06, 0x06, 0x80, 0x09, 0x0A, 0x06, 0x09, 0x06, 0x06, 0x09, 
	0x06, 0x09, 0x06, 0x22, 0x0B, 0x26, 0x81, 0x02, 0x03, 0x05, 0x01, 0x49, 0x49, 0x80, 0x3B, 0x00, 
	0x49, 0x80, 0x3B, 0x80, 0x49, 0x81, 0x3B, 0x00, 0x49, 0x84, 0x3B, 0x0C, 0x00, 0x3C, 0x3D, 0x00, 
	0x30, 0x3B, 0x3B, 0x01, 0x16, 0x06, 0x09, 0x09, 0x06, 0x83, 0x09, 0x05, 0x06, 0x22, 0x12, 0x21, 
	0x06, 0x06, 0x84, 0x09, 0x0C, 0x06, 0x09, 0x09, 0x07, 0x09, 0x06, 0x1C, 0x0A, 0x14, 0x10, 0x02, 
	0x02, 0x03, 0x82, 0x02, 0x00, 0x03, 0x82, 0x02, 0x00, 0x0C, 0x8C, 0x09, 0x03, 0x22, 0x12, 0x0C, 
	0x03, 0x81, 0x02, 0x01, 0x03, 0x03, 0x85, 0x02, 0x04, 0x26, 0x0A, 0x21, 0x06, 0x06, 0x82, 0x09, 
	0x02, 0x07, 0x09, 0x06, 0x82, 0x09, 0x03, 0x19, 0x20, 0x0F, 0x10, 0x81, 0x02, 0x0E, 0x03, 0x02, 
	0x02, 0x03, 0x02, 0x03, 0x03, 0x02, 0x03, 0x02, 0x0C, 0x1A, 0x1D, 0x06, 0x06, 0x84, 0x09, 0x08, 
	0x06, 0x09, 0x09, 0x07, 0x09, 0x06, 0x20, 0x29, 0x0C, 0x83, 0x02, 0x0B, 0x03, 0x02, 0x02, 0x03, 
	0x02, 0x02, 0x03, 0x03, 0x02, 0x18, 0x16, 0x26, 0x81, 0x02, 0x00, 0x03, 0x80, 0x02, 0x01, 0x03, 
	0x03, 0x82, 0x02, 0x03, 0x19, 0x05, 0x18, 0x02, 0x80, 0x03, 0x00, 0x02, 0x80, 0x03, 0x03, 0x02, 
	0x03, 0x02, 0x03, 0x80, 0x02, 0x01, 0x1F, 0x20, 0x87, 0x09, 0x00, 0x06, 0x80, 0x09, 0x05, 0x06, 
	0x06, 0x22, 0x0B, 0x08, 0x06, 0x82, 0x09, 0x03, 0x06, 0x06, 0x09, 0x06, 0x80, 0x09, 0x04, 0x07, 
	0x06, 0x1C, 0x11, 0x18, 0x80, 0x02, 0x23, 0x03, 0x02, 0x03, 0x03, 0x02, 0x03, 0x02, 0x02, 0x03, 
	0x02, 0x03, 0x02, 0x14, 0x15, 0x18, 0x02, 0x26, 0x0C, 0x5A, 0x59, 0x58, 0x59, 0x5C, 0x20, 0x38, 
	0x40, 0x40, 0x38, 0x61, 0x59, 0x58, 0x59, 0x5A, 0x22, 0x22, 0x06, 0x87, 0x09, 0x0B, 0x06, 0x06, 
	0x21, 0x05, 0x18, 0x02, 0x02, 0x10, 0x05, 0x01, 0x49, 0x49, 0x83, 0x3B, 0x00, 0x49, 0x81, 0x3B, 
	0x04, 0x49, 0x3B, 0x30, 0x3B, 0x49, 0x83, 0x3B, 0x09, 0x49, 0x00, 0x60, 0x43, 0x5D, 0x3B, 0x3B, 
	0x49, 0x30, 0x22, 0x80, 0x09, 0x00, 0x07, 0x81, 0x09, 0x08, 0x06, 0x09, 0x06, 0x07, 0x19, 0x04, 
	0x08, 0x06, 0x06, 0x85, 0x09, 0x07, 0x06, 0x09, 0x09, 0x06, 0x08, 0x04, 0x0F, 0x18, 0x80, 0x02, 
	0x01, 0x03, 0x03, 0x82, 0x02, 0x80, 0x03, 0x00, 0x02, 0x83, 0x09, 0x0A, 0x07, 0x09, 0x07, 0x07, 
	0x09, 0x06, 0x06, 0x08, 0x04, 0x0F, 0x18, 0x80, 0x02, 0x00, 0x03, 0x81, 0x02, 0x80, 0x03, 0x07, 
	0x02, 0x02, 0x03, 0x02, 0x0C, 0x0A, 0x22, 0x06, 0x82, 0x09, 0x00, 0x06, 0x80, 0x07, 0x82, 0x09, 
	0x02, 0x19, 0x20, 0x1F, 0x81, 0x02, 0x03, 0x03, 0x03, 0x02, 0x03, 0x80, 0x02, 0x0E, 0x03, 0x03, 
	0x02, 0x02, 0x14, 0x1A, 0x21, 0x06, 0x06, 0x09, 0x09, 0x06, 0x09, 0x09, 0x06, 0x80, 0x09, 0x06, 
	0x07, 0x09, 0x09, 0x06, 0x21, 0x29, 0x0A, 0x82, 0x02, 0x81, 0x03, 0x02, 0x02, 0x03, 0x02, 0x80, 
	0x03, 0x02, 0x02, 0x05, 0x13, 0x84, 0x02, 0x0C, 0x03, 0x03, 0x02, 0x03, 0x02, 0x03, 0x03, 0x02, 
	0x03, 0x0D, 0x0F, 0x02, 0x03, 0x80, 0x02, 0x00, 0x03, 0x80, 0x02, 0x03, 0x03, 0x03, 0x02, 0x03, 
	0x80, 0x02, 0x03, 0x13, 0x0D, 0x06, 0x06, 0x82, 0x09, 0x00, 0x06, 0x84, 0x09, 0x04, 0x06, 0x1C, 
	0x11, 0x09, 0x06, 0x82, 0x09, 0x04, 0x03, 0x06, 0x09, 0x09, 0x07, 0x80, 0x09, 0x0B, 0x06, 0x08, 
	0x0D, 0x1F, 0x02, 0x03, 0x03, 0x02, 0x03, 0x03, 0x02, 0x02, 0x80, 0x03, 0x15, 0x02, 0x03, 0x02, 
	0x02, 0x18, 0x15, 0x14, 0x02, 0x02, 0x1F, 0x27, 0x59, 0x5A, 0x5A, 0x59, 0x0E, 0x36, 0x3F, 0x40, 
	0x3F, 0x26, 0x58, 0x80, 0x59, 0x06, 0x5C, 0x20, 0x1C, 0x06, 0x09, 0x09, 0x27, 0x85, 0x09, 0x17, 
	0x07, 0x12, 0x0F, 0x02, 0x02, 0x10, 0x15, 0x01, 0x49, 0x49, 0x3B, 0x3B, 0x49, 0x3B, 0x3B, 0x49, 
	0x49, 0x30, 0x49, 0x3B, 0x3B, 0x49, 0x3B, 0x3B, 0x80, 0x49, 0x13, 0x3B, 0x3B, 0x49, 0x3B, 0x49, 
	0x3B, 0x49, 0x33, 0x32, 0x48, 0x3B, 0x49, 0x3B, 0x01, 0x0A, 0x09, 0x06, 0x09, 0x09, 0x06, 0x83, 
	0x09, 0x07, 0x06, 0x06, 0x25, 0x12, 0x22, 0x06, 0x09, 0x06, 0x81, 0x09, 0x00, 0x07, 0x83, 0x09, 
	0x08, 0x06, 0x21, 0x12, 0x14, 0x03, 0x02, 0x02, 0x03, 0x02, 0x81, 0x03, 0x80, 0x02, 0x00, 0x03, 
	0x01, 0x09, 0x06, 0x86, 0x09, 0x03, 0x07, 0x28, 0x19, 0x26, 0x87, 0x02, 0x00, 0x10, 0x82, 0x02, 
	0x04, 0x0F, 0x12, 0x08, 0x06, 0x06, 0x80, 0x09, 0x0C, 0x06, 0x09, 0x06, 0x09, 0x09, 0x07, 0x09, 
	0x09, 0x06, 0x09, 0x0A, 0x20, 0x1F, 0x84, 0x02, 0x82, 0x03, 0x06, 0x02, 0x02, 0x03, 0x0E, 0x1A, 
	0x04, 0x06, 0x83, 0x09, 0x01, 0x06, 0x07, 0x80, 0x09, 0x06, 0x07, 0x09, 0x07, 0x08, 0x15, 0x15, 
	0x18, 0x82, 0x02, 0x0C, 0x03, 0x03, 0x02, 0x03, 0x03, 0x02, 0x03, 0x02, 0x03, 0x02, 0x0E, 0x16, 
	0x18, 0x81, 0x02, 0x01, 0x03, 0x03, 0x80, 0x02, 0x10, 0x03, 0x02, 0x02, 0x03, 0x03, 0x02, 0x14, 
	0x0D, 0x26, 0x02, 0x03, 0x03, 0x02, 0x03, 0x03, 0x02, 0x03, 0x82, 0x02, 0x08, 0x03, 0x03, 0x02, 
	0x05, 0x0A, 0x06, 0x09, 0x09, 0x06, 0x82, 0x09, 0x00, 0x06, 0x83, 0x09, 0x04, 0x1C, 0x11, 0x09, 
	0x09, 0x06, 0x80, 0x09, 0x0C, 0x06, 0x06, 0x09, 0x09, 0x07, 0x09, 0x07, 0x07, 0x09, 0x09, 0x08, 
	0x1A, 0x19, 0x80, 0x02, 0x02, 0x03, 0x02, 0x02, 0x80, 0x03, 0x80, 0x02, 0x0A, 0x03, 0x02, 0x03, 
	0x02, 0x23, 0x13, 0x02, 0x02, 0x18, 0x25, 0x5A, 0x80, 0x58, 0x10, 0x5A, 0x28, 0x52, 0x40, 0x40, 
	0x4D, 0x31, 0x09, 0x61, 0x09, 0x26, 0x5B, 0x52, 0x28, 0x06, 0x09, 0x07, 0x83, 0x09, 0x0D, 0x06, 
	0x09, 0x09, 0x22, 0x11, 0x26, 0x02, 0x10, 0x2B, 0x01, 0x49, 0x3B, 0x3B, 0x49, 0x80, 0x3B, 0x03, 
	0x49, 0x3B, 0x49, 0x49, 0x81, 0x3B, 0x03, 0x49, 0x3B, 0x49, 0x49, 0x81, 0x3B, 0x81, 0x49, 0x80, 
	0x3B, 0x05, 0x49, 0x49, 0x01, 0x2C, 0x0E, 0x06, 0x80, 0x09, 0x00, 0x07, 0x80, 0x09, 0x0F, 0x07, 
	0x09, 0x09, 0x06, 0x06, 0x1D, 0x0A, 0x1D, 0x06, 0x09, 0x06, 0x09, 0x09, 0x06, 0x09, 0x06, 0x82, 
	0x09, 0x08, 0x06, 0x06, 0x22, 0x12, 0x1F, 0x03, 0x02, 0x02, 0x03, 0x83, 0x02, 0x01, 0x03, 0x03, 
	0x0D, 0x09, 0x09, 0x06, 0x07, 0x06, 0x09, 0x09, 0x07, 0x09, 0x09, 0x1C, 0x0F, 0x1F, 0x18, 0x80, 
	0x02, 0x06, 0x03, 0x03, 0x02, 0x03, 0x03, 0x02, 0x03, 0x80, 0x02, 0x04, 0x03, 0x02, 0x18, 0x13, 
	0x04, 0x80, 0x06, 0x03, 0x07, 0x09, 0x09, 0x06, 0x81, 0x09, 0x07, 0x07, 0x06, 0x09, 0x06, 0x09, 
	0x0A, 0x0A, 0x0C, 0x84, 0x02, 0x82, 0x03, 0x07, 0x02, 0x03, 0x02, 0x18, 0x20, 0x12, 0x09, 0x06, 
	0x82, 0x09, 0x01, 0x07, 0x06, 0x80, 0x09, 0x06, 0x07, 0x09, 0x09, 0x06, 0x0D, 0x29, 0x14, 0x82, 
	0x02, 0x80, 0x03, 0x01, 0x02, 0x03, 0x83, 0x02, 0x04, 0x05, 0x13, 0x02, 0x03, 0x03, 0x81, 0x02, 
	0x0C, 0x03, 0x03, 0x02, 0x02, 0x03, 0x02, 0x02, 0x03, 0x02, 0x05, 0x0D, 0x03, 0x03, 0x81, 0x02, 
	0x0C, 0x03, 0x02, 0x03, 0x03, 0x02, 0x03, 0x02, 0x02, 0x03, 0x02, 0x02, 0x20, 0x19, 0x85, 0x09, 
	0x00, 0x06, 0x81, 0x09, 0x04, 0x07, 0x06, 0x09, 0x28, 0x11, 0x8C, 0x09, 0x05, 0x06, 0x09, 0x0D, 
	0x20, 0x02, 0x03, 0x80, 0x02, 0x06, 0x03, 0x03, 0x02, 0x03, 0x02, 0x03, 0x03, 0x81, 0x02, 0x06, 
	0x26, 0x2B, 0x18, 0x03, 0x02, 0x0C, 0x03, 0x81, 0x58, 0x0E, 0x5C, 0x0F, 0x56, 0x40, 0x40, 0x41, 
	0x47, 0x5B, 0x42, 0x3F, 0x40, 0x40, 0x52, 0x2D, 0x06, 0x80, 0x09, 0x00, 0x07, 0x83, 0x09, 0x06, 
	0x06, 0x1D, 0x15, 0x18, 0x18, 0x2C, 0x01, 0x80, 0x49, 0x05, 0x3B, 0x3B, 0x49, 0x3B, 0x3B, 0x49, 
	0x82, 0x3B, 0x80, 0x49, 0x80, 0x3B, 0x80, 0x49, 0x82, 0x3B, 0x01, 0x49, 0x49, 0x80, 0x3B, 0x03, 
	0x01, 0x0F, 0x09, 0x06, 0x81, 0x09, 0x00, 0x06, 0x83, 0x09, 0x05, 0x06, 0x08, 0x12, 0x25, 0x09, 
	0x06, 0x86, 0x09, 0x08, 0x06, 0x09, 0x09, 0x06, 0x09, 0x04, 0x12, 0x26, 0x03, 0x80, 0x02, 0x02, 
	0x03, 0x02, 0x03, 0x80, 0x02, 0x02, 0x09, 0x09, 0x06, 0x82, 0x09, 0x18, 0x22, 0x04, 0x0F, 0x0E, 
	0x02, 0x03, 0x02, 0x02, 0x03, 0x03, 0x02, 0x02, 0x03, 0x02, 0x03, 0x03, 0x02, 0x03, 0x03, 0x02, 
	0x26, 0x0A, 0x21, 0x06, 0x06, 0x82, 0x09, 0x00, 0x06, 0x85, 0x09, 0x0C, 0x0A, 0x20, 0x14, 0x02, 
	0x02, 0x03, 0x02, 0x03, 0x02, 0x03, 0x03, 0x02, 0x03, 0x81, 0x02, 0x05, 0x03, 0x03, 0x20, 0x0A, 
	0x06, 0x06, 0x8A, 0x09, 0x03, 0x06, 0x04, 0x29, 0x19, 0x81, 0x02, 0x00, 0x03, 0x80, 0x02, 0x01, 
	0x03, 0x03, 0x80, 0x02, 0x06, 0x03, 0x03, 0x02, 0x14, 0x16, 0x0E, 0x03, 0x81, 0x02, 0x01, 0x03, 
	0x02, 0x81, 0x03, 0x0B, 0x02, 0x03, 0x02, 0x03, 0x03, 0x16, 0x23, 0x02, 0x02, 0x03, 0x02, 0x02, 
	0x80, 0x03, 0x02, 0x02, 0x03, 0x03, 0x82, 0x02, 0x03, 0x10, 0x0D, 0x25, 0x06, 0x84, 0x09, 0x00, 
	0x27, 0x83, 0x09, 0x02, 0x06, 0x1C, 0x0B, 0x89, 0x09, 0x07, 0x07, 0x09, 0x09, 0x06, 0x06, 0x0A, 
	0x1A, 0x10, 0x80, 0x02, 0x00, 0x03, 0x81, 0x02, 0x00, 0x03, 0x83, 0x02, 0x0E, 0x03, 0x15, 0x1F, 
	0x02, 0x02, 0x14, 0x22, 0x59, 0x59, 0x58, 0x58, 0x59, 0x57, 0x1B, 0x41, 0x85, 0x40, 0x04, 0x4C, 
	0x2D, 0x09, 0x09, 0x06, 0x81, 0x09, 0x00, 0x06, 0x81, 0x09, 0x04, 0x06, 0x04, 0x05, 0x31, 0x2B, 
	0x81, 0x33, 0x0E, 0x30, 0x3B, 0x5D, 0x00, 0x00, 0x5D, 0x49, 0x49, 0x3B, 0x49, 0x3B, 0x49, 0x3B, 
	0x49, 0x30, 0x82, 0x3B, 0x00, 0x49, 0x86, 0x3B, 0x02, 0x01, 0x2B, 0x07, 0x80, 0x09, 0x00, 0x06, 
	0x83, 0x09, 0x08, 0x06, 0x09, 0x09, 0x06, 0x08, 0x1E, 0x12, 0x07, 0x06, 0x89, 0x09, 0x0D, 0x06, 
	0x09, 0x1C, 0x12, 0x1F, 0x03, 0x02, 0x03, 0x02, 0x02, 0x03, 0x03, 0x02, 0x02, 0x82, 0x09, 0x08, 
	0x06, 0x08, 0x25, 0x0F, 0x17, 0x10, 0x02, 0x03, 0x02, 0x80, 0x03, 0x01, 0x02, 0x03, 0x82, 0x02, 
	0x05, 0x03, 0x02, 0x02, 0x0C, 0x20, 0x1D, 0x80, 0x06, 0x82, 0x09, 0x00, 0x06, 0x82, 0x09, 0x08, 
	0x06, 0x08, 0x0A, 0x05, 0x17, 0x02, 0x02, 0x03, 0x02, 0x80, 0x03, 0x0A, 0x02, 0x03, 0x02, 0x03, 
	0x02, 0x02, 0x03, 0x02, 0x02, 0x0A, 0x20, 0x84, 0x09, 0x00, 0x07, 0x81, 0x09, 0x00, 0x06, 0x80, 
	0x09, 0x06, 0x22, 0x29, 0x0D, 0x10, 0x02, 0x03, 0x03, 0x81, 0x02, 0x02, 0x03, 0x02, 0x02, 0x81, 
	0x03, 0x07, 0x02, 0x03, 0x0D, 0x19, 0x10, 0x02, 0x02, 0x03, 0x80, 0x02, 0x80, 0x03, 0x80, 0x02, 
	0x05, 0x03, 0x03, 0x02, 0x0C, 0x0B, 0x18, 0x83, 0x02, 0x02, 0x03, 0x02, 0x03, 0x80, 0x02, 0x0C, 
	0x03, 0x02, 0x02, 0x03, 0x18, 0x0D, 0x08, 0x06, 0x09, 0x07, 0x09, 0x09, 0x07, 0x86, 0x09, 0x04, 
	0x06, 0x1D, 0x0D, 0x07, 0x06, 0x82, 0x09, 0x23, 0x06, 0x09, 0x09, 0x06, 0x09, 0x06, 0x09, 0x07, 
	0x09, 0x09, 0x04, 0x0D, 0x03, 0x02, 0x03, 0x02, 0x03, 0x02, 0x02, 0x03, 0x02, 0x03, 0x03, 0x02, 
	0x03, 0x03, 0x02, 0x03, 0x02, 0x1F, 0x15, 0x31, 0x14, 0x14, 0x5C, 0x5C, 0x80, 0x58, 0x03, 0x59, 
	0x59, 0x08, 0x38, 0x84, 0x40, 0x02, 0x41, 0x54, 0x1C, 0x88, 0x09, 0x06, 0x06, 0x09, 0x09, 0x20, 
	0x23, 0x39, 0x50, 0x81, 0x1B, 0x0E, 0x44, 0x60, 0x44, 0x3C, 0x32, 0x33, 0x49, 0x48, 0x49, 0x49, 
	0x30, 0x49, 0x49, 0x3B, 0x49, 0x80, 0x3B, 0x06, 0x49, 0x49, 0x3B, 0x49, 0x3B, 0x49, 0x49, 0x80, 
	0x3B, 0x05, 0x49, 0x48, 0x30, 0x21, 0x27, 0x06, 0x80, 0x09, 0x03, 0x07, 0x09, 0x09, 0x06, 0x81, 
	0x09, 0x06, 0x06, 0x09, 0x09, 0x25, 0x0A, 0x08, 0x06, 0x8A, 0x09, 0x04, 0x06, 0x08, 0x04, 0x19, 
	0x18, 0x82, 0x02, 0x01, 0x03, 0x02, 0x08, 0x09, 0x07, 0x06, 0x09, 0x09, 0x1D, 0x19, 0x14, 0x10, 
	0x82, 0x02, 0x05, 0x03, 0x02, 0x03, 0x02, 0x03, 0x03, 0x82, 0x02, 0x03, 0x18, 0x0F, 0x12, 0x08, 
	0x80, 0x06, 0x80, 0x09, 0x03, 0x07, 0x09, 0x09, 0x06, 0x82, 0x09, 0x03, 0x08, 0x0A, 0x20, 0x26, 
	0x81, 0x02, 0x00, 0x03, 0x83, 0x02, 0x0B, 0x03, 0x02, 0x03, 0x02, 0x02, 0x19, 0x1A, 0x08, 0x06, 
	0x09, 0x06, 0x06, 0x81, 0x09, 0x00, 0x07, 0x84, 0x09, 0x04, 0x15, 0x29, 0x18, 0x10, 0x03, 0x81, 
	0x02, 0x0D, 0x03, 0x02, 0x02, 0x03, 0x03, 0x02, 0x02, 0x03, 0x03, 0x02, 0x0C, 0x16, 0x18, 0x02, 
	0x80, 0x03, 0x01, 0x02, 0x03, 0x81, 0x02, 0x00, 0x03, 0x82, 0x02, 0x05, 0x05, 0x0D, 0x10, 0x02, 
	0x02, 0x03, 0x83, 0x02, 0x01, 0x03, 0x03, 0x80, 0x02, 0x05, 0x03, 0x02, 0x1F, 0x0D, 0x06, 0x06, 
	0x8B, 0x09, 0x04, 0x06, 0x1C, 0x11, 0x09, 0x06, 0x80, 0x09, 0x00, 0x06, 0x85, 0x09, 0x0B, 0x06, 
	0x09, 0x06, 0x22, 0x1A, 0x14, 0x02, 0x03, 0x02, 0x03, 0x02, 0x03, 0x80, 0x02, 0x02, 0x03, 0x02, 
	0x03, 0x81, 0x02, 0x05, 0x18, 0x2C, 0x0F, 0x0E, 0x5A, 0x59, 0x84, 0x58, 0x01, 0x16, 0x5F, 0x80, 
	0x47, 0x08, 0x42, 0x5B, 0x3A, 0x0C, 0x22, 0x06, 0x07, 0x09, 0x07, 0x85, 0x09, 0x13, 0x06, 0x09, 
	0x06, 0x0F, 0x01, 0x30, 0x3B, 0x48, 0x48, 0x49, 0x30, 0x33, 0x33, 0x43, 0x32, 0x3C, 0x2F, 0x3C, 
	0x43, 0x30, 0x81, 0x3B, 0x02, 0x49, 0x3B, 0x49, 0x81, 0x3B, 0x03, 0x49, 0x3B, 0x3B, 0x49, 0x80, 
	0x3B, 0x06, 0x49, 0x5D, 0x33, 0x3C, 0x36, 0x1D, 0x06, 0x80, 0x09, 0x03, 0x06, 0x09, 0x09, 0x06, 
	0x82, 0x09, 0x80, 0x06, 0x04, 0x28, 0x0A, 0x1D, 0x06, 0x06, 0x84, 0x09, 0x02, 0x06, 0x09, 0x09, 
	0x81, 0x06, 0x05, 0x28, 0x0A, 0x14, 0x10, 0x02, 0x03, 0x80, 0x02, 0x0A, 0x09, 0x06, 0x06, 0x09, 
	0x04, 0x1F, 0x18, 0x10, 0x03, 0x02, 0x03, 0x81, 0x02, 0x80, 0x03, 0x80, 0x02, 0x05, 0x03, 0x02, 
	0x10, 0x0C, 0x05, 0x1E, 0x80, 0x06, 0x84, 0x09, 0x01, 0x07, 0x06, 0x81, 0x09, 0x03, 0x22, 0x20, 
	0x05, 0x0E, 0x81, 0x02, 0x01, 0x03, 0x03, 0x80, 0x02, 0x02, 0x03, 0x02, 0x03, 0x81, 0x02, 0x03, 
	0x0F, 0x1A, 0x22, 0x06, 0x82, 0x09, 0x00, 0x06, 0x85, 0x09, 0x07, 0x06, 0x0A, 0x29, 0x0C, 0x02, 
	0x02, 0x03, 0x03, 0x80, 0x02, 0x0E, 0x03, 0x02, 0x03, 0x02, 0x03, 0x02, 0x02, 0x03, 0x02, 0x10, 
	0x16, 0x13, 0x02, 0x02, 0x03, 0x83, 0x02, 0x01, 0x03, 0x03, 0x80, 0x02, 0x06, 0x03, 0x02, 0x18, 
	0x16, 0x1F, 0x02, 0x03, 0x84, 0x02, 0x02, 0x03, 0x02, 0x02, 0x80, 0x03, 0x06, 0x02, 0x02, 0x13, 
	0x05, 0x06, 0x09, 0x07, 0x89, 0x09, 0x05, 0x07, 0x09, 0x22, 0x0B, 0x0E, 0x06, 0x8A, 0x09, 0x04, 
	0x07, 0x09, 0x08, 0x0D, 0x0F, 0x85, 0x02, 0x00, 0x03, 0x80, 0x02, 0x0A, 0x03, 0x02, 0x02, 0x26, 
	0x1F, 0x0E, 0x5C, 0x5A, 0x58, 0x59, 0x59, 0x81, 0x58, 0x0B, 0x5A, 0x18, 0x39, 0x28, 0x0E, 0x0E, 
	0x22, 0x0E, 0x0E, 0x0D, 0x12, 0x06, 0x86, 0x09, 0x00, 0x06, 0x81, 0x09, 0x11, 0x22, 0x2C, 0x00, 
	0x5D, 0x30, 0x33, 0x33, 0x3B, 0x00, 0x00, 0x5D, 0x5D, 0x00, 0x5D, 0x5D, 0x33, 0x43, 0x5E, 0x85, 
	0x3B, 0x05, 0x49, 0x3B, 0x49, 0x49, 0x3B, 0x49, 0x81, 0x3B, 0x06, 0x33, 0x43, 0x3C, 0x44, 0x43, 
	0x0B, 0x28, 0x8D, 0x09, 0x03, 0x22, 0x0A, 0x21, 0x03, 0x84, 0x09, 0x00, 0x06, 0x80, 0x09, 0x07, 
	0x07, 0x09, 0x07, 0x06, 0x22, 0x19, 0x0F, 0x18, 0x81, 0x02, 0x06, 0x06, 0x06, 0x22, 0x19, 0x0C, 
	0x10, 0x10, 0x80, 0x02, 0x00, 0x03, 0x80, 0x02, 0x0E, 0x03, 0x02, 0x03, 0x02, 0x03, 0x03, 0x02, 
	0x02, 0x26, 0x05, 0x1A, 0x22, 0x06, 0x07, 0x06, 0x86, 0x09, 0x07, 0x06, 0x06, 0x09, 0x06, 0x28, 
	0x05, 0x20, 0x18, 0x85, 0x02, 0x03, 0x03, 0x02, 0x02, 0x03, 0x81, 0x02, 0x02, 0x1F, 0x1A, 0x1C, 
	0x86, 0x09, 0x00, 0x06, 0x83, 0x09, 0x0A, 0x28, 0x15, 0x13, 0x02, 0x02, 0x03, 0x02, 0x02, 0x03, 
	0x02, 0x03, 0x80, 0x02, 0x08, 0x03, 0x03, 0x02, 0x02, 0x03, 0x02, 0x0C, 0x16, 0x0E, 0x82, 0x02, 
	0x05, 0x03, 0x03, 0x02, 0x02, 0x03, 0x03, 0x82, 0x02, 0x02, 0x1F, 0x0D, 0x18, 0x83, 0x02, 0x03, 
	0x03, 0x02, 0x02, 0x03, 0x82, 0x02, 0x03, 0x03, 0x02, 0x05, 0x1A, 0x88, 0x09, 0x00, 0x07, 0x82, 
	0x09, 0x01, 0x22, 0x11, 0x8F, 0x09, 0x07, 0x0D, 0x0A, 0x02, 0x03, 0x02, 0x03, 0x02, 0x03, 0x80, 
	0x02, 0x06, 0x03, 0x03, 0x02, 0x02, 0x18, 0x19, 0x21, 0x80, 0x5A, 0x00, 0x59, 0x81, 0x58, 0x11, 
	0x59, 0x59, 0x57, 0x28, 0x42, 0x5B, 0x0E, 0x02, 0x02, 0x10, 0x03, 0x02, 0x18, 0x2B, 0x22, 0x06, 
	0x09, 0x06, 0x87, 0x09, 0x14, 0x06, 0x28, 0x33, 0x44, 0x50, 0x39, 0x3A, 0x4F, 0x3A, 0x4E, 0x2F, 
	0x43, 0x30, 0x00, 0x00, 0x49, 0x48, 0x48, 0x49, 0x3B, 0x3B, 0x80, 0x49, 0x80, 0x3B, 0x00, 0x49, 
	0x80, 0x3B, 0x00, 0x49, 0x80, 0x3B, 0x09, 0x49, 0x32, 0x3C, 0x2F, 0x2F, 0x34, 0x13, 0x1C, 0x0D, 
	0x21, 0x81, 0x09, 0x01, 0x06, 0x06, 0x86, 0x09, 0x08, 0x06, 0x08, 0x12, 0x12, 0x06, 0x06, 0x09, 
	0x09, 0x06, 0x84, 0x09, 0x07, 0x06, 0x06, 0x09, 0x06, 0x09, 0x21, 0x0A, 0x26, 0x80, 0x02, 0x0C, 
	0x06, 0x1C, 0x19, 0x0E, 0x10, 0x02, 0x02, 0x03, 0x02, 0x03, 0x02, 0x02, 0x03, 0x80, 0x02, 0x0D, 
	0x03, 0x02, 0x03, 0x02, 0x03, 0x1F, 0x0B, 0x21, 0x06, 0x06, 0x07, 0x06, 0x09, 0x07, 0x87, 0x09, 
	0x04, 0x06, 0x25, 0x20, 0x0A, 0x10, 0x81, 0x02, 0x06, 0x03, 0x02, 0x03, 0x03, 0x02, 0x03, 0x03, 
	0x82, 0x02, 0x03, 0x0C, 0x1A, 0x21, 0x06, 0x8D, 0x09, 0x1B, 0x29, 0x15, 0x03, 0x02, 0x02, 0x03, 
	0x03, 0x02, 0x02, 0x03, 0x02, 0x02, 0x03, 0x02, 0x02, 0x03, 0x02, 0x03, 0x02, 0x03, 0x16, 0x05, 
	0x02, 0x02, 0x03, 0x03, 0x02, 0x03, 0x80, 0x02, 0x03, 0x03, 0x03, 0x02, 0x03, 0x81, 0x02, 0x04, 
	0x05, 0x05, 0x02, 0x10, 0x03, 0x80, 0x02, 0x04, 0x03, 0x03, 0x02, 0x02, 0x03, 0x84, 0x02, 0x05, 
	0x0D, 0x19, 0x06, 0x09, 0x09, 0x06, 0x82, 0x09, 0x00, 0x07, 0x81, 0x09, 0x08, 0x07, 0x09, 0x09, 
	0x1C, 0x11, 0x07, 0x09, 0x06, 0x06, 0x81, 0x09, 0x05, 0x08, 0x09, 0x06, 0x09, 0x09, 0x07, 0x80, 
	0x09, 0x02, 0x06, 0x20, 0x1A, 0x82, 0x02, 0x25, 0x03, 0x02, 0x02, 0x03, 0x03, 0x02, 0x02, 0x14, 
	0x52, 0x4D, 0x39, 0x1D, 0x07, 0x57, 0x58, 0x58, 0x59, 0x58, 0x59, 0x59, 0x07, 0x26, 0x4C, 0x4C, 
	0x14, 0x02, 0x10, 0x03, 0x02, 0x03, 0x03, 0x02, 0x19, 0x0A, 0x09, 0x09, 0x06, 0x07, 0x80, 0x09, 
	0x00, 0x06, 0x81, 0x09, 0x05, 0x06, 0x22, 0x0D, 0x44, 0x55, 0x55, 0x84, 0x52, 0x06, 0x3A, 0x4E, 
	0x32, 0x33, 0x48, 0x3B, 0x49, 0x81, 0x3B, 0x01, 0x49, 0x49, 0x87, 0x3B, 0x0A, 0x48, 0x34, 0x2F, 
	0x34, 0x36, 0x0F, 0x08, 0x06, 0x22, 0x20, 0x04, 0x8C, 0x09, 0x07, 0x06, 0x09, 0x25, 0x12, 0x22, 
	0x06, 0x09, 0x27, 0x80, 0x09, 0x00, 0x06, 0x83, 0x09, 0x07, 0x07, 0x06, 0x06, 0x22, 0x12, 0x0F, 
	0x03, 0x02, 0x0C, 0x22, 0x12, 0x18, 0x10, 0x03, 0x02, 0x02, 0x03, 0x02, 0x03, 0x02, 0x02, 0x03, 
	0x81, 0x02, 0x06, 0x03, 0x02, 0x10, 0x13, 0x20, 0x08, 0x06, 0x80, 0x09, 0x00, 0x07, 0x81, 0x09, 
	0x00, 0x06, 0x83, 0x09, 0x07, 0x03, 0x1E, 0x05, 0x0A, 0x02, 0x02, 0x03, 0x03, 0x80, 0x02, 0x01, 
	0x03, 0x02, 0x80, 0x03, 0x01, 0x02, 0x03, 0x80, 0x02, 0x04, 0x26, 0x1A, 0x25, 0x06, 0x06, 0x87, 
	0x09, 0x00, 0x07, 0x81, 0x09, 0x02, 0x20, 0x29, 0x14, 0x81, 0x02, 0x80, 0x03, 0x80, 0x02, 0x80, 
	0x03, 0x06, 0x02, 0x03, 0x03, 0x02, 0x1F, 0x16, 0x18, 0x80, 0x02, 0x81, 0x03, 0x05, 0x02, 0x02, 
	0x03, 0x03, 0x02, 0x03, 0x80, 0x02, 0x08, 0x03, 0x16, 0x1F, 0x03, 0x02, 0x03, 0x02, 0x02, 0x03, 
	0x80, 0x02, 0x00, 0x03, 0x82, 0x02, 0x04, 0x03, 0x02, 0x03, 0x0D, 0x1D, 0x8D, 0x09, 0x04, 0x06, 
	0x22, 0x11, 0x03, 0x07, 0x8C, 0x09, 0x07, 0x06, 0x12, 0x0D, 0x02, 0x02, 0x03, 0x02, 0x02, 0x81, 
	0x03, 0x17, 0x02, 0x02, 0x18, 0x52, 0x40, 0x40, 0x41, 0x53, 0x47, 0x54, 0x31, 0x31, 0x09, 0x27, 
	0x08, 0x26, 0x55, 0x41, 0x56, 0x26, 0x03, 0x03, 0x10, 0x03, 0x81, 0x02, 0x02, 0x18, 0x2B, 0x1C, 
	0x87, 0x09, 0x13, 0x06, 0x22, 0x43, 0x3C, 0x32, 0x4E, 0x4F, 0x55, 0x52, 0x55, 0x52, 0x55, 0x52, 
	0x55, 0x52, 0x55, 0x52, 0x3A, 0x43, 0x00, 0x80, 0x49, 0x02, 0x3B, 0x49, 0x49, 0x80, 0x3B, 0x00, 
	0x49, 0x84, 0x3B, 0x04, 0x01, 0x43, 0x05, 0x1F, 0x08, 0x81, 0x06, 0x05, 0x1D, 0x20, 0x1E, 0x09, 
	0x06, 0x06, 0x82, 0x09, 0x00, 0x06, 0x84, 0x09, 0x07, 0x06, 0x21, 0x1A, 0x25, 0x06, 0x06, 0x09, 
	0x06, 0x81, 0x09, 0x00, 0x06, 0x82, 0x09, 0x05, 0x06, 0x06, 0x07, 0x04, 0x0A, 0x26, 0x09, 0x0A, 
	0x18, 0x10, 0x03, 0x02, 0x02, 0x03, 0x02, 0x03, 0x03, 0x81, 0x02, 0x09, 0x03, 0x02, 0x02, 0x03, 
	0x18, 0x05, 0x0A, 0x07, 0x06, 0x06, 0x82, 0x09, 0x02, 0x06, 0x09, 0x06, 0x84, 0x09, 0x02, 0x1E, 
	0x20, 0x19, 0x81, 0x02, 0x03, 0x03, 0x02, 0x02, 0x03, 0x80, 0x02, 0x00, 0x03, 0x82, 0x02, 0x04, 
	0x18, 0x1A, 0x12, 0x06, 0x06, 0x87, 0x09, 0x01, 0x07, 0x07, 0x80, 0x09, 0x03, 0x25, 0x29, 0x13, 
	0x10, 0x81, 0x02, 0x06, 0x03, 0x03, 0x02, 0x03, 0x03, 0x02, 0x03, 0x80, 0x02, 0x09, 0x03, 0x02, 
	0x10, 0x16, 0x19, 0x02, 0x02, 0x03, 0x02, 0x03, 0x81, 0x02, 0x00, 0x03, 0x80, 0x02, 0x00, 0x03, 
	0x80, 0x02, 0x02, 0x1F, 0x15, 0x18, 0x80, 0x02, 0x80, 0x03, 0x81, 0x02, 0x09, 0x03, 0x02, 0x02, 
	0x03, 0x03, 0x02, 0x02, 0x14, 0x05, 0x08, 0x8D, 0x09, 0x04, 0x06, 0x28, 0x11, 0x09, 0x06, 0x8C, 
	0x09, 0x04, 0x06, 0x1D, 0x1A, 0x18, 0x03, 0x81, 0x02, 0x80, 0x03, 0x03, 0x02, 0x03, 0x31, 0x41, 
	0x84, 0x40, 0x07, 0x41, 0x4B, 0x4C, 0x4D, 0x3F, 0x40, 0x4D, 0x26, 0x80, 0x03, 0x80, 0x02, 0x05, 
	0x03, 0x03, 0x02, 0x02, 0x23, 0x1A, 0x80, 0x09, 0x2D, 0x07, 0x09, 0x09, 0x06, 0x09, 0x09, 0x06, 
	0x09, 0x05, 0x3C, 0x44, 0x2F, 0x32, 0x32, 0x44, 0x4E, 0x39, 0x39, 0x4F, 0x38, 0x4F, 0x3A, 0x50, 
	0x44, 0x34, 0x32, 0x43, 0x33, 0x49, 0x48, 0x49, 0x49, 0x3B, 0x3B, 0x49, 0x3B, 0x49, 0x3B, 0x3B, 
	0x30, 0x49, 0x3B, 0x49, 0x01, 0x51, 0x14, 0x80, 0x09, 0x00, 0x06, 0x80, 0x09, 0x05, 0x06, 0x1C, 
	0x20, 0x12, 0x09, 0x06, 0x8A, 0x09, 0x0B, 0x06, 0x06, 0x28, 0x20, 0x12, 0x06, 0x06, 0x09, 0x06, 
	0x09, 0x09, 0x06, 0x84, 0x09, 0x80, 0x06, 0x01, 0x1C, 0x20, 0x04, 0x18, 0x10, 0x02, 0x02, 0x03, 
	0x80, 0x02, 0x01, 0x03, 0x03, 0x81, 0x02, 0x00, 0x03, 0x80, 0x02, 0x05, 0x13, 0x20, 0x06, 0x09, 
	0x09, 0x07, 0x89, 0x09, 0x0A, 0x07, 0x06, 0x04, 0x20, 0x19, 0x03, 0x02, 0x03, 0x03, 0x02, 0x03, 
	0x80, 0x02, 0x00, 0x03, 0x84, 0x02, 0x04, 0x18, 0x20, 0x12, 0x06, 0x06, 0x8C, 0x09, 0x05, 0x08, 
	0x15, 0x29, 0x18, 0x02, 0x02, 0x80, 0x03, 0x82, 0x02, 0x02, 0x03, 0x02, 0x02, 0x80, 0x03, 0x0E, 
	0x02, 0x0F, 0x16, 0x18, 0x02, 0x03, 0x02, 0x02, 0x03, 0x03, 0x02, 0x03, 0x02, 0x02, 0x03, 0x83, 
	0x02, 0x03, 0x05, 0x05, 0x02, 0x02, 0x81, 0x03, 0x02, 0x02, 0x03, 0x02, 0x80, 0x03, 0x80, 0x02, 
	0x08, 0x03, 0x02, 0x02, 0x0F, 0x0D, 0x06, 0x09, 0x09, 0x06, 0x80, 0x09, 0x00, 0x06, 0x86, 0x09, 
	0x08, 0x06, 0x21, 0x11, 0x09, 0x06, 0x09, 0x09, 0x07, 0x06, 0x8A, 0x09, 0x06, 0x0D, 0x1F, 0x02, 
	0x03, 0x03, 0x02, 0x02, 0x82, 0x03, 0x01, 0x26, 0x3F, 0x89, 0x40, 0x01, 0x47, 0x26, 0x80, 0x03, 
	0x03, 0x02, 0x02, 0x03, 0x03, 0x81, 0x02, 0x03, 0x18, 0x29, 0x28, 0x06, 0x84, 0x09, 0x02, 0x06, 
	0x14, 0x34, 0x81, 0x2F, 0x0B, 0x3C, 0x3C, 0x32, 0x32, 0x34, 0x32, 0x3C, 0x32, 0x34, 0x36, 0x3C, 
	0x3C, 0x80, 0x2F, 0x10, 0x34, 0x43, 0x33, 0x48, 0x49, 0x49, 0x48, 0x4A, 0x48, 0x49, 0x4A, 0x01, 
	0x01, 0x00, 0x4A, 0x15, 0x14, 0x85, 0x09, 0x06, 0x06, 0x06, 0x1C, 0x20, 0x12, 0x09, 0x06, 0x8A, 
	0x09, 0x06, 0x06, 0x09, 0x22, 0x0A, 0x0A, 0x08, 0x06, 0x86, 0x09, 0x00, 0x06, 0x80, 0x09, 0x02, 
	0x06, 0x09, 0x08, 0x00, 0x10, 0x83, 0x02, 0x10, 0x03, 0x02, 0x03, 0x02, 0x02, 0x03, 0x03, 0x02, 
	0x03, 0x02, 0x1F, 0x1A, 0x08, 0x06, 0x09, 0x09, 0x06, 0x82, 0x09, 0x04, 0x06, 0x09, 0x06, 0x09, 
	0x06, 0x80, 0x09, 0x02, 0x04, 0x05, 0x19, 0x80, 0x02, 0x06, 0x03, 0x02, 0x03, 0x02, 0x03, 0x02, 
	0x03, 0x82, 0x02, 0x04, 0x03, 0x03, 0x02, 0x0A, 0x1A, 0x8C, 0x09, 0x05, 0x08, 0x09, 0x06, 0x0D, 
	0x29, 0x17, 0x80, 0x02, 0x02, 0x03, 0x02, 0x03, 0x86, 0x02, 0x04, 0x03, 0x02, 0x18, 0x15, 0x19, 
	0x80, 0x02, 0x02, 0x03, 0x02, 0x03, 0x80, 0x02, 0x80, 0x03, 0x07, 0x02, 0x02, 0x03, 0x03, 0x02, 
	0x18, 0x15, 0x14, 0x80, 0x03, 0x0A, 0x02, 0x03, 0x02, 0x02, 0x03, 0x03, 0x02, 0x03, 0x03, 0x02, 
	0x03, 0x81, 0x02, 0x04, 0x13, 0x20, 0x09, 0x09, 0x06, 0x83, 0x09, 0x00, 0x06, 0x84, 0x09, 0x02, 
	0x06, 0x21, 0x0B, 0x90, 0x09, 0x01, 0x0D, 0x0A, 0x82, 0x02, 0x07, 0x03, 0x02, 0x03, 0x03, 0x02, 
	0x26, 0x45, 0x3F, 0x86, 0x40, 0x02, 0x41, 0x38, 0x17, 0x82, 0x03, 0x0A, 0x02, 0x02, 0x03, 0x02, 
	0x03, 0x02, 0x03, 0x02, 0x46, 0x11, 0x07, 0x80, 0x09, 0x00, 0x06, 0x80, 0x09, 0x02, 0x06, 0x28, 
	0x32, 0x8A, 0x2F, 0x00, 0x44, 0x84, 0x2F, 0x11, 0x3C, 0x34, 0x33, 0x3B, 0x2C, 0x2C, 0x33, 0x3B, 
	0x2C, 0x29, 0x0D, 0x19, 0x28, 0x09, 0x06, 0x09, 0x09, 0x06, 0x83, 0x09, 0x06, 0x06, 0x06, 0x08, 
	0x20, 0x0A, 0x09, 0x06, 0x82, 0x09, 0x03, 0x07, 0x09, 0x09, 0x27, 0x80, 0x09, 0x0A, 0x06, 0x09, 
	0x06, 0x07, 0x12, 0x20, 0x1C, 0x06, 0x09, 0x09, 0x06, 0x86, 0x09, 0x02, 0x06, 0x09, 0x09, 0x80, 
	0x02, 0x00, 0x03, 0x80, 0x02, 0x80, 0x03, 0x0D, 0x02, 0x02, 0x03, 0x02, 0x03, 0x02, 0x1F, 0x20, 
	0x1C, 0x06, 0x09, 0x07, 0x09, 0x06, 0x80, 0x09, 0x00, 0x07, 0x83, 0x09, 0x07, 0x08, 0x06, 0x04, 
	0x20, 0x0F, 0x02, 0x03, 0x03, 0x81, 0x02, 0x01, 0x03, 0x03, 0x82, 0x02, 0x07, 0x03, 0x03, 0x02, 
	0x02, 0x19, 0x1A, 0x22, 0x06, 0x81, 0x09, 0x00, 0x07, 0x86, 0x09, 0x0F, 0x06, 0x06, 0x19, 0x29, 
	0x0F, 0x02, 0x10, 0x02, 0x02, 0x03, 0x02, 0x03, 0x10, 0x03, 0x02, 0x02, 0x80, 0x03, 0x0B, 0x02, 
	0x03, 0x03, 0x02, 0x13, 0x16, 0x31, 0x02, 0x02, 0x03, 0x02, 0x03, 0x83, 0x02, 0x08, 0x03, 0x02, 
	0x02, 0x03, 0x02, 0x02, 0x0F, 0x0D, 0x18, 0x80, 0x02, 0x04, 0x03, 0x02, 0x03, 0x03, 0x02, 0x80, 
	0x03, 0x01, 0x02, 0x03, 0x80, 0x02, 0x04, 0x03, 0x02, 0x05, 0x0A, 0x06, 0x89, 0x09, 0x09, 0x06, 
	0x09, 0x09, 0x06, 0x06, 0x21, 0x0D, 0x09, 0x09, 0x07, 0x81, 0x09, 0x00, 0x06, 0x88, 0x09, 0x01, 
	0x0A, 0x20, 0x80, 0x02, 0x80, 0x03, 0x80, 0x02, 0x05, 0x03, 0x02, 0x14, 0x3D, 0x3E, 0x3F, 0x81, 
	0x40, 0x07, 0x41, 0x3F, 0x42, 0x26, 0x0E, 0x02, 0x02, 0x10, 0x82, 0x03, 0x83, 0x02, 0x04, 0x18, 
	0x15, 0x21, 0x27, 0x06, 0x82, 0x09, 0x04, 0x06, 0x14, 0x01, 0x43, 0x35, 0x83, 0x2F, 0x00, 0x44, 
	0x88, 0x2F, 0x0F, 0x3C, 0x34, 0x36, 0x13, 0x26, 0x18, 0x18, 0x0E, 0x37, 0x19, 0x07, 0x27, 0x09, 
	0x06, 0x06, 0x07, 0x80, 0x09, 0x00, 0x07, 0x81, 0x09, 0x09, 0x06, 0x09, 0x07, 0x06, 0x08, 0x20, 
	0x20, 0x09, 0x06, 0x06, 0x83, 0x09, 0x01, 0x06, 0x07, 0x82, 0x09, 0x05, 0x06, 0x07, 0x12, 0x20, 
	0x21, 0x06, 0x81, 0x09, 0x00, 0x06, 0x83, 0x09, 0x02, 0x06, 0x09, 0x09, 0x12, 0x02, 0x02, 0x03, 
	0x02, 0x03, 0x02, 0x03, 0x02, 0x02, 0x03, 0x02, 0x03, 0x03, 0x02, 0x02, 0x0F, 0x05, 0x21, 0x06, 
	0x84, 0x09, 0x04, 0x06, 0x06, 0x09, 0x09, 0x06, 0x80, 0x09, 0x03, 0x06, 0x1F, 0x20, 0x0F, 0x81, 
	0x02, 0x07, 0x03, 0x02, 0x02, 0x03, 0x02, 0x03, 0x02, 0x03, 0x80, 0x02, 0x06, 0x03, 0x03, 0x02, 
	0x04, 0x0D, 0x1D, 0x06, 0x85, 0x09, 0x00, 0x07, 0x84, 0x09, 0x03, 0x22, 0x29, 0x0D, 0x10, 0x80, 
	0x02, 0x05, 0x03, 0x02, 0x03, 0x02, 0x02, 0x03, 0x82, 0x02, 0x05, 0x03, 0x02, 0x02, 0x26, 0x29, 
	0x13, 0x80, 0x02, 0x80, 0x03, 0x14, 0x02, 0x02, 0x03, 0x02, 0x03, 0x02, 0x03, 0x03, 0x02, 0x02, 
	0x03, 0x02, 0x05, 0x13, 0x02, 0x02, 0x03, 0x03, 0x02, 0x03, 0x03, 0x81, 0x02, 0x80, 0x03, 0x01, 
	0x02, 0x03, 0x80, 0x02, 0x03, 0x0D, 0x04, 0x06, 0x07, 0x8B, 0x09, 0x08, 0x06, 0x06, 0x21, 0x0B, 
	0x06, 0x06, 0x09, 0x09, 0x06, 0x8A, 0x09, 0x04, 0x06, 0x1E, 0x11, 0x02, 0x02, 0x80, 0x03, 0x80, 
	0x02, 0x00, 0x03, 0x80, 0x02, 0x13, 0x18, 0x21, 0x23, 0x1B, 0x38, 0x39, 0x3A, 0x2F, 0x15, 0x14, 
	0x10, 0x10, 0x02, 0x02, 0x03, 0x02, 0x02, 0x03, 0x03, 0x02, 0x80, 0x03, 0x81, 0x02, 0x03, 0x0C, 
	0x15, 0x08, 0x06, 0x82, 0x09, 0x09, 0x06, 0x19, 0x3B, 0x16, 0x36, 0x35, 0x2F, 0x35, 0x2F, 0x35, 
	0x83, 0x2F, 0x09, 0x35, 0x2F, 0x35, 0x2F, 0x3C, 0x34, 0x34, 0x05, 0x1F, 0x18, 0x83, 0x10, 0x04, 
	0x20, 0x04, 0x07, 0x06, 0x07, 0x80, 0x09, 0x05, 0x07, 0x09, 0x06, 0x09, 0x09, 0x06, 0x80, 0x09, 
	0x07, 0x07, 0x09, 0x09, 0x08, 0x0A, 0x20, 0x08, 0x06, 0x83, 0x09, 0x11, 0x06, 0x06, 0x09, 0x06, 
	0x09, 0x06, 0x09, 0x09, 0x06, 0x06, 0x21, 0x1A, 0x04, 0x09, 0x09, 0x06, 0x03, 0x06, 0x81, 0x09, 
	0x00, 0x06, 0x81, 0x09, 0x81, 0x02, 0x80, 0x03, 0x0A, 0x02, 0x03, 0x02, 0x03, 0x02, 0x02, 0x18, 
	0x19, 0x0A, 0x22, 0x06, 0x81, 0x09, 0x00, 0x06, 0x80, 0x09, 0x03, 0x06, 0x07, 0x09, 0x07, 0x81, 
	0x09, 0x02, 0x25, 0x20, 0x0F, 0x81, 0x02, 0x14, 0x03, 0x02, 0x03, 0x02, 0x03, 0x03, 0x02, 0x03, 
	0x02, 0x03, 0x03, 0x02, 0x03, 0x02, 0x1F, 0x1A, 0x21, 0x06, 0x09, 0x06, 0x06, 0x89, 0x09, 0x04, 
	0x07, 0x06, 0x29, 0x29, 0x18, 0x81, 0x02, 0x02, 0x03, 0x02, 0x02, 0x80, 0x03, 0x81, 0x02, 0x00, 
	0x03, 0x80, 0x02, 0x05, 0x05, 0x0D, 0x18, 0x03, 0x02, 0x03, 0x81, 0x02, 0x01, 0x03, 0x03, 0x82, 
	0x02, 0x07, 0x03, 0x03, 0x02, 0x03, 0x0B, 0x0C, 0x02, 0x02, 0x81, 0x03, 0x81, 0x02, 0x0A, 0x03, 
	0x02, 0x03, 0x02, 0x02, 0x03, 0x03, 0x02, 0x18, 0x1A, 0x22, 0x88, 0x09, 0x00, 0x07, 0x81, 0x09, 
	0x03, 0x06, 0x09, 0x21, 0x11, 0x80, 0x09, 0x00, 0x06, 0x83, 0x09, 0x00, 0x07, 0x83, 0x09, 0x08, 
	0x06, 0x06, 0x28, 0x0D, 0x18, 0x02, 0x02, 0x03, 0x03, 0x83, 0x02, 0x01, 0x03, 0x03, 0x80, 0x02, 
	0x05, 0x18, 0x22, 0x03, 0x0C, 0x29, 0x26, 0x80, 0x02, 0x05, 0x03, 0x03, 0x02, 0x03, 0x02, 0x02, 
	0x80, 0x03, 0x01, 0x02, 0x03, 0x80, 0x02, 0x03, 0x03, 0x15, 0x25, 0x06, 0x82, 0x09, 0x18, 0x06, 
	0x1C, 0x22, 0x06, 0x14, 0x05, 0x32, 0x2C, 0x33, 0x34, 0x35, 0x35, 0x2F, 0x35, 0x34, 0x33, 0x32, 
	0x34, 0x36, 0x2E, 0x2E, 0x0C, 0x26, 0x10, 0x02, 0x80, 0x10, 0x81, 0x02, 0x03, 0x18, 0x37, 0x13, 
	0x22, 0x84, 0x09, 0x00, 0x07, 0x84, 0x09, 0x08, 0x06, 0x24, 0x07, 0x0A, 0x20, 0x08, 0x06, 0x09, 
	0x07, 0x87, 0x09, 0x09, 0x07, 0x09, 0x07, 0x06, 0x1C, 0x20, 0x0A, 0x09, 0x09, 0x06, 0x81, 0x09, 
	0x00, 0x06, 0x80, 0x09, 0x01, 0x06, 0x07, 0x14, 0x03, 0x02, 0x03, 0x02, 0x02, 0x03, 0x02, 0x03, 
	0x02, 0x02, 0x03, 0x02, 0x18, 0x05, 0x0A, 0x08, 0x06, 0x06, 0x09, 0x09, 0x06, 0x80, 0x09, 0x02, 
	0x07, 0x09, 0x07, 0x82, 0x09, 0x03, 0x06, 0x04, 0x05, 0x0F, 0x83, 0x02, 0x03, 0x03, 0x03, 0x02, 
	0x02, 0x81, 0x03, 0x06, 0x02, 0x02, 0x03, 0x02, 0x14, 0x1A, 0x04, 0x80, 0x09, 0x00, 0x06, 0x89, 
	0x09, 0x0A, 0x06, 0x09, 0x20, 0x29, 0x14, 0x02, 0x02, 0x03, 0x02, 0x02, 0x03, 0x80, 0x02, 0x03, 
	0x03, 0x02, 0x02, 0x03, 0x82, 0x02, 0x0A, 0x14, 0x0D, 0x05, 0x03, 0x02, 0x03, 0x03, 0x02, 0x03, 
	0x02, 0x03, 0x87, 0x02, 0x06, 0x1F, 0x16, 0x18, 0x02, 0x03, 0x02, 0x03, 0x82, 0x02, 0x80, 0x03, 
	0x08, 0x02, 0x02, 0x03, 0x03, 0x02, 0x03, 0x0C, 0x0D, 0x08, 0x8D, 0x09, 0x03, 0x06, 0x06, 0x21, 
	0x11, 0x84, 0x09, 0x00, 0x06, 0x86, 0x09, 0x04, 0x07, 0x09, 0x08, 0x1A, 0x0C, 0x80, 0x02, 0x80, 
	0x03, 0x81, 0x02, 0x0A, 0x03, 0x02, 0x03, 0x02, 0x02, 0x03, 0x02, 0x27, 0x18, 0x2B, 0x0F, 0x86, 
	0x02, 0x81, 0x03, 0x01, 0x02, 0x03, 0x80, 0x02, 0x03, 0x0C, 0x29, 0x08, 0x06, 0x82, 0x09, 0x12, 
	0x06, 0x06, 0x09, 0x06, 0x09, 0x05, 0x00, 0x15, 0x13, 0x23, 0x2E, 0x2F, 0x2E, 0x30, 0x2C, 0x0C, 
	0x26, 0x26, 0x31, 0x83, 0x02, 0x00, 0x03, 0x81, 0x02, 0x05, 0x03, 0x02, 0x18, 0x0D, 0x13, 0x07, 
	0x80, 0x09, 0x00, 0x07, 0x8B, 0x09, 0x06, 0x0A, 0x20, 0x08, 0x06, 0x09, 0x03, 0x06, 0x89, 0x09, 
	0x06, 0x07, 0x08, 0x0A, 0x20, 0x22, 0x06, 0x06, 0x84, 0x09, 0x01, 0x06, 0x09, 0x81, 0x02, 0x00, 
	0x03, 0x81, 0x02, 0x09, 0x03, 0x02, 0x14, 0x20, 0x12, 0x06, 0x06, 0x09, 0x09, 0x06, 0x85, 0x09, 
	0x01, 0x06, 0x06, 0x80, 0x09, 0x02, 0x04, 0x20, 0x19, 0x83, 0x02, 0x04, 0x03, 0x03, 0x02, 0x02, 
	0x03, 0x81, 0x02, 0x0C, 0x03, 0x03, 0x02, 0x26, 0x1A, 0x19, 0x09, 0x06, 0x03, 0x06, 0x09, 0x09, 
	0x07, 0x87, 0x09, 0x03, 0x06, 0x21, 0x15, 0x13, 0x81, 0x02, 0x00, 0x03, 0x80, 0x02, 0x00, 0x03, 
	0x80, 0x02, 0x00, 0x03, 0x83, 0x02, 0x03, 0x05, 0x0D, 0x0E, 0x03, 0x83, 0x02, 0x07, 0x03, 0x02, 
	0x03, 0x02, 0x02, 0x03, 0x03, 0x02, 0x80, 0x03, 0x01, 0x0D, 0x05, 0x80, 0x02, 0x03, 0x03, 0x03, 
	0x02, 0x02, 0x81, 0x03, 0x03, 0x02, 0x03, 0x02, 0x03, 0x81, 0x02, 0x04, 0x19, 0x0D, 0x06, 0x09, 
	0x06, 0x80, 0x09, 0x00, 0x07, 0x81, 0x09, 0x04, 0x06, 0x09, 0x09, 0x06, 0x06, 0x80, 0x09, 0x03, 
	0x21, 0x16, 0x06, 0x07, 0x88, 0x09, 0x00, 0x07, 0x80, 0x09, 0x10, 0x07, 0x09, 0x09, 0x0D, 0x0F, 
	0x02, 0x02, 0x03, 0x03, 0x02, 0x02, 0x03, 0x03, 0x02, 0x03, 0x02, 0x03, 0x83, 0x02, 0x02, 0x10, 
	0x15, 0x0D, 0x85, 0x02, 0x00, 0x03, 0x82, 0x02, 0x09, 0x03, 0x02, 0x02, 0x10, 0x10, 0x16, 0x04, 
	0x09, 0x06, 0x06, 0x80, 0x09, 0x00, 0x06, 0x80, 0x09, 0x0B, 0x06, 0x28, 0x0F, 0x09, 0x06, 0x08, 
	0x06, 0x07, 0x08, 0x29, 0x2A, 0x26, 0x84, 0x02, 0x05, 0x10, 0x03, 0x03, 0x02, 0x02, 0x03, 0x81, 
	0x02, 0x02, 0x0E, 0x0D, 0x19, 0x8C, 0x09, 0x0A, 0x06, 0x09, 0x06, 0x09, 0x12, 0x20, 0x22, 0x09, 
	0x07, 0x07, 0x06, 0x8B, 0x09, 0x05, 0x12, 0x1A, 0x28, 0x09, 0x06, 0x06, 0x82, 0x09, 0x01, 0x06, 
	0x09, 0x12, 0x02, 0x03, 0x02, 0x02, 0x03, 0x03, 0x02, 0x03, 0x03, 0x02, 0x1F, 0x20, 0x04, 0x06, 
	0x06, 0x09, 0x06, 0x09, 0x07, 0x86, 0x09, 0x09, 0x06, 0x09, 0x06, 0x04, 0x05, 0x13, 0x10, 0x02, 
	0x02, 0x10, 0x83, 0x02, 0x00, 0x03, 0x80, 0x02, 0x00, 0x03, 0x80, 0x02, 0x07, 0x18, 0x1A, 0x12, 
	0x06, 0x09, 0x09, 0x06, 0x06, 0x83, 0x09, 0x00, 0x06, 0x80, 0x09, 0x00, 0x06, 0x80, 0x09, 0x01, 
	0x15, 0x15, 0x81, 0x02, 0x00, 0x03, 0x81, 0x02, 0x01, 0x03, 0x03, 0x82, 0x02, 0x05, 0x03, 0x03, 
	0x02, 0x18, 0x0D, 0x05, 0x81, 0x02, 0x01, 0x03, 0x02, 0x80, 0x03, 0x0B, 0x02, 0x03, 0x02, 0x03, 
	0x03, 0x02, 0x02, 0x03, 0x02, 0x0C, 0x0D, 0x0C, 0x82, 0x02, 0x86, 0x03, 0x82, 0x02, 0x03, 0x05, 
	0x20, 0x06, 0x07, 0x83, 0x09, 0x00, 0x07, 0x86, 0x09, 0x03, 0x06, 0x21, 0x0B, 0x06, 0x86, 0x09, 
	0x00, 0x07, 0x83, 0x09, 0x09, 0x07, 0x09, 0x06, 0x1A, 0x20, 0x02, 0x02, 0x03, 0x02, 0x02, 0x80, 
	0x03, 0x05, 0x02, 0x03, 0x02, 0x02, 0x03, 0x03, 0x80, 0x02, 0x06, 0x03, 0x02, 0x0F, 0x15, 0x18, 
	0x10, 0x03, 0x80, 0x02, 0x04, 0x03, 0x03, 0x02, 0x03, 0x03, 0x80, 0x02, 0x00, 0x03, 0x81, 0x02, 
	0x03, 0x0C, 0x15, 0x22, 0x07, 0x86, 0x09, 0x80, 0x06, 0x01, 0x09, 0x09, 0x80, 0x06, 0x04, 0x14, 
	0x2B, 0x29, 0x02, 0x03, 0x82, 0x02, 0x05, 0x03, 0x03, 0x02, 0x03, 0x02, 0x03, 0x82, 0x02, 0x02, 
	0x1F, 0x05, 0x0F, 0x8C, 0x09, 0x06, 0x06, 0x09, 0x06, 0x09, 0x12, 0x1A, 0x1C, 0x80, 0x09, 0x00, 
	0x06, 0x81, 0x09, 0x00, 0x06, 0x81, 0x09, 0x09, 0x06, 0x09, 0x07, 0x09, 0x06, 0x1E, 0x20, 0x04, 
	0x09, 0x06, 0x84, 0x09, 0x0E, 0x02, 0x03, 0x02, 0x03, 0x02, 0x03, 0x02, 0x03, 0x02, 0x19, 0x1A, 
	0x28, 0x06, 0x09, 0x07, 0x83, 0x09, 0x00, 0x06, 0x82, 0x09, 0x07, 0x07, 0x09, 0x09, 0x19, 0x20, 
	0x13, 0x10, 0x03, 0x80, 0x02, 0x00, 0x10, 0x81, 0x02, 0x10, 0x03, 0x03, 0x02, 0x03, 0x03, 0x02, 
	0x03, 0x02, 0x18, 0x1A, 0x0A, 0x09, 0x06, 0x09, 0x09, 0x06, 0x06, 0x8A, 0x09, 0x04, 0x16, 0x29, 
	0x18, 0x02, 0x10, 0x80, 0x02, 0x05, 0x03, 0x02, 0x02, 0x03, 0x02, 0x03, 0x81, 0x02, 0x06, 0x03, 
	0x02, 0x03, 0x02, 0x1F, 0x0D, 0x18, 0x80, 0x02, 0x02, 0x03, 0x03, 0x02, 0x80, 0x03, 0x82, 0x02, 
	0x0F, 0x03, 0x02, 0x03, 0x02, 0x05, 0x0D, 0x18, 0x02, 0x02, 0x03, 0x02, 0x02, 0x03, 0x02, 0x02, 
	0x03, 0x80, 0x02, 0x01, 0x03, 0x03, 0x82, 0x02, 0x06, 0x1A, 0x0A, 0x06, 0x06, 0x09, 0x09, 0x06, 
	0x8A, 0x09, 0x05, 0x06, 0x21, 0x0D, 0x06, 0x09, 0x06, 0x81, 0x09, 0x00, 0x06, 0x84, 0x09, 0x06, 
	0x07, 0x09, 0x08, 0x06, 0x06, 0x0A, 0x0D, 0x83, 0x02, 0x00, 0x03, 0x81, 0x02, 0x81, 0x03, 0x81, 
	0x02, 0x03, 0x26, 0x2B, 0x1F, 0x03, 0x80, 0x02, 0x05, 0x03, 0x02, 0x03, 0x03, 0x02, 0x03, 0x80, 
	0x02, 0x00, 0x03, 0x81, 0x02, 0x02, 0x10, 0x15, 0x0D, 0x84, 0x09, 0x02, 0x07, 0x06, 0x06, 0x84, 
	0x09, 0x12, 0x06, 0x06, 0x0D, 0x2A, 0x13, 0x02, 0x03, 0x02, 0x03, 0x03, 0x02, 0x03, 0x02, 0x02, 
	0x03, 0x03, 0x02, 0x02, 0x03, 0x80, 0x02, 0x03, 0x10, 0x05, 0x13, 0x21, 0x83, 0x09, 0x04, 0x06, 
	0x06, 0x09, 0x06, 0x27, 0x85, 0x09, 0x06, 0x12, 0x20, 0x28, 0x06, 0x06, 0x09, 0x27, 0x88, 0x09, 
	0x80, 0x06, 0x04, 0x28, 0x1A, 0x12, 0x09, 0x06, 0x83, 0x09, 0x01, 0x02, 0x03, 0x80, 0x02, 0x0F, 
	0x03, 0x02, 0x18, 0x20, 0x0A, 0x22, 0x06, 0x07, 0x06, 0x09, 0x09, 0x07, 0x09, 0x06, 0x09, 0x06, 
	0x85, 0x09, 0x1B, 0x13, 0x20, 0x0F, 0x10, 0x02, 0x03, 0x02, 0x02, 0x03, 0x02, 0x03, 0x02, 0x02, 
	0x03, 0x02, 0x02, 0x03, 0x02, 0x02, 0x03, 0x02, 0x03, 0x1A, 0x20, 0x09, 0x06, 0x09, 0x07, 0x89, 
	0x09, 0x05, 0x07, 0x09, 0x06, 0x19, 0x29, 0x0F, 0x86, 0x02, 0x06, 0x03, 0x02, 0x03, 0x02, 0x03, 
	0x02, 0x02, 0x81, 0x03, 0x04, 0x05, 0x05, 0x03, 0x02, 0x03, 0x82, 0x02, 0x00, 0x03, 0x80, 0x02, 
	0x08, 0x03, 0x02, 0x03, 0x03, 0x02, 0x02, 0x18, 0x0D, 0x23, 0x81, 0x02, 0x00, 0x03, 0x82, 0x02, 
	0x00, 0x03, 0x85, 0x02, 0x04, 0x03, 0x05, 0x04, 0x06, 0x06, 0x84, 0x09, 0x00, 0x07, 0x84, 0x09, 
	0x08, 0x06, 0x06, 0x21, 0x11, 0x09, 0x09, 0x07, 0x09, 0x07, 0x81, 0x09, 0x00, 0x06, 0x82, 0x09, 
	0x01, 0x07, 0x06, 0x80, 0x09, 0x08, 0x04, 0x1A, 0x10, 0x02, 0x02, 0x03, 0x03, 0x02, 0x03, 0x82, 
	0x02, 0x82, 0x03, 0x04, 0x02, 0x02, 0x03, 0x29, 0x0D, 0x80, 0x02, 0x02, 0x03, 0x03, 0x02, 0x81, 
	0x03, 0x01, 0x02, 0x03, 0x82, 0x02, 0x0A, 0x03, 0x02, 0x0C, 0x15, 0x1D, 0x06, 0x06, 0x07, 0x09, 
	0x09, 0x07, 0x88, 0x09, 0x04, 0x06, 0x09, 0x2B, 0x2A, 0x14, 0x84, 0x02, 0x00, 0x03, 0x86, 0x02, 
	0x03, 0x18, 0x16, 0x13, 0x22, 0x84, 0x09, 0x01, 0x06, 0x06, 0x86, 0x09, 0x08, 0x06, 0x1E, 0x1A, 
	0x0C, 0x06, 0x06, 0x07, 0x09, 0x06, 0x89, 0x09, 0x05, 0x06, 0x22, 0x20, 0x20, 0x22, 0x06, 0x82, 
	0x09, 0x83, 0x02, 0x0B, 0x0C, 0x20, 0x12, 0x06, 0x06, 0x09, 0x06, 0x09, 0x09, 0x07, 0x09, 0x06, 
	0x86, 0x09, 0x06, 0x06, 0x05, 0x20, 0x0C, 0x02, 0x10, 0x03, 0x82, 0x02, 0x05, 0x03, 0x02, 0x03, 
	0x02, 0x03, 0x03, 0x81, 0x02, 0x05, 0x18, 0x0A, 0x1A, 0x08, 0x06, 0x06, 0x81, 0x09, 0x00, 0x06, 
	0x80, 0x09, 0x00, 0x06, 0x84, 0x09, 0x02, 0x28, 0x11, 0x0D, 0x86, 0x02, 0x06, 0x03, 0x03, 0x02, 
	0x02, 0x03, 0x02, 0x02, 0x80, 0x03, 0x0A, 0x02, 0x1F, 0x0D, 0x0E, 0x03, 0x02, 0x02, 0x03, 0x02, 
	0x02, 0x03, 0x81, 0x02, 0x00, 0x03, 0x83, 0x02, 0x0B, 0x0F, 0x0D, 0x18, 0x02, 0x03, 0x02, 0x03, 
	0x02, 0x02, 0x03, 0x03, 0x02, 0x80, 0x03, 0x80, 0x02, 0x08, 0x03, 0x03, 0x02, 0x02, 0x26, 0x0D, 
	0x08, 0x06, 0x06, 0x86, 0x09, 0x00, 0x06, 0x83, 0x09, 0x06, 0x06, 0x28, 0x0B, 0x03, 0x07, 0x06, 
	0x07, 0x8D, 0x09, 0x05, 0x1C, 0x0D, 0x26, 0x02, 0x02, 0x03, 0x82, 0x02, 0x00, 0x03, 0x80, 0x02, 
	0x09, 0x03, 0x03, 0x02, 0x02, 0x03, 0x02, 0x02, 0x23, 0x15, 0x18, 0x81, 0x02, 0x00, 0x03, 0x80, 
	0x02, 0x80, 0x03, 0x04, 0x02, 0x03, 0x02, 0x02, 0x03, 0x80, 0x02, 0x03, 0x16, 0x0D, 0x09, 0x06, 
	0x83, 0x09, 0x00, 0x07, 0x83, 0x09, 0x11, 0x06, 0x09, 0x09, 0x06, 0x21, 0x2B, 0x29, 0x18, 0x02, 
	0x02, 0x03, 0x02, 0x03, 0x03, 0x02, 0x02, 0x03, 0x03, 0x81, 0x02, 0x09, 0x03, 0x03, 0x02, 0x18, 
	0x15, 0x13, 0x22, 0x09, 0x09, 0x07, 0x82, 0x09, 0x00, 0x06, 0x82, 0x09, 0x00, 0x06, 0x81, 0x09, 
	0x03, 0x04, 0x1A, 0x21, 0x06, 0x80, 0x09, 0x01, 0x06, 0x07, 0x82, 0x09, 0x00, 0x06, 0x81, 0x09, 
	0x06, 0x06, 0x06, 0x09, 0x12, 0x20, 0x28, 0x06, 0x81, 0x09, 0x07, 0x02, 0x03, 0x02, 0x02, 0x03, 
	0x19, 0x20, 0x21, 0x80, 0x09, 0x02, 0x07, 0x09, 0x07, 0x84, 0x09, 0x00, 0x06, 0x82, 0x09, 0x0A, 
	0x05, 0x20, 0x26, 0x02, 0x02, 0x03, 0x03, 0x02, 0x02, 0x03, 0x03, 0x81, 0x02, 0x80, 0x03, 0x81, 
	0x02, 0x03, 0x05, 0x1A, 0x07, 0x06, 0x8F, 0x09, 0x02, 0x0B, 0x15, 0x03, 0x81, 0x02, 0x00, 0x03, 
	0x81, 0x02, 0x10, 0x03, 0x02, 0x03, 0x02, 0x03, 0x03, 0x02, 0x03, 0x02, 0x02, 0x03, 0x05, 0x05, 
	0x02, 0x02, 0x03, 0x02, 0x82, 0x03, 0x03, 0x02, 0x02, 0x03, 0x03, 0x80, 0x02, 0x09, 0x03, 0x03, 
	0x02, 0x05, 0x0D, 0x02, 0x02, 0x03, 0x02, 0x03, 0x80, 0x02, 0x00, 0x03, 0x80, 0x02, 0x0A, 0x03, 
	0x02, 0x02, 0x03, 0x02, 0x03, 0x02, 0x02, 0x04, 0x0D, 0x06, 0x80, 0x09, 0x00, 0x07, 0x89, 0x09, 
	0x09, 0x27, 0x06, 0x06, 0x28, 0x11, 0x08, 0x06, 0x09, 0x09, 0x06, 0x85, 0x09, 0x00, 0x06, 0x83, 
	0x09, 0x05, 0x08, 0x11, 0x1F, 0x02, 0x02, 0x03, 0x81, 0x02, 0x08, 0x03, 0x02, 0x03, 0x02, 0x02, 
	0x03, 0x02, 0x02, 0x03, 0x80, 0x02, 0x02, 0x26, 0x2B, 0x0F, 0x82, 0x02, 0x00, 0x03, 0x82, 0x02, 
	0x0D, 0x03, 0x02, 0x02, 0x03, 0x02, 0x03, 0x02, 0x02, 0x26, 0x29, 0x28, 0x06, 0x09, 0x07, 0x8C, 
	0x09, 0x03, 0x06, 0x11, 0x2C, 0x0D, 0x80, 0x02, 0x00, 0x03, 0x81, 0x02, 0x00, 0x03, 0x80, 0x02, 
	0x02, 0x03, 0x02, 0x03, 0x80, 0x02, 0x07, 0x17, 0x0D, 0x13, 0x08, 0x09, 0x07, 0x09, 0x07, 0x82, 
	0x09, 0x00, 0x06, 0x85, 0x09, 0x09, 0x06, 0x25, 0x1A, 0x25, 0x06, 0x09, 0x09, 0x06, 0x09, 0x06, 
	0x80, 0x09, 0x00, 0x07, 0x81, 0x09, 0x00, 0x06, 0x80, 0x09, 0x07, 0x07, 0x12, 0x20, 0x25, 0x06, 
	0x09, 0x07, 0x09, 0x80, 0x02, 0x07, 0x0E, 0x05, 0x0A, 0x22, 0x07, 0x07, 0x09, 0x06, 0x80, 0x09, 
	0x03, 0x07, 0x09, 0x07, 0x07, 0x81, 0x09, 0x06, 0x07, 0x09, 0x09, 0x07, 0x0A, 0x20, 0x26, 0x84, 
	0x02, 0x06, 0x03, 0x03, 0x02, 0x03, 0x02, 0x03, 0x03, 0x82, 0x02, 0x04, 0x0A, 0x0A, 0x22, 0x06, 
	0x06, 0x82, 0x09, 0x06, 0x07, 0x09, 0x09, 0x07, 0x09, 0x09, 0x06, 0x81, 0x09, 0x03, 0x06, 0x0D, 
	0x11, 0x14, 0x80, 0x02, 0x06, 0x03, 0x02, 0x03, 0x02, 0x03, 0x03, 0x02, 0x80, 0x03, 0x82, 0x02, 
	0x04, 0x03, 0x02, 0x23, 0x0B, 0x18, 0x82, 0x03, 0x80, 0x02, 0x03, 0x03, 0x02, 0x03, 0x02, 0x80, 
	0x03, 0x80, 0x02, 0x02, 0x18, 0x0B, 0x0C, 0x83, 0x02, 0x00, 0x03, 0x81, 0x02, 0x00, 0x03, 0x80, 
	0x02, 0x07, 0x03, 0x02, 0x03, 0x02, 0x02, 0x05, 0x05, 0x07, 0x81, 0x09, 0x03, 0x06, 0x09, 0x09, 
	0x07, 0x80, 0x09, 0x00, 0x07, 0x81, 0x09, 0x07, 0x06, 0x09, 0x09, 0x14, 0x11, 0x08, 0x06, 0x06, 
	0x80, 0x09, 0x03, 0x07, 0x09, 0x09, 0x06, 0x80, 0x09, 0x00, 0x27, 0x84, 0x09, 0x06, 0x11, 0x19, 
	0x02, 0x02, 0x03, 0x02, 0x02, 0x80, 0x03, 0x11, 0x02, 0x02, 0x03, 0x03, 0x02, 0x02, 0x03, 0x02, 
	0x02, 0x03, 0x02, 0x03, 0x0B, 0x16, 0x02, 0x02, 0x03, 0x02, 0x81, 0x03, 0x82, 0x02, 0x09, 0x03, 
	0x02, 0x03, 0x03, 0x02, 0x03, 0x02, 0x16, 0x16, 0x06, 0x82, 0x09, 0x00, 0x07, 0x88, 0x09, 0x0F, 
	0x07, 0x09, 0x29, 0x29, 0x1F, 0x02, 0x02, 0x03, 0x03, 0x02, 0x03, 0x03, 0x02, 0x03, 0x02, 0x03, 
	0x80, 0x02, 0x0A, 0x03, 0x03, 0x02, 0x02, 0x18, 0x0D, 0x16, 0x1C, 0x09, 0x09, 0x06, 0x8B, 0x09, 
	0x04, 0x06, 0x09, 0x21, 0x20, 0x04, 0x80, 0x09, 0x00, 0x06, 0x86, 0x09, 0x08, 0x06, 0x07, 0x09, 
	0x07, 0x09, 0x09, 0x1D, 0x0A, 0x1C, 0x80, 0x07, 0x0D, 0x02, 0x02, 0x14, 0x20, 0x12, 0x07, 0x06, 
	0x07, 0x07, 0x09, 0x08, 0x09, 0x07, 0x09, 0x80, 0x07, 0x84, 0x09, 0x03, 0x07, 0x05, 0x20, 0x0E, 
	0x8A, 0x02, 0x00, 0x03, 0x82, 0x02, 0x04, 0x0F, 0x20, 0x21, 0x24, 0x07, 0x80, 0x09, 0x03, 0x07, 
	0x09, 0x09, 0x07, 0x84, 0x09, 0x06, 0x08, 0x09, 0x09, 0x25, 0x11, 0x05, 0x02, 0x8F, 0x03, 0x03, 
	0x02, 0x03, 0x05, 0x13, 0x8B, 0x03, 0x00, 0x02, 0x81, 0x03, 0x04, 0x1F, 0x05, 0x18, 0x02, 0x02, 
	0x8E, 0x03, 0x03, 0x02, 0x0D, 0x0A, 0x06, 0x91, 0x09, 0x01, 0x11, 0x06, 0x91, 0x09, 0x03, 0x12, 
	0x0A, 0x02, 0x03, 0x80, 0x02, 0x01, 0x03, 0x02, 0x84, 0x03, 0x00, 0x02, 0x81, 0x03, 0x02, 0x02, 
	0x18, 0x15, 0x85, 0x03, 0x00, 0x02, 0x88, 0x03, 0x03, 0x18, 0x16, 0x26, 0x06, 0x8E, 0x09, 0x0A, 
	0x07, 0x21, 0x2B, 0x2A, 0x10, 0x03, 0x02, 0x03, 0x03, 0x02, 0x02, 0x80, 0x03, 0x16, 0x02, 0x03, 
	0x03, 0x02, 0x03, 0x03, 0x02, 0x03, 0x02, 0x18, 0x0D, 0x16, 0x08, 0x06, 0x07, 0x09, 0x09, 0x07, 
	0x09, 0x07, 0x09, 0x09, 0x07, 0x80, 0x09, 0x0B, 0x07, 0x09, 0x07, 0x09, 0x07, 0x07, 0x1D, 0x0A, 
	0x1C, 0x07, 0x09, 0x09, 0x83, 0x07, 0x03, 0x09, 0x07, 0x07, 0x09, 0x83, 0x07, 0x04, 0x2D, 0x0A, 
	0x21, 0x07, 0x07, 0x03, 0x02, 0x0E, 0x0A, 0x21, 0x82, 0x07, 0x01, 0x09, 0x06, 0x80, 0x07, 0x00, 
	0x09, 0x80, 0x07, 0x00, 0x08, 0x81, 0x09, 0x04, 0x08, 0x13, 0x0F, 0x03, 0x03, 0x84, 0x02, 0x00, 
	0x03, 0x87, 0x02, 0x03, 0x22, 0x0A, 0x1D, 0x07, 0x84, 0x09, 0x00, 0x07, 0x82, 0x09, 0x00, 0x07, 
	0x81, 0x09, 0x02, 0x08, 0x11, 0x19, 0x92, 0x03, 0x02, 0x0E, 0x0D, 0x26, 0x90, 0x03, 0x01, 0x05, 
	0x13, 0x8B, 0x03, 0x00, 0x02, 0x83, 0x03, 0x02, 0x05, 0x1D, 0x06, 0x90, 0x09, 0x02, 0x06, 0x11, 
	0x06, 0x91, 0x09, 0x01, 0x04, 0x1A, 0x81, 0x02, 0x01, 0x03, 0x02, 0x88, 0x03, 0x05, 0x02, 0x03, 
	0x03, 0x18, 0x15, 0x14, 0x91, 0x03, 0x01, 0x0F, 0x19, 0x8E, 0x09, 0x07, 0x06, 0x09, 0x09, 0x0D, 
	0x29, 0x03, 0x03, 0x02, 0x80, 0x03, 0x08, 0x02, 0x02, 0x03, 0x02, 0x03, 0x03, 0x02, 0x03, 0x02, 
	0x80, 0x03, 0x04, 0x02, 0x03, 0x10, 0x05, 0x0D, 0x83, 0x07, 0x03, 0x09, 0x07, 0x07, 0x09, 0x80, 
	0x07, 0x12, 0x09, 0x07, 0x07, 0x09, 0x07, 0x09, 0x07, 0x1C, 0x20, 0x2D, 0x09, 0x07, 0x07, 0x09, 
	0x08, 0x09, 0x09, 0x07, 0x09, 0x82, 0x07, 0x08, 0x09, 0x09, 0x07, 0x07, 0x06, 0x08, 0x12, 0x1E, 
	0x07, 0x0C, 0x14, 0x0A, 0x1C, 0x07, 0x07, 0x09, 0x07, 0x09, 0x07, 0x09, 0x07, 0x07, 0x09, 0x80, 
	0x07, 0x80, 0x09, 0x06, 0x07, 0x09, 0x09, 0x08, 0x13, 0x0F, 0x03, 0x85, 0x02, 0x00, 0x03, 0x81, 
	0x02, 0x00, 0x03, 0x82, 0x02, 0x13, 0x18, 0x20, 0x04, 0x07, 0x06, 0x07, 0x07, 0x09, 0x09, 0x07, 
	0x09, 0x07, 0x09, 0x09, 0x07, 0x09, 0x07, 0x09, 0x09, 0x07, 0x80, 0x09, 0x01, 0x0D, 0x0D, 0x86, 
	0x03, 0x00, 0x02, 0x89, 0x03, 0x01, 0x05, 0x13, 0x8D, 0x03, 0x06, 0x02, 0x03, 0x03, 0x18, 0x0D, 
	0x14, 0x02, 0x91, 0x03, 0x05, 0x20, 0x07, 0x09, 0x07, 0x09, 0x06, 0x8E, 0x09, 0x01, 0x0B, 0x06, 
	0x91, 0x09, 0x01, 0x1C, 0x11, 0x84, 0x02, 0x88, 0x03, 0x04, 0x02, 0x03, 0x03, 0x0D, 0x13, 0x83, 
	0x03, 0x00, 0x02, 0x8A, 0x03, 0x02, 0x18, 0x15, 0x0E, 0x8E, 0x09, 0x1D, 0x07, 0x06, 0x07, 0x29, 
	0x29, 0x03, 0x02, 0x03, 0x02, 0x03, 0x03, 0x02, 0x03, 0x03, 0x02, 0x03, 0x03, 0x02, 0x03, 0x02, 
	0x02, 0x03, 0x02, 0x03, 0x03, 0x0E, 0x0D, 0x0A, 0x07, 0x09, 0x82, 0x07, 0x00, 0x09, 0x83, 0x07, 
	0x08, 0x09, 0x07, 0x07, 0x09, 0x07, 0x07, 0x1C, 0x0A, 0x1D, 0x80, 0x07, 0x07, 0x09, 0x07, 0x09, 
	0x07, 0x07, 0x09, 0x07, 0x09, 0x82, 0x07, 0x05, 0x06, 0x07, 0x07, 0x08, 0x1E, 0x12, 0x08, 0x12, 
	0x1C, 0x07, 0x07, 0x09, 0x07, 0x09, 0x08, 0x06, 0x81, 0x07, 0x0C, 0x09, 0x07, 0x09, 0x08, 0x09, 
	0x06, 0x07, 0x09, 0x07, 0x05, 0x04, 0x02, 0x03, 0x82, 0x02, 0x02, 0x03, 0x02, 0x03, 0x80, 0x02, 
	0x00, 0x03, 0x83, 0x02, 0x19, 0x18, 0x1A, 0x04, 0x07, 0x09, 0x07, 0x06, 0x07, 0x06, 0x07, 0x09, 
	0x09, 0x07, 0x09, 0x09, 0x07, 0x09, 0x09, 0x07, 0x09, 0x09, 0x08, 0x09, 0x19, 0x11, 0x0E, 0x92, 
	0x03, 0x02, 0x14, 0x0D, 0x0E, 0x90, 0x03, 0x01, 0x1F, 0x05, 0x92, 0x03, 0x05, 0x14, 0x05, 0x06, 
	0x07, 0x09, 0x07, 0x8F, 0x09, 0x00, 0x11, 0x91, 0x09, 0x04, 0x06, 0x06, 0x0D, 0x03, 0x03, 0x80, 
	0x02, 0x8D, 0x03, 0x01, 0x1F, 0x15, 0x85, 0x03, 0x00, 0x02, 0x89, 0x03, 0x01, 0x0F, 0x13, 0x8D, 
	0x09, 0x00, 0x07, 0x80, 0x09, 0x0D, 0x21, 0x2C, 0x16, 0x03, 0x02, 0x03, 0x02, 0x03, 0x02, 0x02, 
	0x03, 0x03, 0x02, 0x02, 0x80, 0x03, 0x17, 0x02, 0x02, 0x03, 0x03, 0x02, 0x03, 0x17, 0x0D, 0x0F, 
	0x07, 0x06, 0x07, 0x09, 0x09, 0x07, 0x09, 0x07, 0x07, 0x09, 0x07, 0x09, 0x07, 0x07, 0x09, 0x81, 
	0x07, 0x04, 0x24, 0x1C, 0x0A, 0x21, 0x09, 0x82, 0x07, 0x07, 0x09, 0x07, 0x08, 0x09, 0x07, 0x09, 
	0x07, 0x09, 0x83, 0x07, 0x00, 0x1E, 0x01, 0x07, 0x09, 0x82, 0x07, 0x03, 0x09, 0x07, 0x07, 0x09, 
	0x80, 0x07, 0x01, 0x09, 0x08, 0x81, 0x06, 0x03, 0x08, 0x13, 0x25, 0x10, 0x80, 0x02, 0x00, 0x03, 
	0x85, 0x02, 0x00, 0x03, 0x82, 0x02, 0x11, 0x03, 0x03, 0x0A, 0x12, 0x06, 0x07, 0x06, 0x07, 0x09, 
	0x07, 0x09, 0x07, 0x09, 0x07, 0x07, 0x09, 0x07, 0x07, 0x80, 0x09, 0x05, 0x07, 0x09, 0x09, 0x1C, 
	0x11, 0x04, 0x85, 0x03, 0x00, 0x10, 0x85, 0x03, 0x00, 0x02, 0x81, 0x03, 0x01, 0x05, 0x13, 0x88, 
	0x03, 0x00, 0x02, 0x85, 0x03, 0x01, 0x05, 0x12, 0x92, 0x03, 0x01, 0x0F, 0x0D, 0x80, 0x07, 0x00, 
	0x06, 0x8F, 0x09, 0x00, 0x11, 0x92, 0x09, 0x02, 0x07, 0x0B, 0x14, 0x83, 0x02, 0x8B, 0x03, 0x02, 
	0x18, 0x0B, 0x14, 0x92, 0x03, 0x02, 0x16, 0x26, 0x06, 0x90, 0x09, 0x03, 0x20, 0x29, 0x03, 0x02, 
	0x80, 0x03, 0x0B, 0x02, 0x03, 0x02, 0x03, 0x02, 0x03, 0x02, 0x02, 0x03, 0x03, 0x02, 0x03, 0x81, 
	0x02, 0x02, 0x0C, 0x15, 0x1D, 0x84, 0x07, 0x00, 0x09, 0x81, 0x07, 0x00, 0x09, 0x80, 0x07, 0x06, 
	0x09, 0x07, 0x09, 0x24, 0x1C, 0x12, 0x21, 0x80, 0x07, 0x06, 0x09, 0x07, 0x09, 0x07, 0x09, 0x07, 
	0x09, 0x80, 0x07, 0x00, 0x09, 0x80, 0x07, 0x02, 0x06, 0x07, 0x24, 0x0C, 0x07, 0x07, 0x09, 0x07, 
	0x07, 0x09, 0x07, 0x09, 0x07, 0x07, 0x09, 0x07, 0x07, 0x81, 0x06, 0x05, 0x09, 0x06, 0x08, 0x0A, 
	0x1F, 0x03, 0x87, 0x02, 0x00, 0x03, 0x81, 0x02, 0x0F, 0x03, 0x02, 0x03, 0x02, 0x02, 0x12, 0x0A, 
	0x07, 0x09, 0x07, 0x07, 0x09, 0x07, 0x09, 0x09, 0x07, 0x83, 0x09, 0x02, 0x07, 0x09, 0x07, 0x80, 
	0x09, 0x01, 0x11, 0x20, 0x93, 0x03, 0x02, 0x17, 0x0D, 0x18, 0x90, 0x03, 0x02, 0x18, 0x0D, 0x26, 
	0x80, 0x03, 0x00, 0x02, 0x8E, 0x03, 0x05, 0x0A, 0x05, 0x07, 0x06, 0x07, 0x06, 0x8F, 0x09, 0x00, 
	0x11, 0x93, 0x09, 0x06, 0x11, 0x04, 0x02, 0x02, 0x03, 0x02, 0x02, 0x8D, 0x03, 0x01, 0x0D, 0x13, 
	0x92, 0x03, 0x01, 0x0F, 0x13, 0x90, 0x09, 0x10, 0x07, 0x07, 0x2B, 0x0A, 0x03, 0x02, 0x03, 0x03, 
	0x02, 0x03, 0x03, 0x02, 0x03, 0x03, 0x02, 0x03, 0x02, 0x83, 0x03, 0x06, 0x02, 0x03, 0x0F, 0x16, 
	0x1C, 0x09, 0x09, 0x80, 0x07, 0x0A, 0x09, 0x07, 0x07, 0x09, 0x07, 0x09, 0x07, 0x07, 0x09, 0x07, 
	0x09, 0x80, 0x07, 0x04, 0x24, 0x08, 0x12, 0x1E, 0x06, 0x81, 0x07, 0x00, 0x09, 0x80, 0x07, 0x04, 
	0x09, 0x07, 0x09, 0x07, 0x09, 0x82, 0x07, 0x03, 0x09, 0x07, 0x07, 0x09, 0x85, 0x07, 0x00, 0x06, 
	0x82, 0x09, 0x03, 0x08, 0x05, 0x1F, 0x03, 0x80, 0x02, 0x00, 0x03, 0x85, 0x02, 0x00, 0x03, 0x82, 
	0x02, 0x08, 0x03, 0x02, 0x19, 0x0A, 0x07, 0x07, 0x09, 0x06, 0x07, 0x80, 0x09, 0x05, 0x07, 0x09, 
	0x07, 0x07, 0x09, 0x07, 0x81, 0x09, 0x05, 0x07, 0x09, 0x09, 0x0A, 0x11, 0x18, 0x93, 0x03, 0x01, 
	0x05, 0x13, 0x91, 0x03, 0x01, 0x1F, 0x0D, 0x93, 0x03, 0x04, 0x05, 0x0A, 0x06, 0x07, 0x06, 0x90, 
	0x09, 0x01, 0x11, 0x06, 0x8E, 0x09, 0x05, 0x07, 0x06, 0x09, 0x09, 0x1A, 0x13, 0x83, 0x02, 0x8C, 
	0x03, 0x01, 0x0F, 0x0D, 0x91, 0x03, 0x04, 0x02, 0x03, 0x16, 0x17, 0x06, 0x80, 0x09, 0x00, 0x06, 
	0x8C, 0x09, 0x0A, 0x21, 0x2A, 0x16, 0x10, 0x02, 0x03, 0x03, 0x02, 0x02, 0x03, 0x02, 0x80, 0x03, 
	0x80, 0x02, 0x0A, 0x03, 0x02, 0x03, 0x02, 0x03, 0x02, 0x02, 0x13, 0x16, 0x08, 0x06, 0x80, 0x09, 
	0x02, 0x07, 0x07, 0x09, 0x81, 0x07, 0x00, 0x09, 0x83, 0x07, 0x07, 0x24, 0x07, 0x08, 0x12, 0x1E, 
	0x24, 0x07, 0x09, 0x80, 0x07, 0x07, 0x06, 0x07, 0x09, 0x07, 0x07, 0x09, 0x07, 0x06, 0x81, 0x07, 
	0x01, 0x07, 0x09, 0x81, 0x07, 0x0D, 0x06, 0x07, 0x09, 0x07, 0x09, 0x08, 0x06, 0x09, 0x09, 0x06, 
	0x09, 0x08, 0x0A, 0x1F, 0x86, 0x02, 0x02, 0x03, 0x02, 0x03, 0x84, 0x02, 0x0F, 0x03, 0x02, 0x04, 
	0x0A, 0x08, 0x06, 0x06, 0x08, 0x06, 0x07, 0x09, 0x08, 0x06, 0x09, 0x09, 0x07, 0x80, 0x09, 0x01, 
	0x07, 0x07, 0x81, 0x09, 0x02, 0x21, 0x0B, 0x0C, 0x93, 0x03, 0x02, 0x14, 0x0D, 0x0E, 0x91, 0x03, 
	0x01, 0x05, 0x19, 0x93, 0x03, 0x04, 0x0D, 0x04, 0x07, 0x09, 0x07, 0x90, 0x09, 0x00, 0x11, 0x91, 
	0x09, 0x03, 0x07, 0x09, 0x12, 0x1A, 0x82, 0x02, 0x8D, 0x03, 0x03, 0x18, 0x15, 0x14, 0x02, 0x8D, 
	0x03, 0x00, 0x02, 0x80, 0x03, 0x01, 0x1F, 0x13, 0x91, 0x09, 0x05, 0x07, 0x0D, 0x29, 0x02, 0x03, 
	0x02, 0x80, 0x03, 0x04, 0x02, 0x03, 0x02, 0x03, 0x02, 0x80, 0x03, 0x02, 0x02, 0x03, 0x02, 0x80, 
	0x03, 0x03, 0x02, 0x03, 0x05, 0x0D, 0x80, 0x09, 0x0D, 0x07, 0x09, 0x08, 0x06, 0x07, 0x07, 0x09, 
	0x07, 0x07, 0x09, 0x07, 0x09, 0x07, 0x09, 0x82, 0x07, 0x01, 0x12, 0x1E, 0x80, 0x07, 0x02, 0x06, 
	0x08, 0x06, 0x86, 0x07, 0x01, 0x06, 0x07, 0x02, 0x09, 0x07, 0x09, 0x82, 0x07, 0x02, 0x09, 0x07, 
	0x07, 0x81, 0x06, 0x03, 0x09, 0x08, 0x05, 0x0C, 0x82, 0x02, 0x00, 0x03, 0x85, 0x02, 0x03, 0x03, 
	0x02, 0x02, 0x03, 0x80, 0x02, 0x0B, 0x0C, 0x0A, 0x1D, 0x06, 0x07, 0x07, 0x06, 0x07, 0x09, 0x09, 
	0x06, 0x07, 0x80, 0x09, 0x0A, 0x07, 0x09, 0x07, 0x06, 0x09, 0x07, 0x08, 0x09, 0x08, 0x0B, 0x0A, 
	0x94, 0x03, 0x01, 0x05, 0x13, 0x91, 0x03, 0x03, 0x18, 0x0D, 0x14, 0x02, 0x91, 0x03, 0x05, 0x0E, 
	0x0D, 0x1D, 0x09, 0x06, 0x07, 0x90, 0x09, 0x00, 0x11, 0x91, 0x09, 0x03, 0x06, 0x09, 0x1D, 0x11, 
	0x82, 0x02, 0x8E, 0x03, 0x02, 0x0D, 0x13, 0x02, 0x81, 0x03, 0x00, 0x02, 0x8D, 0x03, 0x02, 0x16, 
	0x14, 0x06, 0x90, 0x09, 0x07, 0x07, 0x29, 0x0A, 0x02, 0x02, 0x03, 0x02, 0x02, 0x83, 0x03, 0x01, 
	0x02, 0x02, 0x81, 0x03, 0x00, 0x02, 0x80, 0x03, 0x0C, 0x18, 0x0D, 0x05, 0x06, 0x09, 0x07, 0x09, 
	0x09, 0x07, 0x07, 0x09, 0x08, 0x06, 0x81, 0x07, 0x00, 0x09, 0x83, 0x07, 0x02, 0x08, 0x12, 0x1E, 
	0x80, 0x07, 0x06, 0x09, 0x07, 0x07, 0x09, 0x07, 0x07, 0x09, 0x83, 0x07, 0x09, 0x07, 0x09, 0x09, 
	0x07, 0x09, 0x07, 0x07, 0x06, 0x06, 0x07, 0x80, 0x06, 0x04, 0x09, 0x06, 0x22, 0x0A, 0x0C, 0x82, 
	0x02, 0x00, 0x03, 0x80, 0x02, 0x00, 0x03, 0x80, 0x02, 0x01, 0x03, 0x03, 0x83, 0x02, 0x19, 0x1D, 
	0x0A, 0x1D, 0x06, 0x07, 0x06, 0x07, 0x06, 0x07, 0x09, 0x09, 0x07, 0x09, 0x07, 0x07, 0x06, 0x09, 
	0x07, 0x06, 0x07, 0x07, 0x06, 0x06, 0x09, 0x20, 0x0D, 0x8E, 0x03, 0x00, 0x02, 0x82, 0x03, 0x02, 
	0x14, 0x0D, 0x18, 0x91, 0x03, 0x01, 0x04, 0x05, 0x93, 0x03, 0x04, 0x1F, 0x0D, 0x22, 0x06, 0x07, 
	0x91, 0x09, 0x00, 0x11, 0x8C, 0x09, 0x00, 0x06, 0x81, 0x09, 0x04, 0x06, 0x09, 0x08, 0x11, 0x18, 
	0x82, 0x02, 0x8D, 0x03, 0x01, 0x0F, 0x16, 0x93, 0x03, 0x01, 0x1F, 0x0A, 0x8E, 0x09, 0x00, 0x06, 
	0x80, 0x09, 0x06, 0x25, 0x29, 0x0E, 0x03, 0x02, 0x03, 0x03, 0x80, 0x02, 0x11, 0x03, 0x02, 0x03, 
	0x02, 0x03, 0x03, 0x02, 0x02, 0x03, 0x02, 0x03, 0x02, 0x03, 0x03, 0x14, 0x0D, 0x19, 0x06, 0x80, 
	0x07, 0x06, 0x09, 0x06, 0x07, 0x09, 0x07, 0x07, 0x09, 0x83, 0x07, 0x06, 0x06, 0x07, 0x24, 0x07, 
	0x07, 0x1E, 0x12, 0x82, 0x07, 0x06, 0x09, 0x09, 0x07, 0x07, 0x09, 0x07, 0x06, 0x80, 0x07, 0x0A, 
	0x09, 0x07, 0x07, 0x09, 0x07, 0x07, 0x06, 0x09, 0x09, 0x06, 0x06, 0x80, 0x09, 0x06, 0x22, 0x05, 
	0x14, 0x03, 0x02, 0x02, 0x03, 0x8B, 0x02, 0x0E, 0x03, 0x02, 0x02, 0x14, 0x0A, 0x21, 0x07, 0x06, 
	0x07, 0x07, 0x09, 0x07, 0x09, 0x07, 0x07, 0x80, 0x09, 0x0B, 0x07, 0x07, 0x09, 0x07, 0x07, 0x09, 
	0x07, 0x06, 0x08, 0x04, 0x11, 0x14, 0x94, 0x03, 0x01, 0x05, 0x13, 0x92, 0x03, 0x01, 0x05, 0x19, 
	0x8C, 0x03, 0x00, 0x02, 0x83, 0x03, 0x06, 0x19, 0x0D, 0x07, 0x06, 0x07, 0x07, 0x06, 0x8F, 0x09, 
	0x01, 0x11, 0x06, 0x92, 0x09, 0x06, 0x06, 0x11, 0x1F, 0x02, 0x03, 0x03, 0x02, 0x8E, 0x03, 0x03, 
	0x18, 0x15, 0x0E, 0x18, 0x92, 0x03, 0x01, 0x16, 0x14, 0x81, 0x09, 0x00, 0x06, 0x8C, 0x09, 0x0A, 
	0x07, 0x11, 0x29, 0x02, 0x03, 0x02, 0x02, 0x03, 0x02, 0x03, 0x02, 0x80, 0x03, 0x00, 0x02, 0x80, 
	0x03, 0x0A, 0x02, 0x03, 0x02, 0x03, 0x02, 0x02, 0x03, 0x0C, 0x0B, 0x21, 0x06, 0x80, 0x07, 0x04, 
	0x08, 0x06, 0x07, 0x07, 0x09, 0x80, 0x07, 0x00, 0x06, 0x85, 0x07, 0x09, 0x24, 0x1E, 0x12, 0x08, 
	0x06, 0x07, 0x07, 0x06, 0x08, 0x06, 0x82, 0x07, 0x01, 0x06, 0x07, 0x09, 0x09, 0x07, 0x09, 0x07, 
	0x07, 0x06, 0x09, 0x09, 0x06, 0x06, 0x80, 0x09, 0x03, 0x22, 0x0A, 0x14, 0x03, 0x88, 0x02, 0x02, 
	0x03, 0x02, 0x03, 0x80, 0x02, 0x0D, 0x03, 0x02, 0x02, 0x18, 0x0A, 0x1E, 0x06, 0x07, 0x06, 0x07, 
	0x06, 0x07, 0x06, 0x07, 0x80, 0x09, 0x06, 0x08, 0x06, 0x06, 0x07, 0x09, 0x09, 0x07, 0x80, 0x09, 
	0x03, 0x08, 0x11, 0x12, 0x02, 0x93, 0x03, 0x02, 0x14, 0x0D, 0x0E, 0x8D, 0x03, 0x00, 0x02, 0x80, 
	0x03, 0x02, 0x18, 0x0D, 0x26, 0x80, 0x03, 0x00, 0x02, 0x8F, 0x03, 0x07, 0x05, 0x05, 0x07, 0x06, 
	0x06, 0x09, 0x09, 0x07, 0x8E, 0x09, 0x00, 0x0B, 0x94, 0x09, 0x01, 0x05, 0x12, 0x81, 0x02, 0x01, 
	0x03, 0x02, 0x8A, 0x03, 0x04, 0x02, 0x03, 0x03, 0x0D, 0x13, 0x93, 0x03, 0x03, 0x1F, 0x05, 0x09, 
	0x06, 0x80, 0x09, 0x00, 0x07, 0x8B, 0x09, 0x07, 0x06, 0x07, 0x2B, 0x11, 0x02, 0x02, 0x03, 0x02, 
	0x80, 0x03, 0x05, 0x02, 0x02, 0x03, 0x03, 0x02, 0x02, 0x80, 0x03, 0x0C, 0x02, 0x03, 0x03, 0x02, 
	0x03, 0x02, 0x0F, 0x16, 0x1C, 0x09, 0x06, 0x09, 0x09, 0x81, 0x07, 0x00, 0x09, 0x82, 0x07, 0x0A, 
	0x06, 0x06, 0x07, 0x07, 0x06, 0x07, 0x08, 0x24, 0x1E, 0x12, 0x08, 0x89, 0x07, 0x80, 0x07, 0x03, 
	0x09, 0x06, 0x09, 0x06, 0x82, 0x09, 0x04, 0x22, 0x05, 0x14, 0x02, 0x03, 0x83, 0x02, 0x03, 0x03, 
	0x02, 0x02, 0x03, 0x80, 0x02, 0x00, 0x03, 0x82, 0x02, 0x15, 0x18, 0x0A, 0x12, 0x06, 0x07, 0x06, 
	0x07, 0x09, 0x07, 0x07, 0x09, 0x09, 0x07, 0x09, 0x07, 0x06, 0x07, 0x09, 0x07, 0x09, 0x07, 0x06, 
	0x80, 0x07, 0x01, 0x0B, 0x20, 0x83, 0x03, 0x00, 0x02, 0x89, 0x03, 0x00, 0x02, 0x81, 0x03, 0x02, 
	0x05, 0x13, 0x10, 0x91, 0x03, 0x01, 0x0F, 0x05, 0x94, 0x03, 0x08, 0x0D, 0x0A, 0x09, 0x07, 0x07, 
	0x08, 0x06, 0x09, 0x06, 0x8D, 0x09, 0x00, 0x11, 0x92, 0x09, 0x03, 0x06, 0x06, 0x12, 0x0A, 0x82, 
	0x02, 0x8E, 0x03, 0x01, 0x19, 0x0D, 0x90, 0x03, 0x05, 0x02, 0x03, 0x02, 0x03, 0x16, 0x14, 0x89, 
	0x09, 0x00, 0x06, 0x85, 0x09, 0x1C, 0x1E, 0x29, 0x0E, 0x02, 0x02, 0x03, 0x03, 0x02, 0x02, 0x03, 
	0x03, 0x02, 0x02, 0x03, 0x02, 0x03, 0x02, 0x03, 0x02, 0x02, 0x03, 0x03, 0x02, 0x02, 0x03, 0x13, 
	0x0D, 0x08, 0x06, 0x83, 0x07, 0x00, 0x09, 0x80, 0x07, 0x18, 0x06, 0x08, 0x06, 0x08, 0x06, 0x07, 
	0x07, 0x24, 0x07, 0x08, 0x06, 0x1E, 0x12, 0x08, 0x06, 0x06, 0x07, 0x06, 0x07, 0x06, 0x07, 0x06, 
	0x08, 0x06, 0x07, 0x0D, 0x06, 0x07, 0x09, 0x06, 0x09, 0x09, 0x06, 0x09, 0x06, 0x09, 0x09, 0x22, 
	0x05, 0x17, 0x8B, 0x02, 0x00, 0x03, 0x82, 0x02, 0x11, 0x03, 0x03, 0x12, 0x12, 0x06, 0x06, 0x07, 
	0x07, 0x06, 0x08, 0x06, 0x06, 0x07, 0x08, 0x06, 0x07, 0x06, 0x07, 0x83, 0x09, 0x04, 0x06, 0x07, 
	0x12, 0x11, 0x0E, 0x94, 0x03, 0x03, 0x14, 0x0D, 0x18, 0x18, 0x91, 0x03, 0x01, 0x05, 0x19, 0x90, 
	0x03, 0x09, 0x02, 0x03, 0x03, 0x0E, 0x0D, 0x04, 0x09, 0x09, 0x06, 0x06, 0x90, 0x09, 0x00, 0x11, 
	0x94, 0x09, 0x05, 0x21, 0x11, 0x02, 0x02, 0x03, 0x02, 0x8F, 0x03, 0x02, 0x18, 0x15, 0x26, 0x90, 
	0x03, 0x04, 0x02, 0x03, 0x03, 0x0C, 0x05, 0x8A, 0x09, 0x00, 0x07, 0x83, 0x09, 0x07, 0x06, 0x09, 
	0x0D, 0x29, 0x03, 0x03, 0x02, 0x02, 0x80, 0x03, 0x00, 0x02, 0x81, 0x03, 0x02, 0x02, 0x03, 0x03, 
	0x80, 0x02, 0x0C, 0x03, 0x02, 0x03, 0x03, 0x18, 0x05, 0x0D, 0x07, 0x06, 0x07, 0x09, 0x07, 0x09, 
	0x80, 0x07, 0x02, 0x06, 0x08, 0x06, 0x81, 0x07, 0x10, 0x06, 0x07, 0x06, 0x07, 0x06, 0x07, 0x07, 
	0x21, 0x12, 0x1C, 0x06, 0x08, 0x06, 0x08, 0x06, 0x08, 0x06, 0x80, 0x07, 0x0E, 0x09, 0x06, 0x09, 
	0x06, 0x09, 0x09, 0x06, 0x09, 0x09, 0x06, 0x22, 0x20, 0x17, 0x02, 0x03, 0x81, 0x02, 0x00, 0x03, 
	0x80, 0x02, 0x08, 0x03, 0x02, 0x02, 0x03, 0x02, 0x03, 0x02, 0x02, 0x03, 0x80, 0x02, 0x09, 0x12, 
	0x0A, 0x06, 0x08, 0x06, 0x07, 0x06, 0x09, 0x06, 0x07, 0x83, 0x09, 0x0A, 0x07, 0x07, 0x09, 0x07, 
	0x07, 0x09, 0x07, 0x06, 0x1D, 0x0D, 0x1F, 0x95, 0x03, 0x01, 0x05, 0x13, 0x8D, 0x03, 0x00, 0x02, 
	0x81, 0x03, 0x02, 0x18, 0x0D, 0x0E, 0x8E, 0x03, 0x00, 0x02, 0x81, 0x03, 0x06, 0x1F, 0x0D, 0x1D, 
	0x09, 0x09, 0x07, 0x06, 0x90, 0x09, 0x00, 0x0B, 0x94, 0x09, 0x03, 0x08, 0x1A, 0x03, 0x03, 0x80, 
	0x02, 0x8F, 0x03, 0x01, 0x0D, 0x19, 0x80, 0x03, 0x00, 0x02, 0x8C, 0x03, 0x00, 0x02, 0x80, 0x03, 
	0x02, 0x29, 0x0C, 0x06, 0x91, 0x09, 0x0F, 0x08, 0x2A, 0x0D, 0x02, 0x02, 0x03, 0x02, 0x03, 0x02, 
	0x03, 0x02, 0x02, 0x03, 0x02, 0x03, 0x02, 0x81, 0x03, 0x10, 0x02, 0x03, 0x03, 0x02, 0x03, 0x0E, 
	0x0D, 0x13, 0x06, 0x09, 0x07, 0x06, 0x06, 0x08, 0x06, 0x08, 0x06, 0x80, 0x07, 0x00, 0x06, 0x81, 
	0x07, 0x01, 0x08, 0x06, 0x81, 0x07, 0x03, 0x21, 0x1A, 0x08, 0x24, 0x80, 0x07, 0x00, 0x06, 0x81, 
	0x07, 0x0B, 0x06, 0x09, 0x09, 0x27, 0x06, 0x09, 0x06, 0x09, 0x09, 0x28, 0x0A, 0x0E, 0x83, 0x02, 
	0x00, 0x03, 0x8C, 0x02, 0x04, 0x04, 0x05, 0x0E, 0x06, 0x06, 0x81, 0x07, 0x0A, 0x06, 0x07, 0x07, 
	0x09, 0x09, 0x07, 0x06, 0x08, 0x06, 0x09, 0x07, 0x80, 0x09, 0x03, 0x07, 0x08, 0x0B, 0x0A, 0x91, 
	0x03, 0x00, 0x10, 0x80, 0x03, 0x02, 0x14, 0x0D, 0x0E, 0x90, 0x03, 0x03, 0x02, 0x03, 0x0F, 0x05, 
	0x94, 0x03, 0x02, 0x05, 0x05, 0x08, 0x80, 0x09, 0x01, 0x08, 0x06, 0x8F, 0x09, 0x00, 0x11, 0x95, 
	0x09, 0x05, 0x11, 0x0C, 0x02, 0x02, 0x03, 0x02, 0x8F, 0x03, 0x01, 0x19, 0x0D, 0x91, 0x03, 0x06, 
	0x02, 0x03, 0x03, 0x13, 0x0D, 0x09, 0x07, 0x91, 0x09, 0x25, 0x25, 0x29, 0x0E, 0x03, 0x02, 0x03, 
	0x02, 0x03, 0x02, 0x03, 0x03, 0x02, 0x02, 0x03, 0x03, 0x02, 0x03, 0x02, 0x03, 0x03, 0x02, 0x02, 
	0x03, 0x02, 0x03, 0x14, 0x0D, 0x04, 0x07, 0x06, 0x06, 0x07, 0x09, 0x07, 0x06, 0x07, 0x07, 0x09, 
	0x80, 0x07, 0x0C, 0x06, 0x08, 0x06, 0x06, 0x07, 0x07, 0x06, 0x08, 0x06, 0x06, 0x1D, 0x1A, 0x08, 
	0x83, 0x07, 0x01, 0x06, 0x07, 0x03, 0x09, 0x27, 0x06, 0x06, 0x80, 0x09, 0x09, 0x27, 0x1D, 0x0A, 
	0x0E, 0x10, 0x02, 0x03, 0x02, 0x02, 0x03, 0x83, 0x02, 0x00, 0x03, 0x86, 0x02, 0x1B, 0x04, 0x0A, 
	0x0E, 0x06, 0x06, 0x07, 0x06, 0x07, 0x06, 0x09, 0x07, 0x09, 0x09, 0x08, 0x06, 0x09, 0x07, 0x06, 
	0x07, 0x06, 0x09, 0x09, 0x07, 0x06, 0x06, 0x12, 0x11, 0x18, 0x95, 0x03, 0x01, 0x05, 0x13, 0x91, 
	0x03, 0x03, 0x02, 0x03, 0x05, 0x19, 0x94, 0x03, 0x06, 0x05, 0x0D, 0x07, 0x07, 0x09, 0x09, 0x06, 
	0x90, 0x09, 0x00, 0x11, 0x95, 0x09, 0x01, 0x0D, 0x23, 0x80, 0x02, 0x90, 0x03, 0x02, 0x26, 0x15, 
	0x18, 0x90, 0x03, 0x05, 0x02, 0x03, 0x03, 0x0E, 0x15, 0x0C, 0x91, 0x09, 0x0E, 0x07, 0x09, 0x11, 
	0x15, 0x03, 0x02, 0x03, 0x02, 0x03, 0x03, 0x02, 0x02, 0x03, 0x03, 0x02, 0x80, 0x03, 0x01, 0x02, 
	0x02, 0x80, 0x03, 0x0C, 0x02, 0x03, 0x02, 0x03, 0x1F, 0x15, 0x1D, 0x09, 0x09, 0x08, 0x06, 0x08, 
	0x06, 0x84, 0x07, 0x00, 0x06, 0x82, 0x07, 0x00, 0x06, 0x80, 0x07, 0x05, 0x1D, 0x0A, 0x1C, 0x07, 
	0x07, 0x06, 0x81, 0x07, 0x01, 0x06, 0x06, 0x82, 0x09, 0x07, 0x28, 0x13, 0x0E, 0x02, 0x03, 0x02, 
	0x02, 0x03, 0x83, 0x02, 0x00, 0x03, 0x82, 0x02, 0x00, 0x03, 0x81, 0x02, 0x1B, 0x21, 0x05, 0x22, 
	0x06, 0x07, 0x07, 0x06, 0x08, 0x06, 0x07, 0x09, 0x09, 0x08, 0x06, 0x06, 0x07, 0x06, 0x07, 0x09, 
	0x09, 0x07, 0x07, 0x06, 0x06, 0x07, 0x21, 0x0B, 0x14, 0x95, 0x03, 0x02, 0x17, 0x0D, 0x0E, 0x92, 
	0x03, 0x02, 0x0E, 0x0D, 0x0E, 0x94, 0x03, 0x06, 0x0D, 0x0D, 0x09, 0x09, 0x07, 0x09, 0x07, 0x90, 
	0x09, 0x00, 0x0B, 0x95, 0x09, 0x01, 0x12, 0x13, 0x81, 0x02, 0x90, 0x03, 0x01, 0x0D, 0x19, 0x91, 
	0x03, 0x05, 0x02, 0x02, 0x03, 0x19, 0x15, 0x06, 0x92, 0x09, 0x22, 0x22, 0x15, 0x20, 0x03, 0x02, 
	0x02, 0x03, 0x02, 0x03, 0x03, 0x02, 0x02, 0x03, 0x02, 0x03, 0x02, 0x03, 0x03, 0x02, 0x03, 0x02, 
	0x03, 0x02, 0x03, 0x02, 0x03, 0x0F, 0x16, 0x1C, 0x06, 0x09, 0x07, 0x06, 0x08, 0x06, 0x80, 0x07, 
	0x00, 0x06, 0x88, 0x07, 0x04, 0x24, 0x24, 0x1D, 0x1A, 0x1C, 0x80, 0x07, 0x02, 0x06, 0x07, 0x07, 
	0x08, 0x06, 0x09, 0x09, 0x06, 0x09, 0x06, 0x21, 0x13, 0x0E, 0x84, 0x02, 0x03, 0x03, 0x02, 0x02, 
	0x03, 0x81, 0x02, 0x00, 0x03, 0x83, 0x02, 0x0A, 0x14, 0x0A, 0x14, 0x06, 0x08, 0x06, 0x07, 0x06, 
	0x06, 0x07, 0x07, 0x82, 0x09, 0x0C, 0x07, 0x09, 0x07, 0x07, 0x09, 0x09, 0x07, 0x07, 0x09, 0x08, 
	0x0B, 0x19, 0x18, 0x80, 0x03, 0x00, 0x10, 0x91, 0x03, 0x03, 0x20, 0x13, 0x03, 0x10, 0x91, 0x03, 
	0x01, 0x0F, 0x05, 0x95, 0x03, 0x05, 0x0D, 0x19, 0x09, 0x07, 0x09, 0x06, 0x80, 0x09, 0x00, 0x06, 
	0x8D, 0x09, 0x00, 0x11, 0x95, 0x09, 0x01, 0x1E, 0x11, 0x81, 0x02, 0x90, 0x03, 0x01, 0x13, 0x0D, 
	0x8F, 0x03, 0x07, 0x02, 0x03, 0x02, 0x03, 0x03, 0x18, 0x15, 0x1F, 0x91, 0x09, 0x12, 0x06, 0x09, 
	0x0A, 0x15, 0x0A, 0x03, 0x02, 0x02, 0x03, 0x03, 0x02, 0x03, 0x03, 0x02, 0x03, 0x02, 0x03, 0x02, 
	0x02, 0x80, 0x03, 0x0C, 0x02, 0x03, 0x02, 0x03, 0x02, 0x03, 0x13, 0x0D, 0x1C, 0x06, 0x06, 0x07, 
	0x06, 0x83, 0x07, 0x06, 0x06, 0x07, 0x07, 0x06, 0x07, 0x07, 0x06, 0x80, 0x07, 0x05, 0x06, 0x07, 
	0x09, 0x1C, 0x1A, 0x1C, 0x82, 0x07, 0x80, 0x09, 0x04, 0x27, 0x09, 0x21, 0x13, 0x0E, 0x8A, 0x02, 
	0x00, 0x03, 0x85, 0x02, 0x0F, 0x22, 0x0A, 0x04, 0x06, 0x06, 0x07, 0x06, 0x09, 0x08, 0x06, 0x07, 
	0x09, 0x07, 0x09, 0x09, 0x07, 0x80, 0x09, 0x08, 0x06, 0x07, 0x09, 0x06, 0x06, 0x08, 0x06, 0x20, 
	0x0D, 0x96, 0x03, 0x03, 0x14, 0x0D, 0x18, 0x18, 0x92, 0x03, 0x01, 0x05, 0x19, 0x94, 0x03, 0x05, 
	0x14, 0x0D, 0x21, 0x07, 0x09, 0x07, 0x92, 0x09, 0x00, 0x11, 0x95, 0x09, 0x01, 0x1C, 0x11, 0x81, 
	0x02, 0x90, 0x03, 0x02, 0x0E, 0x15, 0x18, 0x8F, 0x03, 0x08, 0x02, 0x03, 0x02, 0x03, 0x02, 0x19, 
	0x16, 0x06, 0x06, 0x92, 0x09, 0x03, 0x15, 0x0B, 0x02, 0x03, 0x80, 0x02, 0x02, 0x03, 0x02, 0x02, 
	0x84, 0x03, 0x0C, 0x02, 0x02, 0x03, 0x02, 0x03, 0x03, 0x02, 0x03, 0x18, 0x05, 0x15, 0x1C, 0x06, 
	0x80, 0x07, 0x19, 0x06, 0x07, 0x06, 0x08, 0x06, 0x08, 0x06, 0x08, 0x06, 0x07, 0x07, 0x08, 0x06, 
	0x07, 0x06, 0x08, 0x06, 0x07, 0x06, 0x1C, 0x0A, 0x1D, 0x07, 0x07, 0x06, 0x07, 0x06, 0x06, 0x09, 
	0x06, 0x06, 0x21, 0x13, 0x18, 0x86, 0x02, 0x03, 0x03, 0x02, 0x02, 0x03, 0x86, 0x02, 0x10, 0x18, 
	0x0A, 0x04, 0x06, 0x09, 0x07, 0x09, 0x07, 0x09, 0x06, 0x09, 0x07, 0x09, 0x09, 0x07, 0x09, 0x09, 
	0x80, 0x07, 0x08, 0x09, 0x09, 0x07, 0x08, 0x06, 0x09, 0x04, 0x0B, 0x0E, 0x96, 0x03, 0x03, 0x05, 
	0x13, 0x03, 0x10, 0x91, 0x03, 0x02, 0x0E, 0x0D, 0x18, 0x94, 0x03, 0x07, 0x0F, 0x0D, 0x1C, 0x07, 
	0x09, 0x07, 0x09, 0x07, 0x90, 0x09, 0x00, 0x0B, 0x93, 0x09, 0x07, 0x06, 0x06, 0x09, 0x11, 0x0E, 
	0x03, 0x03, 0x02, 0x91, 0x03, 0x01, 0x15, 0x0F, 0x8F, 0x03, 0x08, 0x02, 0x03, 0x02, 0x02, 0x03, 
	0x18, 0x15, 0x0F, 0x06, 0x8F, 0x09, 0x0C, 0x24, 0x09, 0x09, 0x1C, 0x15, 0x12, 0x03, 0x02, 0x03, 
	0x02, 0x03, 0x02, 0x03, 0x80, 0x02, 0x02, 0x03, 0x02, 0x02, 0x80, 0x03, 0x03, 0x02, 0x02, 0x03, 
	0x02, 0x80, 0x03, 0x08, 0x0E, 0x16, 0x15, 0x08, 0x06, 0x07, 0x06, 0x08, 0x06, 0x80, 0x07, 0x00, 
	0x06, 0x81, 0x07, 0x00, 0x06, 0x81, 0x07, 0x00, 0x06, 0x80, 0x07, 0x03, 0x24, 0x1C, 0x12, 0x21, 
	0x80, 0x07, 0x05, 0x06, 0x09, 0x09, 0x25, 0x19, 0x18, 0x86, 0x02, 0x00, 0x03, 0x84, 0x02, 0x15, 
	0x03, 0x02, 0x02, 0x03, 0x03, 0x18, 0x0A, 0x12, 0x06, 0x07, 0x09, 0x06, 0x07, 0x07, 0x09, 0x07, 
	0x09, 0x09, 0x07, 0x06, 0x07, 0x07, 0x80, 0x09, 0x08, 0x06, 0x07, 0x09, 0x09, 0x06, 0x07, 0x1C, 
	0x11, 0x0F, 0x80, 0x03, 0x00, 0x02, 0x92, 0x03, 0x02, 0x14, 0x0D, 0x0E, 0x93, 0x03, 0x02, 0x0F, 
	0x05, 0x18, 0x94, 0x03, 0x03, 0x13, 0x0D, 0x08, 0x06, 0x81, 0x09, 0x00, 0x06, 0x8F, 0x09, 0x00, 
	0x11, 0x96, 0x09, 0x01, 0x0D, 0x25, 0x80, 0x02, 0x91, 0x03, 0x01, 0x19, 0x0D, 0x8F, 0x03, 0x07, 
	0x02, 0x03, 0x02, 0x03, 0x02, 0x02, 0x0F, 0x16, 0x8E, 0x09, 0x0D, 0x06, 0x07, 0x09, 0x07, 0x06, 
	0x09, 0x0A, 0x15, 0x18, 0x03, 0x03, 0x02, 0x03, 0x02, 0x81, 0x03, 0x13, 0x02, 0x03, 0x02, 0x03, 
	0x02, 0x02, 0x03, 0x02, 0x02, 0x03, 0x03, 0x02, 0x03, 0x03, 0x14, 0x0D, 0x0D, 0x07, 0x06, 0x06, 
	0x80, 0x07, 0x03, 0x06, 0x08, 0x07, 0x06, 0x82, 0x07, 0x02, 0x06, 0x08, 0x06, 0x80, 0x07, 0x07, 
	0x06, 0x07, 0x07, 0x1C, 0x12, 0x21, 0x07, 0x07, 0x05, 0x06, 0x09, 0x25, 0x19, 0x18, 0x03, 0x81, 
	0x02, 0x00, 0x03, 0x80, 0x02, 0x00, 0x03, 0x80, 0x02, 0x00, 0x03, 0x80, 0x02, 0x00, 0x03, 0x81, 
	0x02, 0x1F, 0x03, 0x12, 0x12, 0x06, 0x07, 0x06, 0x07, 0x06, 0x07, 0x09, 0x07, 0x09, 0x07, 0x09, 
	0x07, 0x06, 0x07, 0x09, 0x07, 0x06, 0x07, 0x09, 0x07, 0x09, 0x09, 0x07, 0x07, 0x1A, 0x20, 0x03, 
	0x03, 0x02, 0x94, 0x03, 0x02, 0x20, 0x13, 0x10, 0x93, 0x03, 0x01, 0x05, 0x19, 0x95, 0x03, 0x08, 
	0x0D, 0x0D, 0x06, 0x09, 0x07, 0x07, 0x09, 0x07, 0x06, 0x8F, 0x09, 0x00, 0x11, 0x96, 0x09, 0x01, 
	0x0A, 0x13, 0x80, 0x02, 0x91, 0x03, 0x04, 0x26, 0x15, 0x18, 0x03, 0x02, 0x8C, 0x03, 0x08, 0x02, 
	0x03, 0x02, 0x02, 0x03, 0x02, 0x03, 0x16, 0x0F, 0x90, 0x09, 0x0D, 0x06, 0x09, 0x09, 0x06, 0x15, 
	0x0B, 0x02, 0x03, 0x02, 0x03, 0x02, 0x03, 0x02, 0x02, 0x80, 0x03, 0x00, 0x02, 0x83, 0x03, 0x0F, 
	0x02, 0x02, 0x03, 0x03, 0x02, 0x02, 0x1F, 0x15, 0x05, 0x06, 0x07, 0x07, 0x06, 0x07, 0x07, 0x06, 
	0x81, 0x07, 0x00, 0x06, 0x80, 0x07, 0x00, 0x06, 0x83, 0x07, 0x05, 0x24, 0x24, 0x08, 0x1A, 0x21, 
	0x07, 0x04, 0x09, 0x04, 0x19, 0x07, 0x03, 0x92, 0x02, 0x04, 0x03, 0x12, 0x0A, 0x07, 0x06, 0x80, 
	0x07, 0x19, 0x09, 0x09, 0x07, 0x06, 0x07, 0x06, 0x08, 0x06, 0x09, 0x07, 0x09, 0x07, 0x06, 0x07, 
	0x09, 0x09, 0x07, 0x09, 0x07, 0x12, 0x11, 0x08, 0x03, 0x02, 0x03, 0x02, 0x92, 0x03, 0x02, 0x14, 
	0x16, 0x18, 0x93, 0x03, 0x02, 0x0E, 0x16, 0x18, 0x95, 0x03, 0x04, 0x0D, 0x05, 0x09, 0x09, 0x07, 
	0x93, 0x09, 0x00, 0x0B, 0x96, 0x09, 0x01, 0x1E, 0x0D, 0x80, 0x02, 0x92, 0x03, 0x02, 0x0B, 0x0F, 
	0x02, 0x8D, 0x03, 0x08, 0x02, 0x02, 0x03, 0x03, 0x02, 0x03, 0x02, 0x0F, 0x16, 0x8F, 0x09, 0x00, 
	0x06, 0x81, 0x09, 0x10, 0x22, 0x15, 0x12, 0x03, 0x03, 0x02, 0x03, 0x02, 0x03, 0x03, 0x02, 0x02, 
	0x03, 0x02, 0x03, 0x02, 0x03, 0x80, 0x02, 0x03, 0x03, 0x02, 0x03, 0x02, 0x80, 0x03, 0x0E, 0x0F, 
	0x0B, 0x19, 0x06, 0x08, 0x07, 0x07, 0x06, 0x07, 0x08, 0x06, 0x07, 0x07, 0x08, 0x06, 0x83, 0x07, 
	0x08, 0x06, 0x08, 0x06, 0x07, 0x07, 0x06, 0x08, 0x12, 0x1E, 0x02, 0x04, 0x19, 0x07, 0x84, 0x02, 
	0x09, 0x03, 0x02, 0x02, 0x03, 0x02, 0x02, 0x03, 0x02, 0x02, 0x03, 0x83, 0x02, 0x0B, 0x04, 0x0A, 
	0x06, 0x07, 0x07, 0x06, 0x07, 0x06, 0x08, 0x06, 0x09, 0x07, 0x80, 0x09, 0x13, 0x07, 0x06, 0x09, 
	0x07, 0x09, 0x07, 0x09, 0x09, 0x06, 0x07, 0x09, 0x1D, 0x0B, 0x21, 0x03, 0x03, 0x02, 0x03, 0x03, 
	0x02, 0x91, 0x03, 0x01, 0x05, 0x13, 0x81, 0x03, 0x00, 0x10, 0x8F, 0x03, 0x01, 0x0F, 0x05, 0x96, 
	0x03, 0x06, 0x0D, 0x04, 0x07, 0x07, 0x09, 0x09, 0x07, 0x91, 0x09, 0x00, 0x11, 0x96, 0x09, 0x01, 
	0x1D, 0x11, 0x80, 0x02, 0x92, 0x03, 0x01, 0x13, 0x05, 0x90, 0x03, 0x07, 0x02, 0x02, 0x03, 0x02, 
	0x03, 0x02, 0x0B, 0x0F, 0x93, 0x09, 0x08, 0x07, 0x12, 0x15, 0x18, 0x03, 0x03, 0x02, 0x03, 0x02, 
	0x80, 0x03, 0x1B, 0x02, 0x03, 0x03, 0x02, 0x03, 0x02, 0x03, 0x03, 0x02, 0x03, 0x03, 0x02, 0x03, 
	0x03, 0x02, 0x03, 0x05, 0x15, 0x1D, 0x09, 0x06, 0x07, 0x09, 0x07, 0x06, 0x07, 0x07, 0x06, 0x80, 
	0x07, 0x00, 0x06, 0x82, 0x07, 0x00, 0x06, 0x82, 0x07, 0x01, 0x08, 0x12, 0x04, 0x04, 0x07, 0x02, 
	0x02, 0x03, 0x8C, 0x02, 0x21, 0x03, 0x02, 0x02, 0x03, 0x02, 0x04, 0x0A, 0x22, 0x06, 0x07, 0x06, 
	0x08, 0x06, 0x09, 0x09, 0x07, 0x06, 0x07, 0x08, 0x06, 0x09, 0x07, 0x09, 0x07, 0x09, 0x07, 0x06, 
	0x08, 0x09, 0x09, 0x07, 0x08, 0x11, 0x0A, 0x80, 0x02, 0x03, 0x03, 0x02, 0x03, 0x02, 0x90, 0x03, 
	0x02, 0x14, 0x0D, 0x0E, 0x94, 0x03, 0x01, 0x0D, 0x0F, 0x80, 0x03, 0x00, 0x02, 0x91, 0x03, 0x02, 
	0x14, 0x0D, 0x21, 0x80, 0x09, 0x00, 0x07, 0x91, 0x09, 0x01, 0x06, 0x11, 0x94, 0x09, 0x06, 0x06, 
	0x09, 0x07, 0x11, 0x18, 0x02, 0x02, 0x92, 0x03, 0x02, 0x14, 0x15, 0x18, 0x8C, 0x03, 0x02, 0x02, 
	0x03, 0x02, 0x81, 0x03, 0x04, 0x02, 0x03, 0x1F, 0x15, 0x07, 0x82, 0x09, 0x00, 0x06, 0x8C, 0x09, 
	0x03, 0x06, 0x06, 0x15, 0x15, 0x80, 0x02, 0x11, 0x03, 0x03, 0x02, 0x03, 0x02, 0x03, 0x02, 0x03, 
	0x02, 0x03, 0x03, 0x02, 0x02, 0x03, 0x02, 0x03, 0x03, 0x02, 0x80, 0x03, 0x05, 0x18, 0x0D, 0x16, 
	0x1C, 0x07, 0x06, 0x81, 0x07, 0x02, 0x06, 0x08, 0x06, 0x81, 0x07, 0x02, 0x06, 0x08, 0x06, 0x83, 
	0x07, 0x02, 0x24, 0x24, 0x08, 0x00, 0x03, 0x86, 0x02, 0x03, 0x03, 0x02, 0x02, 0x03, 0x80, 0x02, 
	0x00, 0x03, 0x82, 0x02, 0x1E, 0x03, 0x1D, 0x0A, 0x14, 0x06, 0x07, 0x09, 0x07, 0x06, 0x07, 0x09, 
	0x09, 0x07, 0x09, 0x09, 0x06, 0x07, 0x09, 0x09, 0x07, 0x06, 0x07, 0x09, 0x09, 0x06, 0x07, 0x09, 
	0x07, 0x20, 0x0D, 0x02, 0x80, 0x03, 0x03, 0x02, 0x03, 0x03, 0x02, 0x90, 0x03, 0x01, 0x20, 0x13, 
	0x94, 0x03, 0x02, 0x0E, 0x0D, 0x18, 0x95, 0x03, 0x08, 0x19, 0x0D, 0x22, 0x09, 0x07, 0x09, 0x09, 
	0x07, 0x07, 0x90, 0x09, 0x00, 0x0B, 0x97, 0x09, 0x01, 0x11, 0x0C, 0x95, 0x03, 0x01, 0x0B, 0x1F, 
	0x8C, 0x03, 0x0B, 0x02, 0x02, 0x03, 0x02, 0x02, 0x03, 0x03, 0x02, 0x02, 0x03, 0x16, 0x19, 0x8B, 
	0x09, 0x02, 0x06, 0x09, 0x07, 0x83, 0x09, 0x05, 0x1C, 0x0B, 0x12, 0x03, 0x03, 0x02, 0x81, 0x03, 
	0x05, 0x02, 0x03, 0x02, 0x03, 0x03, 0x02, 0x80, 0x03, 0x0B, 0x02, 0x03, 0x02, 0x03, 0x02, 0x03, 
	0x02, 0x02, 0x0E, 0x0D, 0x15, 0x08, 0x80, 0x06, 0x80, 0x07, 0x00, 0x06, 0x80, 0x07, 0x02, 0x06, 
	0x08, 0x06, 0x82, 0x07, 0x05, 0x06, 0x08, 0x06, 0x08, 0x06, 0x07, 0x86, 0x02, 0x00, 0x03, 0x82, 
	0x02, 0x2D, 0x03, 0x02, 0x02, 0x03, 0x02, 0x03, 0x02, 0x02, 0x14, 0x0A, 0x21, 0x06, 0x08, 0x06, 
	0x09, 0x09, 0x07, 0x09, 0x08, 0x06, 0x09, 0x07, 0x09, 0x09, 0x07, 0x09, 0x07, 0x09, 0x07, 0x09, 
	0x07, 0x09, 0x09, 0x08, 0x06, 0x04, 0x11, 0x1D, 0x02, 0x03, 0x02, 0x02, 0x03, 0x02, 0x03, 0x02, 
	0x8F, 0x03, 0x03, 0x0C, 0x0D, 0x18, 0x10, 0x93, 0x03, 0x02, 0x0F, 0x05, 0x18, 0x95, 0x03, 0x05, 
	0x05, 0x0D, 0x07, 0x09, 0x09, 0x07, 0x93, 0x09, 0x00, 0x11, 0x97, 0x09, 0x03, 0x20, 0x23, 0x02, 
	0x02, 0x93, 0x03, 0x01, 0x05, 0x05, 0x8E, 0x03, 0x09, 0x02, 0x03, 0x02, 0x03, 0x02, 0x02, 0x03, 
	0x02, 0x1F, 0x15, 0x8E, 0x09, 0x00, 0x06, 0x82, 0x09, 0x04, 0x06, 0x0A, 0x15, 0x18, 0x03, 0x80, 
	0x02, 0x0E, 0x03, 0x02, 0x03, 0x02, 0x03, 0x03, 0x02, 0x03, 0x02, 0x02, 0x03, 0x02, 0x03, 0x03, 
	0x02, 0x80, 0x03, 0x0A, 0x02, 0x03, 0x14, 0x0B, 0x05, 0x07, 0x09, 0x07, 0x06, 0x08, 0x06, 0x82, 
	0x07, 0x09, 0x06, 0x07, 0x07, 0x06, 0x07, 0x06, 0x08, 0x06, 0x07, 0x24, 0x80, 0x07, 0x85, 0x02, 
	0x00, 0x03, 0x81, 0x02, 0x00, 0x03, 0x85, 0x02, 0x11, 0x22, 0x0A, 0x04, 0x06, 0x06, 0x09, 0x09, 
	0x08, 0x06, 0x09, 0x09, 0x06, 0x07, 0x09, 0x09, 0x07, 0x06, 0x07, 0x81, 0x09, 0x0F, 0x07, 0x07, 
	0x09, 0x09, 0x06, 0x08, 0x0B, 0x1E, 0x03, 0x03, 0x02, 0x03, 0x02, 0x03, 0x03, 0x02, 0x90, 0x03, 
	0x01, 0x20, 0x13, 0x86, 0x03, 0x00, 0x02, 0x8B, 0x03, 0x01, 0x0D, 0x0F, 0x96, 0x03, 0x01, 0x0D, 
	0x0D, 0x81, 0x09, 0x00, 0x07, 0x92, 0x09, 0x00, 0x11, 0x94, 0x09, 0x06, 0x06, 0x09, 0x07, 0x12, 
	0x0A, 0x02, 0x02, 0x93, 0x03, 0x01, 0x14, 0x15, 0x8B, 0x03, 0x05, 0x02, 0x02, 0x03, 0x02, 0x03, 
	0x02, 0x81, 0x03, 0x04, 0x02, 0x02, 0x0D, 0x05, 0x06, 0x90, 0x09, 0x1B, 0x06, 0x09, 0x09, 0x06, 
	0x15, 0x15, 0x03, 0x02, 0x02, 0x03, 0x02, 0x03, 0x02, 0x03, 0x03, 0x02, 0x03, 0x02, 0x03, 0x03, 
	0x02, 0x03, 0x03, 0x02, 0x03, 0x02, 0x03, 0x02, 0x80, 0x03, 0x02, 0x1F, 0x15, 0x0A, 0x80, 0x09, 
	0x82, 0x07, 0x00, 0x06, 0x82, 0x07, 0x02, 0x08, 0x06, 0x06, 0x80, 0x07, 0x02, 0x06, 0x07, 0x07, 
	0x8C, 0x02, 0x00, 0x03, 0x81, 0x02, 0x0C, 0x03, 0x18, 0x0A, 0x04, 0x06, 0x09, 0x09, 0x08, 0x06, 
	0x06, 0x07, 0x09, 0x07, 0x80, 0x09, 0x03, 0x07, 0x09, 0x07, 0x09, 0x80, 0x07, 0x08, 0x09, 0x06, 
	0x08, 0x06, 0x07, 0x07, 0x1A, 0x0D, 0x02, 0x80, 0x03, 0x03, 0x02, 0x02, 0x03, 0x02, 0x90, 0x03, 
	0x03, 0x14, 0x0D, 0x18, 0x18, 0x93, 0x03, 0x02, 0x0E, 0x0D, 0x18, 0x81, 0x03, 0x00, 0x02, 0x91, 
	0x03, 0x08, 0x0D, 0x13, 0x07, 0x09, 0x07, 0x09, 0x07, 0x09, 0x07, 0x90, 0x09, 0x00, 0x0B, 0x97, 
	0x09, 0x03, 0x21, 0x11, 0x02, 0x02, 0x92, 0x03, 0x03, 0x02, 0x03, 0x15, 0x1F, 0x8B, 0x03, 0x06, 
	0x02, 0x03, 0x03, 0x02, 0x03, 0x02, 0x02, 0x80, 0x03, 0x04, 0x02, 0x0C, 0x16, 0x08, 0x06, 0x91, 
	0x09, 0x05, 0x06, 0x09, 0x1C, 0x15, 0x12, 0x03, 0x80, 0x02, 0x28, 0x03, 0x03, 0x02, 0x02, 0x03, 
	0x02, 0x03, 0x03, 0x02, 0x03, 0x02, 0x03, 0x02, 0x03, 0x03, 0x02, 0x03, 0x02, 0x03, 0x02, 0x03, 
	0x19, 0x15, 0x04, 0x07, 0x06, 0x06, 0x07, 0x07, 0x06, 0x08, 0x06, 0x08, 0x06, 0x07, 0x07, 0x06, 
	0x07, 0x07, 0x08, 0x06, 0x80, 0x07, 0x01, 0x06, 0x07, 0x83, 0x02, 0x00, 0x03, 0x84, 0x02, 0x00, 
	0x03, 0x82, 0x02, 0x05, 0x03, 0x1A, 0x19, 0x06, 0x09, 0x07, 0x81, 0x09, 0x16, 0x07, 0x09, 0x09, 
	0x07, 0x07, 0x09, 0x09, 0x07, 0x06, 0x08, 0x06, 0x06, 0x09, 0x07, 0x06, 0x06, 0x09, 0x07, 0x12, 
	0x11, 0x08, 0x03, 0x03, 0x80, 0x02, 0x80, 0x03, 0x00, 0x02, 0x8F, 0x03, 0x01, 0x0D, 0x13, 0x95, 
	0x03, 0x01, 0x19, 0x05, 0x93, 0x03, 0x05, 0x02, 0x03, 0x03, 0x18, 0x0D, 0x04, 0x80, 0x09, 0x02, 
	0x07, 0x09, 0x07, 0x91, 0x09, 0x00, 0x11, 0x80, 0x09, 0x00, 0x06, 0x90, 0x09, 0x06, 0x06, 0x09, 
	0x09, 0x08, 0x11, 0x02, 0x02, 0x94, 0x03, 0x01, 0x05, 0x20, 0x8C, 0x03, 0x0D, 0x02, 0x03, 0x02, 
	0x03, 0x03, 0x02, 0x03, 0x02, 0x03, 0x02, 0x03, 0x0D, 0x05, 0x06, 0x93, 0x09, 0x25, 0x06, 0x0A, 
	0x15, 0x0E, 0x02, 0x02, 0x03, 0x02, 0x02, 0x03, 0x02, 0x03, 0x03, 0x02, 0x03, 0x03, 0x02, 0x03, 
	0x02, 0x03, 0x02, 0x02, 0x03, 0x02, 0x03, 0x03, 0x02, 0x02, 0x03, 0x05, 0x15, 0x21, 0x07, 0x06, 
	0x08, 0x06, 0x07, 0x06, 0x83, 0x07, 0x02, 0x06, 0x07, 0x06, 0x83, 0x07, 0x88, 0x02, 0x00, 0x03, 
	0x84, 0x02, 0x11, 0x03, 0x12, 0x12, 0x06, 0x08, 0x06, 0x09, 0x07, 0x09, 0x07, 0x09, 0x09, 0x07, 
	0x06, 0x09, 0x07, 0x06, 0x07, 0x80, 0x09, 0x13, 0x07, 0x09, 0x09, 0x07, 0x07, 0x09, 0x07, 0x1D, 
	0x0D, 0x1E, 0x02, 0x03, 0x03, 0x02, 0x03, 0x02, 0x03, 0x02, 0x03, 0x02, 0x8E, 0x03, 0x02, 0x0C, 
	0x0D, 0x18, 0x90, 0x03, 0x00, 0x02, 0x81, 0x03, 0x01, 0x0D, 0x0F, 0x82, 0x03, 0x00, 0x02, 0x90, 
	0x03, 0x04, 0x1F, 0x0D, 0x1D, 0x06, 0x07, 0x80, 0x09, 0x00, 0x07, 0x91, 0x09, 0x00, 0x11, 0x96, 
	0x09, 0x03, 0x06, 0x09, 0x11, 0x0E, 0x95, 0x03, 0x01, 0x0C, 0x16, 0x8A, 0x03, 0x0F, 0x02, 0x03, 
	0x02, 0x03, 0x02, 0x03, 0x02, 0x03, 0x02, 0x03, 0x02, 0x03, 0x03, 0x14, 0x15, 0x08, 0x94, 0x09, 
	0x04, 0x06, 0x15, 0x16, 0x03, 0x03, 0x80, 0x02, 0x05, 0x03, 0x02, 0x03, 0x02, 0x03, 0x02, 0x80, 
	0x03, 0x00, 0x02, 0x82, 0x03, 0x0A, 0x02, 0x03, 0x02, 0x03, 0x03, 0x18, 0x0D, 0x16, 0x1C, 0x06, 
	0x06, 0x81, 0x07, 0x05, 0x06, 0x07, 0x07, 0x06, 0x08, 0x06, 0x81, 0x07, 0x00, 0x06, 0x80, 0x07, 
	0x80, 0x02, 0x02, 0x03, 0x02, 0x03, 0x80, 0x02, 0x00, 0x03, 0x84, 0x02, 0x07, 0x03, 0x02, 0x12, 
	0x0A, 0x06, 0x07, 0x06, 0x07, 0x80, 0x09, 0x00, 0x07, 0x80, 0x09, 0x09, 0x07, 0x09, 0x09, 0x07, 
	0x07, 0x09, 0x07, 0x06, 0x09, 0x07, 0x81, 0x09, 0x0C, 0x08, 0x11, 0x0A, 0x03, 0x02, 0x03, 0x02, 
	0x03, 0x03, 0x02, 0x03, 0x03, 0x02, 0x8E, 0x03, 0x02, 0x02, 0x05, 0x13, 0x92, 0x03, 0x05, 0x10, 
	0x03, 0x03, 0x17, 0x0D, 0x18, 0x96, 0x03, 0x0A, 0x19, 0x0D, 0x08, 0x09, 0x09, 0x07, 0x07, 0x09, 
	0x09, 0x08, 0x06, 0x8F, 0x09, 0x03, 0x0B, 0x09, 0x09, 0x06, 0x93, 0x09, 0x05, 0x06, 0x09, 0x1A, 
	0x1B, 0x02, 0x02, 0x94, 0x03, 0x01, 0x0B, 0x0C, 0x8A, 0x03, 0x00, 0x02, 0x80, 0x03, 0x0A, 0x02, 
	0x03, 0x03, 0x02, 0x03, 0x02, 0x03, 0x02, 0x03, 0x0D, 0x05, 0x94, 0x09, 0x03, 0x06, 0x1C, 0x15, 
	0x12, 0x81, 0x02, 0x07, 0x03, 0x02, 0x03, 0x03, 0x02, 0x03, 0x03, 0x02, 0x80, 0x03, 0x10, 0x02, 
	0x02, 0x03, 0x02, 0x03, 0x03, 0x02, 0x03, 0x02, 0x02, 0x18, 0x0B, 0x16, 0x08, 0x06, 0x09, 0x09, 
	0x83, 0x07, 0x02, 0x06, 0x08, 0x06, 0x84, 0x07, 0x88, 0x02, 0x03, 0x03, 0x02, 0x02, 0x03, 0x80, 
	0x02, 0x02, 0x04, 0x05, 0x06, 0x80, 0x07, 0x23, 0x06, 0x08, 0x06, 0x07, 0x06, 0x08, 0x06, 0x07, 
	0x09, 0x07, 0x09, 0x09, 0x07, 0x09, 0x09, 0x07, 0x07, 0x06, 0x07, 0x09, 0x07, 0x09, 0x0A, 0x0B, 
	0x07, 0x03, 0x02, 0x02, 0x03, 0x02, 0x02, 0x03, 0x02, 0x02, 0x03, 0x02, 0x8D, 0x03, 0x02, 0x0C, 
	0x0D, 0x0E, 0x95, 0x03, 0x04, 0x0F, 0x05, 0x03, 0x03, 0x10, 0x94, 0x03, 0x09, 0x05, 0x0D, 0x07, 
	0x09, 0x07, 0x06, 0x09, 0x07, 0x09, 0x06, 0x90, 0x09, 0x00, 0x11, 0x98, 0x09, 0x02, 0x12, 0x13, 
	0x02, 0x95, 0x03, 0x01, 0x05, 0x05, 0x81, 0x03, 0x00, 0x02, 0x86, 0x03, 0x0E, 0x02, 0x02, 0x03, 
	0x02, 0x03, 0x02, 0x03, 0x03, 0x02, 0x03, 0x02, 0x02, 0x14, 0x15, 0x08, 0x94, 0x09, 0x18, 0x06, 
	0x12, 0x15, 0x0E, 0x03, 0x03, 0x02, 0x02, 0x03, 0x03, 0x02, 0x03, 0x02, 0x02, 0x03, 0x03, 0x02, 
	0x03, 0x02, 0x03, 0x02, 0x03, 0x02, 0x03, 0x02, 0x80, 0x03, 0x0C, 0x02, 0x14, 0x16, 0x05, 0x07, 
	0x07, 0x06, 0x07, 0x07, 0x09, 0x06, 0x08, 0x06, 0x84, 0x07, 0x02, 0x06, 0x07, 0x07, 0x8D, 0x00, 
	0x00, 0x01, 0xFF, 0x00, 0xBD, 0x00, 0x00, 0x01, 0xBC, 0x00, 0x08, 0x01, 0x00, 0x01, 0x00, 0x00, 
	0x01, 0x00, 0x00, 0x01, 0xA1, 0x00, 0xFF, 0x00, 0xFF, 0x00, 0xB9, 0x00, 0xFF, 0x00, 0xEB, 0x00, 
	0x00, 0x01, 0xCC, 0x00, 0xFF, 0x00, 0xFF, 0x00, 0xB9, 0x00, 0xFF, 0x00, 0xFF, 0x00, 0xB9, 0x00, 
	0xFF, 0x00, 0xFF, 0x00, 0xB9, 0x00, 0xFF, 0x00, 0xFF, 0x00, 0xB9, 0x00, 0xFF, 0x00, 0xFF, 0x00, 
	0xB9, 0x00, 0xFF, 0x00, 0xFF, 0x00, 0xB9, 0x00, 0xFF, 0x00, 0xFF, 0x00, 0xB9, 0x00, 0xFF, 0x00, 
	0xFF, 0x00, 0xB9, 0x00, 0xFF, 0x00, 0xFF, 0x00, 0xB9, 0x00, 0xFF, 0x00, 0xFF, 0x00, 0xB9, 0x00, 
	0xFF, 0x00, 0xFF, 0x00, 0xB9, 0x00, 0xFF, 0x00, 0xFF, 0x00, 0xB9, 0x00, 0xFF, 0x00, 0xFF, 0x00, 
	0xB9, 0x00, 0xFF, 0x00, 0xFF, 0x00, 0xB9, 0x00, 0xFF, 0x00, 0xFF, 0x00, 0xB9, 0x00, 0xFF, 0x00, 
	0xFF, 0x00, 0xB9, 0x00, 0xFF, 0x00, 0xFF, 0x00, 0xB9, 0x00, 
};
