#include "picopad.h"

// format: compressed 8-bit paletted pixel graphics
// image width: 320 pixels
// image height: 240 lines
// image pitch: 320 bytes
const u16 score_Pal[252] __attribute__ ((aligned(4))) = {
	0x0000, 0xD50C, 0xCCCC, 0x8B07, 0xCC6A, 0xDCA9, 0xE4CA, 0xDCAA, 0x82C6, 0xB48C, 0xD469, 0xE4A9, 0x7285, 0xB44B, 0x9B89, 0x7AC6, 
	0xCCAB, 0xAC0A, 0xD4EC, 0x8B28, 0xC449, 0x9368, 0x6A66, 0x6A45, 0x51C5, 0xA388, 0xAB87, 0xB3E8, 0xCD0D, 0x82E8, 0xBC09, 0xA3EA, 
	0x5226, 0x69C5, 0x9347, 0x93AA, 0xDD0B, 0xC3E8, 0x738D, 0x730A, 0x20E4, 0x9C4A, 0x5ACA, 0x3186, 0x62EC, 0x6B8E, 0x73AE, 0x6B4C, 
	0x62C9, 0x8C2F, 0xAD13, 0xA4F2, 0x8BEE, 0xB5B7, 0xEF5D, 0xFFFF, 0xEF9E, 0xE71B, 0xCE37, 0x1062, 0x5289, 0x8C92, 0xAD55, 0x20C3, 
	0xCE59, 0x1881, 0x18C2, 0x0022, 0x08C4, 0xE6FB, 0xCE7A, 0xDEDB, 0x8C50, 0x9CD2, 0xA4F5, 0x1840, 0x4962, 0xAD96, 0xC4EE, 0x83D0, 
	0xED4B, 0xF58B, 0xF56B, 0xED6C, 0xF58C, 0xC5F6, 0x29E9, 0x3122, 0xC427, 0x3247, 0x7327, 0x0A45, 0x02C6, 0x5366, 0x81E4, 0x1166, 
	0x43CF, 0x3B6D, 0x42CA, 0x0222, 0x3C10, 0x5492, 0x4C51, 0x5471, 0x5491, 0x4C72, 0x8555, 0xA639, 0x434D, 0x7513, 0xBEBB, 0xAE17, 
	0x6D34, 0x540F, 0x9D13, 0x326A, 0x6CD5, 0x95D7, 0x6CD3, 0x01C0, 0xCF1C, 0xC5F8, 0x6BB1, 0xCD72, 0x4AAE, 0x9E17, 0x7535, 0xDF1B, 
	0x23C7, 0x5452, 0x9E19, 0xB71C, 0xC6DB, 0x4B2B, 0xB65A, 0x6C2F, 0x6982, 0xB659, 0x8D56, 0xAE5A, 0x338A, 0x2C07, 0x0C65, 0x1C08, 
	0x542B, 0x7472, 0x85B7, 0x03C2, 0x04E7, 0x93A6, 0x0507, 0x0443, 0x536E, 0x83F4, 0x53CF, 0x0BC5, 0xCEFC, 0x1BA9, 0x48C0, 0x28C0, 
	0x5391, 0x3121, 0x2428, 0x1189, 0x5220, 0xCDA4, 0xD604, 0xBD21, 0xAC61, 0xBEBC, 0x8DB8, 0x95D8, 0xBD46, 0xF6C1, 0xEE02, 0xFF00, 
	0xDE23, 0x9C02, 0xD75E, 0xE649, 0xD73D, 0x7D97, 0xD6FC, 0x9446, 0xDE2E, 0x7B21, 0xB52E, 0x49D0, 0xAD0A, 0x410F, 0xD562, 0xADD9, 
	0x000F, 0x2870, 0x8B81, 0x94B5, 0x62F3, 0x31B1, 0x52B1, 0x7001, 0x0890, 0x80C2, 0x73D4, 0x3252, 0x84F8, 0x9579, 0x7557, 0x328D, 
	0x0992, 0x42D3, 0x5354, 0x2A53, 0x4AB1, 0x4AF4, 0x74B5, 0x0A33, 0x2A74, 0x6D17, 0x7558, 0x3372, 0x12B4, 0x5395, 0x22B4, 0x1332, 
	0x0356, 0x0AAF, 0x02D5, 0x5CB6, 0x2B75, 0x43F5, 0x0B35, 0x3BD4, 0x5495, 0x5476, 0x31EE, 0x6CF8, 0x4C56, 0x3C16, 0x64F6, 0x0378, 
	0x4435, 0x03B7, 0x5498, 0x3458, 0x03D8, 0x0419, 0x5475, 0xBD22, 0x128A, 0xD630, 0xE5C2, 0xACE6, 
};

const u8 score[45437] __attribute__ ((aligned(4))) = {
	0x03, 0xE7, 0xE7, 0xE4, 0xDB, 0x80, 0xE7, 0x01, 0xDB, 0xE4, 0x81, 0xE7, 0x04, 0xE4, 0xE7, 0xE4, 
	0xDB, 0xE4, 0x80, 0xE7, 0x05, 0xDB, 0xE7, 0xE4, 0xE7, 0xE4, 0xDB, 0x80, 0xE7, 0x02, 0xE4, 0xE7, 
	0xE4, 0x81, 0xE7, 0x00, 0xE4, 0x83, 0xE7, 0x07, 0xE4, 0xDB, 0xE4, 0xE7, 0xDB, 0xE7, 0xE7, 0xE4, 
	0x82, 0xE7, 0x03, 0xDB, 0xE7, 0xE4, 0xDB, 0x83, 0xE7, 0x00, 0xDB, 0x8B, 0xE7, 0x01, 0xE4, 0xDB, 
	0x81, 0xE7, 0x01, 0xE4, 0xDB, 0x80, 0xE7, 0x07, 0xDB, 0xE7, 0xE7, 0xDB, 0xE7, 0xE4, 0xE7, 0xDB, 
	0x80, 0xE7, 0x01, 0xDB, 0xE4, 0x81, 0xE7, 0x00, 0xE4, 0x80, 0xE7, 0x02, 0xE4, 0xDB, 0xE4, 0x84, 
	0xE7, 0x04, 0xDB, 0xE4, 0xE7, 0xE7, 0xDB, 0x81, 0xE7, 0x00, 0xE4, 0x82, 0xE7, 0x00, 0xE4, 0x86, 
	0xE7, 0x00, 0xDB, 0x9C, 0xE7, 0x00, 0xDB, 0x84, 0xE7, 0x00, 0xE4, 0x83, 0xE7, 0x03, 0xE4, 0xE7, 
	0xE7, 0xDB, 0x88, 0xE7, 0x04, 0xE4, 0xDB, 0xE7, 0xE7, 0xDB, 0x82, 0xE7, 0x00, 0xDB, 0x84, 0xE7, 
	0x00, 0xDB, 0x81, 0xE7, 0x00, 0xDB, 0x85, 0xE7, 0x00, 0xDB, 0x83, 0xE7, 0x00, 0xE4, 0x87, 0xE7, 
	0x02, 0xDB, 0xE7, 0xE4, 0x8B, 0xE7, 0x00, 0xDB, 0x80, 0xE7, 0x03, 0xDB, 0xE7, 0xE7, 0xE4, 0x9F, 
	0xE7, 0x82, 0xE7, 0x00, 0xE4, 0x80, 0xE7, 0x01, 0xDB, 0xE4, 0x85, 0xE7, 0x00, 0xE4, 0x84, 0xE7, 
	0x00, 0xE4, 0x83, 0xE7, 0x00, 0xE4, 0x80, 0xE7, 0x01, 0xDB, 0xE4, 0x85, 0xE7, 0x00, 0xE4, 0x80, 
	0xE7, 0x01, 0xDB, 0xE4, 0x85, 0xE7, 0x01, 0xE4, 0xDB, 0x80, 0xE7, 0x02, 0xE4, 0xE7, 0xDB, 0x81, 
	0xE7, 0x00, 0xE4, 0x86, 0xE7, 0x00, 0xE4, 0x87, 0xE7, 0x00, 0xE4, 0x82, 0xE7, 0x00, 0xE4, 0x84, 
	0xE7, 0x03, 0xDB, 0xE7, 0xE7, 0xE4, 0x85, 0xE7, 0x00, 0xE4, 0x83, 0xE7, 0x03, 0xE4, 0xE7, 0xE7, 
	0xE4, 0x81, 0xE7, 0x00, 0xE4, 0x84, 0xE7, 0x04, 0xDB, 0xE4, 0xE7, 0xE7, 0xE4, 0x84, 0xE7, 0x00, 
	0xE4, 0x83, 0xE7, 0x00, 0xE4, 0x81, 0xE7, 0x00, 0xE4, 0x81, 0xE7, 0x03, 0xE4, 0xE7, 0xE7, 0xE4, 
	0x84, 0xE7, 0x00, 0xDF, 0x80, 0xE7, 0x00, 0xDB, 0x86, 0xE7, 0x00, 0xE4, 0x81, 0xE7, 0x00, 0xDB, 
	0x96, 0xE7, 0x00, 0xE4, 0x87, 0xE7, 0x01, 0xDB, 0xE4, 0x86, 0xE7, 0x00, 0xDB, 0x80, 0xE7, 0x00, 
	0xDB, 0x85, 0xE7, 0x03, 0xDB, 0xE7, 0xE4, 0xDB, 0x81, 0xE7, 0x00, 0xDB, 0x84, 0xE7, 0x00, 0xE4, 
	0x81, 0xE7, 0x00, 0xDB, 0x85, 0xE7, 0x00, 0xDB, 0x83, 0xE7, 0x00, 0xDB, 0x87, 0xE7, 0x00, 0xDB, 
	0x84, 0xE7, 0x03, 0xE7, 0xE4, 0xE7, 0xE4, 0x81, 0xE7, 0x0D, 0xE4, 0xE7, 0xE7, 0xE4, 0xE7, 0xE7, 
	0xDB, 0xE4, 0xE7, 0xE7, 0xE4, 0xE7, 0xE7, 0xE4, 0x82, 0xE7, 0x02, 0xDB, 0xE7, 0xE4, 0x81, 0xE7, 
	0x07, 0xDB, 0xE7, 0xE4, 0xE7, 0xE7, 0xE4, 0xE7, 0xE4, 0x81, 0xE7, 0x00, 0xE4, 0x85, 0xE7, 0x00, 
	0xE4, 0x80, 0xE7, 0x04, 0xDB, 0xE4, 0xE7, 0xE7, 0xE4, 0x82, 0xE7, 0x00, 0xE4, 0x80, 0xE7, 0x09, 
	0xE4, 0xDB, 0xE7, 0xE4, 0xE7, 0xE7, 0xE4, 0xE7, 0xE7, 0xE4, 0x80, 0xE7, 0x06, 0xE4, 0xE7, 0xE7, 
	0xE4, 0xE7, 0xE7, 0xE4, 0x81, 0xE7, 0x03, 0xE4, 0xE7, 0xE7, 0xE4, 0x80, 0xE7, 0x03, 0xE4, 0xE7, 
	0xE7, 0xE4, 0x80, 0xE7, 0x00, 0xDB, 0x80, 0xE7, 0x00, 0xE4, 0x80, 0xE7, 0x00, 0xE4, 0x80, 0xE7, 
	0x00, 0xE4, 0x8A, 0xE7, 0x02, 0xDB, 0xE7, 0xE4, 0x80, 0xE7, 0x00, 0xE4, 0x83, 0xE7, 0x00, 0xE4, 
	0x80, 0xE7, 0x00, 0xE4, 0x80, 0xE7, 0x02, 0xE4, 0xE7, 0xE4, 0x80, 0xE7, 0x01, 0xDB, 0xE4, 0x82, 
	0xE7, 0x00, 0xDB, 0x84, 0xE7, 0x00, 0xE4, 0x8B, 0xE7, 0x00, 0xE4, 0x82, 0xE7, 0x03, 0xE4, 0xE7, 
	0xE7, 0xE4, 0x87, 0xE7, 0x02, 0xE4, 0xE7, 0xDB, 0x83, 0xE7, 0x00, 0xE4, 0x82, 0xE7, 0x03, 0xDB, 
	0xE7, 0xE4, 0xDB, 0x8C, 0xE7, 0x00, 0xDB, 0x86, 0xE7, 0x00, 0xE4, 0x87, 0xE7, 0x00, 0xE4, 0x86, 
	0xE7, 0x00, 0xDB, 0x84, 0xE7, 0x01, 0xDB, 0xE4, 0x8A, 0xE7, 0x00, 0xE4, 0x87, 0xE7, 0x00, 0xE4, 
	0x83, 0xE7, 0x80, 0xE7, 0x02, 0xDB, 0xE7, 0xE4, 0x89, 0xE7, 0x00, 0xDB, 0x81, 0xE7, 0x03, 0xE4, 
	0xE7, 0xE7, 0xE4, 0x80, 0xE7, 0x05, 0xDB, 0xE4, 0xE7, 0xE7, 0xE4, 0xDB, 0x82, 0xE7, 0x02, 0xDB, 
	0xE7, 0xE4, 0x80, 0xE7, 0x05, 0xDB, 0xE7, 0xE4, 0xE7, 0xE7, 0xE4, 0x89, 0xE7, 0x00, 0xE4, 0x8F, 
	0xE7, 0x00, 0xDB, 0x88, 0xE7, 0x04, 0xE4, 0xDB, 0xE7, 0xE7, 0xDB, 0x80, 0xE7, 0x00, 0xDB, 0x81, 
	0xE7, 0x05, 0xE4, 0xE7, 0xE7, 0xE4, 0xE7, 0xDB, 0x85, 0xE7, 0x00, 0xDB, 0x81, 0xE7, 0x04, 0xE4, 
	0xE7, 0xDB, 0xE7, 0xE4, 0x83, 0xE7, 0x00, 0xDB, 0x82, 0xE7, 0x03, 0xDB, 0xE7, 0xE4, 0xDB, 0x8E, 
	0xE7, 0x00, 0xE4, 0x81, 0xE7, 0x02, 0xE4, 0xE7, 0xE4, 0x8B, 0xE7, 0x00, 0xE4, 0x84, 0xE7, 0x00, 
	0xE4, 0x87, 0xE7, 0x00, 0xE4, 0x81, 0xE7, 0x00, 0xDB, 0x80, 0xE7, 0x00, 0xE4, 0x97, 0xE7, 0x00, 
	0xDB, 0x8B, 0xE7, 0x00, 0xDB, 0x8A, 0xE7, 0x00, 0xE4, 0x81, 0xE7, 0x00, 0xE4, 0x88, 0xE7, 0x00, 
	0xDB, 0x81, 0xE7, 0x00, 0xE4, 0x91, 0xE7, 0x00, 0xDB, 0x81, 0xE7, 0x04, 0xE7, 0xE7, 0xE4, 0xE7, 
	0xE4, 0x81, 0xE7, 0x02, 0xE4, 0xDB, 0xE4, 0x80, 0xE7, 0x00, 0xE4, 0x80, 0xE7, 0x00, 0xE4, 0x85, 
	0xE7, 0x00, 0xE4, 0x84, 0xE7, 0x03, 0xE4, 0xE7, 0xDB, 0xE4, 0x80, 0xE7, 0x04, 0xDB, 0xE4, 0xE7, 
	0xE7, 0xE4, 0x82, 0xE7, 0x05, 0xDB, 0xE7, 0xE7, 0xE4, 0xE7, 0xDB, 0x81, 0xE7, 0x00, 0xE4, 0x81, 
	0xE7, 0x03, 0xE4, 0xE7, 0xE7, 0xE4, 0x82, 0xE7, 0x00, 0xE4, 0x81, 0xE7, 0x02, 0xE4, 0xE7, 0xE4, 
	0x84, 0xE7, 0x03, 0xE4, 0xE7, 0xE7, 0xE4, 0x80, 0xE7, 0x03, 0xE4, 0xE7, 0xE7, 0xE4, 0x87, 0xE7, 
	0x04, 0xE4, 0xE7, 0xE4, 0xDB, 0xE4, 0x80, 0xE7, 0x04, 0xE4, 0xE7, 0xE4, 0xE7, 0xE4, 0x82, 0xE7, 
	0x06, 0xE4, 0xDB, 0xE7, 0xE4, 0xE7, 0xE7, 0xE4, 0x80, 0xE7, 0x03, 0xE4, 0xE7, 0xE7, 0xE4, 0x85, 
	0xE7, 0x03, 0xE4, 0xE7, 0xE7, 0xE4, 0x82, 0xE7, 0x00, 0xE4, 0x80, 0xE7, 0x00, 0xDB, 0x86, 0xE7, 
	0x06, 0xE4, 0xE7, 0xE7, 0xE4, 0xE7, 0xE7, 0xDB, 0x80, 0xE7, 0x00, 0xDB, 0x82, 0xE7, 0x00, 0xE4, 
	0x81, 0xE7, 0x03, 0xDB, 0xE7, 0xE7, 0xE4, 0x85, 0xE7, 0x03, 0xE4, 0xE7, 0xE7, 0xE4, 0x87, 0xE7, 
	0x04, 0xE4, 0xDB, 0xE7, 0xE7, 0xE4, 0x82, 0xE7, 0x00, 0xDB, 0x8D, 0xE7, 0x00, 0xE4, 0x86, 0xE7, 
	0x04, 0xE4, 0xDB, 0xE7, 0xE4, 0xDB, 0x84, 0xE7, 0x00, 0xDB, 0x82, 0xE7, 0x03, 0xDB, 0xE4, 0xE7, 
	0xDB, 0x80, 0xE7, 0x00, 0xE4, 0x85, 0xE7, 0x00, 0xDB, 0x96, 0xE7, 0x81, 0xE7, 0x02, 0xDB, 0xE7, 
	0xE4, 0x83, 0xE7, 0x03, 0xE4, 0xE7, 0xDB, 0xE4, 0x80, 0xE7, 0x00, 0xE4, 0x82, 0xE7, 0x03, 0xE4, 
	0xE7, 0xE7, 0xE4, 0x80, 0xE7, 0x01, 0xE4, 0xDB, 0x80, 0xE7, 0x03, 0xE4, 0xE7, 0xE7, 0xE4, 0x85, 
	0xE7, 0x03, 0xE4, 0xE7, 0xE7, 0xE4, 0x82, 0xE7, 0x00, 0xE4, 0x81, 0xE7, 0x00, 0xDB, 0x86, 0xE7, 
	0x00, 0xE4, 0x81, 0xE7, 0x00, 0xE4, 0x81, 0xE7, 0x07, 0xDB, 0xE7, 0xE4, 0xE7, 0xE4, 0xE7, 0xE7, 
	0xDB, 0x89, 0xE7, 0x02, 0xE4, 0xE7, 0xE4, 0x80, 0xE7, 0x02, 0xE4, 0xE7, 0xDB, 0x82, 0xE7, 0x01, 
	0xDB, 0xE4, 0x82, 0xE7, 0x00, 0xDB, 0x89, 0xE7, 0x00, 0xE4, 0x87, 0xE7, 0x00, 0xE4, 0x87, 0xE7, 
	0x00, 0xE4, 0x82, 0xE7, 0x02, 0xE4, 0xE7, 0xE4, 0x84, 0xE7, 0x00, 0xDB, 0x82, 0xE7, 0x02, 0xE4, 
	0xE7, 0xDB, 0x81, 0xE7, 0x00, 0xE4, 0x83, 0xE7, 0x00, 0xE4, 0x83, 0xE7, 0x00, 0xE4, 0x87, 0xE7, 
	0x02, 0xDB, 0xE7, 0xDB, 0x89, 0xE7, 0x01, 0xE4, 0xDB, 0x90, 0xE7, 0x01, 0xDB, 0xE4, 0x80, 0xE7, 
	0x00, 0xE4, 0x88, 0xE7, 0x00, 0xDB, 0x8D, 0xE7, 0x03, 0xDB, 0xE7, 0xE7, 0xDB, 0x8B, 0xE7, 0x01, 
	0xDB, 0xE4, 0x86, 0xE7, 0x00, 0xDB, 0x83, 0xE7, 0x01, 0xE7, 0xE4, 0x80, 0xE7, 0x00, 0xE4, 0x81, 
	0xE7, 0x00, 0xE4, 0x83, 0xE7, 0x00, 0xE4, 0x81, 0xE7, 0x00, 0xE4, 0x81, 0xE7, 0x02, 0xDB, 0xE7, 
	0xE4, 0x81, 0xE7, 0x02, 0xE4, 0xE7, 0xE4, 0x83, 0xE7, 0x04, 0xE4, 0xE7, 0xE7, 0xE4, 0xDB, 0x88, 
	0xE7, 0x06, 0xDB, 0xE4, 0xDB, 0xE4, 0xE7, 0xE7, 0xE4, 0x85, 0xE7, 0x00, 0xDB, 0x81, 0xE7, 0x07, 
	0xDB, 0xE7, 0xE4, 0xE7, 0xE7, 0xE4, 0xE7, 0xDB, 0x80, 0xE7, 0x00, 0xE4, 0x80, 0xE7, 0x0C, 0xE4, 
	0xE7, 0xE7, 0xE4, 0xE7, 0xE7, 0xE4, 0xE7, 0xE7, 0xE4, 0xE7, 0xDB, 0xED, 0x82, 0xE7, 0x02, 0xE4, 
	0xE7, 0xE4, 0x82, 0xE7, 0x07, 0xDB, 0xE7, 0xE4, 0xE7, 0xE4, 0xE7, 0xE7, 0xE4, 0x82, 0xE7, 0x00, 
	0xE4, 0x85, 0xE7, 0x04, 0xE4, 0xE7, 0xDB, 0xE7, 0xE4, 0x8D, 0xE7, 0x00, 0xE4, 0x82, 0xE7, 0x00, 
	0xDB, 0x80, 0xE7, 0x03, 0xE4, 0xE7, 0xE7, 0xE4, 0x89, 0xE7, 0x00, 0xDB, 0x84, 0xE7, 0x00, 0xE4, 
	0x8F, 0xE7, 0x00, 0xE4, 0x81, 0xE7, 0x00, 0xE4, 0x92, 0xE7, 0x00, 0xDB, 0x88, 0xE7, 0x00, 0xDB, 
	0x86, 0xE7, 0x00, 0xE4, 0x8A, 0xE7, 0x00, 0xDB, 0x86, 0xE7, 0x00, 0xE4, 0x8C, 0xE7, 0x01, 0xDB, 
	0xE4, 0x85, 0xE7, 0x00, 0xE4, 0x81, 0xE7, 0x80, 0xE7, 0x00, 0xE4, 0x80, 0xE7, 0x01, 0xDB, 0xE4, 
	0x83, 0xE7, 0x0D, 0xE4, 0xDB, 0xE7, 0xE7, 0xE4, 0xE7, 0xDB, 0xE7, 0xE4, 0xE7, 0xE7, 0xE4, 0xE7, 
	0xE4, 0x80, 0xE7, 0x07, 0xE4, 0xDB, 0xE7, 0xE7, 0xDB, 0xE7, 0xE7, 0xE4, 0x81, 0xE7, 0x00, 0xDB, 
	0x80, 0xE7, 0x00, 0xE4, 0x82, 0xE7, 0x02, 0xDB, 0xE7, 0xE4, 0x81, 0xE7, 0x00, 0xE4, 0x82, 0xE7, 
	0x06, 0xE4, 0xE7, 0xE7, 0xE4, 0xE7, 0xE7, 0xE4, 0x80, 0xE7, 0x00, 0xE4, 0x81, 0xE7, 0x00, 0xE4, 
	0x81, 0xE7, 0x00, 0xE4, 0x80, 0xE7, 0x09, 0xE4, 0xE7, 0xE7, 0xDB, 0xE7, 0xE4, 0xE7, 0xE7, 0xE4, 
	0xDB, 0x84, 0xE7, 0x00, 0xE4, 0x82, 0xE7, 0x04, 0xDB, 0xE7, 0xE4, 0xE7, 0xE4, 0x81, 0xE7, 0x00, 
	0xDB, 0x82, 0xE7, 0x02, 0xE4, 0xE7, 0xE4, 0x80, 0xE7, 0x04, 0xE4, 0xE7, 0xE4, 0xE7, 0xE4, 0x81, 
	0xE7, 0x00, 0xE4, 0x81, 0xE7, 0x06, 0xE4, 0xE7, 0xE7, 0xE4, 0xE7, 0xE7, 0xE4, 0x8A, 0xE7, 0x00, 
	0xE4, 0x85, 0xE7, 0x00, 0xE4, 0x83, 0xE7, 0x03, 0xE4, 0xE7, 0xE7, 0xE4, 0x81, 0xE7, 0x00, 0xE4, 
	0x83, 0xE7, 0x00, 0xE4, 0x81, 0xE7, 0x00, 0xE4, 0x81, 0xE7, 0x00, 0xE4, 0x8F, 0xE7, 0x03, 0xE4, 
	0xE7, 0xE7, 0xDB, 0x84, 0xE7, 0x00, 0xDB, 0x83, 0xE7, 0x00, 0xDB, 0x87, 0xE7, 0x09, 0xDB, 0xE7, 
	0xE7, 0xDB, 0xE4, 0xE7, 0xDB, 0xE7, 0xE7, 0xE4, 0x81, 0xE7, 0x00, 0xDB, 0x82, 0xE7, 0x00, 0xE4, 
	0x83, 0xE7, 0x00, 0xDB, 0x82, 0xE7, 0x03, 0xE4, 0xE7, 0xE7, 0xDB, 0x8B, 0xE7, 0x00, 0xDB, 0x82, 
	0xE7, 0x00, 0xDB, 0x81, 0xE7, 0x03, 0xE7, 0xE7, 0xE4, 0xDB, 0x82, 0xE7, 0x01, 0xDB, 0xE4, 0x83, 
	0xE7, 0x00, 0xE4, 0x80, 0xE7, 0x00, 0xE4, 0x89, 0xE7, 0x06, 0xE4, 0xE7, 0xE4, 0xE7, 0xDB, 0xE7, 
	0xE4, 0x81, 0xE7, 0x00, 0xE4, 0x82, 0xE7, 0x02, 0xE4, 0xE7, 0xE4, 0x80, 0xE7, 0x01, 0xDB, 0xE4, 
	0x82, 0xE7, 0x00, 0xE4, 0x87, 0xE7, 0x00, 0xE4, 0x80, 0xE7, 0x05, 0xE4, 0xDB, 0xE7, 0xE7, 0xDB, 
	0xE4, 0x86, 0xE7, 0x00, 0xE4, 0x82, 0xE7, 0x00, 0xE4, 0x80, 0xE7, 0x00, 0xE4, 0x82, 0xE7, 0x0A, 
	0xE4, 0xE7, 0xE4, 0xE7, 0xE7, 0xE4, 0xE7, 0xDB, 0xE7, 0xE7, 0xE4, 0x80, 0xE7, 0x00, 0xE4, 0x83, 
	0xE7, 0x00, 0xDB, 0x82, 0xE7, 0x00, 0xDB, 0x83, 0xE7, 0x05, 0xE4, 0xE7, 0xDB, 0xE4, 0xE7, 0xDB, 
	0x80, 0xE7, 0x00, 0xDB, 0x80, 0xE7, 0x00, 0xE4, 0x81, 0xE7, 0x00, 0xE4, 0x80, 0xE7, 0x00, 0xE4, 
	0x81, 0xE7, 0x03, 0xE4, 0xDB, 0xE7, 0xE4, 0x81, 0xE7, 0x00, 0xDB, 0x82, 0xE7, 0x00, 0xDB, 0x81, 
	0xE7, 0x00, 0xE4, 0x82, 0xE7, 0x00, 0xE4, 0x82, 0xE7, 0x00, 0xE4, 0x82, 0xE7, 0x00, 0xE4, 0x80, 
	0xE7, 0x02, 0xE4, 0xE7, 0xDB, 0x85, 0xE7, 0x00, 0xE4, 0x84, 0xE7, 0x03, 0xE4, 0xE7, 0xE7, 0xDB, 
	0x82, 0xE7, 0x00, 0xE4, 0x8F, 0xE7, 0x00, 0xE4, 0x84, 0xE7, 0x00, 0xDB, 0x81, 0xE7, 0x00, 0xE4, 
	0x82, 0xE7, 0x00, 0xDB, 0x80, 0xE7, 0x00, 0xDB, 0x80, 0xE7, 0x01, 0xE4, 0xDB, 0x8A, 0xE7, 0x00, 
	0xDB, 0x8F, 0xE7, 0x80, 0xE7, 0x09, 0xE4, 0xE7, 0xE4, 0xE7, 0xE4, 0xE7, 0xE7, 0xE4, 0xDB, 0xE4, 
	0x82, 0xE7, 0x01, 0xDB, 0xE4, 0x83, 0xE7, 0x08, 0xE4, 0xE7, 0xE4, 0xDB, 0xE4, 0xE7, 0xE4, 0xE7, 
	0xDB, 0x80, 0xE7, 0x00, 0xE4, 0x82, 0xE7, 0x04, 0xE4, 0xE7, 0xE7, 0xE4, 0xDB, 0x81, 0xE7, 0x00, 
	0xDB, 0x82, 0xE7, 0x04, 0xDB, 0xE4, 0xE7, 0xE4, 0xDB, 0x86, 0xE7, 0x00, 0xE4, 0x86, 0xE7, 0x00, 
	0xE4, 0x81, 0xE7, 0x00, 0xE4, 0x84, 0xE7, 0x0A, 0xE4, 0xDB, 0xE4, 0xE7, 0xE4, 0xDB, 0xE4, 0xE7, 
	0xE7, 0xDB, 0xE4, 0x81, 0xE7, 0x00, 0xDB, 0x83, 0xE7, 0x00, 0xE4, 0x84, 0xE7, 0x03, 0xE4, 0xE7, 
	0xE7, 0xDB, 0x80, 0xE7, 0x01, 0xE4, 0xDB, 0x80, 0xE7, 0x04, 0xE4, 0xDB, 0xE7, 0xE7, 0xE4, 0x82, 
	0xE7, 0x07, 0xE4, 0xE7, 0xE4, 0xE7, 0xE7, 0xE4, 0xE7, 0xDB, 0x80, 0xE7, 0x00, 0xE4, 0x81, 0xE7, 
	0x00, 0xE4, 0x88, 0xE7, 0x03, 0xE4, 0xE7, 0xE7, 0xE4, 0x85, 0xE7, 0x00, 0xE4, 0x82, 0xE7, 0x00, 
	0xE4, 0x90, 0xE7, 0x02, 0xE4, 0xE7, 0xDB, 0x85, 0xE7, 0x00, 0xE4, 0x80, 0xE7, 0x02, 0xE4, 0xE7, 
	0xDB, 0x88, 0xE7, 0x00, 0xDB, 0xA0, 0xE7, 0x00, 0xE4, 0x86, 0xE7, 0x00, 0xDB, 0x80, 0xE7, 0x00, 
	0xE4, 0x85, 0xE7, 0x00, 0xE4, 0x8E, 0xE7, 0x01, 0xE7, 0xE4, 0x89, 0xE7, 0x02, 0xE4, 0xDB, 0xE4, 
	0x82, 0xE7, 0x00, 0xE4, 0x80, 0xE7, 0x00, 0xE4, 0x84, 0xE7, 0x02, 0xE4, 0xDB, 0xE4, 0x80, 0xE7, 
	0x00, 0xE4, 0x81, 0xE7, 0x00, 0xDB, 0x80, 0xE7, 0x00, 0xE4, 0x80, 0xE7, 0x02, 0xE4, 0xE7, 0xE4, 
	0x85, 0xE7, 0x05, 0xE4, 0xE7, 0xE7, 0xE4, 0xE7, 0xE4, 0x87, 0xE7, 0x03, 0xE4, 0xE7, 0xE7, 0xDB, 
	0x80, 0xE7, 0x07, 0xE4, 0xDB, 0xE7, 0xE7, 0xE4, 0xE7, 0xE7, 0xE4, 0x8A, 0xE7, 0x05, 0xE4, 0xE7, 
	0xE7, 0xE4, 0xE7, 0xE4, 0x82, 0xE7, 0x05, 0xE4, 0xE7, 0xE7, 0xE4, 0xDB, 0xE4, 0x80, 0xE7, 0x03, 
	0xE4, 0xE7, 0xE7, 0xE4, 0x80, 0xE7, 0x00, 0xE4, 0x87, 0xE7, 0x00, 0xE4, 0x85, 0xE7, 0x00, 0xE4, 
	0x82, 0xE7, 0x02, 0xE4, 0xE7, 0xDB, 0x8F, 0xE7, 0x03, 0xE4, 0xE7, 0xE7, 0xDB, 0x89, 0xE7, 0x00, 
	0xE4, 0x89, 0xE7, 0x00, 0xE4, 0x81, 0xE7, 0x00, 0xE4, 0x81, 0xE7, 0x00, 0xE4, 0x82, 0xE7, 0x00, 
	0xE4, 0x91, 0xE7, 0x02, 0xDB, 0xE7, 0xE4, 0x81, 0xE7, 0x00, 0xDB, 0x82, 0xE7, 0x00, 0xDB, 0x80, 
	0xE7, 0x00, 0xE4, 0x83, 0xE7, 0x00, 0xDB, 0x84, 0xE7, 0x01, 0xDB, 0xE4, 0x80, 0xE7, 0x00, 0xDB, 
	0x85, 0xE7, 0x00, 0xDB, 0x94, 0xE7, 0x01, 0xDB, 0xE7, 0x05, 0xE7, 0xE7, 0xE4, 0xE7, 0xE7, 0xE4, 
	0x80, 0xE7, 0x03, 0xE4, 0xE7, 0xDB, 0xE4, 0x82, 0xE7, 0x05, 0xE4, 0xE7, 0xE4, 0xE7, 0xE7, 0xE4, 
	0x81, 0xE7, 0x05, 0xE4, 0xE7, 0xE4, 0xE7, 0xE7, 0xE4, 0x82, 0xE7, 0x03, 0xE4, 0xE7, 0xDB, 0xE4, 
	0x80, 0xE7, 0x00, 0xE4, 0x81, 0xE7, 0x00, 0xE4, 0x82, 0xE7, 0x07, 0xDB, 0xE7, 0xE7, 0xDB, 0xE4, 
	0xE7, 0xE7, 0xDB, 0x84, 0xE7, 0x05, 0xE4, 0xE7, 0xE7, 0xE4, 0xE7, 0xE4, 0x81, 0xE7, 0x02, 0xE4, 
	0xE7, 0xE4, 0x83, 0xE7, 0x09, 0xDB, 0xE4, 0xE7, 0xE7, 0xDB, 0xE4, 0xE7, 0xE7, 0xDB, 0xE4, 0x80, 
	0xE7, 0x02, 0xE4, 0xDB, 0xED, 0x83, 0xE7, 0x05, 0xDB, 0xE7, 0xE7, 0xE4, 0xE7, 0xDB, 0x8F, 0xE7, 
	0x09, 0xE4, 0xE7, 0xE7, 0xE4, 0xE7, 0xE7, 0xDB, 0xE4, 0xE7, 0xDB, 0x90, 0xE7, 0x09, 0xE4, 0xDB, 
	0xE4, 0xE7, 0xE4, 0xE7, 0xE4, 0xE7, 0xE7, 0xE4, 0x8B, 0xE7, 0x00, 0xE4, 0x82, 0xE7, 0x07, 0xE4, 
	0xDB, 0xE7, 0xE7, 0xE4, 0xE7, 0xE7, 0xE4, 0x80, 0xE7, 0x00, 0xE4, 0x83, 0xE7, 0x03, 0xDB, 0xE7, 
	0xE7, 0xDB, 0x82, 0xE7, 0x00, 0xE4, 0x86, 0xE7, 0x00, 0xDB, 0x83, 0xE7, 0x00, 0xDB, 0x86, 0xE7, 
	0x00, 0xDB, 0x81, 0xE7, 0x00, 0xE4, 0x83, 0xE7, 0x02, 0xE4, 0xE7, 0xDB, 0x89, 0xE7, 0x00, 0xDB, 
	0x87, 0xE7, 0x00, 0xE4, 0x82, 0xE7, 0x00, 0xE4, 0x84, 0xE7, 0x00, 0xDB, 0x86, 0xE7, 0x00, 0xDB, 
	0x84, 0xE7, 0x80, 0xE7, 0x02, 0xDB, 0xE7, 0xE4, 0x87, 0xE7, 0x00, 0xE4, 0x81, 0xE7, 0x00, 0xDB, 
	0x81, 0xE7, 0x00, 0xE4, 0x84, 0xE7, 0x02, 0xDB, 0xE7, 0xE4, 0x83, 0xE7, 0x00, 0xE4, 0x81, 0xE7, 
	0x00, 0xE4, 0x80, 0xE7, 0x00, 0xDB, 0x81, 0xE7, 0x08, 0xE4, 0xE7, 0xE4, 0xE7, 0xE7, 0xE4, 0xE7, 
	0xE7, 0xE4, 0x86, 0xE7, 0x00, 0xDB, 0x85, 0xE7, 0x05, 0xDB, 0xE7, 0xE4, 0xE7, 0xE7, 0xE4, 0x86, 
	0xE7, 0x00, 0xE4, 0x80, 0xE7, 0x03, 0xE4, 0xE7, 0xE7, 0xE4, 0x82, 0xE7, 0x03, 0xE4, 0xE7, 0xE4, 
	0xDB, 0x80, 0xE7, 0x02, 0xE4, 0xDB, 0xE4, 0x81, 0xE7, 0x00, 0xE4, 0x81, 0xE7, 0x01, 0xDB, 0xE4, 
	0x89, 0xE7, 0x00, 0xE4, 0x80, 0xE7, 0x00, 0xE4, 0x80, 0xE7, 0x05, 0xE4, 0xE7, 0xE4, 0xE7, 0xE7, 
	0xE4, 0x81, 0xE7, 0x00, 0xE4, 0x82, 0xE7, 0x00, 0xDB, 0x86, 0xE7, 0x09, 0xE4, 0xE7, 0xE7, 0xDB, 
	0xE7, 0xE7, 0xE4, 0xE7, 0xE7, 0xDB, 0x81, 0xE7, 0x00, 0xE4, 0x8C, 0xE7, 0x00, 0xE4, 0x90, 0xE7, 
	0x01, 0xE4, 0xDB, 0x98, 0xE7, 0x00, 0xDB, 0x84, 0xE7, 0x00, 0xDB, 0x88, 0xE7, 0x00, 0xE4, 0x80, 
	0xE7, 0x08, 0xDB, 0xE7, 0xE7, 0xE4, 0xE7, 0xDB, 0xE7, 0xE7, 0xDB, 0x8A, 0xE7, 0x00, 0xDB, 0x8C, 
	0xE7, 0x0A, 0xE7, 0xE4, 0xE7, 0xE4, 0xE7, 0xE7, 0xDB, 0xE4, 0xE7, 0xE7, 0xE4, 0x80, 0xE7, 0x08, 
	0xE4, 0xDB, 0xE7, 0xE7, 0xDB, 0xE4, 0xE7, 0xE7, 0xE4, 0x82, 0xE7, 0x13, 0xE4, 0xE7, 0xDB, 0xE7, 
	0xE4, 0xE7, 0xE4, 0xE7, 0xDB, 0xE7, 0xE4, 0xE7, 0xE7, 0xE4, 0xE7, 0xE7, 0xDB, 0xE4, 0xE7, 0xDB, 
	0x82, 0xE7, 0x00, 0xE4, 0x82, 0xE7, 0x00, 0xDB, 0x85, 0xE7, 0x06, 0xE4, 0xE7, 0xE7, 0xE4, 0xE7, 
	0xE7, 0xE4, 0x81, 0xE7, 0x00, 0xE4, 0x80, 0xE7, 0x00, 0xE4, 0x88, 0xE7, 0x09, 0xE4, 0xE7, 0xE4, 
	0xE7, 0xE7, 0xDB, 0xE4, 0xE7, 0xE7, 0xDB, 0x81, 0xE7, 0x00, 0xE4, 0x83, 0xE7, 0x00, 0xE4, 0x83, 
	0xE7, 0x0E, 0xE4, 0xE7, 0xDB, 0xE7, 0xE7, 0xE4, 0xE7, 0xE7, 0xE4, 0xE7, 0xE7, 0xE4, 0xDB, 0xE7, 
	0xE4, 0x80, 0xE7, 0x00, 0xE4, 0x83, 0xE7, 0x03, 0xE4, 0xE7, 0xE7, 0xE4, 0x86, 0xE7, 0x00, 0xE4, 
	0x83, 0xE7, 0x00, 0xE4, 0x8D, 0xE7, 0x00, 0xDB, 0x80, 0xE7, 0x00, 0xE4, 0x83, 0xE7, 0x00, 0xE4, 
	0x80, 0xE7, 0x00, 0xE4, 0x80, 0xE7, 0x00, 0xE4, 0x84, 0xE7, 0x00, 0xE4, 0x86, 0xE7, 0x00, 0xE4, 
	0x80, 0xE7, 0x00, 0xE4, 0x80, 0xE7, 0x00, 0xE4, 0x8A, 0xE7, 0x00, 0xDB, 0x82, 0xE7, 0x01, 0xDB, 
	0xE4, 0x83, 0xE7, 0x03, 0xE4, 0xE7, 0xE7, 0xDB, 0x82, 0xE7, 0x00, 0xE4, 0x81, 0xE7, 0x00, 0xDB, 
	0x83, 0xE7, 0x00, 0xDB, 0x81, 0xE7, 0x00, 0xDB, 0x85, 0xE7, 0x00, 0xDB, 0x92, 0xE7, 0x00, 0xDB, 
	0x81, 0xE7, 0x85, 0xE7, 0x03, 0xDB, 0xE7, 0xE7, 0xE4, 0x82, 0xE7, 0x00, 0xE4, 0x82, 0xE7, 0x06, 
	0xE4, 0xE7, 0xE7, 0xE4, 0xE7, 0xE7, 0xE4, 0x80, 0xE7, 0x06, 0xDB, 0xE7, 0xE7, 0xE4, 0xE7, 0xDB, 
	0xE4, 0x84, 0xE7, 0x03, 0xE4, 0xE7, 0xE7, 0xE4, 0x80, 0xE7, 0x00, 0xDB, 0x82, 0xE7, 0x02, 0xE4, 
	0xE7, 0xE4, 0x8A, 0xE7, 0x09, 0xE4, 0xE7, 0xE7, 0xDB, 0xE7, 0xE7, 0xE4, 0xE7, 0xDB, 0xE4, 0x82, 
	0xE7, 0x05, 0xE4, 0xE7, 0xE4, 0xE7, 0xE7, 0xDB, 0x84, 0xE7, 0x02, 0xE4, 0xE7, 0xE4, 0x81, 0xE7, 
	0x03, 0xE4, 0xDB, 0xE7, 0xE4, 0x80, 0xE7, 0x03, 0xE4, 0xE7, 0xE4, 0xDB, 0x80, 0xE7, 0x00, 0xE4, 
	0x80, 0xE7, 0x00, 0xDB, 0x84, 0xE7, 0x00, 0xDB, 0x82, 0xE7, 0x00, 0xE4, 0x82, 0xE7, 0x00, 0xDB, 
	0x82, 0xE7, 0x00, 0xE4, 0x87, 0xE7, 0x00, 0xE4, 0x82, 0xE7, 0x00, 0xE4, 0x80, 0xE7, 0x00, 0xE4, 
	0x8D, 0xE7, 0x00, 0xE4, 0x8D, 0xE7, 0x00, 0xE4, 0x80, 0xE7, 0x00, 0xDB, 0x8E, 0xE7, 0x00, 0xDB, 
	0x85, 0xE7, 0x00, 0xDB, 0x92, 0xE7, 0x01, 0xDB, 0xE4, 0x80, 0xE7, 0x01, 0xDB, 0xE4, 0x87, 0xE7, 
	0x00, 0xE4, 0x8A, 0xE7, 0x00, 0xE4, 0x8D, 0xE7, 0x00, 0xDB, 0x85, 0xE7, 0x15, 0xE7, 0xE7, 0xE4, 
	0xE7, 0xE4, 0xE7, 0xE4, 0xE7, 0xE7, 0xE4, 0xE7, 0xDB, 0xE4, 0xE7, 0xE7, 0xE4, 0xDB, 0xE7, 0xE7, 
	0xE4, 0xE7, 0xE4, 0x83, 0xE7, 0x07, 0xE4, 0xE7, 0xE7, 0xE4, 0xE7, 0xE7, 0xE4, 0xDB, 0x81, 0xE7, 
	0x04, 0xDB, 0xE4, 0xE7, 0xE7, 0xE4, 0x86, 0xE7, 0x0A, 0xE4, 0xE7, 0xE7, 0xE4, 0xDB, 0xE7, 0xE7, 
	0xDB, 0xE7, 0xE7, 0xE4, 0x85, 0xE7, 0x00, 0xE4, 0x82, 0xE7, 0x00, 0xE4, 0x85, 0xE7, 0x03, 0xE4, 
	0xE7, 0xE4, 0xDB, 0x82, 0xE7, 0x02, 0xE4, 0xE7, 0xE4, 0x82, 0xE7, 0x00, 0xDB, 0x80, 0xE7, 0x00, 
	0xE4, 0x81, 0xE7, 0x00, 0xDB, 0x84, 0xE7, 0x00, 0xE4, 0x83, 0xE7, 0x00, 0xE4, 0x80, 0xE7, 0x06, 
	0xE4, 0xE7, 0xE7, 0xE4, 0xE7, 0xE7, 0xE4, 0x81, 0xE7, 0x01, 0xDB, 0xE4, 0x89, 0xE7, 0x00, 0xE4, 
	0x82, 0xE7, 0x00, 0xE4, 0x82, 0xE7, 0x00, 0xE4, 0x80, 0xE7, 0x00, 0xE4, 0x80, 0xE7, 0x00, 0xE4, 
	0x82, 0xE7, 0x00, 0xDB, 0x81, 0xE7, 0x00, 0xE4, 0x83, 0xE7, 0x06, 0xE4, 0xE7, 0xE7, 0xE4, 0xE7, 
	0xE7, 0xE4, 0x80, 0xE7, 0x00, 0xE4, 0x84, 0xE7, 0x01, 0xE4, 0xDB, 0x84, 0xE7, 0x00, 0xE4, 0x81, 
	0xE7, 0x02, 0xE4, 0xE7, 0xE4, 0x95, 0xE7, 0x04, 0xDB, 0xE7, 0xE7, 0xDB, 0xE4, 0x89, 0xE7, 0x00, 
	0xE4, 0x82, 0xE7, 0x03, 0xDB, 0xE7, 0xE7, 0xDB, 0x80, 0xE7, 0x04, 0xDB, 0xE4, 0xE7, 0xDB, 0xE4, 
	0x88, 0xE7, 0x00, 0xDB, 0x8E, 0xE7, 0x00, 0xDB, 0x80, 0xE7, 0x00, 0xDB, 0x8A, 0xE7, 0x00, 0xE4, 
	0x80, 0xE7, 0x00, 0xDB, 0x80, 0xE7, 0x02, 0xE4, 0xE7, 0xE4, 0x84, 0xE7, 0x03, 0xE4, 0xE7, 0xE7, 
	0xE4, 0x82, 0xE7, 0x04, 0xDB, 0xE4, 0xE7, 0xDB, 0xE4, 0x87, 0xE7, 0x0A, 0xE4, 0xE7, 0xE4, 0xE7, 
	0xE4, 0xE7, 0xE7, 0xE4, 0xE7, 0xE7, 0xE4, 0x81, 0xE7, 0x00, 0xE4, 0x85, 0xE7, 0x03, 0xE4, 0xDB, 
	0xE7, 0xE4, 0x84, 0xE7, 0x00, 0xE4, 0x80, 0xE7, 0x00, 0xDB, 0x80, 0xE7, 0x00, 0xE4, 0x86, 0xE7, 
	0x07, 0xE4, 0xE7, 0xE7, 0xE4, 0xDB, 0xE7, 0xE7, 0xE4, 0x80, 0xE7, 0x02, 0xDB, 0xE7, 0xE4, 0x82, 
	0xE7, 0x00, 0xE4, 0x86, 0xE7, 0x00, 0xE4, 0x82, 0xE7, 0x02, 0xE4, 0xE7, 0xE4, 0x80, 0xE7, 0x00, 
	0xE4, 0x82, 0xE7, 0x04, 0xE4, 0xE7, 0xE7, 0xE4, 0xDB, 0x81, 0xE7, 0x00, 0xE4, 0x88, 0xE7, 0x00, 
	0xE4, 0x80, 0xE7, 0x00, 0xE4, 0x81, 0xE7, 0x00, 0xDB, 0x84, 0xE7, 0x00, 0xDB, 0x88, 0xE7, 0x00, 
	0xE4, 0x83, 0xE7, 0x02, 0xE4, 0xE7, 0xDB, 0x89, 0xE7, 0x03, 0xDB, 0xE7, 0xE7, 0xDB, 0x8B, 0xE7, 
	0x00, 0xDB, 0x93, 0xE7, 0x00, 0xDB, 0x85, 0xE7, 0x00, 0xE4, 0x89, 0xE7, 0x00, 0xDB, 0x87, 0xE7, 
	0x00, 0xDB, 0x8B, 0xE7, 0x01, 0xE7, 0xE4, 0x80, 0xE7, 0x10, 0xE4, 0xE7, 0xE7, 0xE4, 0xDB, 0xE7, 
	0xE4, 0xE7, 0xE7, 0xE4, 0xE7, 0xDB, 0xE7, 0xE4, 0xE7, 0xE7, 0xE4, 0x82, 0xE7, 0x0C, 0xDB, 0xE4, 
	0xE7, 0xE4, 0xE7, 0xDB, 0xE4, 0xE7, 0xE7, 0xDB, 0xE7, 0xE7, 0xE4, 0x88, 0xE7, 0x01, 0xDB, 0xE4, 
	0x80, 0xE7, 0x03, 0xE4, 0xE7, 0xE7, 0xDB, 0x88, 0xE7, 0x03, 0xE4, 0xE7, 0xE7, 0xDB, 0x80, 0xE7, 
	0x08, 0xE4, 0xE7, 0xE7, 0xE4, 0xDB, 0xE7, 0xE4, 0xE7, 0xDB, 0x82, 0xE7, 0x08, 0xE4, 0xDB, 0xE7, 
	0xE7, 0xE4, 0xE7, 0xE7, 0xE4, 0xDB, 0x80, 0xE7, 0x02, 0xE4, 0xE7, 0xE4, 0x81, 0xE7, 0x10, 0xE4, 
	0xDB, 0xE7, 0xE4, 0xE7, 0xE7, 0xE4, 0xDB, 0xE7, 0xE7, 0xE4, 0xE7, 0xE7, 0xE4, 0xE7, 0xE7, 0xE4, 
	0x80, 0xE7, 0x00, 0xDB, 0x82, 0xE7, 0x01, 0xDB, 0xE4, 0x81, 0xE7, 0x03, 0xE4, 0xE7, 0xE4, 0xDB, 
	0x81, 0xE7, 0x00, 0xE4, 0x80, 0xE7, 0x00, 0xE4, 0x89, 0xE7, 0x00, 0xDB, 0x80, 0xE7, 0x00, 0xE4, 
	0x80, 0xE7, 0x03, 0xDB, 0xE4, 0xE7, 0xDB, 0x82, 0xE7, 0x00, 0xDB, 0x81, 0xE7, 0x00, 0xE4, 0x80, 
	0xE7, 0x06, 0xE4, 0xE7, 0xE7, 0xE4, 0xE7, 0xE7, 0xE4, 0x88, 0xE7, 0x00, 0xE4, 0x88, 0xE7, 0x00, 
	0xE4, 0x80, 0xE7, 0x00, 0xE4, 0x8A, 0xE7, 0x00, 0xDB, 0x90, 0xE7, 0x03, 0xDB, 0xE4, 0xE7, 0xDB, 
	0x8A, 0xE7, 0x00, 0xDB, 0x82, 0xE7, 0x00, 0xDB, 0x9A, 0xE7, 0x00, 0xDB, 0x81, 0xE7, 0x02, 0xE7, 
	0xE7, 0xE4, 0x8A, 0xE7, 0x00, 0xE4, 0x83, 0xE7, 0x03, 0xE4, 0xE7, 0xE7, 0xE4, 0x84, 0xE7, 0x0A, 
	0xE4, 0xE7, 0xE4, 0xE7, 0xE7, 0xE4, 0xE7, 0xE4, 0xE7, 0xE7, 0xE4, 0x80, 0xE7, 0x00, 0xE4, 0x81, 
	0xE7, 0x00, 0xDB, 0x83, 0xE7, 0x04, 0xE4, 0xE7, 0xE4, 0xE7, 0xE4, 0x87, 0xE7, 0x00, 0xE4, 0x87, 
	0xE7, 0x04, 0xE4, 0xE7, 0xE7, 0xE4, 0xDB, 0x86, 0xE7, 0x00, 0xE4, 0x81, 0xE7, 0x03, 0xDB, 0xE7, 
	0xE7, 0xE4, 0x88, 0xE7, 0x00, 0xE4, 0x81, 0xE7, 0x00, 0xDB, 0x80, 0xE7, 0x05, 0xE4, 0xE7, 0xE4, 
	0xE7, 0xE7, 0xE4, 0x8A, 0xE7, 0x01, 0xE4, 0xDB, 0x8A, 0xE7, 0x06, 0xE4, 0xE7, 0xE7, 0xE4, 0xE7, 
	0xE7, 0xE4, 0x82, 0xE7, 0x00, 0xE4, 0x86, 0xE7, 0x00, 0xE4, 0x98, 0xE7, 0x03, 0xDB, 0xE7, 0xE7, 
	0xDB, 0x83, 0xE7, 0x00, 0xE4, 0x83, 0xE7, 0x00, 0xE4, 0x8A, 0xE7, 0x00, 0xDB, 0x8A, 0xE7, 0x00, 
	0xDB, 0x86, 0xE7, 0x00, 0xDB, 0x91, 0xE7, 0x00, 0xDB, 0x81, 0xE7, 0x00, 0xDB, 0x8C, 0xE7, 0x00, 
	0xDB, 0x84, 0xE7, 0x01, 0xDB, 0xE7, 0x80, 0xE7, 0x0B, 0xE4, 0xE7, 0xE4, 0xE7, 0xE7, 0xE4, 0xE7, 
	0xE4, 0xDB, 0xE7, 0xE7, 0xE4, 0x81, 0xE7, 0x00, 0xE4, 0x85, 0xE7, 0x0A, 0xE4, 0xDB, 0xE4, 0xE7, 
	0xE4, 0xDB, 0xE7, 0xE7, 0xDB, 0xE4, 0xDB, 0x82, 0xE7, 0x01, 0xDB, 0xE4, 0x81, 0xE7, 0x00, 0xE4, 
	0x81, 0xE7, 0x00, 0xE4, 0x98, 0xE7, 0x01, 0xE4, 0xDB, 0x83, 0xE7, 0x08, 0xE4, 0xE7, 0xE7, 0xE4, 
	0xDB, 0xE4, 0xE7, 0xE7, 0xE4, 0x81, 0xE7, 0x00, 0xE4, 0x84, 0xE7, 0x08, 0xE4, 0xDB, 0xE4, 0xE7, 
	0xE7, 0xE4, 0xE7, 0xE7, 0xDB, 0x80, 0xE7, 0x00, 0xE4, 0x84, 0xE7, 0x00, 0xDB, 0x83, 0xE7, 0x00, 
	0xE4, 0xA4, 0xE7, 0x00, 0xE4, 0x82, 0xE7, 0x00, 0xDB, 0x80, 0xE7, 0x00, 0xE4, 0x9F, 0xE7, 0x00, 
	0xDB, 0x83, 0xE7, 0x00, 0xDB, 0x8F, 0xE7, 0x00, 0xDB, 0x92, 0xE7, 0x00, 0xDB, 0x83, 0xE7, 0x00, 
	0xDB, 0x82, 0xE7, 0x00, 0xDB, 0x8D, 0xE7, 0x00, 0xDB, 0x8E, 0xE7, 0x03, 0xE7, 0xE7, 0xE4, 0xDB, 
	0x86, 0xE7, 0x00, 0xDB, 0x91, 0xE7, 0x00, 0xE4, 0x80, 0xE7, 0x03, 0xE4, 0xE7, 0xDB, 0xE4, 0x81, 
	0xE7, 0x02, 0xE4, 0xDB, 0xE4, 0x80, 0xE7, 0x08, 0xE4, 0xE7, 0xDB, 0xE7, 0xE7, 0xDB, 0xE7, 0xE7, 
	0xDB, 0x80, 0xE7, 0x00, 0xDB, 0x9D, 0xE7, 0x07, 0xDB, 0xE7, 0xE7, 0xDB, 0xE4, 0xE7, 0xE7, 0xDB, 
	0x87, 0xE7, 0x00, 0xDB, 0x92, 0xE7, 0x00, 0xDB, 0xC9, 0xE7, 0x00, 0xDB, 0xA5, 0xE7, 0x00, 0xDB, 
	0x82, 0xE7, 0x03, 0xDB, 0xE7, 0xE7, 0xDB, 0xAC, 0xE7, 0x00, 0xDB, 0x84, 0xE7, 0x85, 0xE7, 0x00, 
	0xDB, 0x83, 0xE7, 0x02, 0xDB, 0xE7, 0xDB, 0x8D, 0xE7, 0x00, 0xDB, 0x85, 0xE7, 0x00, 0xE4, 0x9B, 
	0xE7, 0x00, 0xDB, 0x9D, 0xE7, 0x00, 0xDB, 0x8C, 0xE7, 0x00, 0xDB, 0x92, 0xE7, 0x00, 0xDB, 0xFF, 
	0xE7, 0x98, 0xE7, 0x00, 0xE5, 0x8D, 0xE7, 0x90, 0xE7, 0x00, 0xDB, 0x83, 0xE7, 0x00, 0xDB, 0xA5, 
	0xE7, 0x00, 0xDB, 0x8C, 0xE7, 0x00, 0xDB, 0xA9, 0xE7, 0x00, 0xDB, 0xFF, 0xE7, 0xAE, 0xE7, 0x00, 
	0xE5, 0x88, 0xE7, 0xC9, 0xE7, 0x01, 0xDB, 0xE5, 0xD3, 0xE7, 0x00, 0x64, 0x83, 0xE7, 0x00, 0x64, 
	0x86, 0xE7, 0x01, 0x64, 0xED, 0x82, 0xE7, 0x01, 0x64, 0xED, 0xB0, 0xE7, 0x00, 0xE5, 0x96, 0xE7, 
	0x02, 0xE5, 0xE7, 0xE5, 0x89, 0xE7, 0x00, 0xE5, 0x81, 0xE7, 0x00, 0xE5, 0x95, 0xE7, 0x03, 0xE5, 
	0xE7, 0xE7, 0xE5, 0x81, 0xE7, 0xB4, 0xE7, 0x00, 0xED, 0xB7, 0xE7, 0x00, 0xE5, 0x85, 0xE7, 0x00, 
	0xE5, 0x84, 0xE7, 0x00, 0x64, 0x80, 0xE7, 0x00, 0xE5, 0x9D, 0xE7, 0x00, 0xE5, 0x85, 0xE7, 0x00, 
	0x64, 0x82, 0xE7, 0x01, 0x64, 0xED, 0x8F, 0xE7, 0x00, 0xE5, 0x82, 0xE7, 0x00, 0xE5, 0x80, 0xE7, 
	0x06, 0xE5, 0xE7, 0xE7, 0xE5, 0xE7, 0xE7, 0xED, 0x89, 0xE7, 0x00, 0xE5, 0x83, 0xE7, 0x00, 0xE5, 
	0x87, 0xE7, 0x00, 0xE5, 0x8A, 0xE7, 0x00, 0xE5, 0x8A, 0xE7, 0x00, 0xE5, 0x89, 0xE7, 0x11, 0xE5, 
	0xE7, 0xE7, 0xE5, 0xE7, 0xE5, 0xE7, 0xE5, 0xE7, 0xE5, 0xE7, 0xE7, 0xE5, 0xE7, 0xE5, 0xE7, 0xE7, 
	0xE5, 0x88, 0xE7, 0x94, 0xE7, 0x00, 0xE5, 0x8A, 0xE7, 0x00, 0xE5, 0x99, 0xE7, 0x00, 0xE5, 0x86, 
	0xE7, 0x00, 0xE5, 0x8E, 0xE7, 0x00, 0xE5, 0x8C, 0xE7, 0x02, 0xE5, 0xE7, 0xE5, 0x85, 0xE7, 0x03, 
	0xE5, 0xE7, 0xE7, 0xE5, 0x89, 0xE7, 0x01, 0xE5, 0x64, 0x84, 0xE7, 0x00, 0xE5, 0x80, 0xE7, 0x00, 
	0xE5, 0x83, 0xE7, 0x02, 0x64, 0xE7, 0xE5, 0x80, 0xE7, 0x00, 0xE5, 0x87, 0xE7, 0x00, 0xE5, 0x81, 
	0xE7, 0x08, 0xE5, 0xE7, 0xE5, 0xE7, 0xE7, 0xE5, 0xE7, 0xE7, 0xE5, 0x80, 0xE7, 0x07, 0xE5, 0xE7, 
	0xE7, 0xE5, 0xE7, 0xE5, 0xE7, 0xE5, 0x84, 0xE7, 0x00, 0xE5, 0x81, 0xE7, 0x00, 0xE5, 0x84, 0xE7, 
	0x02, 0xDF, 0xDB, 0xDF, 0x85, 0xE7, 0x00, 0xE5, 0x81, 0xE7, 0x00, 0xED, 0x83, 0xE7, 0x00, 0xE5, 
	0x81, 0xE7, 0x10, 0xE5, 0xE7, 0xE5, 0xE7, 0xE7, 0xE5, 0xE7, 0xE7, 0xE5, 0xE7, 0xE7, 0xE5, 0xE7, 
	0xE5, 0xE7, 0xE7, 0xE5, 0x80, 0xE7, 0x00, 0xE5, 0x81, 0xE7, 0x00, 0xE5, 0x80, 0xE7, 0x00, 0xE5, 
	0x81, 0xE7, 0x0C, 0xE5, 0xE7, 0xE7, 0xE5, 0xE7, 0xE7, 0xE5, 0xE5, 0xE7, 0xE5, 0xE7, 0xE7, 0xE5, 
	0x89, 0xE7, 0x06, 0xE5, 0xE7, 0xE7, 0xE5, 0xE5, 0xE7, 0xE5, 0x83, 0xE7, 0x00, 0xE5, 0x96, 0xE7, 
	0x00, 0xE5, 0x82, 0xE7, 0x00, 0xE5, 0x9C, 0xE7, 0x00, 0xE5, 0x85, 0xE7, 0x00, 0xE5, 0x85, 0xE7, 
	0x00, 0xE5, 0x80, 0xE7, 0x00, 0xE5, 0x81, 0xE7, 0x01, 0xE5, 0xE5, 0x83, 0xE7, 0x02, 0xE5, 0xE7, 
	0xE5, 0x81, 0xE7, 0x00, 0xE5, 0x80, 0xE7, 0x00, 0xE5, 0x85, 0xE7, 0x00, 0xE5, 0x84, 0xE7, 0x00, 
	0xE5, 0x81, 0xE7, 0x03, 0xE5, 0xE7, 0xE7, 0xE5, 0x86, 0xE7, 0x00, 0xE5, 0x80, 0xE7, 0x00, 0xE5, 
	0x81, 0xE7, 0x03, 0xE5, 0xE7, 0xE7, 0xE5, 0x85, 0xE7, 0x00, 0xE5, 0x80, 0xE7, 0x08, 0xE5, 0xE7, 
	0xE7, 0xE5, 0xE7, 0xE7, 0xE5, 0xE7, 0xE5, 0x85, 0xE7, 0x06, 0xE5, 0xE7, 0xE7, 0xE5, 0xE7, 0xE7, 
	0xE5, 0x83, 0xE7, 0x05, 0xE5, 0xE7, 0xE5, 0xE7, 0xE7, 0xE5, 0x80, 0xE7, 0x00, 0xE5, 0x82, 0xE7, 
	0x0E, 0xE5, 0xE7, 0xED, 0xDB, 0xD6, 0x46, 0x47, 0xBF, 0x3D, 0xA0, 0xDB, 0xDB, 0xDF, 0xE5, 0xE5, 
	0x83, 0xE7, 0x05, 0xDB, 0xDF, 0xE4, 0xE7, 0xE7, 0xE5, 0x80, 0xE7, 0x03, 0xE5, 0xE7, 0xE5, 0xE5, 
	0x80, 0xE7, 0x05, 0xE5, 0xE7, 0xE7, 0xE5, 0xE7, 0xE5, 0x81, 0xE7, 0x00, 0xE5, 0x81, 0xE7, 0x06, 
	0xE5, 0xE7, 0xE5, 0xE7, 0xE5, 0xE7, 0xE5, 0x81, 0xE7, 0x00, 0xE5, 0x81, 0xE7, 0x02, 0xE5, 0xE7, 
	0xE5, 0x82, 0xE7, 0x09, 0xE5, 0xE7, 0xE7, 0xE5, 0xE7, 0xE7, 0xE5, 0xE7, 0xE5, 0xE7, 0x80, 0xE5, 
	0x10, 0xE7, 0xE5, 0xE7, 0xE5, 0xE7, 0xE7, 0xE5, 0xE7, 0xE5, 0xE7, 0xE5, 0xE7, 0xE5, 0xE7, 0xE5, 
	0xE5, 0xE7, 0x84, 0xE7, 0x00, 0xE5, 0x80, 0xE7, 0x00, 0xE5, 0x82, 0xE7, 0x03, 0xE5, 0xE7, 0xE7, 
	0xE5, 0x83, 0xE7, 0x00, 0xE5, 0x83, 0xE7, 0x03, 0xE5, 0xE7, 0xE7, 0xE5, 0x82, 0xE7, 0x02, 0xDB, 
	0xDB, 0xE4, 0x83, 0xE7, 0x00, 0xE5, 0x80, 0xE7, 0x04, 0xE5, 0xE7, 0xE7, 0xE5, 0xE5, 0x81, 0xE7, 
	0x0A, 0xE5, 0xE7, 0xE7, 0xE5, 0xE7, 0xE5, 0xE7, 0xE5, 0xE7, 0xE7, 0xE5, 0x80, 0xE7, 0x00, 0xE5, 
	0x80, 0xE7, 0x00, 0xE5, 0x80, 0xE7, 0x02, 0xE5, 0xE7, 0xE5, 0x80, 0xE7, 0x03, 0xE5, 0xE7, 0xE7, 
	0xE5, 0x80, 0xE7, 0x03, 0xE5, 0xE7, 0xE7, 0xE5, 0x80, 0xE7, 0x13, 0xE5, 0xE7, 0xE7, 0xE5, 0xE7, 
	0xE5, 0xE7, 0xE5, 0xE5, 0xE7, 0xE5, 0xE7, 0xE7, 0xE5, 0xE7, 0xE5, 0xE7, 0xE5, 0xE7, 0xE5, 0x80, 
	0xE7, 0x03, 0xE5, 0xE7, 0xE7, 0xE5, 0x80, 0xE7, 0x11, 0xE5, 0xE7, 0xE5, 0xE7, 0xE5, 0xE7, 0xE5, 
	0xE7, 0xE7, 0xE5, 0xE7, 0xE7, 0xE5, 0xE7, 0xE5, 0xE7, 0xE7, 0xE5, 0x81, 0xE7, 0x10, 0xE5, 0xE5, 
	0xE7, 0xE7, 0xE5, 0xE7, 0xE7, 0xE5, 0xE7, 0xE5, 0xE7, 0xE5, 0xE7, 0xE7, 0xE5, 0xE7, 0xE5, 0x80, 
	0xE7, 0x27, 0xE5, 0xE7, 0xE5, 0xE7, 0xE7, 0xE5, 0xE7, 0xE5, 0xE7, 0xE5, 0xE7, 0xE7, 0xE5, 0xE7, 
	0xE5, 0xE7, 0xE7, 0xE5, 0xE7, 0xE5, 0xE7, 0xE5, 0xE7, 0xE7, 0xE5, 0xE7, 0xE5, 0xE7, 0xE7, 0xE5, 
	0xE7, 0xE5, 0xE7, 0xE7, 0xE5, 0xE7, 0xE5, 0xDB, 0x91, 0x38, 0x81, 0x37, 0x17, 0x38, 0x47, 0x35, 
	0xC3, 0x9A, 0xDF, 0xDB, 0xE7, 0xE5, 0xE7, 0xDB, 0x7A, 0x4A, 0x6F, 0x4A, 0x9A, 0xDF, 0xE7, 0xE5, 
	0xE7, 0xE5, 0xE7, 0xE7, 0xE5, 0x80, 0xE7, 0x19, 0xED, 0xE7, 0xE5, 0xE7, 0xE5, 0xE7, 0xE7, 0xE5, 
	0xE7, 0xE5, 0xE7, 0xE5, 0xE7, 0xE5, 0xE7, 0xE5, 0xE7, 0xE5, 0xE7, 0xE5, 0xE7, 0xE7, 0xE5, 0xE7, 
	0xE7, 0xE5, 0x81, 0xE7, 0x0B, 0xE5, 0xE7, 0xE5, 0xE7, 0xE5, 0xE7, 0xE5, 0xE7, 0xE5, 0xE5, 0xE7, 
	0xE5, 0x80, 0xE7, 0x04, 0xE5, 0xE7, 0xE5, 0xE7, 0xE5, 0x80, 0xE7, 0x10, 0xE5, 0xE7, 0xE5, 0xE7, 
	0xE5, 0xE7, 0xE7, 0xE5, 0xE7, 0xE5, 0xE7, 0xE5, 0xE5, 0xE7, 0xE5, 0xE7, 0xE7, 0x03, 0xE7, 0xE5, 
	0xE7, 0xE5, 0x80, 0xE7, 0x00, 0xE5, 0x81, 0xE7, 0x03, 0xE5, 0xE7, 0xE7, 0xE5, 0x80, 0xE7, 0x1B, 
	0xE5, 0xE7, 0xE7, 0xE5, 0xE7, 0xE7, 0xE5, 0xE7, 0xE5, 0xE7, 0xE5, 0xE7, 0xE7, 0xE5, 0xE7, 0xE7, 
	0xE5, 0xE7, 0xE7, 0xE5, 0xE7, 0xED, 0xDB, 0x98, 0x91, 0x91, 0x7A, 0x71, 0x80, 0xCF, 0x07, 0xDB, 
	0xCF, 0xE1, 0x56, 0xCF, 0xE7, 0xE7, 0xE5, 0x83, 0xE7, 0x04, 0xE5, 0xE7, 0xE5, 0xE7, 0xE5, 0x80, 
	0xE7, 0x00, 0xE5, 0x80, 0xE7, 0x0B, 0xE5, 0xE7, 0xE5, 0xE7, 0xE5, 0xE7, 0xE5, 0xE7, 0xE5, 0xE5, 
	0xE7, 0xE5, 0x80, 0xE7, 0x00, 0xE5, 0x80, 0xE7, 0x0D, 0xE5, 0xE5, 0xE7, 0xE5, 0xE7, 0xE5, 0xE7, 
	0xE5, 0xE7, 0xE5, 0xE7, 0xE5, 0xE7, 0xE5, 0x80, 0xE7, 0x00, 0xE5, 0x81, 0xE7, 0x02, 0xE5, 0xE7, 
	0xE5, 0x81, 0xE7, 0x0D, 0xE5, 0xE7, 0xE7, 0xE5, 0xE7, 0xE5, 0xE7, 0xE5, 0xE7, 0xE5, 0xE7, 0xE5, 
	0xE7, 0xE5, 0x80, 0xE7, 0x0B, 0xE5, 0xE7, 0xE5, 0xE7, 0xE7, 0xE5, 0xE7, 0xE5, 0xE7, 0xE5, 0xE7, 
	0xE5, 0x80, 0xE7, 0x0B, 0xE5, 0xE7, 0xE5, 0xE7, 0xE5, 0xE7, 0xE5, 0xE7, 0xE7, 0xE5, 0xE7, 0xE5, 
	0x80, 0xE7, 0x18, 0xE5, 0xE7, 0xE5, 0xE7, 0xE5, 0xE7, 0xE7, 0xE5, 0xE5, 0xE7, 0xE5, 0xE7, 0xE5, 
	0xE7, 0xE5, 0xE7, 0xE5, 0xE7, 0xE7, 0xE5, 0xE7, 0xE7, 0xE5, 0xE7, 0xE5, 0x82, 0xE7, 0x15, 0xE5, 
	0xE5, 0xE7, 0xE7, 0xE5, 0xE7, 0xE5, 0xE7, 0xE5, 0xE7, 0xE5, 0xE7, 0xE5, 0xE7, 0xE7, 0xDB, 0x39, 
	0x37, 0x46, 0x40, 0x47, 0x38, 0x81, 0x37, 0x06, 0x36, 0x46, 0x72, 0xA0, 0xE1, 0x7A, 0x46, 0x81, 
	0x37, 0x43, 0x36, 0x3E, 0x98, 0xDF, 0xF0, 0xE5, 0xE5, 0xE7, 0xDF, 0xDB, 0x7A, 0x7A, 0xDB, 0xE5, 
	0xE7, 0xE5, 0xE7, 0xE5, 0xE7, 0xE5, 0xE7, 0xE5, 0xE7, 0xE5, 0xE7, 0xE5, 0xE7, 0xE5, 0xE5, 0xE7, 
	0xE5, 0xE7, 0xE5, 0xE7, 0xE5, 0xE5, 0xE7, 0xE5, 0xE7, 0xE5, 0xE5, 0xE7, 0xE5, 0xE7, 0xE5, 0xE7, 
	0xE5, 0xE7, 0xE5, 0xE7, 0xE5, 0xE7, 0xE5, 0xE5, 0xE7, 0xE5, 0xE5, 0xE7, 0xE5, 0xE7, 0xE5, 0xE5, 
	0xE7, 0xE5, 0xE5, 0xE7, 0xE5, 0xE7, 0x81, 0xE5, 0x09, 0xE7, 0xE5, 0xE7, 0xE5, 0xE5, 0xE7, 0xE5, 
	0xE7, 0xE5, 0xE5, 0x01, 0xE5, 0xE5, 0x80, 0xE7, 0x00, 0xE5, 0x80, 0xE7, 0x80, 0xE5, 0x0E, 0xE7, 
	0xE5, 0xE5, 0xE7, 0xE5, 0xE5, 0xE7, 0xE7, 0xE5, 0xE7, 0xE5, 0xE7, 0xE5, 0xE7, 0xE5, 0x80, 0xE7, 
	0x00, 0xE5, 0x81, 0xE7, 0x16, 0xE5, 0xE7, 0xE5, 0xE7, 0xE7, 0xDB, 0x71, 0x89, 0x46, 0x6F, 0x91, 
	0x7A, 0x56, 0x44, 0x44, 0x5F, 0x56, 0xCF, 0xDB, 0xE7, 0xE5, 0xE7, 0xE7, 0x80, 0xE5, 0x01, 0xE7, 
	0xE5, 0x80, 0xE7, 0x0D, 0xE5, 0xE7, 0xE7, 0xE5, 0xE7, 0xE5, 0xE7, 0xE5, 0xE7, 0xE5, 0xE7, 0xE5, 
	0xE7, 0xE5, 0x83, 0xE7, 0x0D, 0xE5, 0xE7, 0xE5, 0xE7, 0xE5, 0xE7, 0xE5, 0xE7, 0xE7, 0xE5, 0xE7, 
	0xE7, 0xE5, 0xE5, 0x80, 0xE7, 0x02, 0xE5, 0xE7, 0xE5, 0x80, 0xE7, 0x0D, 0xE5, 0xE7, 0xE5, 0xE7, 
	0xE7, 0xE5, 0xE7, 0xE5, 0xE7, 0xE7, 0xE5, 0xE7, 0xE5, 0xE7, 0x80, 0xE5, 0x30, 0xE7, 0xE5, 0xE7, 
	0xE5, 0xE7, 0xE5, 0xE7, 0xE7, 0xE5, 0xE7, 0xE7, 0xE5, 0xE7, 0xE5, 0xE7, 0xE5, 0xE5, 0xE7, 0xE5, 
	0xE5, 0xE7, 0xE5, 0xE5, 0xE7, 0xE5, 0xE7, 0xE7, 0xE5, 0xE7, 0xE5, 0xE5, 0xE7, 0xE5, 0xE5, 0xE7, 
	0xE5, 0xE7, 0xE5, 0xE5, 0xE7, 0xE5, 0xE7, 0xE5, 0xE7, 0xE5, 0xE5, 0xE7, 0xE5, 0xE7, 0x81, 0xE5, 
	0x11, 0xE7, 0xE5, 0xE7, 0xE5, 0xE7, 0xE5, 0xE7, 0xE5, 0xE7, 0xE5, 0xE7, 0xE5, 0xED, 0xE5, 0xE7, 
	0xE5, 0xE5, 0xE7, 0x82, 0xE5, 0x16, 0xE7, 0xE5, 0xE5, 0xE7, 0xE5, 0xE7, 0xE5, 0xE7, 0xE5, 0xE7, 
	0xE5, 0xE5, 0xE7, 0xE7, 0x3D, 0x37, 0x3E, 0x31, 0x47, 0x3A, 0x49, 0x32, 0x7F, 0x82, 0x37, 0x05, 
	0x38, 0x40, 0x3E, 0x32, 0x4D, 0x39, 0x81, 0x37, 0x2D, 0x38, 0x4D, 0xDB, 0xDB, 0xE1, 0x4F, 0x35, 
	0x39, 0x38, 0x37, 0x79, 0xDB, 0xED, 0xF0, 0xE5, 0xE5, 0xE7, 0xE5, 0xE5, 0xE7, 0xE7, 0xE5, 0xE5, 
	0xE7, 0xE5, 0xE7, 0xE5, 0xE7, 0xE5, 0xE7, 0xE5, 0xE7, 0xE5, 0xE7, 0xE5, 0xE5, 0xE7, 0xE5, 0xE7, 
	0xE7, 0xE5, 0xE5, 0xE7, 0xE5, 0xE7, 0xE7, 0x80, 0xE5, 0x02, 0xE7, 0xE5, 0xE7, 0x80, 0xE5, 0x12, 
	0xED, 0xE5, 0xE7, 0xE5, 0xE7, 0xE5, 0xE7, 0xE5, 0xE7, 0xE5, 0xE7, 0xE7, 0xE5, 0xE5, 0xE7, 0xE5, 
	0xE7, 0xE5, 0xE7, 0x80, 0xE5, 0x02, 0xE7, 0xE5, 0xE7, 0x0F, 0xE7, 0xE5, 0xE7, 0xE5, 0xE7, 0xE5, 
	0xE7, 0xE5, 0xE7, 0xE5, 0xE7, 0xE7, 0xE5, 0xE7, 0xE7, 0xE5, 0x80, 0xE7, 0x08, 0xE5, 0xE7, 0xE5, 
	0xE7, 0xE7, 0xE5, 0xE7, 0xE5, 0xE7, 0x80, 0xE5, 0x00, 0xED, 0x81, 0xDB, 0x14, 0xE7, 0xE7, 0xE5, 
	0xE7, 0xDB, 0x72, 0x84, 0x75, 0x61, 0xDB, 0xE7, 0xE7, 0xDB, 0xE7, 0xE7, 0xE5, 0xE7, 0xE5, 0xE7, 
	0xE7, 0xE5, 0x80, 0xE7, 0x13, 0xE5, 0xE7, 0xE5, 0xED, 0xE5, 0xE5, 0xE7, 0xE5, 0xE5, 0xE7, 0xE5, 
	0xE5, 0xE7, 0xE5, 0xE7, 0xE5, 0xE7, 0xE5, 0xE5, 0xE7, 0x80, 0xE5, 0x03, 0xE7, 0xE5, 0xE5, 0xE7, 
	0x80, 0xE5, 0x08, 0xE7, 0xE5, 0xE7, 0xE5, 0xE5, 0xE7, 0xE5, 0xE5, 0xE7, 0x81, 0xE5, 0x01, 0xE7, 
	0xE7, 0x80, 0xE5, 0x0E, 0xE7, 0xE5, 0xE7, 0xE5, 0xE5, 0xE7, 0xE5, 0xE5, 0xE7, 0xE5, 0xE5, 0xE7, 
	0xE5, 0xE5, 0xED, 0x80, 0xE7, 0x05, 0xE5, 0xE7, 0xE5, 0xE7, 0xE5, 0xE7, 0x81, 0xE5, 0x00, 0xE7, 
	0x80, 0xE5, 0x0C, 0xE7, 0xE5, 0xE7, 0xE7, 0xE5, 0xE7, 0xE5, 0xE5, 0xE7, 0xE5, 0xE7, 0xE5, 0xE7, 
	0x80, 0xE5, 0x07, 0xE7, 0xE5, 0xE7, 0xE5, 0xE7, 0xE5, 0xE5, 0xE7, 0x82, 0xE5, 0x14, 0xE7, 0xE5, 
	0xE7, 0xE5, 0xE7, 0xE5, 0xE7, 0xE7, 0xE5, 0xE7, 0xE5, 0xE5, 0xE7, 0xE5, 0xE5, 0xE7, 0xE5, 0xE5, 
	0xE7, 0xE5, 0xE7, 0x82, 0xE5, 0x09, 0xE7, 0xE5, 0xE5, 0xE7, 0xE5, 0xE7, 0xE7, 0xE5, 0xE7, 0xE7, 
	0x80, 0xE5, 0x00, 0xE7, 0x81, 0xE5, 0x06, 0xE7, 0xE5, 0xDF, 0x3A, 0x37, 0x40, 0x36, 0x80, 0x37, 
	0x03, 0x47, 0x49, 0x3D, 0x47, 0x83, 0x37, 0x05, 0x36, 0x79, 0x33, 0x49, 0x32, 0x3E, 0x80, 0x55, 
	0x03, 0x2F, 0x48, 0x46, 0x38, 0x81, 0x37, 0x0D, 0x47, 0xCF, 0xDB, 0x7C, 0xDB, 0xF0, 0xE5, 0xE5, 
	0xE7, 0xE5, 0xE5, 0xE7, 0xE5, 0xE7, 0x81, 0xE5, 0x00, 0xE7, 0x82, 0xE5, 0x00, 0xE7, 0x80, 0xE5, 
	0x00, 0xE7, 0x82, 0xE5, 0x04, 0xE7, 0xE5, 0xE5, 0xE7, 0xE7, 0x81, 0xE5, 0x00, 0xE7, 0x81, 0xE5, 
	0x05, 0xE7, 0xE5, 0xED, 0xE5, 0xE5, 0xE7, 0x80, 0xE5, 0x00, 0xE7, 0x82, 0xE5, 0x00, 0xE7, 0x83, 
	0xE5, 0x0F, 0xE5, 0xE7, 0xE5, 0xE7, 0xE5, 0xE7, 0xE5, 0xE7, 0xE5, 0xE7, 0xE5, 0xE5, 0xED, 0xE7, 
	0xE5, 0xE7, 0x81, 0xE5, 0x00, 0xE7, 0x81, 0xE5, 0x00, 0xE7, 0x80, 0xE5, 0x16, 0xE7, 0xE7, 0xCF, 
	0x6D, 0x4D, 0x8A, 0x7A, 0x61, 0xE4, 0xE7, 0xE7, 0x9A, 0x89, 0x6F, 0x7A, 0xDB, 0xED, 0xE7, 0xE5, 
	0xED, 0xE5, 0xE7, 0xED, 0x81, 0xE5, 0x0B, 0xE7, 0xE5, 0xE5, 0xE7, 0xE5, 0xE5, 0xE7, 0xE5, 0xE7, 
	0xE5, 0xE5, 0xE7, 0x80, 0xE5, 0x09, 0xE7, 0xE5, 0xE7, 0xE5, 0xE7, 0xE5, 0xE5, 0xE7, 0xE5, 0xE7, 
	0x81, 0xE5, 0x03, 0xE7, 0xE5, 0xE5, 0xE7, 0x80, 0xE5, 0x06, 0xE7, 0xE5, 0xE7, 0xE5, 0xE7, 0xE5, 
	0xE7, 0x80, 0xE5, 0x04, 0xE7, 0xE5, 0xE7, 0xE5, 0xE7, 0x80, 0xE5, 0x05, 0xED, 0xE5, 0xE7, 0xE5, 
	0xE5, 0xE7, 0x80, 0xE5, 0x04, 0xE7, 0xE5, 0xE7, 0xE5, 0xE7, 0x80, 0xE5, 0x00, 0xE7, 0x80, 0xE5, 
	0x09, 0xE7, 0xE5, 0xE7, 0xE5, 0xE7, 0xE5, 0xE5, 0xE7, 0xE5, 0xE7, 0x82, 0xE5, 0x02, 0xE7, 0xE5, 
	0xE7, 0x81, 0xE5, 0x02, 0xE7, 0xE5, 0xE7, 0x81, 0xE5, 0x16, 0xE7, 0xE5, 0xE5, 0xE7, 0xE7, 0xE5, 
	0xE7, 0xE7, 0xE5, 0xE7, 0xE5, 0xE5, 0xE7, 0xE5, 0xE5, 0xED, 0xE5, 0xE7, 0xE5, 0xE7, 0xE5, 0xE5, 
	0xE7, 0x80, 0xE5, 0x0D, 0xE7, 0xE5, 0xE7, 0xE5, 0xE5, 0xE7, 0xE5, 0xE7, 0xE5, 0xE5, 0xE7, 0xE5, 
	0xE5, 0xED, 0x83, 0xE5, 0x0A, 0xED, 0xE7, 0xE5, 0xE5, 0xE7, 0xE5, 0xE7, 0xE5, 0xED, 0xDB, 0x84, 
	0x80, 0x37, 0x08, 0x38, 0x40, 0x45, 0x36, 0x38, 0x7F, 0x72, 0x49, 0x47, 0x84, 0x37, 0x06, 0x38, 
	0x39, 0x47, 0x46, 0x46, 0x47, 0x36, 0x83, 0x37, 0x06, 0x36, 0x2F, 0x00, 0x28, 0x56, 0xCF, 0xDB, 
	0x89, 0xE5, 0x00, 0xE7, 0x80, 0xE5, 0x0B, 0xED, 0xE5, 0xF0, 0xDB, 0xDB, 0xF0, 0xE5, 0xE5, 0xED, 
	0xE5, 0xE5, 0xE7, 0x83, 0xE5, 0x00, 0xE7, 0x81, 0xE5, 0x00, 0xED, 0x90, 0xE5, 0x04, 0xED, 0xE7, 
	0xE5, 0xE7, 0xE5, 0x01, 0xE5, 0xE7, 0x82, 0xE5, 0x03, 0xE7, 0xE5, 0xE5, 0xE7, 0x81, 0xE5, 0x09, 
	0xE7, 0xE5, 0xE5, 0xE7, 0xE7, 0xE5, 0xE5, 0xE7, 0xE5, 0xE7, 0x80, 0xE5, 0x1D, 0xE7, 0xDB, 0x60, 
	0x8A, 0x46, 0x7D, 0x75, 0x89, 0x4D, 0x91, 0xD4, 0xCF, 0x8A, 0x6F, 0x73, 0x43, 0xEA, 0x61, 0xED, 
	0xE7, 0xE5, 0xED, 0xE5, 0xE7, 0xE5, 0xE7, 0xE5, 0xE7, 0xE5, 0xE7, 0x80, 0xE5, 0x0A, 0xE7, 0xF0, 
	0xE7, 0xE5, 0xED, 0xE7, 0xE5, 0xE5, 0xE7, 0xE5, 0xE7, 0x82, 0xE5, 0x00, 0xE7, 0x83, 0xE5, 0x06, 
	0xE7, 0xE5, 0xE5, 0xE7, 0xE5, 0xE7, 0xE7, 0x80, 0xE5, 0x00, 0xED, 0x81, 0xE5, 0x03, 0xE7, 0xE7, 
	0xE5, 0xED, 0x81, 0xE5, 0x00, 0xE7, 0x80, 0xE5, 0x00, 0xE7, 0x81, 0xE5, 0x02, 0xE7, 0xE5, 0xE7, 
	0x83, 0xE5, 0x00, 0xE7, 0x80, 0xE5, 0x00, 0xE7, 0x81, 0xE5, 0x02, 0xE7, 0xE5, 0xE7, 0x82, 0xE5, 
	0x03, 0xE7, 0xE5, 0xE5, 0xE7, 0x81, 0xE5, 0x0B, 0xE7, 0xE5, 0xED, 0xE5, 0xE5, 0xED, 0xE5, 0xE5, 
	0xE7, 0xE5, 0xE5, 0xE7, 0x83, 0xE5, 0x00, 0xED, 0x88, 0xE5, 0x00, 0xE7, 0x80, 0xE5, 0x01, 0xED, 
	0xE7, 0x84, 0xE5, 0x03, 0xE7, 0xE5, 0xE7, 0xF0, 0x8F, 0xE5, 0x01, 0xDB, 0x47, 0x80, 0x37, 0x0A, 
	0x4D, 0xA7, 0xBE, 0xFB, 0x29, 0x36, 0x37, 0x39, 0x4D, 0x32, 0x47, 0x8E, 0x37, 0x04, 0x39, 0x2A, 
	0x00, 0x56, 0xE7, 0x81, 0xE5, 0x00, 0xE7, 0x86, 0xE5, 0x00, 0xF0, 0x83, 0xE5, 0x03, 0xDB, 0x2E, 
	0x4F, 0xDB, 0x80, 0xE5, 0x01, 0xF0, 0xED, 0x8C, 0xE5, 0x00, 0xED, 0x82, 0xE5, 0x00, 0xED, 0x80, 
	0xE5, 0x00, 0xED, 0x88, 0xE5, 0x08, 0xE5, 0xE7, 0xED, 0xE5, 0xE7, 0xE5, 0xED, 0xE5, 0xE7, 0x80, 
	0xE5, 0x09, 0xE7, 0xE5, 0xE7, 0xE5, 0xE7, 0xE5, 0xE7, 0xE5, 0xE5, 0xE7, 0x81, 0xE5, 0x13, 0xE7, 
	0xDB, 0xCF, 0x91, 0x3E, 0x75, 0x91, 0xCF, 0xCF, 0x71, 0x8A, 0x79, 0x6F, 0x91, 0x72, 0x89, 0x62, 
	0x5F, 0xDB, 0xDB, 0x80, 0xE5, 0x00, 0xE7, 0x88, 0xE5, 0x00, 0xE7, 0x81, 0xE5, 0x00, 0xE7, 0x84, 
	0xE5, 0x03, 0xE7, 0xE5, 0xE5, 0xED, 0x80, 0xE5, 0x00, 0xE7, 0x82, 0xE5, 0x00, 0xED, 0x84, 0xE5, 
	0x00, 0xED, 0x85, 0xE5, 0x00, 0xED, 0x85, 0xE5, 0x04, 0xED, 0xE5, 0xE7, 0xF0, 0xED, 0x8A, 0xE5, 
	0x00, 0xED, 0x8B, 0xE5, 0x00, 0xED, 0x86, 0xE5, 0x01, 0xE7, 0xF0, 0x90, 0xE5, 0x00, 0xE7, 0x89, 
	0xE5, 0x01, 0xE7, 0xF0, 0x88, 0xE5, 0x05, 0xED, 0xE7, 0xE5, 0xF0, 0xE5, 0xED, 0x83, 0xE5, 0x01, 
	0xDB, 0x7F, 0x80, 0x37, 0x0C, 0x39, 0xBC, 0xAF, 0xAD, 0xBA, 0x36, 0x37, 0x37, 0x40, 0x3A, 0x35, 
	0x3E, 0x47, 0x8B, 0x37, 0x0A, 0x46, 0x20, 0x00, 0x2B, 0xDB, 0xA0, 0xDB, 0xA0, 0xA0, 0xE7, 0xF0, 
	0x85, 0xE5, 0x02, 0xE7, 0xDB, 0xF0, 0x80, 0xE5, 0x06, 0xF0, 0xE5, 0xD4, 0x72, 0x4D, 0x48, 0xA0, 
	0x85, 0xE5, 0x00, 0xF0, 0x81, 0xE5, 0x00, 0xF0, 0x82, 0xE5, 0x00, 0xF0, 0x85, 0xE5, 0x00, 0xF0, 
	0x80, 0xE5, 0x00, 0xED, 0x85, 0xE5, 0x91, 0xE5, 0x19, 0xED, 0xE5, 0xED, 0xE7, 0xE7, 0xDB, 0xCF, 
	0x44, 0x00, 0x9A, 0x9A, 0xDB, 0xDB, 0xED, 0xE7, 0xDB, 0x56, 0x2D, 0x75, 0x89, 0x6F, 0x4A, 0x6C, 
	0xDB, 0xF0, 0xED, 0x84, 0xE5, 0x00, 0xED, 0x80, 0xE5, 0x00, 0xED, 0x87, 0xE5, 0x03, 0xED, 0xE5, 
	0xE5, 0xED, 0x8D, 0xE5, 0x01, 0xF0, 0xED, 0x83, 0xE5, 0x00, 0xF0, 0x8E, 0xE5, 0x00, 0xF0, 0x84, 
	0xE5, 0x00, 0xED, 0x80, 0xE5, 0x03, 0xED, 0xE5, 0xE5, 0xED, 0x80, 0xE5, 0x07, 0xED, 0xE5, 0xE5, 
	0xED, 0xE5, 0xE7, 0xE5, 0xED, 0x80, 0xE5, 0x04, 0xED, 0xF0, 0xE5, 0xF0, 0xED, 0x86, 0xE5, 0x07, 
	0xED, 0xE5, 0xE5, 0xED, 0xE5, 0xF0, 0xED, 0xF0, 0x83, 0xE5, 0x08, 0xED, 0xE5, 0xE5, 0xE7, 0xF0, 
	0xE5, 0xF0, 0xE5, 0xED, 0x80, 0xE5, 0x04, 0xF0, 0xE5, 0xED, 0xE5, 0xED, 0x80, 0xE5, 0x04, 0xED, 
	0xF0, 0xE5, 0xE5, 0xE7, 0x82, 0xE5, 0x00, 0xF0, 0x82, 0xE5, 0x08, 0xF0, 0xE5, 0xE5, 0xF0, 0xED, 
	0xE5, 0xF0, 0xDF, 0x46, 0x81, 0x37, 0x0D, 0xBC, 0xAD, 0xFA, 0xF9, 0x37, 0x37, 0x38, 0xBC, 0xAC, 
	0x47, 0x47, 0x34, 0x4F, 0x40, 0x87, 0x37, 0x0F, 0x38, 0x3E, 0x42, 0x00, 0x3F, 0x28, 0x56, 0x41, 
	0x41, 0x28, 0x5F, 0x56, 0xDB, 0xE5, 0xE5, 0xF0, 0x82, 0xE5, 0x02, 0xE7, 0x73, 0xA0, 0x82, 0xE5, 
	0x00, 0x98, 0x80, 0x3E, 0x09, 0x2D, 0xE7, 0xE5, 0xE5, 0xF0, 0xE5, 0xE5, 0xF0, 0xE5, 0xF0, 0x85, 
	0xE5, 0x00, 0xF0, 0x8B, 0xE5, 0x02, 0xF0, 0xE5, 0xF0, 0x80, 0xE5, 0x02, 0xF0, 0xE5, 0xE5, 0x00, 
	0xF0, 0x86, 0xE5, 0x00, 0xED, 0x80, 0xE5, 0x04, 0xE7, 0xE5, 0xE5, 0xF0, 0xED, 0x80, 0xE5, 0x0D, 
	0xF0, 0x61, 0xF8, 0x5F, 0x56, 0xCF, 0xDB, 0xDB, 0xE5, 0xE5, 0xF0, 0x64, 0x56, 0xCF, 0x80, 0x61, 
	0x03, 0x91, 0x9A, 0xDB, 0xE7, 0x84, 0xE5, 0x00, 0xF0, 0x82, 0xE5, 0x00, 0xF0, 0x80, 0xE5, 0x00, 
	0xF0, 0x81, 0xE5, 0x00, 0xF0, 0x95, 0xE5, 0x02, 0xF0, 0xE5, 0xED, 0x84, 0xE5, 0x00, 0xED, 0x80, 
	0xE5, 0x05, 0xED, 0xF0, 0xED, 0xF0, 0xED, 0xF0, 0x89, 0xE5, 0x00, 0xF0, 0x80, 0xE5, 0x01, 0xF0, 
	0xED, 0x85, 0xE5, 0x02, 0xF0, 0xE5, 0xF0, 0x87, 0xE5, 0x04, 0xF0, 0xED, 0xE5, 0xE5, 0xF0, 0x8A, 
	0xE5, 0x00, 0xF0, 0x82, 0xE5, 0x02, 0xF0, 0xF0, 0xED, 0x81, 0xE5, 0x03, 0xF0, 0xE5, 0xE5, 0xED, 
	0x81, 0xE5, 0x00, 0xF0, 0x84, 0xE5, 0x03, 0xF0, 0xED, 0xE5, 0xF0, 0x82, 0xE5, 0x03, 0xED, 0xE5, 
	0xF0, 0xE7, 0x81, 0xE5, 0x03, 0xF0, 0xED, 0xDB, 0x6F, 0x81, 0x37, 0x11, 0x55, 0x32, 0xF9, 0xBE, 
	0x3A, 0x37, 0x37, 0x29, 0xB0, 0x9F, 0x59, 0x2B, 0x00, 0x00, 0x2C, 0x3E, 0x47, 0x38, 0x81, 0x37, 
	0x0E, 0x38, 0x3A, 0x2F, 0x00, 0x41, 0x3F, 0x42, 0x3F, 0x41, 0x73, 0xDB, 0xA0, 0xDB, 0xA0, 0xDB, 
	0x83, 0xE5, 0x0F, 0xF0, 0xF0, 0xE5, 0x2D, 0x49, 0x7A, 0x61, 0xF0, 0xF0, 0xE5, 0xA0, 0x4A, 0x3E, 
	0x3E, 0x3D, 0xA0, 0x81, 0xE5, 0x0C, 0xDB, 0xE5, 0xF0, 0xE5, 0xE5, 0xF0, 0xF0, 0xE5, 0xE5, 0xF0, 
	0xE5, 0xE5, 0xF0, 0x80, 0xE5, 0x0E, 0xF0, 0xE5, 0xF0, 0xF0, 0xE5, 0xF0, 0xF0, 0xE5, 0xF0, 0xE5, 
	0xF0, 0xE5, 0xF0, 0xE5, 0xF0, 0x82, 0xE5, 0x84, 0xE5, 0x08, 0xF0, 0xE5, 0xF0, 0xE5, 0xF0, 0xED, 
	0xF0, 0xF0, 0xED, 0x81, 0xE5, 0x00, 0xF0, 0x80, 0xE5, 0x03, 0xE7, 0xE7, 0xE5, 0xF0, 0x80, 0xE5, 
	0x0A, 0xF0, 0xE5, 0xDB, 0xDB, 0xE5, 0xF0, 0xE5, 0xE5, 0xE7, 0xE7, 0xF0, 0x82, 0xE5, 0x01, 0xED, 
	0xF0, 0x81, 0xE5, 0x0B, 0xF0, 0xE5, 0xE5, 0xED, 0xF0, 0xE5, 0xED, 0xF0, 0xED, 0xF0, 0xE5, 0xED, 
	0x81, 0xE5, 0x00, 0xF0, 0x81, 0xE5, 0x03, 0xF0, 0xE5, 0xF0, 0xED, 0x80, 0xE5, 0x05, 0xF0, 0xED, 
	0xE5, 0xE5, 0xF0, 0xED, 0x83, 0xE5, 0x09, 0xF0, 0xE5, 0xE5, 0xF0, 0xED, 0xE5, 0xF0, 0xE5, 0xE5, 
	0xF0, 0x84, 0xE5, 0x05, 0xF0, 0xED, 0xE5, 0xF0, 0xE5, 0xF0, 0x80, 0xE5, 0x00, 0xF0, 0x82, 0xE5, 
	0x00, 0xF0, 0x80, 0xE5, 0x00, 0xF0, 0x80, 0xE5, 0x00, 0xF0, 0x83, 0xE5, 0x06, 0xF0, 0xE5, 0xE5, 
	0xF0, 0xE5, 0xE5, 0xF0, 0x84, 0xE5, 0x00, 0xF0, 0x80, 0xE5, 0x05, 0xF0, 0xE5, 0xF0, 0xE5, 0xE5, 
	0xF0, 0x83, 0xE5, 0x06, 0xF0, 0xE5, 0xE5, 0xF0, 0xE5, 0xE5, 0xF0, 0x81, 0xE5, 0x0C, 0xF0, 0xE5, 
	0xF0, 0xF0, 0xE5, 0xE5, 0xF0, 0xE5, 0xF0, 0xE5, 0xF0, 0xE5, 0xE5, 0x80, 0xF0, 0x09, 0xE5, 0xF0, 
	0xE5, 0xF0, 0xE5, 0xF0, 0xE5, 0xE5, 0xF0, 0xE5, 0x80, 0xF0, 0x06, 0xE5, 0xF0, 0xE5, 0xE5, 0xF0, 
	0xE7, 0x99, 0x83, 0x37, 0x0A, 0x38, 0xB8, 0xA5, 0x40, 0x3E, 0x16, 0xA6, 0x57, 0x43, 0x41, 0x3F, 
	0x81, 0x00, 0x11, 0x2A, 0x4F, 0x49, 0x49, 0x4F, 0x2A, 0x00, 0x00, 0x3F, 0x3F, 0x42, 0x3F, 0x42, 
	0x28, 0xA0, 0xED, 0xEC, 0xE5, 0x80, 0xF0, 0x02, 0xE5, 0xF0, 0xE5, 0x80, 0xF0, 0x16, 0xE5, 0xE7, 
	0x48, 0x4D, 0x3E, 0x2F, 0xDB, 0xF0, 0xE5, 0xA0, 0x72, 0x3E, 0x4D, 0x4A, 0x98, 0xED, 0xF0, 0xF0, 
	0xA0, 0x2C, 0xA0, 0xE5, 0xE5, 0x80, 0xF0, 0x04, 0xE5, 0xF0, 0xE5, 0xF0, 0xE5, 0x80, 0xF0, 0x00, 
	0xE5, 0x80, 0xF0, 0x0C, 0xED, 0xF0, 0xF0, 0xE5, 0xF0, 0xF0, 0xE5, 0xF0, 0xF0, 0xE5, 0xED, 0xF0, 
	0xE5, 0x80, 0xF0, 0x00, 0xE5, 0x01, 0xE5, 0xF0, 0x8B, 0xE5, 0x02, 0xF0, 0xE5, 0xF0, 0x82, 0xE5, 
	0x00, 0xF0, 0x80, 0xE5, 0x13, 0xF0, 0xE5, 0xF0, 0xE5, 0xE5, 0xF0, 0xF0, 0xED, 0xF0, 0xE5, 0xF0, 
	0xED, 0xF0, 0xE5, 0xF0, 0xE5, 0xF0, 0xF0, 0xE5, 0xF0, 0x8A, 0xE5, 0x0B, 0xF0, 0xE5, 0xE5, 0xF0, 
	0xE5, 0xE5, 0xF0, 0xED, 0xE5, 0xF0, 0xED, 0xF0, 0x82, 0xE5, 0x03, 0xF0, 0xE5, 0xE5, 0xF0, 0x80, 
	0xE5, 0x04, 0xF0, 0xE5, 0xF0, 0xE5, 0xF0, 0x84, 0xE5, 0x11, 0xF0, 0xE5, 0xF0, 0xE5, 0xF0, 0xE5, 
	0xE5, 0xF0, 0xE5, 0xE5, 0xF0, 0xE5, 0xF0, 0xE5, 0xE5, 0xF0, 0xE5, 0xED, 0x81, 0xE5, 0x07, 0xF0, 
	0xED, 0xE5, 0xF0, 0xED, 0xE5, 0xF0, 0xF0, 0x81, 0xE5, 0x25, 0xF0, 0xE5, 0xF0, 0xF0, 0xE5, 0xE5, 
	0xF0, 0xE5, 0xF0, 0xE5, 0xF0, 0xE5, 0xF0, 0xF0, 0xE5, 0xE5, 0xF0, 0xF0, 0xE5, 0xF0, 0xE5, 0xF0, 
	0xE5, 0xE5, 0xF0, 0xF0, 0xE5, 0xF0, 0xF0, 0xE5, 0xE5, 0xF0, 0xE5, 0xE5, 0xF0, 0xF0, 0xE5, 0xE5, 
	0x80, 0xF0, 0x05, 0xE5, 0xF0, 0xE5, 0xE5, 0xF0, 0xED, 0x80, 0xF0, 0x81, 0xE5, 0x09, 0xF0, 0xF0, 
	0xE5, 0xF0, 0xF0, 0xE5, 0xE5, 0xF0, 0xF0, 0xED, 0x81, 0xE5, 0x0A, 0xF0, 0xE5, 0xF0, 0xE5, 0xF0, 
	0xE5, 0xF0, 0xE5, 0xF0, 0xE5, 0xE5, 0x80, 0xF0, 0x04, 0xE5, 0xF0, 0xF0, 0x60, 0x39, 0x83, 0x37, 
	0x0E, 0x36, 0xAC, 0xA7, 0x00, 0xC2, 0xB0, 0x57, 0x3F, 0x42, 0x00, 0x4F, 0x2E, 0x4B, 0x26, 0x28, 
	0x82, 0x00, 0x80, 0x3F, 0x81, 0x42, 0x32, 0x28, 0x2B, 0x73, 0xCF, 0xF0, 0xF0, 0xE5, 0xF0, 0xF0, 
	0xE5, 0xF0, 0xF0, 0xE5, 0xF0, 0xF0, 0xE5, 0x7A, 0x4D, 0x4D, 0x32, 0x62, 0xE5, 0xF0, 0x60, 0x49, 
	0x4D, 0x3E, 0x3E, 0x7A, 0xE5, 0xE5, 0xE7, 0x2E, 0x3E, 0x7A, 0xE5, 0xF0, 0xE5, 0xF0, 0xE5, 0xF0, 
	0xF0, 0xE5, 0xF0, 0xED, 0xF0, 0xF0, 0xED, 0xF0, 0xF0, 0xED, 0x80, 0xF0, 0x05, 0xED, 0xF0, 0xE5, 
	0xF0, 0xF0, 0xE5, 0x83, 0xF0, 0x02, 0xED, 0xF0, 0xE5, 0x0F, 0xF0, 0xE5, 0xF0, 0xE5, 0xF0, 0xF0, 
	0xE5, 0xF0, 0xE5, 0xF0, 0xE5, 0xF0, 0xE5, 0xF0, 0xE5, 0xF0, 0x81, 0xE5, 0x02, 0xF0, 0xF0, 0xE5, 
	0x80, 0xF0, 0x08, 0xE5, 0xF0, 0xE5, 0xF0, 0xE5, 0xE5, 0xF0, 0xE5, 0xE5, 0x80, 0xF0, 0x06, 0xE5, 
	0xE5, 0x69, 0xED, 0xE5, 0xF0, 0xED, 0x80, 0xE5, 0x08, 0xF0, 0xE5, 0xF0, 0xE5, 0xF0, 0xE5, 0xE5, 
	0xF0, 0xE5, 0x80, 0xF0, 0x1B, 0xE5, 0xF0, 0xE5, 0xF0, 0xED, 0xF0, 0xF0, 0xE5, 0xE5, 0xF0, 0xE5, 
	0xF0, 0xE5, 0xE5, 0xF0, 0xF0, 0xE5, 0xF0, 0xE5, 0xF0, 0xE5, 0xE5, 0xF0, 0xE5, 0xF0, 0xE5, 0xE5, 
	0xF0, 0x81, 0xE5, 0x01, 0xF0, 0xE5, 0x80, 0xF0, 0x03, 0xE5, 0xF0, 0xE5, 0xF0, 0x80, 0xE5, 0x05, 
	0xF0, 0xF0, 0xE5, 0xE5, 0xF0, 0xE5, 0x80, 0xF0, 0x0D, 0xE5, 0xF0, 0xF0, 0xED, 0xF0, 0xF0, 0xE5, 
	0xE5, 0xF0, 0xE5, 0xF0, 0xE5, 0xF0, 0xE5, 0x81, 0xF0, 0x03, 0xE5, 0xF0, 0xF0, 0xE5, 0x80, 0xF0, 
	0x09, 0xED, 0xE5, 0xF0, 0xED, 0xF0, 0xE5, 0xE5, 0xF0, 0xED, 0xE5, 0x85, 0xF0, 0x0D, 0xE5, 0xF0, 
	0xE5, 0xE5, 0xF0, 0xF0, 0xE5, 0xE5, 0xF0, 0xE7, 0xF0, 0xE5, 0xF0, 0xED, 0x80, 0xF0, 0x00, 0xE5, 
	0x80, 0xF0, 0x02, 0xE5, 0xF0, 0xED, 0x82, 0xF0, 0x00, 0xED, 0x80, 0xF0, 0x00, 0xED, 0x88, 0xF0, 
	0x00, 0xED, 0x81, 0xF0, 0x00, 0xE5, 0x81, 0xF0, 0x00, 0xED, 0x80, 0xF0, 0x02, 0xE5, 0xDB, 0x75, 
	0x81, 0x37, 0x13, 0x3A, 0x39, 0x89, 0x43, 0xAC, 0xA5, 0xB0, 0xB0, 0x3B, 0x3F, 0x00, 0x2F, 0x38, 
	0x31, 0x2C, 0x32, 0x2B, 0x41, 0x3F, 0x42, 0x86, 0x3F, 0x07, 0x42, 0x41, 0x4B, 0x4B, 0x73, 0xE5, 
	0xF0, 0xE5, 0x85, 0xF0, 0x14, 0x71, 0x4A, 0x3E, 0x4D, 0x48, 0xDB, 0xF0, 0xE7, 0x3D, 0x4D, 0x3E, 
	0x3E, 0x4F, 0xE5, 0xE5, 0x60, 0x33, 0x4D, 0x49, 0xDB, 0xEC, 0x9D, 0xF0, 0x00, 0xF0, 0x80, 0xE5, 
	0x00, 0xF0, 0x82, 0xE5, 0x14, 0xF0, 0xE5, 0xE5, 0xF0, 0xED, 0xF0, 0xF0, 0xE5, 0xF0, 0xF0, 0xE5, 
	0xED, 0xF0, 0xF0, 0xE5, 0xF0, 0xE5, 0xF0, 0xED, 0xF0, 0xED, 0x81, 0xF0, 0x05, 0xED, 0xF0, 0xE5, 
	0xF0, 0xF0, 0xED, 0x85, 0xF0, 0x00, 0xED, 0x82, 0xF0, 0x05, 0xED, 0xF0, 0xE5, 0xE5, 0xF0, 0xED, 
	0x82, 0xF0, 0x00, 0xED, 0x80, 0xF0, 0x06, 0xE5, 0xF0, 0xED, 0xF0, 0xE5, 0xF0, 0xED, 0x83, 0xF0, 
	0x00, 0xED, 0x85, 0xF0, 0x07, 0xE5, 0xF0, 0xED, 0xF0, 0xF0, 0xE5, 0xF0, 0xE5, 0x82, 0xF0, 0x03, 
	0xE5, 0xF0, 0xF0, 0xED, 0x80, 0xF0, 0x00, 0xED, 0x81, 0xF0, 0x00, 0xED, 0x81, 0xF0, 0x00, 0xE5, 
	0x80, 0xF0, 0x02, 0xED, 0xF0, 0xE5, 0x80, 0xF0, 0x04, 0xED, 0xF0, 0xE5, 0xF0, 0xED, 0x8B, 0xF0, 
	0x04, 0xED, 0xF0, 0xED, 0xF0, 0xE5, 0x82, 0xF0, 0x00, 0xE5, 0x88, 0xF0, 0x00, 0xED, 0x8F, 0xF0, 
	0x00, 0xED, 0x95, 0xF0, 0x1B, 0x64, 0x47, 0x37, 0x37, 0x36, 0xB7, 0xBE, 0xA8, 0xB1, 0xF7, 0xAD, 
	0xAD, 0xAC, 0x43, 0x4B, 0x2B, 0x39, 0x47, 0x2B, 0x32, 0x4D, 0x26, 0x00, 0x3F, 0x3F, 0x42, 0x3F, 
	0x3F, 0x80, 0x42, 0x81, 0x3F, 0x80, 0x42, 0x01, 0x4B, 0x56, 0x87, 0xF0, 0x01, 0xA0, 0x72, 0x80, 
	0x3E, 0x0F, 0x2C, 0xF0, 0xA0, 0x48, 0x4D, 0x3E, 0x4D, 0x48, 0xE5, 0xE5, 0x4F, 0x3E, 0x4D, 0x32, 
	0xA0, 0xED, 0x93, 0xF0, 0x00, 0xEC, 0x86, 0xF0, 0x81, 0xF0, 0x00, 0xE5, 0x8A, 0xF0, 0x00, 0xE5, 
	0x82, 0xF0, 0x00, 0xED, 0x84, 0xF0, 0x00, 0xED, 0x82, 0xF0, 0x00, 0xED, 0x80, 0xF0, 0x00, 0xED, 
	0x81, 0xF0, 0x00, 0xED, 0x80, 0xF0, 0x00, 0xED, 0x83, 0xF0, 0x00, 0xE5, 0x80, 0xF0, 0x00, 0xED, 
	0x82, 0xF0, 0x00, 0xED, 0x86, 0xF0, 0x00, 0xE5, 0xE0, 0xF0, 0x00, 0xEC, 0xA2, 0xF0, 0x1C, 0xEC, 
	0xED, 0x91, 0x36, 0x37, 0x37, 0x40, 0xB7, 0xBE, 0xA6, 0xB0, 0xA6, 0xA5, 0xB9, 0x43, 0x00, 0x35, 
	0x38, 0x2F, 0x48, 0x3E, 0x3E, 0x32, 0x3C, 0x00, 0x42, 0x3F, 0x3F, 0x42, 0x80, 0x3F, 0x0A, 0x42, 
	0x42, 0x3F, 0x42, 0x42, 0x3F, 0x42, 0x42, 0x4B, 0xA0, 0xE5, 0x85, 0xF0, 0x13, 0xE5, 0x48, 0x4D, 
	0x3E, 0x3E, 0x31, 0xDB, 0xE5, 0x2E, 0x3E, 0x3E, 0x4D, 0x48, 0xE5, 0xA0, 0x49, 0x3E, 0x3E, 0x3D, 
	0xA0, 0x82, 0xF0, 0x00, 0xEC, 0x8E, 0xF0, 0x00, 0xEC, 0x80, 0xF0, 0x02, 0xEC, 0xF0, 0xEC, 0x80, 
	0xF0, 0xF1, 0xF0, 0x00, 0xEC, 0xC8, 0xF0, 0x00, 0xEC, 0x85, 0xF0, 0x00, 0xEC, 0x86, 0xF0, 0x00, 
	0xEC, 0x83, 0xF0, 0x11, 0xED, 0x91, 0x36, 0x37, 0x37, 0x49, 0x00, 0x3B, 0x3F, 0x41, 0x43, 0x43, 
	0x00, 0x2E, 0x36, 0x31, 0x26, 0x4D, 0x80, 0x3E, 0x12, 0x32, 0x2A, 0x00, 0x42, 0x42, 0x3F, 0x42, 
	0x3F, 0x42, 0x42, 0x3F, 0x3F, 0x42, 0x28, 0x41, 0x4B, 0x2B, 0x56, 0x73, 0x85, 0xF0, 0x0F, 0xEC, 
	0xE5, 0x2D, 0x3E, 0x3E, 0x4D, 0x32, 0xD4, 0xF0, 0x7A, 0x3E, 0x3E, 0x4D, 0x3D, 0xDB, 0x7A, 0x80, 
	0x3E, 0x01, 0x4F, 0xE7, 0x86, 0xF0, 0x00, 0xEC, 0x84, 0xF0, 0x02, 0xEC, 0xF0, 0xEC, 0x8A, 0xF0, 
	0x87, 0xF0, 0x00, 0xEC, 0x98, 0xF0, 0x00, 0xEC, 0x90, 0xF0, 0x00, 0xEC, 0x90, 0xF0, 0x00, 0xEC, 
	0x84, 0xF0, 0x00, 0xEC, 0x81, 0xF0, 0x00, 0xEC, 0x8B, 0xF0, 0x08, 0xEC, 0xF0, 0xEC, 0xF0, 0xF0, 
	0xEC, 0xF0, 0xF0, 0xEC, 0x82, 0xF0, 0x05, 0xEC, 0xF0, 0xEC, 0xF0, 0xF0, 0xF6, 0x8A, 0xF0, 0x00, 
	0xEC, 0x80, 0xF0, 0x00, 0xEC, 0x84, 0xF0, 0x00, 0xEC, 0x87, 0xF0, 0x00, 0xEC, 0x82, 0xF0, 0x00, 
	0xEC, 0x80, 0xF0, 0x03, 0xF6, 0xF0, 0xF0, 0xEC, 0x88, 0xF0, 0x00, 0xEC, 0x86, 0xF0, 0x03, 0xEC, 
	0xF0, 0xF0, 0xF6, 0x85, 0xF0, 0x03, 0xEC, 0xF0, 0xF0, 0xEC, 0x82, 0xF0, 0x06, 0xEC, 0xED, 0x81, 
	0x89, 0x37, 0x4D, 0x00, 0x81, 0x42, 0x0D, 0x3F, 0x00, 0x3D, 0x34, 0x28, 0x3D, 0x32, 0x4D, 0x3E, 
	0x3E, 0x4D, 0x32, 0x2A, 0x4B, 0x82, 0x42, 0x80, 0x3F, 0x06, 0x41, 0xCF, 0xA0, 0x56, 0x42, 0x7C, 
	0xCF, 0x81, 0xF0, 0x13, 0xEC, 0xF0, 0xEC, 0xF0, 0xF0, 0xEC, 0xA0, 0x49, 0x3E, 0x3E, 0x4D, 0x2D, 
	0xDB, 0x2A, 0x26, 0x2E, 0x34, 0x2C, 0x73, 0x2E, 0x80, 0x3E, 0x00, 0x2D, 0x80, 0xF0, 0x03, 0xEC, 
	0xF0, 0xF0, 0xF6, 0x85, 0xF0, 0x01, 0xEC, 0xEC, 0x82, 0xF0, 0x00, 0xEC, 0x81, 0xF0, 0x06, 0xF6, 
	0xF0, 0xF0, 0xEC, 0xF0, 0xEC, 0xEC, 0x99, 0xF0, 0x00, 0xEC, 0x8E, 0xF0, 0x00, 0xF6, 0x83, 0xF0, 
	0x00, 0xEC, 0x83, 0xF0, 0x00, 0xEC, 0x90, 0xF0, 0x00, 0xEC, 0x85, 0xF0, 0x00, 0xEC, 0x85, 0xF0, 
	0x00, 0xEC, 0x81, 0xF0, 0x00, 0xEC, 0x81, 0xF0, 0x00, 0xF6, 0x84, 0xF0, 0x02, 0xEC, 0xF0, 0xEC, 
	0x85, 0xF0, 0x07, 0xF6, 0xF0, 0xF0, 0xEC, 0xF0, 0xF0, 0xEC, 0xEC, 0x82, 0xF0, 0x00, 0xEC, 0x83, 
	0xF0, 0x00, 0xEC, 0x83, 0xF0, 0x00, 0xF6, 0x87, 0xF0, 0x00, 0xF6, 0x84, 0xF0, 0x00, 0xF6, 0x81, 
	0xF0, 0x02, 0xF6, 0xF0, 0xEC, 0x80, 0xF0, 0x02, 0xEC, 0xF0, 0xF6, 0x80, 0xF0, 0x02, 0xF6, 0xF0, 
	0xF6, 0x86, 0xF0, 0x00, 0xF6, 0x80, 0xF0, 0x00, 0xEC, 0x86, 0xF0, 0x00, 0xEC, 0x81, 0xF0, 0x02, 
	0xE7, 0x3D, 0x3E, 0x82, 0x3F, 0x2F, 0x42, 0x28, 0x00, 0x2A, 0x46, 0x40, 0x31, 0x3D, 0x3E, 0x3E, 
	0x4D, 0x3E, 0x33, 0x2B, 0x3F, 0x2B, 0x42, 0x42, 0x3F, 0x3F, 0x42, 0x42, 0x41, 0x2B, 0x81, 0xF0, 
	0x61, 0x2B, 0xDB, 0xDD, 0xF6, 0xEC, 0xF0, 0xEC, 0xF0, 0xEC, 0xF0, 0xEC, 0xF0, 0xE5, 0x2E, 0x4D, 
	0x3E, 0x3D, 0x2F, 0x48, 0x49, 0x49, 0x81, 0x48, 0x04, 0x31, 0x3D, 0x3E, 0x49, 0x60, 0x80, 0xF0, 
	0x00, 0xEC, 0x81, 0xF0, 0x05, 0xF6, 0xF0, 0xEC, 0xEC, 0xF0, 0xEC, 0x81, 0xF0, 0x0B, 0xF6, 0xF0, 
	0xF0, 0xF6, 0xEC, 0xF0, 0xEC, 0xEC, 0xF0, 0xF0, 0xF6, 0xEC, 0x81, 0xF0, 0x8C, 0xF0, 0x00, 0xEC, 
	0x80, 0xF0, 0x00, 0xF6, 0x80, 0xF0, 0x00, 0xF6, 0x83, 0xF0, 0x00, 0xEC, 0x86, 0xF0, 0x03, 0xEC, 
	0xF0, 0xEC, 0xEC, 0x84, 0xF0, 0x05, 0xEC, 0xF0, 0xF0, 0xEC, 0xF0, 0xEC, 0x81, 0xF0, 0x03, 0xEC, 
	0xF0, 0xEC, 0xEC, 0x81, 0xF0, 0x07, 0xEC, 0xF0, 0xEC, 0xF0, 0xEC, 0xF0, 0xEC, 0xEC, 0x83, 0xF0, 
	0x0C, 0xEC, 0xF0, 0xF0, 0xEC, 0xEC, 0xF0, 0xEC, 0xF0, 0xF0, 0xEC, 0xF0, 0xF0, 0xEC, 0x80, 0xF0, 
	0x00, 0xEC, 0x80, 0xF0, 0x00, 0xEC, 0x85, 0xF0, 0x03, 0xF6, 0xF0, 0xF0, 0xF6, 0x83, 0xF0, 0x00, 
	0xF6, 0x87, 0xF0, 0x04, 0xEC, 0xF0, 0xF0, 0xEC, 0xEC, 0x80, 0xF0, 0x0B, 0xEC, 0xF0, 0xEC, 0xF0, 
	0xF0, 0xE9, 0xF0, 0xEC, 0xF0, 0xEC, 0xF0, 0xEC, 0x81, 0xF0, 0x01, 0xEC, 0xEC, 0x81, 0xF0, 0x05, 
	0xE9, 0xF0, 0xF0, 0xEC, 0xF0, 0xEC, 0x80, 0xF0, 0x00, 0xEC, 0x85, 0xF0, 0x06, 0xF6, 0xF0, 0xF0, 
	0xEC, 0xF0, 0xF0, 0xF6, 0x84, 0xF0, 0x32, 0xF6, 0xF0, 0xEC, 0xF0, 0xEC, 0xF0, 0xF6, 0xF0, 0xF0, 
	0xF6, 0xF0, 0xEC, 0xF0, 0xF6, 0xF0, 0xF0, 0xF6, 0xF0, 0xF0, 0xEC, 0xF0, 0xF0, 0xEC, 0xF0, 0xEC, 
	0xEC, 0x81, 0x44, 0x00, 0x3F, 0x3F, 0x42, 0x3F, 0x3F, 0x41, 0x00, 0x2A, 0x36, 0x37, 0x37, 0x38, 
	0x3D, 0x49, 0x3E, 0x3E, 0x4D, 0x3E, 0x2C, 0x57, 0x26, 0x41, 0x82, 0x3F, 0x15, 0x42, 0x4B, 0xCF, 
	0xF6, 0xF0, 0xA0, 0x61, 0xEC, 0xF0, 0xEC, 0xF0, 0xEC, 0xF0, 0xF0, 0xE9, 0xF0, 0xEC, 0xF0, 0x9A, 
	0x4A, 0x3E, 0x32, 0x80, 0x3E, 0x03, 0x4D, 0x3E, 0x4D, 0x4D, 0x81, 0x3E, 0x04, 0x7A, 0xE5, 0xF6, 
	0xF0, 0xEC, 0x80, 0xF0, 0x0E, 0xEC, 0xF0, 0xEC, 0xF0, 0xF6, 0xF0, 0xEC, 0xF0, 0xEC, 0xEC, 0xF0, 
	0xEC, 0xF0, 0xF0, 0xF6, 0x80, 0xF0, 0x80, 0xEC, 0x80, 0xF0, 0x03, 0xEC, 0xF6, 0xF0, 0xEC, 0x00, 
	0xEC, 0x84, 0xF0, 0x02, 0xF6, 0xF0, 0xF6, 0x8D, 0xF0, 0x01, 0xEC, 0xEC, 0x81, 0xF0, 0x00, 0xF6, 
	0x81, 0xF0, 0x00, 0xF6, 0x86, 0xF0, 0x00, 0xEC, 0x80, 0xF0, 0x08, 0xEC, 0xF0, 0xEC, 0xF0, 0xF0, 
	0xF6, 0xF0, 0xEC, 0xEC, 0x81, 0xF0, 0x01, 0xEC, 0xEC, 0x80, 0xF0, 0x00, 0xE9, 0x86, 0xF0, 0x04, 
	0xEC, 0xF0, 0xF0, 0xEC, 0xEC, 0x80, 0xF0, 0x16, 0xEC, 0xF0, 0xF0, 0xEC, 0xF0, 0xEC, 0xE9, 0xF0, 
	0xF0, 0xEC, 0xF0, 0xEC, 0xEC, 0xF0, 0xEC, 0xF0, 0xEC, 0xEC, 0xF0, 0xF6, 0xF0, 0xEC, 0xF6, 0x80, 
	0xF0, 0x39, 0xEC, 0xF0, 0xF6, 0xF0, 0xEC, 0xF0, 0xEC, 0xEC, 0xF0, 0xF6, 0xF0, 0xF6, 0xF0, 0xEC, 
	0xF0, 0xF6, 0xF0, 0xF6, 0xF0, 0xF6, 0xF0, 0xF6, 0xF0, 0xF6, 0xF0, 0xF6, 0xF0, 0xF0, 0xF6, 0xEC, 
	0xF0, 0xF0, 0xF6, 0xF0, 0xF6, 0xF0, 0xEC, 0xF0, 0xF6, 0xF0, 0xF0, 0xF6, 0xEC, 0xF0, 0xF0, 0xF6, 
	0xF0, 0xF6, 0xF0, 0xEC, 0xF0, 0xE9, 0xEC, 0xF0, 0xEC, 0xEC, 0xF0, 0xF6, 0x80, 0xF0, 0x1A, 0xF6, 
	0xF0, 0xF6, 0xEC, 0xEC, 0xF0, 0xEC, 0xF0, 0xF6, 0xF0, 0xF6, 0xF0, 0xEC, 0xF0, 0xF6, 0xF0, 0xF0, 
	0xF6, 0xEC, 0xF0, 0xF6, 0xF0, 0xF0, 0xEC, 0xE9, 0xF0, 0xEC, 0x80, 0xF0, 0x11, 0xF6, 0xF0, 0xEC, 
	0xEC, 0xF0, 0xE9, 0xF0, 0xEC, 0xF0, 0xE9, 0xEC, 0xF0, 0xF6, 0xF0, 0xEC, 0xF0, 0xCF, 0x4B, 0x80, 
	0x3F, 0x0B, 0x42, 0x41, 0x00, 0x2B, 0x49, 0x35, 0x38, 0x38, 0x37, 0x37, 0x36, 0x48, 0x81, 0x3E, 
	0x03, 0x26, 0x2C, 0x31, 0x00, 0x83, 0x3F, 0x07, 0x41, 0x2B, 0xE5, 0xE9, 0xEC, 0xA0, 0xF6, 0xF0, 
	0x86, 0xEC, 0x01, 0xA0, 0x48, 0x89, 0x3E, 0x06, 0x48, 0xA0, 0xEC, 0xF0, 0xEC, 0xE9, 0xE9, 0x80, 
	0xEC, 0x00, 0xF0, 0x81, 0xEC, 0x00, 0xE9, 0x84, 0xEC, 0x00, 0xE9, 0x81, 0xEC, 0x00, 0xF6, 0x85, 
	0xEC, 0x81, 0xF0, 0x02, 0xEC, 0xF0, 0xEC, 0x81, 0xF0, 0x08, 0xF6, 0xEC, 0xF0, 0xEC, 0xF0, 0xF0, 
	0xEC, 0xF0, 0xEC, 0x81, 0xF0, 0x08, 0xEC, 0xF0, 0xF6, 0xF0, 0xF0, 0xF6, 0xF0, 0xF0, 0xF6, 0x80, 
	0xF0, 0x00, 0xF6, 0x80, 0xF0, 0x0A, 0xE9, 0xF0, 0xF6, 0xF6, 0xF0, 0xF6, 0xF0, 0xF0, 0xF6, 0xF0, 
	0xF6, 0x80, 0xF0, 0x59, 0xF6, 0xF0, 0xF6, 0xF0, 0xF0, 0xE8, 0xF0, 0xF0, 0xF6, 0xF0, 0xF6, 0xF0, 
	0xF0, 0xF6, 0xF0, 0xF0, 0xF6, 0xF0, 0xF6, 0xF0, 0xF6, 0xF0, 0xF6, 0xF0, 0xF6, 0xF0, 0xF6, 0xF0, 
	0xF6, 0xF6, 0xF0, 0xF6, 0xF0, 0xF6, 0xF0, 0xE9, 0xF0, 0xF0, 0xF6, 0xF0, 0xEC, 0xEC, 0xF6, 0xEC, 
	0xF0, 0xF6, 0xF0, 0xE9, 0xF0, 0xF6, 0xEC, 0xF0, 0xF6, 0xEC, 0xF0, 0xF6, 0xF0, 0xF0, 0xF6, 0xEC, 
	0xF6, 0xF0, 0xEC, 0xF0, 0xF6, 0xEC, 0xF0, 0xE9, 0xEC, 0xEC, 0xF0, 0xEC, 0xF0, 0xF6, 0xEC, 0xF0, 
	0xEC, 0xF0, 0xF6, 0xF0, 0xF6, 0xF0, 0xEC, 0xF0, 0xF6, 0xEC, 0xF0, 0xEC, 0xF0, 0xE8, 0x81, 0xEC, 
	0x18, 0xF6, 0xEC, 0xF0, 0xEC, 0xF0, 0xEC, 0xEC, 0xF0, 0xEC, 0xE8, 0xEC, 0xEC, 0xF0, 0xE9, 0xEC, 
	0xF0, 0xEC, 0xEC, 0xF0, 0xE9, 0xEC, 0xF0, 0xEC, 0xF0, 0xF6, 0x81, 0xEC, 0x0A, 0xF0, 0xF6, 0xF0, 
	0xF6, 0xEC, 0xF0, 0xEC, 0xF0, 0xEC, 0xF0, 0xF6, 0x80, 0xEC, 0x04, 0xF6, 0xEC, 0xEC, 0xF0, 0xE9, 
	0x80, 0xEC, 0x07, 0xF0, 0xF6, 0xF0, 0xEC, 0xF6, 0xEC, 0xEC, 0xF6, 0x80, 0xEC, 0x00, 0xF0, 0x83, 
	0xEC, 0x05, 0xF0, 0xF6, 0xEC, 0xF0, 0x28, 0x28, 0x80, 0x3F, 0x14, 0x41, 0x2B, 0x72, 0x45, 0x37, 
	0x40, 0x34, 0x2A, 0x47, 0x37, 0x37, 0x55, 0x48, 0x49, 0x3E, 0x3E, 0x26, 0x49, 0x2F, 0x3C, 0x57, 
	0x80, 0x42, 0x80, 0x3F, 0x01, 0x4B, 0xA0, 0x83, 0xEC, 0x00, 0xE9, 0x82, 0xEC, 0x06, 0xE9, 0xEC, 
	0xE5, 0x2E, 0x3E, 0x3E, 0x4D, 0x85, 0x3E, 0x09, 0x3D, 0x73, 0xF6, 0xEC, 0xEC, 0xE9, 0xE9, 0xEC, 
	0xEC, 0xE9, 0x84, 0xEC, 0x00, 0xE9, 0x8A, 0xEC, 0x06, 0xE9, 0xEC, 0xEC, 0xF0, 0xE9, 0xEC, 0xEC, 
	0x80, 0xEC, 0x19, 0xF6, 0xF0, 0xF6, 0xF0, 0xF0, 0xF6, 0xEC, 0xF0, 0xEC, 0xF0, 0xF6, 0xF0, 0xF6, 
	0xF0, 0xF6, 0xF0, 0xF0, 0xE9, 0xEC, 0xEC, 0xE9, 0xF0, 0xEC, 0xEC, 0xF0, 0xF6, 0x80, 0xEC, 0x0D, 
	0xF0, 0xE9, 0xEC, 0xE9, 0xF0, 0xF0, 0xF6, 0xF0, 0xEC, 0xF0, 0xEC, 0xEC, 0xF0, 0xF6, 0x80, 0xEC, 
	0x04, 0xF0, 0xF0, 0xF6, 0xF0, 0xF6, 0x80, 0xEC, 0x0D, 0xF0, 0xF6, 0xEC, 0xF6, 0xEC, 0xEC, 0xF0, 
	0xF6, 0xEC, 0xEC, 0xF0, 0xF6, 0xEC, 0xF0, 0x83, 0xEC, 0x05, 0xE9, 0xEC, 0xEC, 0xF0, 0xE9, 0xF0, 
	0x85, 0xEC, 0x09, 0xF0, 0xF6, 0xEC, 0xF0, 0xEC, 0xF0, 0xE9, 0xEC, 0xEC, 0xF0, 0x80, 0xEC, 0x15, 
	0xE9, 0xEC, 0xF0, 0xF6, 0xF0, 0xEC, 0xF0, 0xF6, 0xEC, 0xEC, 0xF0, 0xEC, 0xE9, 0xEC, 0xF0, 0xEC, 
	0xF0, 0xEC, 0xF0, 0xE9, 0xEC, 0xE9, 0x85, 0xEC, 0x01, 0xF0, 0xE8, 0x90, 0xEC, 0x04, 0xF6, 0xEC, 
	0xEC, 0xF0, 0xE9, 0x80, 0xEC, 0x80, 0xE9, 0x86, 0xEC, 0x06, 0xE9, 0xEC, 0xEC, 0xF0, 0xEC, 0xEC, 
	0xF6, 0x83, 0xEC, 0x09, 0xF6, 0xEC, 0xEC, 0xF0, 0xF6, 0xEC, 0xEC, 0xE9, 0xEC, 0xE9, 0x88, 0xEC, 
	0x02, 0xE9, 0xEC, 0xE9, 0x83, 0xEC, 0x04, 0xE9, 0xEC, 0x61, 0x73, 0xA0, 0x80, 0x41, 0x15, 0x56, 
	0x9A, 0x40, 0x47, 0x37, 0x36, 0x2A, 0x00, 0x2F, 0x37, 0x37, 0x46, 0x00, 0x2F, 0x49, 0x3E, 0x32, 
	0x49, 0x2C, 0x48, 0x28, 0x42, 0x81, 0x3F, 0x02, 0x28, 0x41, 0x6C, 0x80, 0xEC, 0x01, 0xE9, 0xE9, 
	0x85, 0xEC, 0x05, 0xE9, 0xF0, 0x91, 0x3E, 0x3E, 0x4D, 0x85, 0x3E, 0x01, 0x32, 0x98, 0x80, 0xEC, 
	0x00, 0xE9, 0x82, 0xEC, 0x81, 0xE9, 0x01, 0xEC, 0xE9, 0x80, 0xEC, 0x04, 0xE9, 0xE9, 0xEC, 0xE9, 
	0xE9, 0x80, 0xEC, 0x09, 0xE9, 0xEC, 0xE9, 0xF6, 0xE9, 0xE9, 0xEC, 0xE9, 0xEC, 0xEC, 0x04, 0xEC, 
	0xEC, 0xE9, 0xEC, 0xF0, 0x81, 0xEC, 0x02, 0xF0, 0xEC, 0xF6, 0x80, 0xEC, 0x0A, 0xF0, 0xE9, 0xEC, 
	0xEC, 0xE9, 0xEC, 0xE9, 0xEC, 0xF0, 0xEC, 0xE9, 0x83, 0xEC, 0x00, 0xF6, 0x81, 0xEC, 0x0B, 0xE9, 
	0xF0, 0xE9, 0xEC, 0xEC, 0xF0, 0xF6, 0xF0, 0xEC, 0xE9, 0xEC, 0xF6, 0x80, 0xEC, 0x04, 0xF0, 0xEC, 
	0xEC, 0xE9, 0xE9, 0x80, 0xEC, 0x0A, 0xF0, 0xE9, 0xEC, 0xF0, 0xE9, 0xEC, 0xEC, 0xE9, 0xEC, 0xEC, 
	0xE9, 0x80, 0xEC, 0x03, 0xE9, 0xEC, 0xEC, 0xE9, 0x86, 0xEC, 0x03, 0xF6, 0xEC, 0xEC, 0xE9, 0x80, 
	0xEC, 0x00, 0xE9, 0x85, 0xEC, 0x01, 0xE9, 0xE9, 0x81, 0xEC, 0x00, 0xF6, 0x84, 0xEC, 0x00, 0xE9, 
	0x85, 0xEC, 0x00, 0xE9, 0x86, 0xEC, 0x00, 0xE9, 0x80, 0xEC, 0x02, 0xE9, 0xEC, 0xE9, 0x80, 0xEC, 
	0x03, 0xE9, 0xEC, 0xE9, 0xEC, 0x81, 0xE9, 0x81, 0xEC, 0x00, 0xE9, 0x80, 0xEC, 0x02, 0xE9, 0xEC, 
	0xE9, 0x80, 0xEC, 0x03, 0xE8, 0xEC, 0xEC, 0xE9, 0x81, 0xEC, 0x05, 0xF6, 0xEC, 0xE9, 0xEC, 0xE9, 
	0xEC, 0x81, 0xE9, 0x0A, 0xEC, 0xEC, 0xE9, 0xE9, 0xEC, 0xEC, 0xF6, 0xEC, 0xEC, 0xE9, 0xEC, 0x80, 
	0xE9, 0x02, 0xEC, 0xEC, 0xE9, 0x81, 0xEC, 0x00, 0xE9, 0x80, 0xEC, 0x01, 0xE9, 0xEC, 0x80, 0xE9, 
	0x27, 0xEC, 0xE9, 0xEC, 0xE9, 0x61, 0xA0, 0xE5, 0x28, 0x7C, 0x28, 0xA0, 0xDD, 0x00, 0x00, 0x3D, 
	0x37, 0x55, 0x00, 0x00, 0x46, 0x38, 0x3E, 0x48, 0x3E, 0x4D, 0x3E, 0x3E, 0x32, 0x3E, 0x49, 0x3F, 
	0x42, 0x3F, 0x3F, 0x41, 0x41, 0x56, 0x7C, 0xCF, 0xE8, 0x80, 0xEC, 0x82, 0xE9, 0x02, 0xEC, 0xE9, 
	0xE9, 0x80, 0xEC, 0x05, 0x91, 0x3E, 0x49, 0x2E, 0x2F, 0x48, 0x84, 0x3E, 0x0A, 0x98, 0xEC, 0xE9, 
	0xE9, 0xEC, 0xE9, 0xEC, 0xE9, 0xE9, 0xEC, 0xEC, 0x81, 0xE9, 0x01, 0xEC, 0xEC, 0x80, 0xE9, 0x04, 
	0xEC, 0xE9, 0xEC, 0xE9, 0xEC, 0x80, 0xE9, 0x02, 0xEC, 0xE9, 0xF2, 0x80, 0xE9, 0x02, 0xEC, 0xE9, 
	0xE9, 0x02, 0xE9, 0xEC, 0xE9, 0x80, 0xEC, 0x0A, 0xE9, 0xEC, 0xEC, 0xF6, 0xEC, 0xEC, 0xE9, 0xE9, 
	0xEC, 0xF6, 0xE9, 0x82, 0xEC, 0x02, 0xE9, 0xEC, 0xE9, 0x80, 0xEC, 0x06, 0xE9, 0xEC, 0xEC, 0xE9, 
	0xEC, 0xF0, 0xE9, 0x81, 0xEC, 0x00, 0xF6, 0x82, 0xEC, 0x08, 0xF6, 0xEC, 0xE9, 0xE9, 0xEC, 0xE9, 
	0xE9, 0xEC, 0xF6, 0x84, 0xEC, 0x01, 0xE9, 0xE9, 0x83, 0xEC, 0x80, 0xE9, 0x01, 0xEC, 0xE9, 0x82, 
	0xEC, 0x00, 0xE9, 0x81, 0xEC, 0x00, 0xE9, 0x81, 0xEC, 0x03, 0xE9, 0xEC, 0xEC, 0xE9, 0x80, 0xEC, 
	0x00, 0xE9, 0x80, 0xEC, 0x07, 0xE9, 0xEC, 0xEC, 0xE9, 0xE9, 0xEC, 0xE9, 0xF6, 0x80, 0xEC, 0x0D, 
	0xE9, 0xEC, 0xE9, 0xE9, 0xEC, 0xEC, 0xE9, 0xE9, 0xEC, 0xEC, 0xE9, 0xEC, 0xEC, 0xE9, 0x80, 0xEC, 
	0x0E, 0xE9, 0xEC, 0xE9, 0xE9, 0xEC, 0xE9, 0xE9, 0xEC, 0xE9, 0xEC, 0xE9, 0xE9, 0xEC, 0xE9, 0xEC, 
	0x80, 0xE9, 0x00, 0xEC, 0x80, 0xE9, 0x06, 0xEC, 0xEC, 0xE9, 0xEC, 0xEC, 0xE9, 0xEC, 0x80, 0xE9, 
	0x00, 0xEC, 0x8B, 0xE9, 0x02, 0xEC, 0xE9, 0xEC, 0x81, 0xE9, 0x0C, 0xEC, 0xE9, 0xEC, 0xE9, 0xE9, 
	0xEC, 0xE9, 0xEC, 0xE9, 0xEC, 0xEC, 0xE9, 0xEC, 0x80, 0xE9, 0x00, 0xEC, 0x80, 0xE9, 0x01, 0xF6, 
	0xEC, 0x80, 0xE9, 0x00, 0xEC, 0x83, 0xE9, 0x02, 0xEC, 0xEC, 0xF6, 0x81, 0xE9, 0x10, 0xF0, 0x69, 
	0xCF, 0x81, 0x73, 0xEC, 0xE8, 0xCF, 0x4B, 0x00, 0x4D, 0x47, 0x26, 0x2F, 0x48, 0x48, 0x2C, 0x80, 
	0x3E, 0x00, 0x4D, 0x80, 0x3E, 0x0A, 0x33, 0x28, 0x3F, 0x4B, 0x73, 0x7C, 0x3F, 0x2B, 0x81, 0xD4, 
	0xF6, 0x80, 0xE9, 0x11, 0xEC, 0xEC, 0xE9, 0xEC, 0xE9, 0xE9, 0xEC, 0xE9, 0xEC, 0xA0, 0x60, 0x7C, 
	0x32, 0x48, 0x49, 0x49, 0x2A, 0x2A, 0x82, 0x3E, 0x01, 0x32, 0x98, 0x8F, 0xE9, 0x00, 0xEC, 0x81, 
	0xE9, 0x00, 0xEC, 0x87, 0xE9, 0x01, 0xEC, 0xE9, 0x03, 0xE9, 0xEC, 0xE9, 0xEC, 0x80, 0xE9, 0x00, 
	0xF6, 0x80, 0xEC, 0x00, 0xE9, 0x81, 0xEC, 0x08, 0xE9, 0xEC, 0xE9, 0xE9, 0xEC, 0xE9, 0xE9, 0xEC, 
	0xEC, 0x82, 0xE9, 0x80, 0xEC, 0x80, 0xE9, 0x07, 0xEC, 0xEC, 0xE9, 0xE9, 0xEC, 0xE9, 0xEC, 0xE9, 
	0x80, 0xEC, 0x03, 0xE9, 0xEC, 0xEC, 0xE9, 0x80, 0xEC, 0x07, 0xF6, 0xEC, 0xE9, 0xE9, 0xEC, 0xE9, 
	0xEC, 0xEC, 0x81, 0xE9, 0x02, 0xEC, 0xE9, 0xEC, 0x80, 0xE9, 0x04, 0xEC, 0xE9, 0xEC, 0xE9, 0xEC, 
	0x83, 0xE9, 0x00, 0xEC, 0x81, 0xE9, 0x00, 0xEC, 0x80, 0xE9, 0x00, 0xEC, 0x80, 0xE9, 0x01, 0xEC, 
	0xE9, 0x80, 0xEC, 0x07, 0xE9, 0xEC, 0xE9, 0xEC, 0xE9, 0xE9, 0xEC, 0xEC, 0x86, 0xE9, 0x06, 0xEC, 
	0xE9, 0xE9, 0xEC, 0xE9, 0xE9, 0xEC, 0x81, 0xE9, 0x02, 0xEC, 0xE9, 0xEC, 0x80, 0xE9, 0x00, 0xEC, 
	0x82, 0xE9, 0x05, 0xEC, 0xE9, 0xE9, 0xEC, 0xE9, 0xEC, 0x85, 0xE9, 0x00, 0xEC, 0x8E, 0xE9, 0x01, 
	0xEC, 0xEC, 0x80, 0xE9, 0x00, 0xEC, 0x86, 0xE9, 0x00, 0xEC, 0x81, 0xE9, 0x05, 0xF6, 0xE9, 0xE9, 
	0xEC, 0xE9, 0xEC, 0x80, 0xE9, 0x00, 0xEC, 0x89, 0xE9, 0x03, 0xEC, 0xE9, 0xE9, 0xF6, 0x80, 0xE9, 
	0x1E, 0xF6, 0xE8, 0xF6, 0x81, 0xEC, 0xE9, 0xDD, 0x2B, 0x2A, 0x4F, 0x33, 0x3E, 0x3E, 0x4D, 0x32, 
	0x4F, 0x3E, 0x3E, 0x3D, 0x2E, 0x31, 0x3E, 0x3E, 0x33, 0x28, 0x3F, 0x4B, 0x73, 0xE3, 0xCF, 0x28, 
	0x80, 0xF6, 0x00, 0xEC, 0x83, 0xE9, 0x0E, 0xEC, 0xE9, 0xE9, 0xA0, 0x2C, 0x48, 0x3D, 0x2E, 0x48, 
	0x4D, 0x3E, 0x4D, 0x32, 0x2A, 0x2D, 0x82, 0x3E, 0x01, 0xA0, 0xF6, 0x81, 0xE9, 0x00, 0xF2, 0x88, 
	0xE9, 0x06, 0xE3, 0xE9, 0xE9, 0xE3, 0xE9, 0xE9, 0xEC, 0x87, 0xE9, 0x01, 0xE3, 0xE9, 0x83, 0xE9, 
	0x01, 0xEC, 0xEC, 0x86, 0xE9, 0x0C, 0xEC, 0xE9, 0xEC, 0xE9, 0xEC, 0xE9, 0xE9, 0xEC, 0xE9, 0xEC, 
	0xE9, 0xE9, 0xEC, 0x80, 0xE9, 0x03, 0xEC, 0xE9, 0xE9, 0xEC, 0x8B, 0xE9, 0x03, 0xEC, 0xF6, 0xE9, 
	0xEC, 0x87, 0xE9, 0x00, 0xEC, 0x80, 0xE9, 0x00, 0xEC, 0x89, 0xE9, 0x03, 0xEC, 0xE9, 0xF6, 0xEC, 
	0x92, 0xE9, 0x01, 0xEC, 0xE8, 0x85, 0xE9, 0x04, 0xEC, 0xE3, 0xE9, 0xE9, 0xEC, 0x82, 0xE9, 0x01, 
	0xF6, 0xEC, 0x80, 0xE9, 0x00, 0xEC, 0x82, 0xE9, 0x00, 0xEC, 0x80, 0xE9, 0x01, 0xE3, 0xEC, 0x87, 
	0xE9, 0x01, 0xEC, 0xE8, 0x87, 0xE9, 0x04, 0xE8, 0xF6, 0xE9, 0xE9, 0xE3, 0x81, 0xE9, 0x00, 0xE8, 
	0x80, 0xE9, 0x03, 0xE8, 0xE9, 0xF6, 0xF6, 0x87, 0xE9, 0x07, 0xE3, 0xE9, 0xE8, 0xE9, 0xE3, 0xE9, 
	0xE9, 0xE8, 0x8B, 0xE9, 0x06, 0xE3, 0xE9, 0xE9, 0xE8, 0xA0, 0x98, 0xDD, 0x82, 0xE9, 0x05, 0xEC, 
	0x9A, 0x3D, 0x3E, 0x3E, 0x4D, 0x83, 0x3E, 0x13, 0x31, 0x49, 0x35, 0x4F, 0x49, 0x3D, 0x32, 0x2B, 
	0x41, 0x41, 0x56, 0xE8, 0xA0, 0x2B, 0xE9, 0xE8, 0xE9, 0xE3, 0xE9, 0xE3, 0x82, 0xE9, 0x08, 0xE3, 
	0xA0, 0x2E, 0x32, 0x4D, 0x3E, 0x4D, 0x33, 0x4D, 0x80, 0x3E, 0x02, 0x49, 0x20, 0x4A, 0x80, 0x3E, 
	0x05, 0x33, 0xA0, 0xF2, 0xE9, 0xE9, 0xE3, 0x80, 0xE9, 0x00, 0xE3, 0x83, 0xE9, 0x02, 0xE3, 0xE9, 
	0xE3, 0x82, 0xE9, 0x04, 0xE3, 0xE3, 0xE9, 0xE9, 0xE3, 0x83, 0xE9, 0x02, 0xE3, 0xEC, 0xE9, 0x85, 
	0xE9, 0x03, 0xE8, 0xE9, 0xE9, 0xF6, 0x83, 0xE9, 0x00, 0xE3, 0x88, 0xE9, 0x00, 0xE8, 0x82, 0xE9, 
	0x01, 0xF6, 0xEC, 0x80, 0xE9, 0x00, 0xE8, 0x85, 0xE9, 0x00, 0xF6, 0x83, 0xE9, 0x00, 0xF6, 0x83, 
	0xE9, 0x00, 0xE8, 0x84, 0xE9, 0x03, 0xF6, 0xE9, 0xE9, 0xEC, 0x82, 0xE9, 0x00, 0xEC, 0x83, 0xE9, 
	0x01, 0xE3, 0xEC, 0x86, 0xE9, 0x00, 0xF6, 0x81, 0xE9, 0x02, 0xE3, 0xE9, 0xE3, 0x80, 0xE9, 0x01, 
	0xEC, 0xF2, 0x83, 0xE9, 0x06, 0xE3, 0xEC, 0xE9, 0xE3, 0xE9, 0xE9, 0xE3, 0x83, 0xE9, 0x09, 0xF6, 
	0xE3, 0xEC, 0xE9, 0xE9, 0xE3, 0xE9, 0xE8, 0xE9, 0xEC, 0x80, 0xE9, 0x02, 0xF6, 0xE9, 0xE3, 0x82, 
	0xE9, 0x03, 0xF6, 0xE9, 0xE3, 0xF6, 0x86, 0xE9, 0x00, 0xEC, 0x8F, 0xE9, 0x03, 0xE3, 0xE9, 0xE9, 
	0xE3, 0x87, 0xE9, 0x06, 0xE3, 0xEC, 0xF6, 0xE8, 0xE9, 0xE3, 0xE3, 0x80, 0xE9, 0x05, 0xE8, 0xE9, 
	0xE3, 0xE9, 0xE9, 0xE3, 0x81, 0xE9, 0x0F, 0xCF, 0x41, 0x00, 0x28, 0x61, 0xE3, 0xE9, 0xE8, 0x81, 
	0x98, 0x26, 0x48, 0x4F, 0x48, 0x48, 0x33, 0x80, 0x3E, 0x12, 0x4D, 0x32, 0x3D, 0x37, 0x45, 0x49, 
	0x26, 0x33, 0x32, 0x56, 0x4B, 0x41, 0x2B, 0xE9, 0xE8, 0x73, 0xE9, 0xF6, 0xE3, 0x81, 0xE9, 0x05, 
	0xE3, 0xE9, 0xE3, 0xE3, 0xE9, 0x9A, 0x85, 0x3E, 0x0A, 0x4D, 0x3E, 0x3E, 0x2A, 0x3D, 0x3E, 0x3E, 
	0x4D, 0x48, 0xA0, 0xE3, 0x80, 0xE9, 0x02, 0xE3, 0xE9, 0xE3, 0x80, 0xE9, 0x02, 0xE3, 0xEC, 0xE3, 
	0x83, 0xE9, 0x01, 0xE3, 0xE3, 0x80, 0xE9, 0x0B, 0xE3, 0xE9, 0xE3, 0xE9, 0xE3, 0xE3, 0xE9, 0xE3, 
	0xE9, 0xE3, 0xE9, 0xE3, 0x83, 0xE9, 0x02, 0xE3, 0xE9, 0xEC, 0x8D, 0xE9, 0x01, 0xE3, 0xEC, 0x93, 
	0xE9, 0x01, 0xE8, 0xEC, 0x84, 0xE9, 0x00, 0xE3, 0x83, 0xE9, 0x03, 0xF6, 0xE9, 0xE9, 0xE3, 0x81, 
	0xE9, 0x02, 0xE3, 0xE9, 0xE3, 0x80, 0xE9, 0x06, 0xE3, 0xE9, 0xE9, 0xE3, 0xE9, 0xE9, 0xE3, 0x82, 
	0xE9, 0x00, 0xE3, 0x84, 0xE9, 0x00, 0xE8, 0x87, 0xE9, 0x00, 0xE3, 0x83, 0xE9, 0x02, 0xE3, 0xE9, 
	0xE8, 0x82, 0xE9, 0x00, 0xE3, 0x81, 0xE9, 0x0D, 0xE3, 0xE9, 0xE9, 0xF6, 0xE3, 0xE9, 0xE9, 0xE3, 
	0xF2, 0xE9, 0xE3, 0xE9, 0xE9, 0xE3, 0x80, 0xE9, 0x09, 0xE3, 0xE9, 0xE9, 0xE3, 0xE9, 0xF2, 0xE9, 
	0xE9, 0xF2, 0xE3, 0x84, 0xE9, 0x00, 0xE3, 0x80, 0xE9, 0x05, 0xE3, 0xE9, 0xE3, 0xEC, 0xF6, 0xE3, 
	0x81, 0xE9, 0x05, 0xE8, 0xE9, 0xE8, 0xE9, 0xE9, 0xE3, 0x81, 0xE9, 0x0D, 0xE3, 0xE9, 0xE9, 0xE3, 
	0xE9, 0xE9, 0xE8, 0xE9, 0xE3, 0xE9, 0xE9, 0xE8, 0xE9, 0xE3, 0x81, 0xE9, 0x14, 0xE8, 0xE9, 0xE9, 
	0xE3, 0xE9, 0xE3, 0xE9, 0xE8, 0xE9, 0xF6, 0xE3, 0xA0, 0x4B, 0x00, 0x4D, 0x39, 0x4F, 0xCF, 0xE9, 
	0x7A, 0x48, 0x80, 0x3E, 0x04, 0x32, 0x33, 0x48, 0x2E, 0x4A, 0x80, 0x3E, 0x15, 0x33, 0x4A, 0x36, 
	0x47, 0x2E, 0x48, 0x3E, 0x3E, 0x9A, 0x56, 0x4B, 0x41, 0xA0, 0xE3, 0xA0, 0xE8, 0xE8, 0xE9, 0xE9, 
	0xE3, 0xE9, 0xE3, 0x80, 0xE9, 0x07, 0xE3, 0xF0, 0x48, 0x3E, 0x3E, 0x72, 0x49, 0x49, 0x83, 0x3E, 
	0x01, 0x2F, 0x49, 0x80, 0x3E, 0x1A, 0x2F, 0xEC, 0xE9, 0xE9, 0xE3, 0xE9, 0xE3, 0xE9, 0xE9, 0xE3, 
	0xE9, 0xE3, 0xE9, 0xE9, 0xE3, 0xE3, 0xE9, 0xE3, 0xE3, 0xE9, 0xE3, 0xE9, 0xE9, 0xE3, 0xE3, 0xE9, 
	0xE3, 0x80, 0xE9, 0x00, 0xE3, 0x80, 0xE9, 0x03, 0xE3, 0xE9, 0xE3, 0xE9, 0x80, 0xE9, 0x00, 0xE3, 
	0x81, 0xE9, 0x00, 0xE3, 0x83, 0xE9, 0x00, 0xE3, 0x80, 0xE9, 0x07, 0xE3, 0xE9, 0xE9, 0xE3, 0xE9, 
	0xE3, 0xE9, 0xE3, 0x82, 0xE9, 0x0A, 0xE8, 0xE9, 0xE3, 0xE9, 0xE9, 0xE3, 0xE9, 0xE3, 0xE9, 0xE9, 
	0xE3, 0x84, 0xE9, 0x00, 0xE3, 0x81, 0xE9, 0x00, 0xE3, 0x81, 0xE9, 0x0B, 0xE3, 0xE9, 0xE3, 0xE9, 
	0xE3, 0xE9, 0xE3, 0xE9, 0xE3, 0xE9, 0xE9, 0xE3, 0x80, 0xE9, 0x01, 0xE8, 0xE3, 0x81, 0xE9, 0x00, 
	0xE3, 0x81, 0xE9, 0x0A, 0xE3, 0xE9, 0xE9, 0xE3, 0xE9, 0xE9, 0xE3, 0xE9, 0xE9, 0xE3, 0xE3, 0x80, 
	0xE9, 0x2D, 0xE3, 0xE9, 0xE3, 0xE9, 0xE9, 0xE3, 0xE9, 0xE9, 0xE3, 0xE9, 0xE9, 0xE3, 0xE9, 0xE9, 
	0xE3, 0xE9, 0xE9, 0xE8, 0xE9, 0xE3, 0xE9, 0xE9, 0xE3, 0xE9, 0xE9, 0xE3, 0xE9, 0xE3, 0xE9, 0xE3, 
	0xE9, 0xE3, 0xE9, 0xE3, 0xE9, 0xE9, 0xE3, 0xE9, 0xE3, 0xE9, 0xE9, 0xE3, 0xE9, 0xE3, 0xE9, 0xE3, 
	0x80, 0xE9, 0x3E, 0xE3, 0xE9, 0xE3, 0xE9, 0xE3, 0xE3, 0xE9, 0xE9, 0xE3, 0xE9, 0xE3, 0xE9, 0xE3, 
	0xE9, 0xE9, 0xE3, 0xE9, 0xE9, 0xE3, 0xE9, 0xE3, 0xE9, 0xE3, 0xE9, 0xE9, 0xE3, 0xF6, 0xE8, 0xE3, 
	0xE9, 0xE3, 0xE9, 0xE3, 0xE9, 0xE3, 0xE9, 0xE3, 0xE3, 0xE9, 0xE3, 0xE9, 0xE3, 0xE9, 0xE3, 0xE3, 
	0xE9, 0xE9, 0xE3, 0xE9, 0xE3, 0xE9, 0xE3, 0xE9, 0xE3, 0xE3, 0xE9, 0xE3, 0xE3, 0xE9, 0xE3, 0xE8, 
	0xE3, 0xE3, 0x80, 0xE8, 0x0B, 0xE3, 0xE9, 0x61, 0x4B, 0x00, 0x55, 0x37, 0x38, 0x2C, 0x2D, 0x32, 
	0x4D, 0x80, 0x3E, 0x02, 0x4D, 0x3E, 0x4D, 0x82, 0x3E, 0x04, 0x33, 0x3D, 0x55, 0x2A, 0x3C, 0x80, 
	0x3E, 0x0E, 0x87, 0x81, 0x56, 0x00, 0x7C, 0xE3, 0xF6, 0xE3, 0xE9, 0xE3, 0xE9, 0xE9, 0xE3, 0xE3, 
	0xE9, 0x80, 0xE3, 0x1C, 0xA0, 0x48, 0x3E, 0x26, 0x98, 0xDD, 0xA0, 0x2D, 0x4A, 0x3E, 0x3E, 0x4D, 
	0x3E, 0x49, 0x3E, 0x3E, 0x4D, 0x4F, 0x98, 0xE3, 0xEC, 0xE3, 0xE9, 0xE3, 0xE3, 0xE9, 0xE3, 0xE3, 
	0xE9, 0x80, 0xE3, 0x0B, 0xE9, 0xE3, 0xE3, 0xE9, 0xE3, 0xE9, 0xE3, 0xE9, 0xE3, 0xE9, 0xE3, 0xE9, 
	0x81, 0xE3, 0x00, 0xE9, 0x80, 0xE3, 0x03, 0xE9, 0xE3, 0xE3, 0xE9, 0x02, 0xE3, 0xE9, 0xE3, 0x80, 
	0xE9, 0x0E, 0xE3, 0xE9, 0xE9, 0xE3, 0xE9, 0xE3, 0xE9, 0xE3, 0xE3, 0xE9, 0xE9, 0xE3, 0xE9, 0xE9, 
	0xE3, 0x80, 0xE9, 0x31, 0xE3, 0xE9, 0xE9, 0xE3, 0xE9, 0xE9, 0xE3, 0xE3, 0xE9, 0xE3, 0xE9, 0xE8, 
	0xE9, 0xE8, 0xE9, 0xE9, 0xE3, 0xE9, 0xE3, 0xE9, 0xE3, 0xE9, 0xE3, 0xE9, 0xE8, 0xE3, 0xE9, 0xE3, 
	0xE9, 0xE3, 0xE3, 0xE9, 0xE8, 0xE9, 0xE8, 0xE9, 0xE3, 0xE9, 0xE9, 0xE3, 0xE9, 0xE3, 0xE9, 0xE3, 
	0xF6, 0xE3, 0xE3, 0xE9, 0xE9, 0xE8, 0x80, 0xE9, 0x29, 0xE3, 0xE3, 0xE9, 0xE3, 0xE3, 0xE9, 0xE3, 
	0xE9, 0xE3, 0xE9, 0xE8, 0xE8, 0xE3, 0xE9, 0xE9, 0xE3, 0xE8, 0xE9, 0xE3, 0xE9, 0xE9, 0xE3, 0xE3, 
	0xE9, 0xE3, 0xE8, 0xE9, 0xE3, 0xE9, 0xE3, 0xE9, 0xE3, 0xE9, 0xE3, 0xE3, 0xE9, 0xE3, 0xE9, 0xE8, 
	0xE9, 0xE3, 0xE9, 0x80, 0xE3, 0x23, 0xE9, 0xE9, 0xE3, 0xE9, 0xE3, 0xE9, 0xE3, 0xE9, 0xE3, 0xE9, 
	0xE3, 0xE3, 0xF6, 0xE3, 0xE9, 0xE3, 0xE3, 0xE9, 0xE3, 0xE3, 0xE9, 0xE3, 0xE9, 0xE9, 0xE3, 0xE8, 
	0xE3, 0xE9, 0xE3, 0xE9, 0xE9, 0xE3, 0xE9, 0xE3, 0xE3, 0xE9, 0x80, 0xE3, 0x3F, 0xF6, 0xE3, 0xE3, 
	0xE9, 0xE3, 0xE3, 0xE9, 0xE9, 0xE3, 0xE3, 0xE9, 0xE3, 0xE8, 0xE3, 0xE9, 0xE3, 0xE3, 0xE9, 0xE3, 
	0xE9, 0xE3, 0xE9, 0xE3, 0xF6, 0xE3, 0xE9, 0xE9, 0xE3, 0xE9, 0xE3, 0xE9, 0xE3, 0xE9, 0xE3, 0xE9, 
	0xE3, 0xE3, 0xE9, 0xE3, 0xF6, 0xE3, 0xE9, 0xE9, 0xE3, 0xE9, 0xE3, 0xE9, 0xE3, 0xE9, 0xE3, 0xE9, 
	0xE9, 0xF2, 0xE3, 0xE9, 0xE3, 0xA0, 0x4B, 0x00, 0x3C, 0x47, 0x37, 0x4D, 0x3C, 0x8A, 0x3E, 0x0F, 
	0x72, 0x2A, 0x48, 0x3D, 0x26, 0x32, 0x3E, 0x3E, 0x7A, 0xE3, 0xE8, 0x98, 0x73, 0xE9, 0xE3, 0xE9, 
	0x81, 0xE3, 0x09, 0xE9, 0xE3, 0xE3, 0xE9, 0xE3, 0xE3, 0xA0, 0x30, 0x7A, 0xA0, 0x80, 0xE3, 0x04, 
	0xE9, 0x98, 0x49, 0x4A, 0x33, 0x80, 0x3E, 0x03, 0x49, 0x48, 0x59, 0xA0, 0x80, 0xE3, 0x02, 0xE9, 
	0xE3, 0xE9, 0x81, 0xE3, 0x09, 0xE9, 0xE3, 0xE9, 0xE3, 0xE3, 0xE9, 0xE3, 0xE9, 0xE3, 0xEC, 0x87, 
	0xE3, 0x06, 0xE9, 0xE3, 0xE9, 0xE3, 0xE9, 0xE3, 0xE3, 0x13, 0xE9, 0xE3, 0xE9, 0xE9, 0xE3, 0xE9, 
	0xE3, 0xE9, 0xE3, 0xE9, 0xE3, 0xE9, 0xE3, 0xE9, 0xE9, 0xE3, 0xE3, 0xE9, 0xE3, 0xE3, 0x80, 0xE9, 
	0x10, 0xE3, 0xE9, 0xE3, 0xE9, 0xE3, 0xE9, 0xE3, 0xF6, 0xE9, 0xE9, 0xE8, 0xE9, 0xE3, 0xE9, 0xE3, 
	0xE3, 0xE8, 0x80, 0xE9, 0x1B, 0xE3, 0xE3, 0xE9, 0xE3, 0xE9, 0xE3, 0xF6, 0xE9, 0xE3, 0xE3, 0xE9, 
	0xE9, 0xE3, 0xE9, 0xE3, 0xE9, 0xE3, 0xE9, 0xE9, 0xE3, 0xE3, 0xE9, 0xE9, 0xE3, 0xE3, 0xE9, 0xE3, 
	0xE9, 0x80, 0xE3, 0x22, 0xE9, 0xE3, 0xE9, 0xE9, 0xE3, 0xE3, 0xE9, 0xE9, 0xE8, 0xE3, 0xE8, 0xE3, 
	0xF6, 0xE3, 0xE9, 0xE3, 0xE8, 0xE3, 0xE9, 0xE3, 0xE8, 0xE8, 0xE9, 0xE3, 0xE3, 0xE9, 0xE3, 0xE3, 
	0xF6, 0xE3, 0xE8, 0xE3, 0xE9, 0xE3, 0xE3, 0x80, 0xE9, 0x1F, 0xE3, 0xE3, 0xE9, 0xE3, 0xE9, 0xE3, 
	0xE9, 0xE9, 0xE3, 0xE9, 0xE3, 0xE9, 0xE3, 0xE9, 0xE3, 0xE9, 0xE3, 0xE3, 0xE9, 0xE9, 0xE3, 0xE3, 
	0xE9, 0xE3, 0xE9, 0xE9, 0xE3, 0xE9, 0xE3, 0xE3, 0xF2, 0xF6, 0x80, 0xE3, 0x08, 0xF2, 0xE8, 0xF6, 
	0xE3, 0xE3, 0xF6, 0xE3, 0xE9, 0xE9, 0x80, 0xE3, 0x0A, 0xE9, 0xE3, 0xE9, 0xE3, 0xE9, 0xE3, 0xE9, 
	0xE8, 0xE3, 0xE3, 0xE9, 0x80, 0xE3, 0x08, 0xF2, 0xE8, 0xE3, 0xE9, 0xE9, 0xE3, 0xF6, 0xE3, 0xE9, 
	0x80, 0xE3, 0x00, 0xE9, 0x82, 0xE3, 0x03, 0xE9, 0xE3, 0xE3, 0xE9, 0x81, 0xE3, 0x00, 0xE9, 0x82, 
	0xE3, 0x06, 0xE9, 0xE3, 0xE9, 0xE3, 0xE9, 0xE3, 0xE9, 0x82, 0xE3, 0x08, 0x81, 0x3F, 0x42, 0x00, 
	0x59, 0x55, 0x49, 0x41, 0x32, 0x83, 0x3E, 0x00, 0x4D, 0x82, 0x3E, 0x04, 0x33, 0x28, 0x48, 0x3E, 
	0x2E, 0x80, 0x3E, 0x04, 0x91, 0xF6, 0xE8, 0xE3, 0xE8, 0x83, 0xE3, 0x00, 0xE9, 0x83, 0xE3, 0x13, 
	0xD4, 0xA0, 0x81, 0xE3, 0xE3, 0xF2, 0xE3, 0xE3, 0xE8, 0x7C, 0x26, 0x2F, 0x4A, 0x4D, 0x3E, 0x33, 
	0x32, 0x26, 0xF0, 0xE8, 0x83, 0xE3, 0x01, 0xE9, 0xE9, 0x99, 0xE3, 0x80, 0xE3, 0x03, 0xE9, 0xE9, 
	0xE3, 0xE9, 0x80, 0xE3, 0x08, 0xE9, 0xE3, 0xE9, 0xE3, 0xE9, 0xE3, 0xE9, 0xE3, 0xE9, 0x80, 0xE3, 
	0x08, 0xE9, 0xE3, 0xE9, 0xE3, 0xE3, 0xE9, 0xE3, 0xE3, 0xE9, 0x80, 0xE3, 0x0E, 0xF2, 0xE8, 0xE9, 
	0xE3, 0xE9, 0xE3, 0xE8, 0xE3, 0xE3, 0xE9, 0xE3, 0xE9, 0xE3, 0xE8, 0xE9, 0x80, 0xE3, 0x03, 0xE9, 
	0xE3, 0xE3, 0xF6, 0x80, 0xE3, 0x03, 0xE9, 0xE3, 0xE3, 0xE9, 0x81, 0xE3, 0x01, 0xE9, 0xF6, 0x80, 
	0xE3, 0x00, 0xE9, 0x85, 0xE3, 0x12, 0xE9, 0xE3, 0xE9, 0xE9, 0xE3, 0xE3, 0xE9, 0xE3, 0xE9, 0xE3, 
	0xE9, 0xE3, 0xE9, 0xE3, 0xE9, 0xE3, 0xE9, 0xE3, 0xE9, 0x81, 0xE3, 0x03, 0xE9, 0xE3, 0xE3, 0xE9, 
	0x82, 0xE3, 0x00, 0xE9, 0x80, 0xE3, 0x03, 0xE9, 0xE3, 0xE3, 0xE9, 0x85, 0xE3, 0x00, 0xE9, 0x80, 
	0xE3, 0x00, 0xE9, 0x81, 0xE3, 0x00, 0xE9, 0x8A, 0xE3, 0x00, 0xE9, 0x81, 0xE3, 0x00, 0xE9, 0x8D, 
	0xE3, 0x00, 0xF6, 0x89, 0xE3, 0x00, 0xE9, 0x90, 0xE3, 0x00, 0xF2, 0x86, 0xE3, 0x09, 0xE8, 0x2B, 
	0x4B, 0x42, 0x4B, 0x00, 0x00, 0x4B, 0x3D, 0x4D, 0x80, 0x3E, 0x04, 0x4D, 0x32, 0x2A, 0x4F, 0x4D, 
	0x80, 0x3E, 0x04, 0x33, 0x3C, 0x4A, 0x3E, 0x4F, 0x80, 0x3E, 0x01, 0x48, 0xF6, 0x83, 0xE3, 0x05, 
	0xE9, 0xE3, 0xE3, 0xEE, 0xE3, 0xE9, 0x82, 0xE3, 0x01, 0xEE, 0xF2, 0x82, 0xE3, 0x02, 0xF2, 0x7A, 
	0x72, 0x82, 0x3E, 0x02, 0x4D, 0x2E, 0x81, 0x8A, 0xE3, 0x08, 0xF2, 0xEE, 0xE3, 0xE3, 0xF2, 0xE3, 
	0xE3, 0xEE, 0xF2, 0x81, 0xE3, 0x00, 0xF2, 0x87, 0xE3, 0x83, 0xE3, 0x03, 0xE9, 0xE3, 0xE3, 0xE9, 
	0x82, 0xE3, 0x00, 0xE9, 0x86, 0xE3, 0x00, 0xE9, 0x81, 0xE3, 0x00, 0xF2, 0x85, 0xE3, 0x00, 0xE9, 
	0x87, 0xE3, 0x00, 0xF6, 0x83, 0xE3, 0x00, 0xE9, 0xA5, 0xE3, 0x02, 0xE8, 0xE3, 0xE9, 0xBE, 0xE3, 
	0x01, 0xE9, 0xF2, 0xAE, 0xE3, 0x08, 0x81, 0x2F, 0x2A, 0x00, 0x42, 0x42, 0x3F, 0x00, 0x4F, 0x80, 
	0x3E, 0x05, 0x4D, 0x3E, 0x32, 0x2F, 0x30, 0x4D, 0x80, 0x3E, 0x04, 0x49, 0x2A, 0x3E, 0x3E, 0x4F, 
	0x80, 0x3E, 0x03, 0x33, 0x98, 0xE8, 0xEE, 0x81, 0xE3, 0x00, 0xEE, 0x81, 0xE3, 0x00, 0xEE, 0x83, 
	0xE3, 0x03, 0xEE, 0xE3, 0xE3, 0xEE, 0x80, 0xE3, 0x04, 0x81, 0x49, 0x3E, 0x3E, 0x4D, 0x80, 0x3E, 
	0x02, 0x4F, 0xF6, 0xEE, 0x82, 0xE3, 0x00, 0xEE, 0x87, 0xE3, 0x00, 0xEE, 0x8C, 0xE3, 0x00, 0xEE, 
	0x80, 0xE3, 0x8A, 0xE3, 0x00, 0xE9, 0x81, 0xE3, 0x00, 0xF2, 0x81, 0xE3, 0x03, 0xF2, 0xE3, 0xE3, 
	0xEE, 0x91, 0xE3, 0x00, 0xF2, 0xA5, 0xE3, 0x00, 0xE8, 0x85, 0xE3, 0x00, 0xEE, 0x81, 0xE3, 0x03, 
	0xE8, 0xE3, 0xE3, 0xEE, 0x9D, 0xE3, 0x00, 0xEE, 0x86, 0xE3, 0x03, 0xEE, 0xE3, 0xE3, 0xEE, 0x8C, 
	0xE3, 0x01, 0xEE, 0xEE, 0x81, 0xE3, 0x00, 0xEE, 0x9C, 0xE3, 0x06, 0xEE, 0xE3, 0xE3, 0xEE, 0xE3, 
	0xE3, 0xEE, 0x82, 0xE3, 0x0E, 0x81, 0x72, 0x3E, 0x2F, 0x41, 0x00, 0x4B, 0x00, 0x26, 0x3E, 0x3E, 
	0x48, 0x48, 0x3E, 0x4D, 0x82, 0x3E, 0x13, 0x35, 0x49, 0x27, 0x3E, 0x3E, 0x4F, 0x3E, 0x3E, 0x4D, 
	0x33, 0x28, 0x56, 0xA0, 0xE8, 0xE9, 0xE9, 0xE8, 0xE3, 0xE3, 0xEE, 0x84, 0xE3, 0x00, 0xEE, 0x82, 
	0xE3, 0x05, 0xEE, 0xE3, 0xE3, 0x7A, 0x72, 0x4D, 0x81, 0x3E, 0x02, 0x4D, 0x26, 0xA0, 0x81, 0xE3, 
	0x00, 0xEE, 0x82, 0xE3, 0x00, 0xEE, 0x81, 0xE3, 0x00, 0xEE, 0x80, 0xE3, 0x03, 0xEE, 0xE3, 0xE3, 
	0xEE, 0x81, 0xE3, 0x03, 0xEE, 0xE3, 0xE3, 0xEE, 0x81, 0xE3, 0x01, 0xEE, 0xE3, 0xAB, 0xE3, 0x03, 
	0xEE, 0xE3, 0xE3, 0xEE, 0x94, 0xE3, 0x00, 0xEE, 0x81, 0xE3, 0x00, 0xEE, 0x80, 0xE3, 0x00, 0xEE, 
	0x80, 0xE3, 0x05, 0xEE, 0xE3, 0xEE, 0xE3, 0xE3, 0xEE, 0x83, 0xE3, 0x00, 0xEE, 0x80, 0xE3, 0x00, 
	0xEE, 0x82, 0xE3, 0x02, 0xEE, 0xE3, 0xEE, 0x81, 0xE3, 0x02, 0xEE, 0xE3, 0xEE, 0x80, 0xE3, 0x00, 
	0xEE, 0x82, 0xE3, 0x00, 0xEE, 0x83, 0xE3, 0x00, 0xEE, 0x84, 0xE3, 0x02, 0xEE, 0xE3, 0xEE, 0x85, 
	0xE3, 0x02, 0xEE, 0xE3, 0xEE, 0x87, 0xE3, 0x00, 0xEE, 0x80, 0xE3, 0x00, 0xEE, 0x80, 0xE3, 0x04, 
	0xEE, 0xE3, 0xEE, 0xE3, 0xEE, 0x80, 0xE3, 0x18, 0xF6, 0xA0, 0xA0, 0x71, 0xA0, 0xE3, 0xE3, 0xEE, 
	0xE3, 0xE3, 0xEE, 0xE3, 0xEE, 0xE3, 0xE3, 0xEE, 0xE3, 0xE3, 0xEE, 0xE3, 0xE3, 0xEE, 0xE3, 0xE3, 
	0xEE, 0x80, 0xE3, 0x18, 0xEE, 0xE3, 0xE3, 0xEE, 0xE3, 0xE3, 0xEE, 0xF6, 0x3D, 0x4D, 0x3E, 0x49, 
	0x26, 0x2A, 0x18, 0x48, 0x4D, 0x3E, 0x2C, 0x41, 0x49, 0x4D, 0x3E, 0x48, 0x3D, 0x80, 0x3E, 0x15, 
	0x3D, 0x2F, 0x3E, 0x3E, 0x2E, 0x32, 0x3E, 0x3D, 0x3C, 0x4B, 0x41, 0x00, 0x7A, 0x4D, 0x8A, 0xD6, 
	0x81, 0xE9, 0xEE, 0xE3, 0xE3, 0xEE, 0x80, 0xE3, 0x0C, 0xEE, 0xE3, 0xE3, 0xEE, 0xE3, 0xEE, 0xE3, 
	0xE3, 0xEE, 0xEE, 0xA0, 0x33, 0x4D, 0x82, 0x3E, 0x03, 0x31, 0x56, 0x81, 0xEE, 0x82, 0xE3, 0x00, 
	0xEE, 0x80, 0xE3, 0x02, 0xEE, 0xE3, 0xEE, 0x80, 0xE3, 0x03, 0xEE, 0xE3, 0xE3, 0xEE, 0x80, 0xE3, 
	0x0C, 0xEE, 0xE3, 0xEE, 0xE3, 0xEE, 0xE3, 0xE3, 0xEE, 0xE3, 0xEE, 0xE3, 0xEE, 0xE3, 0x86, 0xE3, 
	0x00, 0xEE, 0x80, 0xE3, 0x00, 0xEE, 0x80, 0xE3, 0x05, 0xEE, 0xE3, 0xEE, 0xE3, 0xE3, 0xEE, 0x81, 
	0xE3, 0x03, 0xEE, 0xE3, 0xE3, 0xEE, 0x80, 0xE3, 0x00, 0xEE, 0x83, 0xE3, 0x00, 0xEE, 0x85, 0xE3, 
	0x00, 0xEE, 0x82, 0xE3, 0x06, 0xEE, 0xE3, 0xEE, 0xEE, 0xE3, 0xE3, 0xEE, 0x81, 0xE3, 0x04, 0xEE, 
	0xEE, 0xE3, 0xE3, 0xEE, 0x82, 0xE3, 0x03, 0xEE, 0xE3, 0xE3, 0xEE, 0x85, 0xE3, 0x00, 0xEE, 0x80, 
	0xE3, 0x02, 0xEE, 0xE3, 0xEE, 0x80, 0xE3, 0x04, 0xEE, 0xE3, 0xEE, 0xF2, 0xEE, 0x80, 0xE3, 0x00, 
	0xEE, 0x81, 0xE3, 0x00, 0xEE, 0x81, 0xE3, 0x00, 0xEE, 0x82, 0xE3, 0x00, 0xEE, 0x82, 0xE3, 0x03, 
	0xEE, 0xE3, 0xE3, 0xEE, 0x80, 0xE3, 0x00, 0xEE, 0x85, 0xE3, 0x06, 0xEE, 0xE3, 0xE3, 0xEE, 0xEE, 
	0xE3, 0xEE, 0x81, 0xE3, 0x08, 0xEE, 0xE3, 0xE3, 0xEE, 0xE3, 0xEE, 0xEE, 0xE3, 0xEE, 0x80, 0xE3, 
	0x00, 0xEE, 0x81, 0xE3, 0x0E, 0xEE, 0xE3, 0xE3, 0xE8, 0xE3, 0xE8, 0x81, 0xA0, 0x60, 0x91, 0x72, 
	0x6F, 0x6F, 0x8A, 0x71, 0x81, 0xE3, 0x07, 0xEE, 0xE8, 0xA0, 0x66, 0xA0, 0xE8, 0xE3, 0xEE, 0x80, 
	0xE3, 0x0B, 0xEE, 0xE3, 0xE3, 0xEE, 0xE3, 0xE3, 0xEE, 0xE3, 0xE3, 0xEE, 0xE8, 0xEE, 0x80, 0xE3, 
	0x00, 0x7A, 0x80, 0x3E, 0x00, 0x4D, 0x83, 0x3E, 0x00, 0x49, 0x80, 0x3E, 0x29, 0x2F, 0x00, 0x49, 
	0x3E, 0x4D, 0x49, 0x26, 0x3E, 0x3E, 0x2A, 0x2B, 0x2B, 0x41, 0x4B, 0x3F, 0x00, 0x3C, 0x36, 0x37, 
	0x37, 0x55, 0xCF, 0xD4, 0x98, 0xE3, 0xEE, 0xE3, 0xEE, 0xE3, 0xEE, 0xE3, 0xE3, 0xEE, 0xE3, 0xE3, 
	0xEE, 0xEE, 0xE3, 0xEE, 0xE3, 0xA0, 0x32, 0x83, 0x3E, 0x26, 0x3D, 0xA0, 0x9A, 0xE8, 0xEE, 0xE3, 
	0xEE, 0xEE, 0xE3, 0xEE, 0xE3, 0xEE, 0xE3, 0xEE, 0xE3, 0xEE, 0xE3, 0xEE, 0xE3, 0xE3, 0xEE, 0xEE, 
	0xE3, 0xEE, 0xEE, 0xE3, 0xEE, 0xE3, 0xEE, 0xE3, 0xEE, 0xE3, 0xE3, 0xEE, 0xE3, 0xEE, 0xE3, 0xEE, 
	0xE3, 0x03, 0xEE, 0xE3, 0xE3, 0xEE, 0x81, 0xE3, 0x06, 0xEE, 0xF2, 0xE3, 0xE3, 0xEE, 0xE3, 0xEE, 
	0x86, 0xE3, 0x00, 0xEE, 0x84, 0xE3, 0x00, 0xEE, 0x81, 0xE3, 0x08, 0xEE, 0xE3, 0xEE, 0xE3, 0xEE, 
	0xE3, 0xEE, 0xE3, 0xEE, 0x80, 0xE3, 0x06, 0xEE, 0xE3, 0xEE, 0xEE, 0xE3, 0xE3, 0xEE, 0x82, 0xE3, 
	0x05, 0xEE, 0xE3, 0xE3, 0xEE, 0xE3, 0xEE, 0x81, 0xE3, 0x05, 0xEE, 0xE3, 0xEE, 0xE3, 0xE3, 0xEE, 
	0x81, 0xE3, 0x03, 0xEE, 0xE3, 0xE3, 0xEE, 0x80, 0xE3, 0x04, 0xEE, 0xE3, 0xEE, 0xE3, 0xEE, 0x80, 
	0xE3, 0x02, 0xEE, 0xE3, 0xEE, 0x81, 0xE3, 0x06, 0xEE, 0xE3, 0xE3, 0xEE, 0xE3, 0xE3, 0xEE, 0x82, 
	0xE3, 0x1C, 0xEE, 0xE3, 0xE3, 0xEE, 0xE3, 0xEE, 0xE3, 0xEE, 0xE3, 0xEE, 0xE3, 0xEE, 0xE3, 0xEE, 
	0xE3, 0xE3, 0xEE, 0xE3, 0xEE, 0xE3, 0xEE, 0xE3, 0xEE, 0xE3, 0xEE, 0xE3, 0xEE, 0xE3, 0xEE, 0x81, 
	0xE3, 0x0C, 0xEE, 0xE3, 0xE3, 0xEE, 0xE3, 0xEE, 0xE3, 0xEE, 0xE3, 0xEE, 0xE3, 0xE3, 0xEE, 0x80, 
	0xE3, 0x09, 0xEE, 0xE3, 0xEE, 0xE3, 0xEE, 0xE3, 0xEE, 0xE3, 0xEE, 0xF6, 0x80, 0xCF, 0x16, 0x73, 
	0xA3, 0x3B, 0x00, 0x62, 0x7A, 0x91, 0x6A, 0x40, 0x6E, 0x3D, 0x69, 0xE3, 0xEE, 0xE3, 0x69, 0xA0, 
	0x3E, 0x89, 0x4D, 0x7A, 0x69, 0xF6, 0x81, 0xEE, 0x0A, 0xE3, 0xEE, 0xE3, 0xEE, 0xEE, 0xE3, 0xE3, 
	0xEE, 0xE3, 0xEE, 0xE3, 0x80, 0xEE, 0x02, 0x81, 0x49, 0x4D, 0x85, 0x3E, 0x05, 0x4D, 0x3E, 0x4D, 
	0x3E, 0x3E, 0x49, 0x80, 0x3E, 0x0F, 0x3D, 0x4F, 0x4D, 0x3E, 0x2C, 0x00, 0x41, 0x3F, 0x00, 0x00, 
	0x26, 0x45, 0x37, 0x37, 0x36, 0xC6, 0x80, 0xD2, 0x04, 0x7C, 0xF6, 0xEE, 0xE3, 0xE3, 0x80, 0xEE, 
	0x09, 0xE3, 0xEE, 0xE3, 0xEE, 0xE3, 0xE3, 0xEE, 0xEE, 0xA0, 0x32, 0x81, 0x3E, 0x0C, 0x4D, 0x3E, 
	0x3C, 0xA0, 0xEE, 0xA0, 0xE3, 0xEE, 0xEE, 0xE3, 0xE3, 0xEE, 0xE3, 0x80, 0xEE, 0x0F, 0xE3, 0xE3, 
	0xEE, 0xEE, 0xE3, 0xEE, 0xEE, 0xE3, 0xE3, 0xEE, 0xE3, 0xE3, 0xEE, 0xE3, 0xEE, 0xE3, 0x80, 0xEE, 
	0x05, 0xE3, 0xE3, 0xEE, 0xE3, 0xE3, 0xEE, 0x08, 0xE3, 0xE3, 0xEE, 0xE3, 0xE3, 0xEE, 0xE3, 0xEE, 
	0xE3, 0x80, 0xEE, 0x80, 0xE3, 0x14, 0xEE, 0xE3, 0xE3, 0xEE, 0xE3, 0xE3, 0xEE, 0xE3, 0xEE, 0xE3, 
	0xEE, 0xF2, 0xEE, 0xEE, 0xE3, 0xEE, 0xE3, 0xE3, 0xEE, 0xE3, 0xEE, 0x81, 0xE3, 0x09, 0xEE, 0xE3, 
	0xEE, 0xE3, 0xE3, 0xEE, 0xE3, 0xEE, 0xE3, 0xEE, 0x82, 0xE3, 0x2B, 0xEE, 0xE3, 0xEE, 0xE3, 0xE3, 
	0xEE, 0xE3, 0xE3, 0xEE, 0xE3, 0xE3, 0xEE, 0xE3, 0xEE, 0xE3, 0xEE, 0xEE, 0xE3, 0xE3, 0xEE, 0xE3, 
	0xEE, 0xE3, 0xEE, 0xE3, 0xEE, 0xE3, 0xE3, 0xEE, 0xE3, 0xEE, 0xE3, 0xEE, 0xE3, 0xE3, 0xEE, 0xE3, 
	0xE3, 0xEE, 0xE3, 0xEE, 0xE3, 0xEE, 0xE3, 0x80, 0xEE, 0x29, 0xE3, 0xEE, 0xE3, 0xEE, 0xE3, 0xEE, 
	0xE3, 0xE3, 0xEE, 0xEE, 0xE3, 0xEE, 0xEE, 0xE3, 0xEE, 0xEE, 0xE3, 0xEE, 0xE3, 0xEE, 0xE3, 0xEE, 
	0xE3, 0xEE, 0xE3, 0xEE, 0xE3, 0xEE, 0xE3, 0xEE, 0xE3, 0xEE, 0xE3, 0xEE, 0xE3, 0xE3, 0xEE, 0xE3, 
	0xEE, 0xE3, 0xEE, 0xE3, 0x80, 0xEE, 0x0B, 0xE3, 0xEE, 0xE3, 0xEE, 0xE3, 0xEE, 0xE3, 0xE3, 0xEE, 
	0xEE, 0xE3, 0xEE, 0x80, 0xE3, 0x0D, 0xEE, 0xEE, 0xE3, 0xE3, 0xEE, 0xE3, 0xEE, 0xE3, 0xEE, 0xEE, 
	0xE3, 0xEE, 0xE8, 0x81, 0x80, 0xA0, 0x2B, 0x64, 0xF6, 0xE8, 0xE3, 0xE3, 0xA0, 0x6A, 0x89, 0x89, 
	0x7A, 0xF6, 0xE8, 0x60, 0xC3, 0x89, 0x4D, 0x6A, 0x6F, 0x6F, 0x8A, 0x48, 0x61, 0xA0, 0xE8, 0xE8, 
	0xE3, 0xEE, 0xEE, 0xE3, 0xEE, 0xEE, 0xE3, 0xEE, 0xF2, 0xEE, 0xEE, 0xE3, 0xEE, 0xE3, 0xE8, 0x2E, 
	0x3E, 0x33, 0x4A, 0x88, 0x3E, 0x08, 0x4D, 0x3E, 0x3E, 0x4D, 0x26, 0x33, 0x3E, 0x3E, 0x30, 0x80, 
	0x00, 0x02, 0x2A, 0x3E, 0x36, 0x80, 0x37, 0x0C, 0x35, 0xD4, 0xD2, 0xD2, 0xC6, 0x2C, 0x48, 0x81, 
	0xEE, 0xEE, 0xE3, 0xEE, 0xE3, 0x80, 0xEE, 0x00, 0xE3, 0x80, 0xEE, 0x02, 0xF2, 0xA0, 0x32, 0x82, 
	0x3E, 0x07, 0x4D, 0x2F, 0x73, 0xE8, 0xEE, 0xE3, 0xEE, 0xE3, 0x80, 0xEE, 0x80, 0xE3, 0x80, 0xEE, 
	0x00, 0xE3, 0x80, 0xEE, 0x06, 0xE3, 0xEE, 0xEE, 0xE3, 0xEE, 0xEE, 0xE3, 0x80, 0xEE, 0x00, 0xE3, 
	0x84, 0xEE, 0x00, 0xE3, 0x08, 0xEE, 0xE3, 0xEE, 0xE3, 0xEE, 0xE3, 0xEE, 0xE3, 0xEE, 0x80, 0xE3, 
	0x0D, 0xEE, 0xE3, 0xEE, 0xE3, 0xEE, 0xE3, 0xEE, 0xE3, 0xE3, 0xEE, 0xE3, 0xEE, 0xE3, 0xEE, 0x80, 
	0xE3, 0x06, 0xEE, 0xEE, 0xE3, 0xEE, 0xE3, 0xEE, 0xF2, 0x80, 0xEE, 0x10, 0xE3, 0xE3, 0xEE, 0xE3, 
	0xEE, 0xEE, 0xE3, 0xEE, 0xEE, 0xE3, 0xEE, 0xE3, 0xEE, 0xE3, 0xEE, 0xEE, 0xE3, 0x80, 0xEE, 0x2D, 
	0xE3, 0xEE, 0xEE, 0xE3, 0xEE, 0xE3, 0xEE, 0xE3, 0xEE, 0xE3, 0xE3, 0xEE, 0xE3, 0xEE, 0xE3, 0xEE, 
	0xEE, 0xE3, 0xEE, 0xE3, 0xEE, 0xEE, 0xE3, 0xEE, 0xE3, 0xEE, 0xF2, 0xEE, 0xEE, 0xE3, 0xEE, 0xEE, 
	0xE3, 0xEE, 0xE3, 0xE3, 0xEE, 0xF2, 0xEE, 0xE3, 0xEE, 0xE3, 0xEE, 0xE3, 0xEE, 0xE3, 0x80, 0xEE, 
	0x13, 0xE3, 0xEE, 0xEE, 0xE3, 0xEE, 0xEE, 0xE3, 0xEE, 0xEE, 0xF2, 0xEE, 0xE3, 0xEE, 0xE3, 0xEE, 
	0xE3, 0xEE, 0xE3, 0xEE, 0xE3, 0x81, 0xEE, 0x04, 0xE3, 0xE3, 0xEE, 0xEE, 0xE3, 0x81, 0xEE, 0x09, 
	0xE3, 0xEE, 0xE3, 0xEE, 0xE3, 0xEE, 0xE3, 0xEE, 0xEE, 0xF2, 0x82, 0xEE, 0x00, 0xF2, 0x83, 0xEE, 
	0x00, 0xE3, 0x80, 0xEE, 0x08, 0xE3, 0xEE, 0xE3, 0xEE, 0xE3, 0xEE, 0xE3, 0xEE, 0xE3, 0x84, 0xEE, 
	0x1A, 0xE3, 0x81, 0xCF, 0x3C, 0x6F, 0x6F, 0x6C, 0x7A, 0x6F, 0x6F, 0x3D, 0x64, 0xA0, 0x81, 0x7A, 
	0x3D, 0x91, 0x2B, 0x00, 0x5F, 0x73, 0xCF, 0x61, 0xE3, 0xE3, 0xEE, 0xF2, 0x81, 0xEE, 0x00, 0xF2, 
	0x81, 0xEE, 0x03, 0xA0, 0x49, 0x3C, 0x59, 0x88, 0x3E, 0x1B, 0x4D, 0x32, 0x49, 0x2F, 0x2B, 0x33, 
	0x4D, 0x3E, 0x3D, 0x3E, 0x35, 0x46, 0x47, 0x33, 0x2E, 0x3E, 0x36, 0x37, 0x4A, 0xD1, 0xD2, 0xD5, 
	0x2D, 0x36, 0x37, 0x46, 0x91, 0xE3, 0x81, 0xEE, 0x00, 0xF2, 0x81, 0xEE, 0x03, 0xE3, 0xEB, 0x71, 
	0x49, 0x82, 0x3E, 0x04, 0x33, 0x2C, 0xCA, 0xA0, 0x74, 0x81, 0xEE, 0x00, 0xE3, 0x81, 0xEE, 0x06, 
	0xE3, 0xEE, 0xEE, 0xE3, 0xEE, 0xEE, 0xE3, 0x82, 0xEE, 0x02, 0xE3, 0xEE, 0xE3, 0x80, 0xEE, 0x02, 
	0xE3, 0xEE, 0xE3, 0x81, 0xEE, 0x00, 0xE3, 0x18, 0xE3, 0xEE, 0xE3, 0xE3, 0xEE, 0xE3, 0xEE, 0xE3, 
	0xEE, 0xE3, 0xEE, 0xEE, 0xE3, 0xEE, 0xE3, 0xEE, 0xEE, 0xE3, 0xEE, 0xEE, 0xE3, 0xEE, 0xE3, 0xEE, 
	0xE3, 0x81, 0xEE, 0x08, 0xE3, 0xE3, 0xEE, 0xF2, 0xEE, 0xE3, 0xEE, 0xEE, 0xF2, 0x81, 0xEE, 0x04, 
	0xE3, 0xEE, 0xE3, 0xEE, 0xE3, 0x80, 0xEE, 0x0D, 0xF2, 0xEE, 0xE3, 0xEE, 0xEE, 0xE3, 0xEE, 0xF2, 
	0xEE, 0xE3, 0xEE, 0xF2, 0xEE, 0xE3, 0x85, 0xEE, 0x08, 0xE3, 0xEE, 0xEE, 0xE3, 0xEE, 0xE3, 0xEE, 
	0xEE, 0xE3, 0x83, 0xEE, 0x03, 0xE3, 0xEE, 0xEE, 0xE3, 0x85, 0xEE, 0x02, 0xE3, 0xEE, 0xE3, 0x80, 
	0xEE, 0x0B, 0xE3, 0xEE, 0xE3, 0xEE, 0xEE, 0xE3, 0xEE, 0xEE, 0xF2, 0xEE, 0xEE, 0xE3, 0x82, 0xEE, 
	0x09, 0xE3, 0xEE, 0xE3, 0xEE, 0xEE, 0xE3, 0xEE, 0xE3, 0xEE, 0xE3, 0x80, 0xEE, 0x00, 0xE3, 0x80, 
	0xEE, 0x03, 0xE3, 0xEE, 0xEE, 0xE3, 0x80, 0xEE, 0x00, 0xE3, 0x80, 0xEE, 0x00, 0xE3, 0x80, 0xEE, 
	0x00, 0xF2, 0x80, 0xEE, 0x04, 0xF2, 0xEE, 0xE3, 0xEE, 0xF2, 0x80, 0xEE, 0x00, 0xE3, 0x80, 0xEE, 
	0x03, 0xE3, 0xEE, 0xEE, 0xE3, 0x81, 0xEE, 0x1B, 0xE3, 0xEE, 0xEE, 0xE3, 0xEE, 0xF0, 0x73, 0x5F, 
	0x00, 0x75, 0x4D, 0x3D, 0x89, 0x3E, 0x2D, 0xCF, 0x81, 0xEE, 0xEE, 0xE3, 0xE8, 0xE8, 0x81, 0xA0, 
	0xA0, 0x64, 0xA0, 0xF6, 0x84, 0xEE, 0x00, 0xE3, 0x80, 0xEE, 0x07, 0xE3, 0xEE, 0xE8, 0x2D, 0x3D, 
	0x31, 0x2E, 0x48, 0x80, 0x3E, 0x00, 0x33, 0x80, 0x49, 0x0A, 0x3D, 0x31, 0x2F, 0x2E, 0x3A, 0x33, 
	0x00, 0x2B, 0x48, 0x3D, 0x39, 0x80, 0x37, 0x13, 0x26, 0x9F, 0x88, 0x9E, 0x30, 0x40, 0x99, 0xC6, 
	0xD2, 0xD4, 0x40, 0x37, 0x37, 0x36, 0x7A, 0xA0, 0x81, 0x74, 0xE3, 0xD9, 0x84, 0xEE, 0x02, 0xC6, 
	0x33, 0x4D, 0x80, 0x3E, 0x05, 0x4D, 0x3D, 0x00, 0x81, 0xE8, 0x81, 0x83, 0xEE, 0x00, 0xE3, 0x83, 
	0xEE, 0x00, 0xD9, 0x92, 0xEE, 0x05, 0xEE, 0xEE, 0xE3, 0xEE, 0xEE, 0xE3, 0x82, 0xEE, 0x04, 0xE3, 
	0xEE, 0xE3, 0xEE, 0xE3, 0x80, 0xEE, 0x03, 0xE3, 0xEE, 0xEE, 0xE3, 0x81, 0xEE, 0x00, 0xE3, 0x83, 
	0xEE, 0x09, 0xE3, 0xEE, 0xE3, 0xEE, 0xE3, 0xEE, 0xEE, 0xF2, 0xEE, 0xE3, 0x80, 0xEE, 0x05, 0xF2, 
	0xEE, 0xE3, 0xEE, 0xEE, 0xE3, 0x82, 0xEE, 0x00, 0xE3, 0x82, 0xEE, 0x09, 0xE3, 0xEE, 0xE3, 0xEE, 
	0xEE, 0xE3, 0xEE, 0xE3, 0xEE, 0xE3, 0x81, 0xEE, 0x0A, 0xE3, 0xE3, 0xEE, 0xE3, 0xEE, 0xE3, 0xEE, 
	0xE3, 0xEE, 0xEE, 0xE3, 0x82, 0xEE, 0x02, 0xE3, 0xEE, 0xE3, 0x81, 0xEE, 0x02, 0xE3, 0xEE, 0xE3, 
	0x81, 0xEE, 0x03, 0xE3, 0xEE, 0xEE, 0xE3, 0x84, 0xEE, 0x00, 0xE3, 0x83, 0xEE, 0x00, 0xE3, 0x83, 
	0xEE, 0x05, 0xE3, 0xEE, 0xE3, 0xEE, 0xEE, 0xE3, 0x82, 0xEE, 0x00, 0xE3, 0x91, 0xEE, 0x00, 0xE3, 
	0x87, 0xEE, 0x00, 0xE3, 0x85, 0xEE, 0x0B, 0xE8, 0x61, 0x3D, 0x6F, 0x89, 0x6F, 0x98, 0x98, 0x7C, 
	0xCF, 0xCF, 0xE8, 0x82, 0xEE, 0x03, 0xD9, 0xEE, 0xEE, 0xD9, 0x8B, 0xEE, 0x36, 0xE8, 0x4F, 0x3E, 
	0x26, 0x28, 0x49, 0x3E, 0x48, 0x2C, 0x3C, 0x2A, 0x2A, 0x2C, 0x2C, 0x2F, 0x48, 0x36, 0x47, 0x2B, 
	0x00, 0x4B, 0x3C, 0xB6, 0x37, 0x37, 0x79, 0x9F, 0x16, 0x5E, 0x5E, 0x21, 0x4B, 0x2B, 0xD2, 0xD2, 
	0x7C, 0x36, 0x37, 0x37, 0x3D, 0xD1, 0xD2, 0xD4, 0xCF, 0x7A, 0x81, 0xE3, 0xEE, 0xEE, 0xE3, 0x69, 
	0x81, 0xA0, 0x62, 0x33, 0x82, 0x3E, 0x04, 0x49, 0x62, 0x62, 0xD6, 0xE3, 0x98, 0xEE, 0x00, 0xD9, 
	0x84, 0xEE, 0x85, 0xEE, 0x00, 0xE3, 0x88, 0xEE, 0x00, 0xE3, 0x81, 0xEE, 0x00, 0xE3, 0x80, 0xEE, 
	0x00, 0xE3, 0x80, 0xEE, 0x00, 0xE3, 0x91, 0xEE, 0x00, 0xE3, 0x84, 0xEE, 0x00, 0xE3, 0x89, 0xEE, 
	0x00, 0xE3, 0x8C, 0xEE, 0x00, 0xE3, 0xA2, 0xEE, 0x00, 0xE3, 0xA4, 0xEE, 0x00, 0xD9, 0x8E, 0xEE, 
	0x08, 0x81, 0xA0, 0x71, 0xA0, 0x81, 0xEE, 0xEE, 0x74, 0x81, 0x96, 0xEE, 0x35, 0xE8, 0x7A, 0x48, 
	0x49, 0x3E, 0x49, 0x35, 0x36, 0x31, 0x48, 0x2E, 0x2F, 0x2C, 0x2E, 0x34, 0x2C, 0x30, 0x4F, 0x2F, 
	0x00, 0x00, 0x18, 0x3E, 0x39, 0x2E, 0x13, 0x30, 0x41, 0x18, 0x21, 0x4C, 0x28, 0xD2, 0xD2, 0xC6, 
	0x36, 0x37, 0x47, 0xCB, 0xD2, 0xD2, 0x7A, 0x47, 0x38, 0x39, 0x3D, 0x81, 0xE8, 0x4F, 0x40, 0x48, 
	0xD4, 0x7C, 0x33, 0x81, 0x3E, 0x05, 0x4D, 0x33, 0x81, 0x81, 0xA0, 0xD9, 0x84, 0xEE, 0x00, 0xD9, 
	0x88, 0xEE, 0x00, 0xD9, 0x80, 0xEE, 0x00, 0xD9, 0x81, 0xEE, 0x06, 0xD9, 0xEE, 0xEE, 0xD9, 0xEE, 
	0xD9, 0xEE, 0x81, 0xEE, 0x00, 0xE3, 0x8F, 0xEE, 0x00, 0xE3, 0xA4, 0xEE, 0x00, 0xD9, 0x82, 0xEE, 
	0x00, 0xD9, 0x8B, 0xEE, 0x00, 0xD9, 0x87, 0xEE, 0x00, 0xD9, 0x94, 0xEE, 0x00, 0xD9, 0x84, 0xEE, 
	0x00, 0xD9, 0x83, 0xEE, 0x00, 0xD9, 0x82, 0xEE, 0x00, 0xD9, 0x85, 0xEE, 0x00, 0xD9, 0x84, 0xEE, 
	0x03, 0xEB, 0xEE, 0xEE, 0xD9, 0x82, 0xEE, 0x00, 0xD9, 0x80, 0xEE, 0x00, 0xD9, 0x80, 0xEE, 0x00, 
	0xD9, 0x80, 0xEE, 0x01, 0xD9, 0xD9, 0x80, 0xEE, 0x00, 0xD9, 0x84, 0xEE, 0x04, 0xD9, 0xEE, 0xEE, 
	0xD9, 0xD9, 0x80, 0xEE, 0x08, 0xD9, 0xEE, 0xD9, 0xEE, 0xEE, 0xD9, 0xEE, 0xEE, 0xD9, 0x81, 0xEE, 
	0x3D, 0xD9, 0xEE, 0xD9, 0xEE, 0xEE, 0xD9, 0xD9, 0xEE, 0xEE, 0xD9, 0xEE, 0x81, 0x7A, 0x7A, 0x62, 
	0x48, 0x39, 0x4D, 0x00, 0x28, 0x4B, 0x4B, 0x00, 0x2B, 0x20, 0x2C, 0x26, 0x3C, 0x3B, 0x28, 0x41, 
	0x00, 0x42, 0x20, 0x23, 0x42, 0x3B, 0x42, 0x3B, 0x4B, 0x73, 0xD2, 0xD2, 0x7C, 0x36, 0x37, 0x4D, 
	0xD1, 0xD2, 0xD1, 0x4A, 0x37, 0x37, 0x38, 0x48, 0xD1, 0x7C, 0x39, 0x37, 0x99, 0xD2, 0x7C, 0x83, 
	0x3E, 0x0B, 0x48, 0x81, 0xD9, 0x81, 0x74, 0xEE, 0xEE, 0xD9, 0xEE, 0xD9, 0xEE, 0xD9, 0x82, 0xEE, 
	0x03, 0xD9, 0xEE, 0xEE, 0xD9, 0x81, 0xEE, 0x00, 0xD9, 0x80, 0xEE, 0x03, 0xD9, 0xD9, 0xEE, 0xD9, 
	0x80, 0xEE, 0x00, 0xD9, 0x80, 0xEE, 0x94, 0xEE, 0x00, 0xD9, 0x83, 0xEE, 0x00, 0xD9, 0x80, 0xEE, 
	0x02, 0xE3, 0xAA, 0xDA, 0x89, 0xEE, 0x02, 0xD9, 0xEE, 0xD9, 0x8A, 0xEE, 0x00, 0xD9, 0x85, 0xEE, 
	0x00, 0xD9, 0x82, 0xEE, 0x00, 0xD9, 0x82, 0xEE, 0x00, 0xD9, 0x81, 0xEE, 0x00, 0xD9, 0x80, 0xEE, 
	0x00, 0xD9, 0x81, 0xEE, 0x00, 0xD9, 0x81, 0xEE, 0x00, 0xD9, 0x80, 0xEE, 0x00, 0xD9, 0x81, 0xEE, 
	0x00, 0xD9, 0x86, 0xEE, 0x00, 0xD9, 0x82, 0xEE, 0x00, 0xD9, 0x80, 0xEE, 0x00, 0xD9, 0x80, 0xEE, 
	0x00, 0xD9, 0x81, 0xEE, 0x02, 0xD9, 0xEE, 0xD9, 0x81, 0xEE, 0x00, 0xD9, 0x82, 0xEE, 0x00, 0xD9, 
	0x80, 0xEE, 0x02, 0xD9, 0xEE, 0xD9, 0x85, 0xEE, 0x01, 0xD9, 0xD9, 0x85, 0xEE, 0x00, 0xD9, 0x80, 
	0xEE, 0x07, 0xD9, 0xEE, 0xD9, 0xEE, 0xD9, 0xEE, 0x74, 0xD9, 0x85, 0xEE, 0x00, 0xD9, 0x85, 0xEE, 
	0x02, 0xD9, 0xEE, 0xD9, 0x80, 0xEE, 0x03, 0xD9, 0xEE, 0xEE, 0xD9, 0x84, 0xEE, 0x2E, 0x81, 0x7C, 
	0x2C, 0xEA, 0xC4, 0x73, 0x4B, 0x28, 0x56, 0xEA, 0x7C, 0xD4, 0xC6, 0xC4, 0xD1, 0xC6, 0x56, 0x00, 
	0x18, 0x2B, 0x42, 0x3F, 0x3F, 0x41, 0x28, 0xD4, 0xD5, 0xD2, 0xEA, 0x45, 0x37, 0x3E, 0xD5, 0xD2, 
	0xD1, 0x3E, 0x37, 0x37, 0x79, 0xCB, 0xD5, 0xC3, 0x37, 0x36, 0x7A, 0xD5, 0x2F, 0x83, 0x3E, 0x06, 
	0x2E, 0xE8, 0xD9, 0xEE, 0xEE, 0xD9, 0xD9, 0x82, 0xEE, 0x0F, 0xD9, 0xEE, 0xEE, 0xD9, 0xD9, 0xEE, 
	0xEE, 0xD9, 0xEE, 0xD9, 0xD9, 0xEE, 0xD9, 0xEE, 0xEE, 0xD9, 0x81, 0xEE, 0x07, 0xD9, 0xEE, 0xEE, 
	0xD9, 0xEE, 0xEE, 0xD9, 0xEE, 0x03, 0xEE, 0xD9, 0xEE, 0xD9, 0x82, 0xEE, 0x00, 0xD9, 0x80, 0xEE, 
	0x00, 0xD9, 0x81, 0xEE, 0x02, 0xD9, 0xEE, 0xD9, 0x80, 0xEE, 0x00, 0xD9, 0x85, 0xEE, 0x09, 0xCD, 
	0xA9, 0xB2, 0x78, 0xDA, 0xEE, 0xD9, 0xEE, 0xEE, 0xD9, 0x81, 0xEE, 0x00, 0xD9, 0x84, 0xEE, 0x00, 
	0xD9, 0x80, 0xEE, 0x00, 0xD9, 0x82, 0xEE, 0x06, 0xD9, 0xEE, 0xEE, 0xD9, 0xEE, 0xEE, 0xD9, 0x81, 
	0xEE, 0x05, 0xD9, 0xEE, 0xEE, 0xD9, 0xEE, 0xD9, 0x80, 0xEE, 0x00, 0xD9, 0x84, 0xEE, 0x00, 0xD9, 
	0x81, 0xEE, 0x00, 0xD9, 0x89, 0xEE, 0x00, 0x70, 0x81, 0xEE, 0x06, 0xD9, 0xEE, 0xEE, 0xD9, 0xEE, 
	0xEE, 0xD9, 0x80, 0xEE, 0x0A, 0xD9, 0xEE, 0xEE, 0xD9, 0xD9, 0xEE, 0xD9, 0xEE, 0x74, 0xD9, 0x74, 
	0x81, 0xEE, 0x06, 0xD9, 0xEE, 0xEE, 0xD9, 0xEE, 0xEE, 0xD9, 0x85, 0xEE, 0x03, 0xF2, 0xEE, 0xEE, 
	0xD9, 0x82, 0xEE, 0x00, 0xD9, 0x80, 0xEE, 0x00, 0xD9, 0x81, 0xEE, 0x02, 0xD9, 0xEE, 0xD9, 0x80, 
	0xEE, 0x00, 0xD9, 0x82, 0xEE, 0x05, 0xD9, 0xEE, 0xEE, 0xD9, 0xEE, 0xD9, 0x80, 0xEE, 0x02, 0xD9, 
	0xEE, 0xD9, 0x80, 0xEE, 0x10, 0xD9, 0xEE, 0xEE, 0xD9, 0xEE, 0xEE, 0xD9, 0xEE, 0xD9, 0xEE, 0xD9, 
	0xEE, 0xEE, 0xD9, 0xEE, 0xEE, 0xD9, 0x80, 0xEE, 0x08, 0xD9, 0xEE, 0xD9, 0xD9, 0xEE, 0xD9, 0xE3, 
	0x91, 0x7C, 0x80, 0xD2, 0x01, 0x7C, 0xD5, 0x86, 0xD2, 0x07, 0x7C, 0x28, 0x3B, 0x3F, 0x3F, 0x42, 
	0x2B, 0xC6, 0x80, 0x7C, 0x12, 0x56, 0x4D, 0x37, 0x35, 0xD1, 0xD2, 0xD4, 0x4D, 0x37, 0x37, 0x72, 
	0xD5, 0xD1, 0x4D, 0x37, 0x36, 0xA0, 0xD5, 0x26, 0x83, 0x3E, 0x04, 0x2D, 0x74, 0xEE, 0xEE, 0xD9, 
	0x80, 0xEE, 0x03, 0xD9, 0xEE, 0xD9, 0xEE, 0x80, 0xD9, 0x18, 0xEE, 0xD9, 0xD9, 0xEE, 0xEE, 0xD9, 
	0xEE, 0xEE, 0xD9, 0xEE, 0xD9, 0xD9, 0xEE, 0xD9, 0xEE, 0xD9, 0xD9, 0xEE, 0xEE, 0xD9, 0xEE, 0xD9, 
	0xEE, 0xD9, 0xD9, 0x80, 0xEE, 0x0C, 0xD9, 0xEE, 0xD9, 0xEE, 0xD9, 0xEE, 0xEE, 0xD9, 0xEE, 0xD9, 
	0xEE, 0xEE, 0xD9, 0x83, 0xEE, 0x00, 0xD9, 0x80, 0xEE, 0x00, 0xD9, 0x81, 0xEE, 0x1A, 0xCE, 0xCE, 
	0x78, 0x8B, 0xF2, 0xA9, 0xAB, 0xF2, 0xD9, 0xEE, 0xD9, 0xEE, 0xEE, 0xD9, 0xEE, 0xD9, 0xEE, 0xD9, 
	0xEE, 0xEE, 0xD9, 0xEE, 0xEE, 0xD9, 0xEE, 0xEE, 0xD9, 0x80, 0xEE, 0x00, 0xD9, 0x80, 0xEE, 0x00, 
	0xD9, 0x80, 0xEE, 0x08, 0xD9, 0xEE, 0xD9, 0xEE, 0xD9, 0xEE, 0xD9, 0xEE, 0xD9, 0x81, 0xEE, 0x01, 
	0xD9, 0xD9, 0x80, 0xEE, 0x04, 0xD9, 0xEE, 0xEE, 0xD9, 0xD9, 0x80, 0xEE, 0x19, 0xD9, 0xEE, 0xD9, 
	0xEE, 0xD9, 0xEE, 0xEE, 0xD9, 0xEE, 0xD9, 0xEE, 0xEE, 0xD9, 0xEE, 0xEE, 0xD9, 0xEE, 0xD9, 0xEE, 
	0xD9, 0xD9, 0xEE, 0xD9, 0xEE, 0xEE, 0xD9, 0x80, 0xEE, 0x05, 0xD9, 0xD9, 0xEE, 0xD9, 0xEE, 0xD9, 
	0x81, 0xEE, 0x0D, 0xD9, 0xEE, 0xD9, 0xEE, 0xD9, 0xEE, 0xD9, 0xEE, 0xD9, 0xEE, 0xEE, 0xD9, 0xD9, 
	0xEE, 0x80, 0xD9, 0x06, 0xEE, 0xCE, 0x82, 0xCD, 0xAB, 0x8B, 0xCD, 0x80, 0xEE, 0x80, 0xD9, 0x08, 
	0xEE, 0xD9, 0xEE, 0xD9, 0xEE, 0xEE, 0xD9, 0xD9, 0xEE, 0x80, 0xD9, 0x3A, 0xEE, 0xEE, 0xD9, 0xD9, 
	0xEE, 0xD9, 0xD9, 0xEE, 0xD9, 0xEE, 0xD9, 0xEE, 0xD9, 0xD9, 0xEE, 0xD9, 0xEE, 0xD9, 0xD9, 0xEE, 
	0xD9, 0xEE, 0xD9, 0xEE, 0xD9, 0xEE, 0xD9, 0xEE, 0xD9, 0xEE, 0xD9, 0xEE, 0xD9, 0xD9, 0xEE, 0xD9, 
	0xEE, 0xD9, 0xEE, 0xD9, 0xEE, 0xD9, 0xEE, 0xD9, 0xD9, 0xEE, 0xD9, 0xEE, 0xD9, 0xD9, 0x81, 0x35, 
	0x38, 0xC3, 0xD1, 0xD2, 0xD2, 0xD4, 0xDD, 0x80, 0xD2, 0x01, 0xD5, 0xD5, 0x80, 0xD1, 0x02, 0xCB, 
	0xD4, 0xEA, 0x81, 0x00, 0x19, 0x7C, 0xD2, 0xD5, 0x98, 0xEB, 0x74, 0x81, 0xC3, 0x72, 0xD4, 0xD2, 
	0xD1, 0x4A, 0x37, 0x37, 0xC3, 0xD5, 0xD1, 0x35, 0x37, 0x36, 0xD2, 0xD1, 0x2E, 0x3E, 0x4D, 0x80, 
	0x3E, 0x01, 0x49, 0xA0, 0x85, 0xD9, 0x00, 0xEE, 0x80, 0xD9, 0x00, 0xEE, 0x80, 0xD9, 0x0D, 0xEE, 
	0xD9, 0xD9, 0xEE, 0xD9, 0xD9, 0xEE, 0xD9, 0xEE, 0xD9, 0xEE, 0xD9, 0xD9, 0xEE, 0x81, 0xD9, 0x04, 
	0xEE, 0xD9, 0xEE, 0xD9, 0xD9, 0x06, 0xEE, 0xD9, 0xEE, 0xEE, 0xD9, 0xEE, 0xD9, 0x87, 0xEE, 0x06, 
	0xD9, 0xEE, 0xD9, 0xD9, 0xEE, 0xE3, 0xD9, 0x80, 0xEE, 0x0A, 0xD9, 0xEE, 0xD9, 0xD9, 0x78, 0xB2, 
	0x83, 0xF5, 0xF5, 0xA9, 0x82, 0x81, 0xEE, 0x0B, 0xD9, 0xEE, 0xD9, 0xEE, 0xEE, 0xD9, 0xEE, 0xD9, 
	0xEE, 0xD9, 0xEE, 0xD9, 0x80, 0xEE, 0x06, 0xD9, 0xEE, 0xD9, 0xD9, 0xEE, 0xD9, 0xD9, 0x80, 0xEE, 
	0x09, 0xD9, 0xD9, 0xEE, 0xD9, 0xD9, 0xEE, 0xEE, 0xD9, 0xD9, 0xEE, 0x80, 0xD9, 0x01, 0xEE, 0xD9, 
	0x80, 0xEE, 0x82, 0xD9, 0x80, 0xEE, 0x0A, 0xD9, 0xEE, 0xD9, 0xEE, 0xE3, 0xE3, 0xEE, 0xEE, 0xD9, 
	0xEB, 0xD9, 0x81, 0xEE, 0x17, 0xD9, 0xD9, 0xEE, 0xD9, 0xD9, 0xEE, 0xD9, 0xEE, 0xEE, 0xD9, 0xEE, 
	0xD9, 0xD9, 0xEE, 0xD9, 0xEE, 0xD9, 0xEE, 0xEE, 0xD9, 0xD9, 0xEE, 0xD9, 0xEE, 0x80, 0xD9, 0x03, 
	0xEE, 0xEE, 0xD9, 0xEE, 0x80, 0xD9, 0x05, 0xEE, 0xEE, 0xD9, 0xEE, 0xEE, 0xD9, 0x81, 0xEE, 0x08, 
	0x6E, 0x78, 0x83, 0xA9, 0x8B, 0x83, 0xA9, 0x82, 0xEB, 0x80, 0xEE, 0x08, 0xD9, 0xEE, 0xD9, 0xEE, 
	0xD9, 0xD9, 0xEE, 0xD9, 0xEE, 0x80, 0xD9, 0x06, 0xEE, 0xD9, 0xD9, 0xEE, 0xEE, 0xD9, 0xEE, 0x80, 
	0xD9, 0x0E, 0xEE, 0xEE, 0xD9, 0xEE, 0xD9, 0xEE, 0xD9, 0xEE, 0xEE, 0xD9, 0xD9, 0xEE, 0xD9, 0xD9, 
	0xEE, 0x80, 0xD9, 0x01, 0xEE, 0xEE, 0x80, 0xD9, 0x2C, 0xEE, 0xD9, 0xEE, 0xEE, 0xD9, 0xEE, 0xEB, 
	0xD9, 0xEE, 0xD9, 0xEE, 0xD9, 0xD9, 0xEE, 0xD9, 0x74, 0xA0, 0x3E, 0x37, 0x37, 0x39, 0x7C, 0xD2, 
	0xC4, 0x7C, 0xD5, 0xD4, 0xD4, 0x7A, 0x99, 0x3D, 0x3E, 0x4D, 0x35, 0x79, 0x79, 0x35, 0x35, 0x3E, 
	0x4A, 0x3D, 0x48, 0x7A, 0xC4, 0x6C, 0x80, 0xD9, 0x10, 0xEE, 0xE8, 0x9A, 0x7C, 0xD4, 0x99, 0x37, 
	0x37, 0x4A, 0xD1, 0xD4, 0x79, 0x37, 0x36, 0xC4, 0xD5, 0x2D, 0x82, 0x3E, 0x05, 0x2C, 0x91, 0xEB, 
	0xD9, 0xEE, 0xEB, 0x83, 0xD9, 0x00, 0xEE, 0x8A, 0xD9, 0x00, 0xEB, 0x80, 0xD9, 0x00, 0xEB, 0x87, 
	0xD9, 0x06, 0xD9, 0xEE, 0xD9, 0xD9, 0xEE, 0xD9, 0xEE, 0x80, 0xD9, 0x05, 0xEE, 0xD9, 0xD9, 0xEE, 
	0xD9, 0xEE, 0x80, 0xD9, 0x12, 0xEE, 0xEE, 0xCE, 0x8B, 0xCE, 0xEE, 0xEE, 0xD9, 0xD9, 0xEE, 0xD9, 
	0x78, 0x8B, 0xF3, 0xF3, 0xF5, 0xF5, 0xDA, 0x78, 0x80, 0xEE, 0x0C, 0xD9, 0xEE, 0xEE, 0xD9, 0xEE, 
	0xD9, 0xEE, 0xD9, 0xD9, 0xEE, 0xD9, 0xD9, 0xEE, 0x80, 0xD9, 0x10, 0xEE, 0xD9, 0xEE, 0xD9, 0xEE, 
	0xD9, 0xD9, 0xEE, 0xD9, 0xEE, 0xD9, 0xEE, 0xD9, 0xEE, 0xD9, 0xD9, 0xEE, 0x81, 0xD9, 0x03, 0xEE, 
	0xEE, 0xD9, 0xEE, 0x82, 0xD9, 0x00, 0xEE, 0x82, 0xD9, 0x12, 0xEE, 0xEE, 0xCE, 0xCD, 0x8B, 0xA9, 
	0x83, 0x83, 0xB2, 0x83, 0x83, 0x78, 0x78, 0x8B, 0xE3, 0xD9, 0xEE, 0xD9, 0xEE, 0x81, 0xD9, 0x03, 
	0xEE, 0xD9, 0xD9, 0xEE, 0x82, 0xD9, 0x09, 0xEE, 0xD9, 0xD9, 0xEE, 0xEB, 0xD9, 0xEE, 0xD9, 0xD9, 
	0xEE, 0x81, 0xD9, 0x00, 0xEE, 0x84, 0xD9, 0x00, 0xEE, 0x80, 0xD9, 0x02, 0xEE, 0xA9, 0xEB, 0x80, 
	0xF5, 0x03, 0xF3, 0xDA, 0x78, 0xDA, 0x85, 0xD9, 0x00, 0xEE, 0x80, 0xD9, 0x05, 0xEE, 0xD9, 0xEE, 
	0xD9, 0xD9, 0xEE, 0x88, 0xD9, 0x00, 0xEE, 0x8D, 0xD9, 0x00, 0xEE, 0x80, 0xD9, 0x00, 0xEB, 0x88, 
	0xD9, 0x03, 0xEE, 0xA0, 0xD4, 0x72, 0x80, 0x37, 0x07, 0x4D, 0xCB, 0xA0, 0x7C, 0x4A, 0x40, 0x39, 
	0x38, 0x8A, 0x37, 0x03, 0x38, 0x36, 0x4D, 0xE3, 0x82, 0xD9, 0x0D, 0x74, 0xA0, 0x2C, 0x39, 0x37, 
	0x35, 0xD1, 0xD1, 0x79, 0x37, 0x38, 0x7A, 0xD2, 0x2D, 0x81, 0x3E, 0x02, 0x49, 0xEA, 0x81, 0x8F, 
	0xD9, 0x00, 0xEB, 0x91, 0xD9, 0x08, 0xEE, 0xD9, 0xEE, 0xEE, 0xD9, 0xD9, 0xEE, 0xD9, 0xEE, 0x82, 
	0xD9, 0x11, 0xEE, 0xD9, 0xD9, 0xEE, 0xD9, 0xEE, 0xEE, 0xA9, 0xB2, 0x6E, 0xDA, 0xD9, 0xEE, 0xD9, 
	0xEE, 0xCE, 0x78, 0xF3, 0x81, 0xF5, 0x04, 0xEB, 0x83, 0xEE, 0xD9, 0xEE, 0x83, 0xD9, 0x02, 0xEE, 
	0xD9, 0xEE, 0x80, 0xD9, 0x00, 0xEE, 0x80, 0xD9, 0x07, 0xEE, 0xD9, 0xD9, 0xEE, 0xD9, 0xD9, 0xEE, 
	0xD9, 0x81, 0xEE, 0x07, 0xD9, 0xD9, 0xB5, 0xCE, 0xCE, 0xD9, 0xEE, 0xEE, 0x81, 0xD9, 0x02, 0xEE, 
	0xD9, 0xEE, 0x82, 0xD9, 0x12, 0xEE, 0xD9, 0xEE, 0xDA, 0x8B, 0x78, 0x78, 0x83, 0xA9, 0xCD, 0xDA, 
	0xEB, 0xF2, 0xF3, 0xF2, 0xF2, 0x8B, 0x9C, 0xEE, 0x83, 0xD9, 0x00, 0xEE, 0x85, 0xD9, 0x04, 0xEE, 
	0xD9, 0xD9, 0xEE, 0xE3, 0x81, 0xD9, 0x01, 0xEE, 0xEE, 0x8F, 0xD9, 0x01, 0x84, 0xF2, 0x82, 0xF5, 
	0x02, 0xB4, 0xCE, 0xEE, 0x96, 0xD9, 0x02, 0xEE, 0xD9, 0xEB, 0x81, 0xD9, 0x00, 0xCE, 0x97, 0xD9, 
	0x06, 0xEB, 0x74, 0x7C, 0xC6, 0xD2, 0xC6, 0x46, 0x80, 0x37, 0x02, 0x48, 0xC5, 0x3E, 0x90, 0x37, 
	0x04, 0x39, 0x74, 0xD9, 0xD9, 0xEB, 0x81, 0xD9, 0x0C, 0x81, 0x7A, 0x46, 0x46, 0xC6, 0xD1, 0x35, 
	0x37, 0x38, 0xCA, 0xD2, 0xD4, 0x32, 0x80, 0x3E, 0x03, 0x3D, 0x7C, 0xDD, 0x7E, 0xA3, 0xD9, 0x90, 
	0xD9, 0x06, 0xEB, 0xAB, 0x78, 0xF2, 0x78, 0x78, 0xCC, 0x81, 0xD9, 0x08, 0x78, 0xF2, 0xF5, 0xF4, 
	0xF5, 0xF4, 0xEB, 0x78, 0xEE, 0x8D, 0xD9, 0x00, 0xEE, 0x81, 0xD9, 0x80, 0xEE, 0x0D, 0xCE, 0xB5, 
	0xAB, 0x8B, 0xA9, 0x83, 0x78, 0x78, 0x9C, 0x9C, 0xA9, 0x78, 0x78, 0x82, 0x8B, 0xD9, 0x04, 0xAA, 
	0xB2, 0x8B, 0xF2, 0xF3, 0x81, 0xF4, 0x06, 0xF5, 0xF4, 0xF5, 0xF5, 0xF4, 0xAB, 0x83, 0x8E, 0xD9, 
	0x03, 0xEE, 0xCD, 0x78, 0x8B, 0x85, 0xD9, 0x01, 0xB5, 0xEE, 0x8B, 0xD9, 0x01, 0x78, 0xF2, 0x81, 
	0xF5, 0x01, 0xEB, 0x83, 0x83, 0xD9, 0x00, 0xCE, 0x8F, 0xD9, 0x00, 0xCE, 0x93, 0xD9, 0x00, 0xCE, 
	0x89, 0xD9, 0x0C, 0x81, 0x3D, 0x7A, 0xD5, 0xD2, 0xD2, 0x7A, 0x36, 0x37, 0x37, 0x36, 0x2D, 0x35, 
	0x88, 0x37, 0x02, 0x38, 0x36, 0x38, 0x81, 0x36, 0x07, 0x38, 0x36, 0x91, 0xD9, 0xCE, 0xD9, 0xD9, 
	0xCE, 0x81, 0xD9, 0x1A, 0x81, 0x4F, 0x7C, 0xD5, 0x4D, 0x37, 0x37, 0x99, 0xD2, 0xC6, 0x2D, 0x4D, 
	0x3E, 0x4D, 0x49, 0x7C, 0xD2, 0xD9, 0xCE, 0xD9, 0xD9, 0xCE, 0xD9, 0xD9, 0xCE, 0xD9, 0xCE, 0x80, 
	0xD9, 0x01, 0xEB, 0xCE, 0x80, 0xD9, 0x02, 0xCE, 0xD9, 0xCE, 0x80, 0xD9, 0x04, 0xCE, 0xD9, 0xCE, 
	0xD9, 0xCE, 0x81, 0xD9, 0x00, 0xCE, 0x80, 0xD9, 0x01, 0xCE, 0xD9, 0x00, 0xCE, 0x8D, 0xD9, 0x09, 
	0xEE, 0xAB, 0x78, 0x9C, 0xDA, 0xF4, 0xEF, 0xA9, 0x8B, 0xEE, 0x80, 0xD9, 0x01, 0x9C, 0xEB, 0x80, 
	0xF5, 0x03, 0xF4, 0xEB, 0x9C, 0xD9, 0x80, 0xEE, 0x04, 0xD9, 0xD9, 0xEB, 0xD9, 0xCE, 0x89, 0xD9, 
	0x13, 0xCE, 0x82, 0xA9, 0x9C, 0x78, 0x83, 0xA9, 0x8B, 0xCD, 0xEB, 0xEB, 0xF3, 0xF5, 0xF5, 0xF3, 
	0xF2, 0xEB, 0x78, 0x8B, 0xEE, 0x83, 0xD9, 0x15, 0xEB, 0xD9, 0xEB, 0xD9, 0xD9, 0xDA, 0x78, 0xEB, 
	0xF4, 0xF4, 0xF5, 0xF4, 0xF5, 0xF5, 0xF4, 0xF5, 0xF4, 0xF5, 0xF4, 0xF4, 0xEB, 0x9C, 0x82, 0xD9, 
	0x01, 0xCE, 0xCC, 0x87, 0xD9, 0x05, 0xEE, 0x6E, 0x82, 0xA9, 0x8B, 0xEE, 0x81, 0xD9, 0x05, 0xEE, 
	0x86, 0xB2, 0xA9, 0x8B, 0xB5, 0x82, 0xD9, 0x00, 0xCE, 0x82, 0xD9, 0x09, 0xB5, 0x78, 0xF3, 0xF4, 
	0xF5, 0xF5, 0xF4, 0xCD, 0xA9, 0xEE, 0x80, 0xD9, 0x00, 0xCE, 0x83, 0xD9, 0x08, 0xCE, 0xD9, 0xD9, 
	0xCE, 0xD9, 0xCE, 0xD9, 0xD9, 0xCE, 0x85, 0xD9, 0x00, 0xEE, 0x84, 0xD9, 0x00, 0xCE, 0x83, 0xD9, 
	0x00, 0xCE, 0x82, 0xD9, 0x03, 0xCE, 0xD9, 0xD9, 0xCE, 0x80, 0xD9, 0x08, 0xCE, 0xD9, 0xD9, 0xEB, 
	0x81, 0x4A, 0x37, 0x46, 0xD4, 0x80, 0xD2, 0x17, 0x99, 0x36, 0x37, 0x37, 0x46, 0x3A, 0x37, 0x36, 
	0x36, 0x47, 0x40, 0x35, 0x4D, 0x49, 0x3D, 0x4F, 0x7A, 0x7A, 0x2D, 0xC4, 0x98, 0xC6, 0x7A, 0xC4, 
	0x80, 0x7A, 0x83, 0xD9, 0x00, 0xCE, 0x80, 0xD9, 0x12, 0xEE, 0xA0, 0xEA, 0x49, 0x37, 0x37, 0xBF, 
	0xD5, 0xD2, 0xD4, 0x4F, 0x3E, 0x3E, 0x48, 0x7C, 0xDD, 0x70, 0xD9, 0xCE, 0x85, 0xD9, 0x00, 0xCE, 
	0x81, 0xD9, 0x00, 0xCE, 0x81, 0xD9, 0x02, 0xCE, 0xD9, 0xCE, 0x83, 0xD9, 0x00, 0xCE, 0x82, 0xD9, 
	0x02, 0xCE, 0xD9, 0xD9, 0x8F, 0xD9, 0x08, 0xA9, 0x82, 0xEF, 0xF4, 0xF4, 0xF1, 0xCD, 0x6E, 0xEE, 
	0x80, 0xD9, 0x0B, 0x9C, 0xDA, 0xF4, 0xF5, 0xF4, 0xF4, 0xF2, 0x9C, 0xEE, 0xAB, 0x8B, 0xAB, 0x80, 
	0xD9, 0x00, 0xCE, 0x84, 0xD9, 0x00, 0xCE, 0x80, 0xD9, 0x0A, 0xEE, 0x8B, 0x78, 0xA9, 0x82, 0xEB, 
	0xF3, 0xF1, 0xF1, 0xF4, 0xF1, 0x83, 0xF4, 0x07, 0xF5, 0xEF, 0xF2, 0x9C, 0x86, 0xEE, 0xD9, 0xCE, 
	0x81, 0xD9, 0x00, 0xEE, 0x81, 0xD9, 0x02, 0x84, 0x8B, 0xEF, 0x80, 0xF4, 0x13, 0xF5, 0xF4, 0xF4, 
	0xEF, 0xF4, 0xF4, 0xEF, 0xEF, 0xEB, 0xB2, 0xCE, 0xEE, 0xD9, 0xD9, 0x86, 0x78, 0x9C, 0x78, 0x86, 
	0xEE, 0x80, 0xD9, 0x14, 0xDA, 0xD9, 0xD9, 0xCE, 0x82, 0xB2, 0xF3, 0xEB, 0x78, 0xD9, 0xD9, 0xCE, 
	0xD9, 0xAA, 0xA9, 0x9C, 0xF2, 0x8B, 0x78, 0xA9, 0xEE, 0x81, 0xD9, 0x08, 0xEE, 0xEE, 0xB5, 0xCD, 
	0xD9, 0xD9, 0xAA, 0x78, 0xF1, 0x80, 0xF4, 0x04, 0xF1, 0x8B, 0x8B, 0xEE, 0xCE, 0x82, 0xD9, 0x00, 
	0xCE, 0x85, 0xD9, 0x00, 0xCE, 0x81, 0xD9, 0x10, 0xCE, 0xD9, 0xD9, 0xCE, 0xEE, 0x87, 0x34, 0x29, 
	0x23, 0x34, 0x2E, 0x91, 0xEE, 0xCE, 0xD9, 0xD9, 0xCE, 0x80, 0xD9, 0x00, 0xCE, 0x81, 0xD9, 0x03, 
	0xCE, 0xD9, 0xD9, 0xCE, 0x81, 0xD9, 0x1A, 0xCE, 0xD9, 0x74, 0xEE, 0xD9, 0x81, 0x2F, 0x38, 0x37, 
	0x37, 0x3E, 0xCB, 0xD2, 0xD2, 0xD5, 0x99, 0x36, 0x38, 0x3E, 0x2D, 0x99, 0xA0, 0xC6, 0xD4, 0xD4, 
	0xCB, 0xD1, 0x80, 0xD5, 0x01, 0xD2, 0xD5, 0x85, 0xD2, 0x2B, 0xC6, 0x7E, 0xD9, 0xCE, 0xD9, 0xCE, 
	0xD9, 0xD9, 0xCE, 0xD9, 0xD9, 0xCE, 0xD9, 0x91, 0x2D, 0x38, 0x37, 0x36, 0xC4, 0xD2, 0xD2, 0x7C, 
	0x2C, 0x2E, 0x7C, 0xC4, 0xD2, 0xCE, 0xD9, 0xD9, 0xCE, 0xD9, 0xCE, 0xD9, 0xD9, 0xCE, 0xD9, 0xCE, 
	0xD9, 0xCE, 0xD9, 0xCE, 0xD9, 0xCE, 0x80, 0xD9, 0x00, 0xCE, 0x83, 0xD9, 0x0B, 0xCE, 0xD9, 0xCE, 
	0xD9, 0xD9, 0xCE, 0xD9, 0xD9, 0xCE, 0xD9, 0xD9, 0xCE, 0x80, 0xD9, 0x00, 0xCE, 0x81, 0xD9, 0x00, 
	0xCE, 0x81, 0xD9, 0x00, 0xCE, 0x80, 0xD9, 0x08, 0xEE, 0x6B, 0x86, 0xEF, 0xF4, 0xF4, 0xF1, 0xEB, 
	0xA9, 0x81, 0xD9, 0x02, 0xA9, 0xAB, 0xEF, 0x80, 0xF4, 0x06, 0xF3, 0xB4, 0x86, 0x78, 0x8B, 0xB2, 
	0xCD, 0x81, 0xD9, 0x03, 0xCE, 0xD9, 0xD9, 0xEE, 0x81, 0xD9, 0x04, 0xCE, 0xD9, 0xCE, 0xB2, 0xF2, 
	0x80, 0xEF, 0x80, 0xF4, 0x0D, 0xF1, 0xF4, 0xF4, 0xF1, 0xF4, 0xF1, 0xF5, 0xF4, 0xF1, 0xF4, 0xEF, 
	0xF3, 0xB6, 0xB5, 0x82, 0xD9, 0x0A, 0x8B, 0x9C, 0xA9, 0xAA, 0xEE, 0xD9, 0xB5, 0xB4, 0xF2, 0xEF, 
	0xF5, 0x80, 0xF4, 0x36, 0xF2, 0xDA, 0xCD, 0xAB, 0x8B, 0xA9, 0xB4, 0x84, 0x8B, 0xCD, 0xEE, 0xCE, 
	0x78, 0xF2, 0xED, 0xF2, 0xA9, 0x8B, 0xEE, 0xCE, 0xD9, 0xD9, 0x8B, 0xB4, 0xB4, 0x9C, 0xCD, 0xF4, 
	0xF3, 0x9C, 0xAA, 0xEB, 0xD9, 0xD9, 0x9C, 0x8B, 0xF2, 0xEF, 0xE0, 0xCD, 0x9C, 0xEE, 0xD9, 0xCE, 
	0xD9, 0x82, 0x8B, 0xA9, 0xB6, 0xB4, 0xCD, 0xEE, 0xAB, 0xA9, 0xF1, 0x80, 0xF4, 0x12, 0xF1, 0x83, 
	0xCD, 0xEE, 0xD9, 0xCE, 0xD9, 0xCE, 0xD9, 0xCE, 0xD9, 0xCE, 0xD9, 0xCE, 0xD9, 0xD9, 0xCE, 0xD9, 
	0xCE, 0x80, 0xD9, 0x07, 0xCE, 0xD9, 0xD9, 0xCE, 0xD9, 0x6D, 0x29, 0x50, 0x81, 0x52, 0x0B, 0x53, 
	0x10, 0x29, 0x81, 0xD9, 0xCE, 0xD9, 0xCE, 0xD9, 0xCE, 0xD9, 0xCE, 0x80, 0xD9, 0x1B, 0xCE, 0xD9, 
	0xCE, 0xD9, 0xD9, 0xCE, 0xD9, 0xCE, 0x70, 0x91, 0x89, 0x79, 0x7A, 0xD1, 0xD4, 0x3A, 0x37, 0x37, 
	0x38, 0x49, 0xCB, 0xD2, 0xD2, 0xC6, 0x7A, 0x6D, 0x7A, 0xD4, 0x8C, 0xD2, 0x01, 0xD5, 0xD2, 0x80, 
	0xD5, 0x05, 0xEA, 0x74, 0xDA, 0xD9, 0xD9, 0xCE, 0x80, 0xD9, 0x0A, 0xCE, 0xD9, 0xD9, 0xCE, 0xCE, 
	0x81, 0x47, 0x37, 0x37, 0x79, 0xD1, 0x80, 0xD2, 0x2A, 0xC6, 0xD2, 0xD2, 0x81, 0xCE, 0xD9, 0xCE, 
	0xD9, 0xCE, 0xD9, 0xCE, 0xD9, 0xCE, 0xD9, 0xD9, 0xCE, 0xD9, 0xD9, 0xCE, 0xD9, 0xCE, 0xCE, 0xD9, 
	0xCE, 0xD9, 0xCE, 0xD9, 0xCE, 0xD9, 0xCE, 0xCE, 0xD9, 0xCE, 0xD9, 0xD9, 0xCE, 0xD9, 0xCE, 0xD9, 
	0xCE, 0xD9, 0xCE, 0xD9, 0x01, 0xD9, 0xCE, 0x81, 0xD9, 0x00, 0xCE, 0x80, 0xD9, 0x02, 0xCE, 0xD9, 
	0xCE, 0x82, 0xD9, 0x18, 0xAB, 0xA9, 0xE0, 0xF4, 0xF1, 0xEF, 0xEB, 0xA9, 0xD9, 0xCE, 0xD9, 0xEE, 
	0x86, 0xCD, 0xEF, 0xF4, 0xF1, 0xF1, 0xF3, 0x8B, 0x8B, 0xF2, 0xE2, 0xDA, 0x78, 0x83, 0xD9, 0x0F, 
	0x92, 0x8B, 0x9C, 0xB4, 0xAB, 0xD9, 0xD9, 0xCE, 0xD9, 0x6E, 0x86, 0xEF, 0xF4, 0xF1, 0xF4, 0xF1, 
	0x80, 0xF4, 0x3D, 0xEF, 0xEF, 0xE0, 0xF5, 0xF1, 0xF4, 0xF1, 0xF4, 0xF3, 0x8B, 0xB2, 0xDA, 0xD9, 
	0xD9, 0xCE, 0xEE, 0x6B, 0x9C, 0xDA, 0xCD, 0x78, 0xA9, 0xEE, 0xD9, 0x86, 0xA9, 0xEF, 0xEF, 0xF1, 
	0xF1, 0xF2, 0xB2, 0x84, 0x6E, 0x6E, 0x86, 0x82, 0xEB, 0x6E, 0xA9, 0x78, 0xB5, 0x8B, 0xA9, 0xE0, 
	0xEF, 0xEF, 0xF2, 0x78, 0xCE, 0xD9, 0xD9, 0x92, 0x9C, 0xEB, 0xDA, 0xF1, 0xF1, 0xEF, 0xEF, 0xA9, 
	0x82, 0x80, 0xD9, 0x1D, 0xA9, 0xDA, 0xEF, 0xF1, 0xEF, 0xCD, 0xA9, 0xEE, 0xCE, 0xD9, 0x6B, 0x78, 
	0x8B, 0xCD, 0xF3, 0x86, 0x82, 0xEE, 0x8B, 0x8B, 0xEF, 0xEF, 0xF4, 0xF1, 0xE9, 0x78, 0xCE, 0xCE, 
	0xD9, 0xCE, 0x80, 0xD9, 0x15, 0xCE, 0xD9, 0xD9, 0xCE, 0xD9, 0xD9, 0xCE, 0xD9, 0xCE, 0xD9, 0xD9, 
	0xCE, 0xD9, 0xCE, 0xD9, 0xCE, 0xD9, 0xD9, 0x4F, 0x53, 0x52, 0x51, 0x81, 0x52, 0x0B, 0x51, 0x52, 
	0x10, 0x26, 0x74, 0xCE, 0xD9, 0xD9, 0xCE, 0xD9, 0xCE, 0xD9, 0x80, 0xCE, 0x0F, 0xD9, 0xCE, 0xD9, 
	0xCE, 0xD9, 0xCE, 0x7E, 0x99, 0x36, 0x37, 0x4D, 0xD4, 0xD2, 0xD2, 0xC6, 0x45, 0x80, 0x37, 0x07, 
	0x4D, 0xA0, 0xD4, 0xA0, 0x74, 0xD9, 0x74, 0xC6, 0x81, 0xD2, 0x07, 0xD5, 0xD2, 0xD5, 0xD5, 0xD1, 
	0xD1, 0xD4, 0xCB, 0x80, 0xD4, 0x80, 0x7A, 0x16, 0x3D, 0xC3, 0x49, 0x91, 0xCE, 0xD9, 0xCE, 0xD9, 
	0xCE, 0xD9, 0xCE, 0xD9, 0xCE, 0xD9, 0xCE, 0xD9, 0xD9, 0x3D, 0x38, 0x37, 0x37, 0x4D, 0xD1, 0x81, 
	0xD2, 0x1D, 0xA0, 0xD9, 0xCE, 0xD9, 0xCE, 0xD9, 0xCE, 0xD9, 0xCE, 0xD9, 0xCE, 0xD9, 0xCE, 0xCE, 
	0xD9, 0xCE, 0xCE, 0xD9, 0xCE, 0xD9, 0xCE, 0xCE, 0xD9, 0xCE, 0xD9, 0xCE, 0xD9, 0xD9, 0xCE, 0xD9, 
	0x80, 0xCE, 0x07, 0xD9, 0xCE, 0xD9, 0xCE, 0xD9, 0xCE, 0xD9, 0xCE, 0x05, 0xCE, 0xD9, 0xD9, 0xCE, 
	0xD9, 0xCE, 0x80, 0xD9, 0x00, 0xCE, 0x81, 0xD9, 0x05, 0xCE, 0xD9, 0xCE, 0xD9, 0xB5, 0x9C, 0x80, 
	0xF1, 0x1F, 0xEF, 0xF2, 0xB6, 0xD9, 0xCE, 0xD9, 0xD9, 0x6B, 0x8B, 0xE0, 0xEF, 0xF1, 0xF1, 0xEF, 
	0xE0, 0xE0, 0xEF, 0xF1, 0xED, 0x78, 0xB5, 0xD9, 0xCE, 0xD9, 0xDA, 0x9C, 0x78, 0xA9, 0xDA, 0xEB, 
	0xB4, 0xB5, 0x80, 0xD9, 0x03, 0xCE, 0xB4, 0xEC, 0xEF, 0x82, 0xF1, 0x43, 0xE4, 0xEB, 0x8B, 0xA9, 
	0x9C, 0x9C, 0xEC, 0xEF, 0xEF, 0xEE, 0xB2, 0xAB, 0xD9, 0xCE, 0xD9, 0xDA, 0xEE, 0xA9, 0xCD, 0xE0, 
	0xE0, 0xE4, 0xA9, 0xA9, 0xD9, 0xCE, 0x9C, 0xF3, 0xE0, 0xF1, 0xEF, 0xEB, 0x9C, 0xEE, 0xD9, 0xD9, 
	0xEE, 0xD9, 0x82, 0x78, 0xE0, 0xEB, 0x78, 0x84, 0xB4, 0xF2, 0xE0, 0xF1, 0xE0, 0xA9, 0x82, 0xD9, 
	0xD9, 0x82, 0xA9, 0xE0, 0xE0, 0xEF, 0xF1, 0xF1, 0xE0, 0x8B, 0x8B, 0xEE, 0xCE, 0xD6, 0xA9, 0xCD, 
	0x80, 0xEF, 0x01, 0xCD, 0xA9, 0x80, 0xD9, 0x0F, 0x78, 0xEB, 0xE0, 0xEF, 0xF1, 0xA9, 0xCD, 0xD9, 
	0x86, 0x82, 0xEF, 0xF1, 0xF1, 0xE0, 0xEB, 0x78, 0x80, 0xD9, 0x0F, 0xCE, 0xD9, 0xCE, 0xCE, 0xD9, 
	0xCE, 0xD9, 0xCE, 0xD9, 0xCE, 0xCE, 0xD9, 0xCE, 0xD9, 0xCE, 0xD9, 0x80, 0xCE, 0x06, 0xD9, 0xD9, 
	0xCE, 0x26, 0x50, 0x52, 0x51, 0x80, 0x52, 0x00, 0x51, 0x80, 0x52, 0x21, 0x24, 0x23, 0xE8, 0xCE, 
	0xD9, 0xCE, 0xD9, 0xCE, 0xCE, 0xD9, 0xCE, 0xD9, 0xD9, 0xCE, 0xD9, 0xCE, 0xCE, 0xEB, 0xA0, 0x3E, 
	0x37, 0x37, 0x36, 0x7A, 0xD5, 0xD2, 0xD5, 0x98, 0x47, 0x37, 0x37, 0x38, 0x4F, 0x81, 0x80, 0xCE, 
	0x12, 0x91, 0xEA, 0xD1, 0xD4, 0xC6, 0x7A, 0x7A, 0x99, 0x99, 0x49, 0x3E, 0x35, 0x79, 0x46, 0x47, 
	0x39, 0x36, 0x36, 0x38, 0x81, 0x37, 0x01, 0x6A, 0xD9, 0x81, 0xCE, 0x03, 0xD9, 0xCE, 0xCE, 0xD9, 
	0x81, 0xCE, 0x0F, 0x74, 0xC3, 0x36, 0x37, 0x38, 0x99, 0xD4, 0xD5, 0xC6, 0x9A, 0xD6, 0xCE, 0xCE, 
	0xD9, 0xCE, 0xD9, 0x80, 0xCE, 0x00, 0xD9, 0x80, 0xCE, 0x03, 0xD9, 0xCE, 0xCE, 0xD9, 0x80, 0xCE, 
	0x03, 0xD9, 0xCE, 0xCE, 0xD9, 0x85, 0xCE, 0x04, 0xD9, 0xD9, 0xCE, 0xCE, 0xD9, 0x80, 0xCE, 0x00, 
	0xD9, 0x0C, 0xD9, 0xCE, 0xCE, 0xD9, 0xCE, 0xD9, 0xCE, 0xD9, 0xCE, 0xD9, 0xD9, 0xCE, 0xD9, 0x80, 
	0xCE, 0x10, 0xEB, 0xCE, 0xCE, 0x78, 0xE9, 0xEF, 0xF1, 0xF1, 0xED, 0x78, 0xB5, 0xEB, 0xCE, 0xD9, 
	0x82, 0xA9, 0xE0, 0x80, 0xF1, 0x00, 0xE0, 0x81, 0xF1, 0x07, 0xE0, 0x8B, 0x8B, 0xD9, 0xCE, 0xD9, 
	0x6B, 0xA9, 0x81, 0xE0, 0x07, 0x9C, 0x75, 0xD9, 0xCE, 0xD9, 0xAA, 0x78, 0xED, 0x80, 0xE0, 0x3B, 
	0xF1, 0xF1, 0xE0, 0xA9, 0x78, 0x86, 0x82, 0x92, 0xB6, 0xEB, 0xE0, 0xF1, 0xE0, 0xCD, 0xA9, 0xD9, 
	0xD9, 0xAB, 0x78, 0x78, 0x86, 0xA9, 0xEF, 0xE0, 0xEF, 0xE6, 0x78, 0xAB, 0xCE, 0x9C, 0xE4, 0xEF, 
	0xEF, 0xE0, 0xCD, 0xA9, 0xD9, 0xD9, 0xCE, 0xCE, 0xD9, 0x78, 0xEB, 0xEF, 0xE0, 0xF2, 0x86, 0x38, 
	0xDA, 0xEF, 0xE0, 0xE0, 0xCD, 0xA9, 0xD9, 0xD9, 0x86, 0x8B, 0xE0, 0xEF, 0x80, 0xF1, 0x20, 0xE0, 
	0xCD, 0x6E, 0xD9, 0xCE, 0xD9, 0x84, 0xCD, 0xE0, 0xEF, 0xE0, 0xBF, 0x8B, 0xD9, 0xD9, 0xAB, 0x9C, 
	0xE0, 0xF1, 0xEF, 0xE6, 0x78, 0xAA, 0xEE, 0x84, 0xCC, 0xE0, 0xF1, 0xF1, 0xE0, 0xCD, 0xA9, 0xD9, 
	0x80, 0xCE, 0x03, 0xD9, 0xCE, 0xCE, 0xD9, 0x81, 0xCE, 0x0F, 0xD9, 0xCE, 0xD9, 0xCE, 0xD9, 0xCE, 
	0xD9, 0xCE, 0xD9, 0xCE, 0xD9, 0xCE, 0xCE, 0x81, 0x0B, 0x54, 0x84, 0x51, 0x04, 0x52, 0x51, 0x53, 
	0x23, 0x76, 0x80, 0xCE, 0x00, 0xD9, 0x82, 0xCE, 0x06, 0xD9, 0xCE, 0xCE, 0xD9, 0x9A, 0xD4, 0xC3, 
	0x80, 0x37, 0x14, 0x7F, 0x7A, 0xD1, 0xD2, 0xD2, 0x7C, 0x79, 0x47, 0x4F, 0x74, 0xCE, 0xD9, 0xDA, 
	0xCE, 0x81, 0x4D, 0x46, 0x39, 0xB4, 0x36, 0x38, 0x8D, 0x37, 0x04, 0x79, 0x74, 0xCE, 0xCE, 0xD9, 
	0x80, 0xCE, 0x11, 0xD9, 0xCE, 0xD9, 0xCE, 0xD9, 0xCE, 0xCE, 0x74, 0x91, 0x4D, 0x75, 0x91, 0x74, 
	0x74, 0xEE, 0xCE, 0xCE, 0xD9, 0x82, 0xCE, 0x05, 0xD9, 0xCE, 0xCE, 0xD9, 0xCE, 0xD9, 0x82, 0xCE, 
	0x06, 0xD9, 0xCE, 0xCE, 0xD9, 0xCE, 0xCE, 0xD9, 0x82, 0xCE, 0x00, 0xD9, 0x81, 0xCE, 0x05, 0xD9, 
	0xCE, 0xCE, 0xD9, 0xCE, 0xCE, 0x06, 0xCE, 0xCE, 0xD9, 0xCE, 0xD9, 0xCE, 0xD9, 0x81, 0xCE, 0x0F, 
	0xD9, 0xCE, 0xCE, 0xD9, 0xCE, 0xD9, 0xCE, 0xD9, 0x9C, 0xEB, 0xE0, 0xE0, 0xF1, 0xE6, 0x78, 0xAA, 
	0x80, 0xCE, 0x17, 0xAA, 0x9C, 0xE0, 0xF1, 0xE0, 0xF1, 0xF1, 0xE0, 0xE0, 0xEF, 0xE0, 0xE0, 0xEB, 
	0x78, 0xD9, 0xCE, 0xEE, 0x86, 0xCD, 0xE0, 0xEF, 0xE0, 0xF2, 0xB4, 0x80, 0xCE, 0x0B, 0xD9, 0xAA, 
	0xB6, 0x78, 0x9C, 0x8B, 0xCC, 0xE0, 0xF1, 0xE0, 0x8B, 0xA9, 0x80, 0xD9, 0x5A, 0x78, 0xEB, 0xE0, 
	0xF1, 0xE0, 0xCD, 0xA9, 0xD9, 0xCE, 0xB4, 0xEB, 0xCC, 0xB2, 0xCD, 0xE0, 0xE0, 0xF1, 0xE0, 0xCD, 
	0x9C, 0xCE, 0x78, 0xED, 0xEF, 0xE0, 0xE0, 0xCD, 0xA9, 0xD9, 0xDA, 0xCE, 0xD9, 0xB5, 0x78, 0xE4, 
	0xEF, 0xE0, 0xE2, 0xA9, 0x38, 0xED, 0xE0, 0xF1, 0xE0, 0xEB, 0x84, 0xD9, 0xD9, 0xA9, 0xCD, 0xE0, 
	0xEF, 0xE0, 0xF1, 0xE6, 0xEF, 0xEB, 0x9C, 0xD9, 0xCE, 0xD9, 0x84, 0xCD, 0xE0, 0xEF, 0xE2, 0x8B, 
	0x8B, 0xD9, 0xD9, 0x9C, 0xCD, 0xE0, 0xE0, 0xEF, 0xED, 0xB4, 0xCE, 0xD9, 0x9C, 0xEB, 0xE0, 0xE0, 
	0xF1, 0xE0, 0x86, 0x8B, 0xD9, 0xCE, 0xCE, 0xD9, 0x80, 0xCE, 0x03, 0xD9, 0xCE, 0xCE, 0xD9, 0x8A, 
	0xCE, 0x05, 0xD9, 0x74, 0x27, 0x24, 0x24, 0x50, 0x82, 0x51, 0x06, 0x52, 0x51, 0x51, 0x53, 0x23, 
	0x74, 0xDA, 0x80, 0xCE, 0x02, 0xD9, 0xCE, 0xD9, 0x81, 0xCE, 0x04, 0x74, 0xC6, 0xD2, 0xD5, 0x40, 
	0x80, 0x37, 0x07, 0x38, 0xC3, 0xC6, 0xD5, 0xD2, 0x7C, 0x85, 0xD9, 0x80, 0xCE, 0x03, 0xD9, 0xDA, 
	0x76, 0x36, 0x91, 0x37, 0x02, 0x38, 0x4A, 0x81, 0x8C, 0xCE, 0x02, 0xD9, 0xD9, 0xDA, 0x86, 0xCE, 
	0x00, 0xD9, 0x86, 0xCE, 0x00, 0x7E, 0x8E, 0xCE, 0x00, 0xDA, 0x84, 0xCE, 0x01, 0xCE, 0xD9, 0x80, 
	0xCE, 0x08, 0xD9, 0xCE, 0xCE, 0xD9, 0xCE, 0xD9, 0xCE, 0xCE, 0xD9, 0x80, 0xCE, 0x03, 0xD9, 0xD9, 
	0xA9, 0xAB, 0x81, 0xE0, 0x08, 0xA9, 0x82, 0xD9, 0xCE, 0xEB, 0xB5, 0x9C, 0xE6, 0xF1, 0x80, 0xE0, 
	0x0B, 0x86, 0x82, 0xE0, 0xE0, 0xEF, 0xE0, 0x9C, 0xCD, 0xCE, 0xD9, 0x9C, 0xEB, 0x80, 0xE0, 0x04, 
	0xCD, 0xA9, 0xD9, 0xCE, 0xD9, 0x80, 0xCE, 0x0D, 0xB5, 0xAB, 0x84, 0xA9, 0xE2, 0xE0, 0xEF, 0xE0, 
	0x9C, 0xAB, 0xD9, 0xD9, 0x9C, 0xD6, 0x80, 0xE0, 0x16, 0xBF, 0x8B, 0xEE, 0x8B, 0x86, 0xE0, 0xE2, 
	0xED, 0x8B, 0xCC, 0xEF, 0xE0, 0xE0, 0xEC, 0x78, 0xCC, 0xB4, 0xF2, 0xE2, 0xEF, 0xE0, 0xBF, 0x8B, 
	0x80, 0xCE, 0x02, 0xD9, 0x8B, 0x8B, 0x80, 0xE0, 0x03, 0xEB, 0x9C, 0x9C, 0xDA, 0x80, 0xE0, 0x05, 
	0xF0, 0x78, 0xB5, 0xCE, 0x78, 0xEB, 0x81, 0xE0, 0x08, 0xEF, 0xE0, 0xE5, 0xB4, 0xDA, 0xCE, 0xD9, 
	0xA9, 0xCD, 0x80, 0xE0, 0x0E, 0x8B, 0x8B, 0xEE, 0xAA, 0x78, 0xE4, 0xEF, 0xE0, 0xE0, 0xE9, 0x9C, 
	0xCE, 0xCE, 0x78, 0xF2, 0x81, 0xE0, 0x02, 0x9C, 0xCD, 0xD9, 0x81, 0xCE, 0x00, 0xD9, 0x88, 0xCE, 
	0x18, 0xD9, 0xCE, 0xCE, 0xD9, 0x81, 0x9A, 0x2F, 0x34, 0x09, 0x11, 0x1F, 0x15, 0x13, 0x0E, 0x10, 
	0x50, 0x54, 0x51, 0x51, 0x52, 0x51, 0x51, 0x54, 0x23, 0x74, 0x83, 0xCE, 0x09, 0xDA, 0xCE, 0xCE, 
	0xDA, 0x81, 0xD5, 0xD2, 0xD2, 0xD1, 0x40, 0x81, 0x37, 0x06, 0x46, 0xC3, 0xCF, 0x46, 0x35, 0xD6, 
	0xDA, 0x81, 0xCE, 0x01, 0x91, 0x36, 0x8F, 0x37, 0x04, 0x38, 0x40, 0x99, 0xD4, 0x7C, 0xAE, 0xCE, 
	0x00, 0xDA, 0x8A, 0xCE, 0x80, 0xCE, 0x00, 0xD9, 0x80, 0xCE, 0x00, 0xD9, 0x85, 0xCE, 0x10, 0xD9, 
	0xCE, 0xD9, 0x6B, 0x8B, 0xE2, 0xE0, 0xE0, 0xE2, 0x8B, 0x8B, 0xD9, 0xD9, 0xCE, 0xAB, 0x78, 0xE4, 
	0x80, 0xE0, 0x15, 0xE4, 0xB4, 0xB2, 0xE3, 0xE2, 0xE0, 0xE2, 0x8B, 0x86, 0xD9, 0xCE, 0x78, 0xEC, 
	0xE0, 0xE0, 0xE2, 0x86, 0x82, 0xD9, 0xCE, 0xCE, 0xDA, 0x80, 0xCE, 0x02, 0xD9, 0xAA, 0x9C, 0x80, 
	0xE0, 0x26, 0xE2, 0x82, 0xA9, 0xD9, 0xD9, 0x9C, 0xEB, 0xE2, 0xE0, 0xE2, 0x86, 0x8B, 0xEE, 0x9C, 
	0xEB, 0xE2, 0xE0, 0xCC, 0xB4, 0x78, 0xCC, 0xE0, 0xE0, 0xE2, 0xA9, 0x6B, 0x9C, 0xEC, 0xE0, 0xE0, 
	0xE2, 0x8B, 0x86, 0xD9, 0xCE, 0xCE, 0xD9, 0x84, 0xCD, 0x80, 0xE0, 0x80, 0x8B, 0x09, 0x86, 0xE2, 
	0xE0, 0xE0, 0xE6, 0xB6, 0xAA, 0xCC, 0x78, 0xE4, 0x81, 0xE0, 0x1A, 0xE6, 0xE0, 0xE0, 0xA9, 0xAB, 
	0xCE, 0xD9, 0x84, 0xCD, 0xE2, 0xE0, 0xE2, 0x8B, 0x8B, 0xEE, 0xA9, 0x8B, 0xE2, 0xEF, 0xE6, 0xE0, 
	0xEB, 0x9C, 0xD9, 0xCE, 0xB4, 0xF0, 0x80, 0xE0, 0x02, 0xE4, 0x78, 0xB5, 0x8E, 0xCE, 0x1C, 0xB5, 
	0x76, 0x98, 0x13, 0x11, 0x0A, 0x50, 0x54, 0x52, 0x51, 0x54, 0x53, 0x50, 0x10, 0x0E, 0x08, 0x0D, 
	0x53, 0x51, 0x51, 0x50, 0x24, 0x24, 0x10, 0x98, 0x74, 0xCE, 0xD9, 0xD6, 0x80, 0xCE, 0x04, 0xDA, 
	0xCE, 0xB5, 0x91, 0xD4, 0x80, 0xD2, 0x02, 0xC6, 0x4D, 0x38, 0x81, 0x37, 0x03, 0x47, 0x46, 0x47, 
	0x6D, 0x82, 0xCE, 0x01, 0x76, 0x36, 0x8A, 0x37, 0x0B, 0x38, 0x38, 0x45, 0x79, 0xC3, 0x7A, 0xD4, 
	0xD5, 0xD2, 0xEA, 0x91, 0xDA, 0x89, 0xCE, 0x07, 0xDA, 0xDA, 0x7E, 0x91, 0x9A, 0x2D, 0x9A, 0xD6, 
	0x9C, 0xCE, 0x00, 0xB5, 0x80, 0xCE, 0x00, 0xB5, 0x82, 0xCE, 0x86, 0xCE, 0x02, 0x7E, 0xCE, 0xD9, 
	0x83, 0xCE, 0x0D, 0xD9, 0xAB, 0xA9, 0xE2, 0xE0, 0xE6, 0xE2, 0xCD, 0x9C, 0x82, 0xA9, 0x9C, 0x9C, 
	0xCD, 0x81, 0xE0, 0x11, 0xE4, 0xA9, 0x86, 0x86, 0xE2, 0xE6, 0xE2, 0xE9, 0xB4, 0xDA, 0xAA, 0x9C, 
	0xE4, 0xE0, 0xE6, 0xE6, 0x9C, 0xCD, 0x86, 0xCE, 0x24, 0xB6, 0xED, 0xE6, 0xE6, 0xE2, 0xCD, 0x86, 
	0xCE, 0xD9, 0x84, 0xCD, 0xE2, 0xE0, 0xE2, 0xA9, 0x82, 0xCD, 0x9C, 0xE4, 0xE0, 0xE2, 0x82, 0x86, 
	0xAB, 0xA9, 0xE2, 0xE0, 0xE2, 0xCD, 0xA9, 0x78, 0xEC, 0xE0, 0xE6, 0xE2, 0xBF, 0x8B, 0x81, 0xCE, 
	0x35, 0x78, 0xD6, 0xE2, 0xE0, 0xE6, 0x9C, 0xCD, 0xAA, 0x9C, 0xE2, 0xE0, 0xE0, 0xE6, 0x78, 0x92, 
	0xAB, 0xA9, 0xE2, 0xE0, 0xE6, 0xE2, 0xE0, 0xE6, 0xE0, 0xE2, 0x8B, 0x86, 0xD9, 0xCE, 0x84, 0xCD, 
	0xE2, 0xE0, 0xE2, 0x8B, 0x8B, 0xCE, 0xB4, 0xDD, 0xE0, 0xE6, 0xE0, 0xE0, 0xCC, 0x9C, 0xD9, 0xAA, 
	0x9C, 0xE4, 0xE2, 0xE6, 0xE0, 0xE3, 0x9C, 0x8A, 0xCE, 0x00, 0xDA, 0x80, 0xCE, 0x06, 0x74, 0x2D, 
	0x1F, 0x24, 0x53, 0x52, 0x54, 0x82, 0x52, 0x11, 0x51, 0x52, 0x54, 0x54, 0x50, 0x1F, 0x15, 0x24, 
	0x10, 0x15, 0x0E, 0x1E, 0x10, 0x1E, 0x0F, 0x98, 0x71, 0x76, 0x82, 0xCE, 0x03, 0xD6, 0x2D, 0x2C, 
	0xC6, 0x80, 0xD2, 0x02, 0xD1, 0x99, 0x47, 0x82, 0x37, 0x02, 0x47, 0x74, 0xB5, 0x81, 0xCE, 0x05, 
	0xD6, 0x4F, 0x4A, 0x4D, 0x35, 0xBF, 0x80, 0x79, 0x80, 0x35, 0x0D, 0x4A, 0x72, 0x3D, 0x7A, 0xC6, 
	0xD4, 0xD4, 0xD1, 0xD2, 0xD5, 0xD1, 0x7A, 0x35, 0x91, 0x81, 0xCE, 0x00, 0xCC, 0x81, 0xCE, 0x0F, 
	0xB5, 0xCE, 0xCE, 0xB5, 0x7E, 0x9A, 0x2D, 0x4F, 0x33, 0x32, 0x48, 0x91, 0x76, 0x74, 0xCE, 0xB5, 
	0x82, 0xCE, 0x03, 0xB5, 0xCE, 0xCE, 0xB5, 0x81, 0xCE, 0x00, 0xB5, 0x80, 0xCE, 0x00, 0xB5, 0x88, 
	0xCE, 0x00, 0xB5, 0x82, 0xCE, 0x01, 0xB5, 0xCE, 0x8F, 0xCE, 0x27, 0xD9, 0x92, 0x9C, 0xE4, 0xE0, 
	0xE6, 0xE0, 0xDD, 0xA9, 0x86, 0xCD, 0xEB, 0xDC, 0xE2, 0xE6, 0xDE, 0xE6, 0xE6, 0xE4, 0x9C, 0xCD, 
	0x78, 0xEB, 0xE2, 0xE6, 0xE2, 0x86, 0x8B, 0x6B, 0x86, 0xE2, 0xE0, 0xE0, 0xE9, 0xB4, 0xCE, 0xDA, 
	0xCE, 0xCE, 0xDA, 0x82, 0xCE, 0x4F, 0xB6, 0xE3, 0xE2, 0xE6, 0xE2, 0xCD, 0x86, 0xCE, 0xD9, 0x6E, 
	0xCD, 0xDC, 0xE6, 0xE2, 0x9C, 0xAB, 0x82, 0x86, 0xE2, 0xE6, 0xE2, 0x84, 0xAB, 0xB5, 0xB6, 0xE4, 
	0xE2, 0xE2, 0xCC, 0x9C, 0xB6, 0xDD, 0xE0, 0xE6, 0xE2, 0x86, 0x8B, 0xD9, 0xCE, 0xCE, 0xB5, 0x9C, 
	0xE4, 0xE0, 0xE2, 0xE9, 0xB6, 0xCE, 0x92, 0x9C, 0xE4, 0xE2, 0xE0, 0xDD, 0x78, 0xCE, 0x84, 0xBF, 
	0xE2, 0xE6, 0xE0, 0xE9, 0xE3, 0xE2, 0xE6, 0xE2, 0xCC, 0x9C, 0xCE, 0xD9, 0x84, 0xCD, 0xE2, 0xE6, 
	0xE2, 0xBF, 0x8B, 0x8B, 0x86, 0xE2, 0x80, 0xE6, 0x0B, 0xE2, 0xCD, 0x84, 0xD9, 0xAB, 0xB6, 0xE2, 
	0xE6, 0xE6, 0xE2, 0xCC, 0x84, 0x81, 0xCE, 0x02, 0xB5, 0xCE, 0xB5, 0x81, 0xCE, 0x07, 0xB5, 0xCE, 
	0xB5, 0xCE, 0xCE, 0x81, 0x1F, 0x24, 0x83, 0x51, 0x16, 0x52, 0x52, 0x54, 0x51, 0x51, 0x52, 0x53, 
	0x52, 0x51, 0x54, 0x24, 0x23, 0x0D, 0x1E, 0x01, 0x24, 0x51, 0x54, 0x53, 0x0E, 0x44, 0x76, 0xB5, 
	0x80, 0xCE, 0x11, 0xB5, 0x74, 0x48, 0x3E, 0x2F, 0xBB, 0xA0, 0xCA, 0xD2, 0xD2, 0xC6, 0xC3, 0x46, 
	0x36, 0x36, 0x7F, 0x3D, 0xD9, 0x80, 0xCE, 0x08, 0xB5, 0xCE, 0xD6, 0xD4, 0xC6, 0xEA, 0xD4, 0xD1, 
	0xCB, 0x80, 0xD1, 0x04, 0xCB, 0xD4, 0xD1, 0xD1, 0xD5, 0x82, 0xD2, 0x09, 0xD4, 0x7A, 0x4D, 0x38, 
	0x37, 0x35, 0x76, 0xCE, 0xCE, 0xB5, 0x80, 0xCE, 0x0F, 0xB5, 0xCE, 0xCE, 0xB5, 0xCC, 0x76, 0x2C, 
	0x3D, 0x32, 0x4D, 0x4D, 0x3E, 0x3D, 0x59, 0x7A, 0xB5, 0x82, 0xCE, 0x00, 0xB5, 0x83, 0xCE, 0x00, 
	0xB5, 0x80, 0xCE, 0x02, 0xB5, 0xCE, 0xB5, 0x80, 0xCE, 0x02, 0xB5, 0xCE, 0xB5, 0x80, 0xCE, 0x00, 
	0xB5, 0x80, 0xCE, 0x03, 0xB5, 0xCE, 0xCE, 0xB5, 0x80, 0xCE, 0x00, 0xB5, 0x86, 0xCE, 0x00, 0xB5, 
	0x83, 0xCE, 0x08, 0xB5, 0xCE, 0xCE, 0xB4, 0xD6, 0xE2, 0xE6, 0xDE, 0xE0, 0x81, 0xE2, 0x83, 0xE6, 
	0x14, 0xDE, 0x78, 0xAA, 0x82, 0x84, 0xE2, 0xE6, 0xE2, 0xE9, 0x78, 0x9C, 0xCD, 0xE2, 0xDE, 0xE2, 
	0xCC, 0x78, 0xD9, 0xCE, 0xCE, 0xB5, 0x83, 0xCE, 0x24, 0x9C, 0xD6, 0xE2, 0xE6, 0xE2, 0xEB, 0x84, 
	0xCE, 0xD9, 0x6E, 0xCD, 0xE2, 0xE6, 0xE2, 0x84, 0xAB, 0x86, 0xBF, 0xE2, 0xE6, 0xDE, 0x78, 0xAA, 
	0xCE, 0x78, 0xEB, 0xE2, 0xE2, 0xEB, 0x9C, 0xB6, 0xEC, 0xE2, 0xE6, 0xE2, 0xBF, 0x86, 0x80, 0xCE, 
	0x37, 0x92, 0x9C, 0xE4, 0xDC, 0xE2, 0xCC, 0x9C, 0xD9, 0xAA, 0x9C, 0xE4, 0xE6, 0xE2, 0xDD, 0xB4, 
	0xCE, 0xB4, 0xE3, 0xE2, 0xE6, 0xDE, 0xB2, 0xB6, 0xDC, 0xE6, 0xE2, 0xDD, 0xB4, 0xB5, 0xCE, 0x84, 
	0xCD, 0xD7, 0xE6, 0xE2, 0x86, 0x8B, 0x9C, 0xD6, 0xE2, 0xE6, 0xE6, 0xDE, 0xE2, 0x8B, 0x86, 0xD9, 
	0xAB, 0xA9, 0xE2, 0xE6, 0xE6, 0xE2, 0xBF, 0xA9, 0xD9, 0x83, 0xCE, 0x00, 0xB5, 0x84, 0xCE, 0x0D, 
	0x91, 0x14, 0x54, 0x52, 0x51, 0x52, 0x51, 0x51, 0x52, 0x51, 0x52, 0x52, 0x50, 0x51, 0x81, 0x52, 
	0x19, 0x51, 0x51, 0x54, 0x0E, 0x13, 0x0D, 0x0D, 0x50, 0x51, 0x54, 0x53, 0x26, 0xDF, 0xCF, 0x91, 
	0xCE, 0xCE, 0xB5, 0xCE, 0x6D, 0x3D, 0x4D, 0x3E, 0x34, 0xEA, 0xD4, 0x81, 0xD2, 0x07, 0xD1, 0xC4, 
	0xC4, 0x98, 0xCE, 0xCE, 0xB5, 0xB5, 0x80, 0xCE, 0x03, 0x7E, 0xA0, 0xD1, 0xEA, 0x8A, 0xD2, 0x04, 
	0xD1, 0xD4, 0x7A, 0x79, 0x36, 0x80, 0x37, 0x02, 0x40, 0x6C, 0xB5, 0x80, 0xCE, 0x15, 0xB5, 0xCE, 
	0xCE, 0x6A, 0xDA, 0xCE, 0x71, 0x2E, 0x32, 0x4D, 0x3E, 0x4D, 0x3E, 0x4F, 0x2B, 0x91, 0xB5, 0xCE, 
	0xCE, 0xB5, 0xCE, 0xB5, 0x80, 0xCE, 0x0D, 0xB5, 0xCE, 0xB5, 0xCE, 0xCE, 0xB5, 0xCE, 0xB5, 0xCE, 
	0xCE, 0xB5, 0xCE, 0xCE, 0xB5, 0x82, 0xCE, 0x0C, 0xB5, 0xCE, 0xB5, 0xCE, 0xB5, 0xCE, 0xCE, 0xB5, 
	0xCE, 0xCE, 0xB5, 0xCE, 0xB5, 0x02, 0xDA, 0xCE, 0xB5, 0x80, 0xCE, 0x00, 0xB5, 0x81, 0xCE, 0x00, 
	0xB5, 0x83, 0xCE, 0x25, 0x8B, 0xB4, 0x9C, 0xE7, 0xE2, 0xDE, 0xE6, 0xE6, 0xDC, 0xDC, 0xDE, 0xE2, 
	0xE2, 0xD7, 0xE2, 0xE6, 0xDE, 0xE6, 0xE2, 0x84, 0xAB, 0xCE, 0x78, 0xCD, 0xE2, 0xDE, 0xE2, 0xBF, 
	0xB2, 0xDD, 0xE0, 0xE6, 0xE2, 0xBF, 0x8B, 0xCE, 0xCE, 0xB5, 0x80, 0xCE, 0x00, 0xB5, 0x80, 0xCE, 
	0x24, 0x84, 0xCD, 0xE2, 0xDC, 0xE2, 0xCC, 0x84, 0xD9, 0xCE, 0x6E, 0xCD, 0xDC, 0xDC, 0xE2, 0x84, 
	0xCD, 0x9C, 0xCC, 0xE2, 0xDC, 0xE4, 0xB6, 0xAA, 0xD9, 0x9C, 0xD6, 0xE2, 0xE2, 0xCC, 0x9C, 0x9C, 
	0xDD, 0xE2, 0xDE, 0xE2, 0x86, 0x8B, 0x80, 0xCE, 0x36, 0xAA, 0x9C, 0xDE, 0xE6, 0xE2, 0x8B, 0x8B, 
	0xD9, 0xAA, 0x9C, 0xDE, 0xDC, 0xE2, 0xD6, 0x9C, 0xAA, 0x78, 0xDE, 0xE6, 0xE2, 0xD6, 0xB4, 0x78, 
	0xE9, 0xE2, 0xDE, 0xE2, 0x84, 0xAB, 0xD9, 0x84, 0xCD, 0xE2, 0xDC, 0xE2, 0xBF, 0xB4, 0x84, 0xE2, 
	0xE6, 0xE6, 0xDE, 0xE6, 0xE2, 0xBF, 0x8B, 0xD9, 0x6B, 0x6E, 0xE2, 0xDC, 0xE6, 0xD7, 0x86, 0x8B, 
	0x80, 0xCE, 0x05, 0xB5, 0xCE, 0xB5, 0xCE, 0xCE, 0xB5, 0x80, 0xCE, 0x03, 0xB5, 0xCE, 0x91, 0x11, 
	0x80, 0x51, 0x01, 0x52, 0x50, 0x80, 0x51, 0x84, 0x52, 0x1D, 0x51, 0x52, 0x53, 0x51, 0x50, 0x57, 
	0x11, 0x23, 0x27, 0x1C, 0x53, 0x51, 0x53, 0x98, 0xE2, 0x5F, 0x41, 0x66, 0xB5, 0xB5, 0xCE, 0xCE, 
	0x87, 0x3E, 0x4D, 0x3E, 0x49, 0x2C, 0xEA, 0xC6, 0x82, 0xD2, 0x0F, 0xA0, 0xB5, 0xDA, 0xB5, 0xCE, 
	0xB5, 0xCE, 0xB5, 0xCE, 0xC6, 0xD4, 0x2B, 0x2C, 0x2D, 0xD4, 0xD5, 0x81, 0xD2, 0x07, 0xD5, 0xD1, 
	0xD1, 0xD4, 0x7A, 0x3E, 0x47, 0x38, 0x81, 0x37, 0x08, 0x36, 0x7A, 0xEA, 0x6D, 0xB5, 0xB5, 0xCE, 
	0xB5, 0xCE, 0x80, 0xB5, 0x02, 0x2D, 0x4F, 0x4D, 0x83, 0x3E, 0x09, 0x3D, 0x91, 0x7A, 0x74, 0xB5, 
	0xB5, 0xCE, 0xCE, 0xB5, 0xB5, 0x80, 0xCE, 0x0A, 0xB5, 0xB5, 0xCE, 0xB5, 0xCE, 0xCE, 0xB5, 0xB5, 
	0xCE, 0xB5, 0xCE, 0x81, 0xB5, 0x09, 0xCE, 0xB5, 0xCE, 0xB5, 0xCE, 0xB5, 0xCE, 0xB5, 0xCE, 0xCE, 
	0x80, 0xB5, 0x01, 0xCE, 0xCE, 0x02, 0xB5, 0xCE, 0xB5, 0x81, 0xCE, 0x00, 0xB5, 0x80, 0xCE, 0x0C, 
	0x6A, 0xB5, 0xCE, 0xCE, 0xB5, 0xCE, 0xB6, 0xA9, 0xCA, 0xDC, 0xDC, 0xDE, 0xE6, 0x80, 0xDE, 0x19, 
	0xE2, 0xD7, 0xDD, 0xCD, 0x86, 0xD6, 0xE2, 0xDE, 0xDC, 0xE2, 0x84, 0xAB, 0xCE, 0xAB, 0xB6, 0xDE, 
	0xDC, 0xDC, 0xDE, 0xE7, 0xDE, 0xDE, 0xDC, 0xDE, 0xB6, 0xAB, 0x81, 0xCE, 0x00, 0xB5, 0x82, 0xCE, 
	0x24, 0x86, 0xCD, 0xD7, 0xDE, 0xE2, 0xCA, 0x78, 0xCE, 0xCE, 0x6E, 0xCD, 0xE2, 0xDC, 0xE2, 0xA9, 
	0xCD, 0xB6, 0xD6, 0xE2, 0xDC, 0xD2, 0xB4, 0xCE, 0xCE, 0xB6, 0xD6, 0xE2, 0xD7, 0xCD, 0x6E, 0x9C, 
	0xD6, 0xE2, 0xDC, 0xE2, 0xBF, 0x86, 0x80, 0xCE, 0x26, 0x92, 0x9C, 0xE4, 0xDE, 0xD7, 0xBF, 0x8B, 
	0xD9, 0x82, 0x84, 0xE2, 0xDC, 0xE2, 0xCD, 0x86, 0x8B, 0x86, 0xD7, 0xDC, 0xE2, 0xBF, 0x86, 0x84, 
	0xCC, 0xE2, 0xDC, 0xE2, 0xBF, 0x6E, 0xD9, 0x6E, 0xCD, 0xE2, 0xDE, 0xE2, 0xCD, 0x38, 0xCC, 0xE2, 
	0x80, 0xDE, 0x16, 0xE6, 0xDC, 0x9C, 0x82, 0xD9, 0x86, 0x8B, 0xD7, 0xDE, 0xDE, 0xE2, 0x84, 0xAB, 
	0xCE, 0xB5, 0xCE, 0xB5, 0xCE, 0xB5, 0xCE, 0xCE, 0xB5, 0xCE, 0x80, 0xB5, 0x05, 0xCE, 0x26, 0x51, 
	0x54, 0x52, 0x51, 0x82, 0x52, 0x00, 0x51, 0x84, 0x52, 0x3A, 0x54, 0x52, 0x51, 0x04, 0x0F, 0x01, 
	0xCF, 0xDF, 0x5F, 0x13, 0x50, 0x54, 0x11, 0xDF, 0xDF, 0xA3, 0xA3, 0xE8, 0xCE, 0xB5, 0xDA, 0xD6, 
	0x3D, 0x33, 0x4A, 0x3E, 0x3E, 0x49, 0x26, 0x7C, 0xD4, 0xC6, 0xD5, 0xD4, 0x62, 0x6A, 0xCE, 0xB5, 
	0xDA, 0xB5, 0xCE, 0xB5, 0xB5, 0x7A, 0x2D, 0x2D, 0x3E, 0x3E, 0x49, 0x2C, 0xC4, 0x9A, 0xC4, 0x2D, 
	0x48, 0x4A, 0x79, 0x39, 0x38, 0x83, 0x37, 0x04, 0x38, 0x3D, 0xD5, 0xC6, 0x7C, 0x80, 0xB5, 0x05, 
	0xCE, 0xB5, 0xCE, 0xB5, 0x9A, 0x48, 0x84, 0x3E, 0x2B, 0x49, 0x2A, 0x98, 0x7E, 0xB5, 0xCE, 0xB5, 
	0xCE, 0xB5, 0xB5, 0xCE, 0xB5, 0xB5, 0xCE, 0xB5, 0xCE, 0xCE, 0xB5, 0xCE, 0xB5, 0xB5, 0xCE, 0xB5, 
	0xCE, 0xCE, 0xB5, 0xCE, 0xB5, 0xB5, 0xCE, 0xB5, 0xCE, 0xB5, 0xCE, 0xB5, 0xCE, 0xB5, 0xCE, 0xB5, 
	0xB5, 0xCE, 0xCE, 0xB5, 0xB5, 0x00, 0xB5, 0x81, 0xCE, 0x00, 0xB5, 0x80, 0xCE, 0x0B, 0xB5, 0xDA, 
	0xCE, 0xCE, 0xB5, 0xCE, 0xCE, 0x92, 0xB4, 0xD5, 0xD7, 0xDC, 0x82, 0xDE, 0x13, 0xDC, 0xD6, 0x84, 
	0xB4, 0x9C, 0x6E, 0x46, 0xD7, 0xDE, 0xDE, 0xE2, 0x84, 0xCD, 0xB5, 0xCE, 0x9C, 0xCD, 0xD7, 0xDE, 
	0xDC, 0x80, 0xDE, 0x5A, 0xDC, 0xDD, 0xB6, 0xB5, 0xCE, 0xB5, 0xCE, 0xCE, 0xB5, 0xCE, 0xB5, 0xCE, 
	0xB5, 0xCE, 0x6B, 0xA9, 0xD7, 0xDC, 0xE2, 0xCC, 0x84, 0xCE, 0xD9, 0x6E, 0xCD, 0xD7, 0xDE, 0xE2, 
	0x46, 0xAB, 0x78, 0xDD, 0xDC, 0xE2, 0xCC, 0x9C, 0xCE, 0xCE, 0x78, 0xD6, 0xE2, 0xD7, 0xCD, 0x86, 
	0x9C, 0xD6, 0xD7, 0xDE, 0xD7, 0x8B, 0x86, 0xCE, 0xB5, 0xCE, 0x92, 0x9C, 0xD5, 0xDC, 0xE2, 0x86, 
	0x8B, 0xD9, 0x8B, 0xBF, 0xD7, 0xDE, 0xD7, 0xA9, 0xBF, 0x84, 0xCD, 0xD7, 0xDE, 0xDC, 0x9C, 0xAB, 
	0x8B, 0x86, 0xD7, 0xDE, 0xD7, 0xCC, 0x9C, 0xD9, 0x86, 0x86, 0xD7, 0xDC, 0xDE, 0xD5, 0xE3, 0x83, 
	0xDE, 0x1A, 0xD8, 0xB6, 0xAA, 0xCE, 0x8B, 0x86, 0xD7, 0xDC, 0xDE, 0xE4, 0xB6, 0x92, 0xCE, 0xCE, 
	0xB5, 0xCE, 0xB5, 0xCE, 0xCE, 0xB5, 0xB5, 0xCE, 0xB5, 0xCE, 0xB5, 0x74, 0x11, 0x80, 0x51, 0x06, 
	0x52, 0x52, 0x51, 0x52, 0x52, 0x51, 0x51, 0x83, 0x52, 0x19, 0x53, 0x10, 0x53, 0x51, 0x50, 0x24, 
	0x7B, 0xE5, 0xDF, 0x5F, 0x00, 0x0F, 0x51, 0x53, 0x26, 0xDF, 0xE6, 0xDF, 0xE1, 0xD9, 0xB5, 0xB5, 
	0x7E, 0x62, 0x2F, 0x72, 0x81, 0x3E, 0x18, 0x32, 0x49, 0x4F, 0x4F, 0x30, 0x12, 0x23, 0x85, 0x87, 
	0xCC, 0xB5, 0xB5, 0xCE, 0xCE, 0x72, 0x39, 0x3D, 0x3E, 0x3E, 0x4D, 0x3D, 0x35, 0x36, 0x38, 0x38, 
	0x87, 0x37, 0x08, 0x36, 0x99, 0xD1, 0xD2, 0xC4, 0x62, 0x74, 0xB5, 0xCE, 0x80, 0xB5, 0x03, 0x91, 
	0x48, 0x3E, 0x4D, 0x83, 0x3E, 0x04, 0x2C, 0x2A, 0x7E, 0xD6, 0xCE, 0x83, 0xB5, 0x00, 0xCE, 0x80, 
	0xB5, 0x00, 0xCE, 0x80, 0xB5, 0x00, 0xCE, 0x84, 0xB5, 0x00, 0xCE, 0x85, 0xB5, 0x00, 0xCE, 0x82, 
	0xB5, 0x01, 0xCE, 0xB5, 0x12, 0xB5, 0xCE, 0xB5, 0xCE, 0xB5, 0xB5, 0xCE, 0xB5, 0xCE, 0xB5, 0xCE, 
	0xB5, 0xB5, 0xCE, 0xB5, 0xCE, 0xCE, 0xB6, 0xCD, 0x83, 0xDE, 0x13, 0xD7, 0xCD, 0xB4, 0x8B, 0xAA, 
	0xD9, 0xAB, 0x9C, 0xDC, 0xD3, 0xDE, 0xD7, 0xA9, 0x6B, 0xCE, 0xCE, 0xAA, 0xB4, 0xCA, 0xDC, 0x80, 
	0xDE, 0x09, 0xD8, 0xD7, 0xCC, 0x9C, 0xCE, 0xCE, 0xB5, 0xCE, 0xB5, 0xCE, 0x80, 0xB5, 0x4A, 0xCE, 
	0xCE, 0xAB, 0x84, 0xD7, 0xDE, 0xD7, 0xD6, 0x78, 0xB5, 0xCE, 0x86, 0xBF, 0xD7, 0xDE, 0xD7, 0x84, 
	0xAB, 0xB4, 0xDD, 0xDE, 0xD7, 0xCD, 0x84, 0xCE, 0x92, 0x78, 0xD2, 0xDE, 0xD0, 0x86, 0x86, 0x9C, 
	0xD6, 0xE2, 0xD3, 0xD7, 0xBF, 0x86, 0xCE, 0xCE, 0xB5, 0x92, 0xB4, 0xCA, 0xDC, 0xD0, 0xBF, 0x86, 
	0xD9, 0x9C, 0xCD, 0xD7, 0xDE, 0xD7, 0x84, 0x6B, 0x78, 0xD2, 0xDC, 0xDE, 0xD2, 0xB6, 0xB5, 0xAB, 
	0xB6, 0xDE, 0xDE, 0xDC, 0xD5, 0xB4, 0x92, 0x86, 0xBF, 0xD7, 0x80, 0xDE, 0x00, 0xD7, 0x82, 0xDE, 
	0x0B, 0xDC, 0xD2, 0x78, 0xB5, 0xCE, 0x6E, 0xCD, 0xD7, 0xDE, 0xDC, 0xCA, 0x78, 0x81, 0xB5, 0x44, 
	0xCE, 0xB5, 0xB5, 0xCE, 0xB5, 0xCE, 0xB5, 0xCE, 0xB5, 0xB5, 0x74, 0x0D, 0x51, 0x51, 0x54, 0x52, 
	0x52, 0x51, 0x51, 0x52, 0x51, 0x51, 0x52, 0x53, 0x52, 0x54, 0x52, 0x52, 0x05, 0x0E, 0x54, 0x52, 
	0x52, 0x51, 0x7B, 0xD6, 0xDF, 0xE1, 0x4B, 0x00, 0x0D, 0x51, 0x53, 0x27, 0xDF, 0xD6, 0x89, 0x6A, 
	0xB5, 0x91, 0x9A, 0x91, 0x26, 0x48, 0x4F, 0x32, 0x4D, 0x3E, 0x3E, 0x4D, 0x3E, 0x3E, 0x23, 0x54, 
	0x10, 0x11, 0x04, 0x98, 0x70, 0x80, 0xB5, 0x02, 0xD6, 0x36, 0x33, 0x80, 0x3E, 0x01, 0x32, 0x49, 
	0x89, 0x37, 0x07, 0x40, 0xC4, 0xD5, 0xD2, 0xD2, 0xD4, 0x46, 0x49, 0x80, 0xCE, 0x02, 0xB5, 0x74, 
	0x2E, 0x86, 0x3E, 0x06, 0x49, 0x2B, 0x98, 0x7E, 0xB5, 0xB5, 0xCE, 0x82, 0xB5, 0x00, 0xCE, 0x86, 
	0xB5, 0x04, 0xCE, 0xB5, 0xCE, 0xB5, 0xCE, 0x8E, 0xB5, 0x0B, 0xB5, 0xCE, 0xB5, 0xCE, 0xB5, 0xCE, 
	0xB5, 0xCE, 0xB5, 0xB5, 0xCE, 0xCE, 0x81, 0xB5, 0x25, 0xCE, 0x75, 0xB4, 0xCA, 0xD0, 0xD7, 0xDE, 
	0xD8, 0xD8, 0xD7, 0xCC, 0x84, 0x7E, 0xB5, 0xCE, 0xAA, 0xB6, 0xD1, 0xDE, 0xDE, 0xD0, 0x8B, 0x8B, 
	0xCE, 0xB5, 0xCE, 0x89, 0x84, 0xD7, 0xD8, 0xDE, 0xDE, 0xD8, 0xD7, 0xBF, 0x6E, 0xCE, 0xCE, 0x81, 
	0xB5, 0x4E, 0xCE, 0xB5, 0xCE, 0xB5, 0xCE, 0xAB, 0x78, 0xD5, 0xD8, 0xD3, 0xD2, 0xB6, 0xDA, 0xCE, 
	0x86, 0xBF, 0xD7, 0xDE, 0xD7, 0xB6, 0xCD, 0xB4, 0xD2, 0xDE, 0xD0, 0xCD, 0x84, 0xD9, 0xAB, 0x84, 
	0xD3, 0xDC, 0xD7, 0x9C, 0xAB, 0x9C, 0xC3, 0xD7, 0xDE, 0xD7, 0xBF, 0x8B, 0xCE, 0xB5, 0xB5, 0x7E, 
	0x78, 0xD6, 0xD7, 0xD7, 0xCC, 0xB6, 0xAA, 0xB4, 0xDD, 0xDC, 0xDE, 0xD2, 0x78, 0x82, 0x78, 0xD8, 
	0xDE, 0xD7, 0xD6, 0x78, 0xCE, 0xB5, 0x78, 0xCA, 0xDC, 0xDE, 0xD7, 0x86, 0x8B, 0x8B, 0xBF, 0xD7, 
	0xDE, 0x80, 0xD8, 0x11, 0xDE, 0xD8, 0xD8, 0xDE, 0xD8, 0xD7, 0xD6, 0xB6, 0xB5, 0xCE, 0x6E, 0xBF, 
	0xD0, 0xDE, 0xD7, 0x99, 0xB4, 0xCE, 0x8B, 0xB5, 0x00, 0x31, 0x81, 0x51, 0x81, 0x52, 0x00, 0x51, 
	0x80, 0x52, 0x06, 0x51, 0x54, 0x52, 0x54, 0x0D, 0x10, 0x51, 0x80, 0x52, 0x17, 0x7B, 0x47, 0xDF, 
	0xE0, 0xE1, 0xE1, 0x2F, 0x53, 0x54, 0x53, 0x09, 0x35, 0x3A, 0x31, 0x98, 0x91, 0xCE, 0x7A, 0x73, 
	0x26, 0x33, 0x72, 0x33, 0x4A, 0x81, 0x3E, 0x0D, 0x31, 0x53, 0x24, 0x04, 0x54, 0x24, 0x14, 0x87, 
	0xB5, 0xB5, 0x74, 0x47, 0x35, 0x33, 0x80, 0x3E, 0x01, 0x48, 0x38, 0x86, 0x37, 0x02, 0x45, 0x3D, 
	0xC6, 0x80, 0xD2, 0x0A, 0xD1, 0x4A, 0x37, 0x47, 0x91, 0xB5, 0xB5, 0x6A, 0x2D, 0x32, 0x4D, 0x83, 
	0x3E, 0x03, 0x4D, 0x32, 0x3C, 0x91, 0x89, 0xB5, 0x00, 0xCC, 0x81, 0xB5, 0x00, 0xCC, 0x95, 0xB5, 
	0x83, 0xB5, 0x02, 0xCE, 0xB5, 0xCE, 0x80, 0xB5, 0x21, 0xCE, 0xB5, 0xCE, 0xB5, 0xB5, 0xCE, 0xB4, 
	0xC3, 0xCC, 0xBF, 0xD5, 0xD8, 0xD8, 0xD7, 0x99, 0x78, 0xCE, 0xB5, 0xCE, 0x92, 0xB4, 0xD2, 0xD3, 
	0xD8, 0xD0, 0xBF, 0x86, 0xCE, 0xB5, 0xB5, 0xCE, 0xB6, 0xCD, 0xD0, 0x80, 0xD8, 0x02, 0xD3, 0x9C, 
	0xAB, 0x81, 0xB5, 0x00, 0xCE, 0x84, 0xB5, 0x48, 0xB6, 0xCA, 0xD7, 0xDC, 0xD2, 0xB6, 0x92, 0xCE, 
	0x8B, 0x86, 0xD0, 0xD8, 0xD7, 0x46, 0x82, 0x9C, 0xDD, 0xDE, 0xD0, 0xCD, 0x84, 0xCE, 0x89, 0x86, 
	0xD0, 0xD3, 0xD5, 0xB6, 0xDA, 0x84, 0x8A, 0xD0, 0xDE, 0xD0, 0x86, 0x6B, 0xCE, 0xB5, 0xB5, 0xCE, 
	0x9C, 0xCC, 0xD7, 0xD3, 0xD7, 0x46, 0xB4, 0xBF, 0xD0, 0xD8, 0xD0, 0xCD, 0x84, 0x86, 0xBF, 0xD0, 
	0xDE, 0xD0, 0xBF, 0xA9, 0xCE, 0xCE, 0x9C, 0x8A, 0xD0, 0xD8, 0xD0, 0xCD, 0x6E, 0x8B, 0xBF, 0xD0, 
	0xDE, 0x83, 0xD8, 0x0E, 0xD3, 0xD8, 0xD7, 0xD6, 0xB6, 0xCE, 0xB5, 0x82, 0x9C, 0xD8, 0xD0, 0xD0, 
	0xCD, 0x84, 0xCE, 0x81, 0xB5, 0x00, 0xCE, 0x86, 0xB5, 0x02, 0xD9, 0x11, 0x53, 0x80, 0x51, 0x04, 
	0x52, 0x52, 0x51, 0x51, 0x54, 0x80, 0x51, 0x32, 0x54, 0x53, 0x24, 0x15, 0x53, 0x52, 0x51, 0x52, 
	0x52, 0x01, 0x36, 0x79, 0xDF, 0xE0, 0xE0, 0xDB, 0x50, 0x53, 0x1B, 0x16, 0x18, 0x07, 0x50, 0x0D, 
	0x91, 0x9A, 0x91, 0x91, 0x2B, 0x26, 0x26, 0x2E, 0x48, 0x3E, 0x3E, 0x4D, 0x3E, 0x33, 0x0D, 0x1F, 
	0x19, 0x51, 0x54, 0x54, 0x10, 0x74, 0xB5, 0x7E, 0x79, 0x46, 0x3D, 0x80, 0x3E, 0x00, 0x3D, 0x84, 
	0x37, 0x04, 0x38, 0x47, 0xC3, 0xD4, 0xD5, 0x81, 0xD2, 0x08, 0x7A, 0x38, 0x37, 0x36, 0x85, 0xCE, 
	0x92, 0x81, 0x49, 0x83, 0x3E, 0x05, 0x4D, 0x3E, 0x3E, 0x3D, 0x9A, 0x92, 0x81, 0xB5, 0x00, 0x92, 
	0x90, 0xB5, 0x00, 0x92, 0x82, 0xB5, 0x00, 0x92, 0x81, 0xB5, 0x00, 0x92, 0x83, 0xB5, 0x02, 0xB5, 
	0xB5, 0xDA, 0x85, 0xB5, 0x00, 0xCE, 0x82, 0xB5, 0x16, 0xCE, 0x6E, 0xB4, 0x9C, 0x36, 0xD6, 0xD0, 
	0xD3, 0xD3, 0xD2, 0xB4, 0xB5, 0xB5, 0xCE, 0xCE, 0xB6, 0xD6, 0xD0, 0xD8, 0xD0, 0xBF, 0xA9, 0xCE, 
	0x80, 0xB5, 0x07, 0xAA, 0xB4, 0x46, 0xD8, 0xD8, 0xD3, 0xD2, 0xB4, 0x89, 0xB5, 0x2F, 0xCE, 0x9C, 
	0xC3, 0xD0, 0xD3, 0xD2, 0xB4, 0x92, 0xCE, 0x6B, 0x84, 0xD0, 0xD8, 0xD7, 0x46, 0xAB, 0x9C, 0xC3, 
	0xD0, 0xD7, 0xCC, 0xB6, 0xD9, 0xB6, 0xCC, 0xD0, 0xD7, 0xD6, 0xB6, 0xCE, 0x6E, 0xCD, 0xD0, 0xD3, 
	0xD0, 0xA9, 0x6B, 0xCE, 0xB5, 0xB5, 0xCE, 0x6E, 0xBF, 0xD0, 0xD3, 0xD3, 0xD8, 0xD2, 0x80, 0xD3, 
	0x15, 0xD5, 0x78, 0xAB, 0x9C, 0xC3, 0xD7, 0xD3, 0xD7, 0x46, 0x8B, 0xB5, 0xCE, 0x86, 0x86, 0xD0, 
	0xD8, 0xD3, 0xCA, 0x78, 0x86, 0x40, 0xD0, 0x80, 0xD8, 0x11, 0xD3, 0xD3, 0xD8, 0xD8, 0xD3, 0xD3, 
	0xD0, 0xC3, 0x84, 0xCE, 0xB5, 0xCE, 0x84, 0x86, 0xC3, 0xCD, 0xB4, 0xAB, 0x82, 0xB5, 0x00, 0x92, 
	0x86, 0xB5, 0x03, 0xAA, 0x7E, 0x34, 0x06, 0x80, 0x51, 0x0C, 0x54, 0x51, 0x51, 0x54, 0x52, 0x50, 
	0x24, 0x04, 0x29, 0x2D, 0x26, 0x50, 0x51, 0x80, 0x52, 0x14, 0x50, 0x7B, 0x38, 0x46, 0x65, 0xDB, 
	0x7A, 0x50, 0x19, 0x00, 0x00, 0x08, 0x54, 0x51, 0x51, 0x1E, 0x85, 0x9A, 0x7A, 0x9A, 0x4F, 0x80, 
	0x4D, 0x81, 0x3E, 0x11, 0x4D, 0x3E, 0x72, 0x34, 0x51, 0x14, 0x1E, 0x01, 0x87, 0xAA, 0xCE, 0x49, 
	0x3E, 0x49, 0x4D, 0x3E, 0x48, 0x3A, 0x81, 0x37, 0x05, 0x36, 0x47, 0x4A, 0x7A, 0xD4, 0xD5, 0x82, 
	0xD2, 0x08, 0xC6, 0xB6, 0x37, 0x37, 0x4D, 0x00, 0x7A, 0x7E, 0x4F, 0x80, 0x3E, 0x00, 0x4D, 0x83, 
	0x3E, 0x05, 0x26, 0x7E, 0x92, 0xB5, 0xB5, 0x92, 0x80, 0xB5, 0x12, 0xAA, 0xB5, 0xB5, 0x7E, 0x98, 
	0x9A, 0x81, 0x6D, 0xB5, 0xB5, 0x92, 0xB5, 0xB5, 0x92, 0xB5, 0xB5, 0x92, 0xB5, 0x92, 0x80, 0xB5, 
	0x00, 0x92, 0x85, 0xB5, 0x04, 0x92, 0xB5, 0xB5, 0x92, 0xB5, 0x00, 0x92, 0x8F, 0xB5, 0x09, 0x92, 
	0x70, 0xA9, 0xCD, 0xD0, 0xD3, 0xD3, 0xD5, 0xB6, 0x92, 0x80, 0xB5, 0x07, 0x9C, 0x99, 0xD7, 0xD3, 
	0xD0, 0xBF, 0x86, 0xCE, 0x80, 0xB5, 0x08, 0xCE, 0xAB, 0xB6, 0xD1, 0xC5, 0xD0, 0xC3, 0xB6, 0xCE, 
	0x86, 0xB5, 0x26, 0xCE, 0xB5, 0xCE, 0x6E, 0xBF, 0xD0, 0xD3, 0xD5, 0xB6, 0xAA, 0xCE, 0x6B, 0x84, 
	0xD0, 0xCB, 0xD0, 0x84, 0xAB, 0x6E, 0xBF, 0xD0, 0xD3, 0xD2, 0xB4, 0x8B, 0xB4, 0xD5, 0xD3, 0xD0, 
	0xBF, 0x6E, 0xCE, 0x6E, 0xBF, 0xD0, 0xD3, 0xD0, 0xBF, 0x8B, 0x81, 0xB5, 0x05, 0xAA, 0xB6, 0xD1, 
	0xD3, 0xD3, 0xC5, 0x80, 0xD3, 0x0E, 0xD0, 0xBF, 0x84, 0xB5, 0xB6, 0xD2, 0xC5, 0xD3, 0xD5, 0xB4, 
	0x75, 0xCE, 0xCE, 0xAB, 0x9C, 0x80, 0xD3, 0x1C, 0xCB, 0x84, 0xB4, 0xCC, 0xD0, 0xCB, 0xD3, 0xCB, 
	0xD3, 0xCB, 0xD0, 0xD0, 0xD8, 0xD3, 0xD0, 0xCD, 0x84, 0xCE, 0x92, 0xB5, 0x92, 0x84, 0x9C, 0x78, 
	0x82, 0xCE, 0x92, 0xB5, 0x92, 0x81, 0xB5, 0x02, 0x92, 0xB5, 0x92, 0x81, 0xB5, 0x15, 0x92, 0xB5, 
	0x92, 0xB5, 0x6D, 0x31, 0x02, 0x24, 0x24, 0x01, 0x10, 0x0D, 0x23, 0x26, 0x87, 0x76, 0xD9, 0xAA, 
	0x91, 0x50, 0x54, 0x52, 0x80, 0x51, 0x14, 0x50, 0x7B, 0x7F, 0xB2, 0x47, 0x7B, 0x53, 0x24, 0x19, 
	0x57, 0x1F, 0x54, 0x54, 0x51, 0x54, 0x0D, 0x6D, 0x92, 0xB5, 0x2D, 0x49, 0x85, 0x3E, 0x16, 0x4D, 
	0x32, 0x31, 0x48, 0x31, 0x23, 0x9A, 0xB5, 0x92, 0x9A, 0x2B, 0x32, 0x3E, 0x33, 0x7C, 0x4D, 0x79, 
	0x35, 0x4A, 0x99, 0x7A, 0xD4, 0xD1, 0x84, 0xD2, 0x09, 0xD4, 0x40, 0x37, 0x37, 0x7F, 0x2B, 0x4B, 
	0x28, 0x98, 0x32, 0x85, 0x3E, 0x08, 0x4D, 0x48, 0x7A, 0x92, 0xB5, 0x92, 0xB5, 0xB5, 0x92, 0x81, 
	0xB5, 0x21, 0xAA, 0xD6, 0xA3, 0x73, 0x98, 0x74, 0x92, 0xB5, 0xB5, 0x92, 0x92, 0xB5, 0x92, 0xB5, 
	0x92, 0xB5, 0x92, 0x92, 0xB5, 0x92, 0xB5, 0xB5, 0x92, 0xB5, 0x92, 0xB5, 0x92, 0xB5, 0xB5, 0x92, 
	0xB5, 0x92, 0xB5, 0xB5, 0x80, 0xB5, 0x03, 0x92, 0xB5, 0xB5, 0x92, 0x80, 0xB5, 0x05, 0xAA, 0xB5, 
	0xB5, 0x92, 0xB5, 0x92, 0x82, 0xB5, 0x11, 0x6B, 0x6E, 0xD0, 0xCB, 0xD3, 0xCB, 0x84, 0xAB, 0xB5, 
	0xB5, 0xCE, 0x6E, 0x4D, 0xD0, 0xC5, 0xD0, 0xCD, 0x86, 0x82, 0xB5, 0x3F, 0x6B, 0x86, 0xD0, 0xD3, 
	0xD0, 0xCD, 0x6E, 0xCE, 0xB5, 0xB5, 0x92, 0xAA, 0x82, 0xB5, 0x92, 0xB5, 0xB5, 0x92, 0xB5, 0xB5, 
	0x89, 0x86, 0xD0, 0xC5, 0xC5, 0xB6, 0xAB, 0xCE, 0x82, 0x6E, 0xD0, 0xCB, 0xD0, 0x47, 0xAB, 0x82, 
	0xB6, 0xD0, 0xCB, 0xC5, 0xBF, 0xB6, 0xC3, 0xD0, 0xC5, 0xD1, 0xB6, 0xAB, 0xCE, 0x6B, 0x84, 0xD0, 
	0xC5, 0xD3, 0x47, 0x82, 0xB5, 0xB5, 0x92, 0xB5, 0xB5, 0x6E, 0x86, 0xD0, 0x81, 0xD3, 0x17, 0xD0, 
	0xCA, 0xB4, 0xAA, 0xAB, 0xB6, 0xC5, 0xCB, 0xD0, 0xCA, 0xB6, 0x92, 0xAB, 0x8B, 0x9C, 0x9C, 0xCB, 
	0xC5, 0xD3, 0xD3, 0xCB, 0xC4, 0xD3, 0xC5, 0x82, 0xD3, 0x16, 0xCD, 0xC3, 0xC5, 0xD3, 0xD0, 0x4A, 
	0x84, 0xCE, 0xB5, 0xB5, 0xAB, 0xA9, 0xB4, 0x6B, 0xCE, 0xAA, 0xB5, 0x92, 0xB5, 0xB5, 0x92, 0xB5, 
	0x92, 0x80, 0xB5, 0x02, 0xAA, 0xB5, 0x92, 0x82, 0xB5, 0x11, 0x92, 0xB5, 0xB5, 0x7E, 0x7E, 0x6D, 
	0x7E, 0x70, 0xCE, 0xB5, 0x92, 0x92, 0xB5, 0xB5, 0x91, 0x24, 0x51, 0x53, 0x80, 0x51, 0x15, 0x52, 
	0x50, 0x10, 0xBA, 0x4E, 0x50, 0x52, 0x54, 0x54, 0x10, 0x04, 0x54, 0x24, 0x06, 0x54, 0x50, 0x34, 
	0x6A, 0x92, 0xB5, 0x87, 0x4A, 0x89, 0x3E, 0x0A, 0x32, 0x72, 0x48, 0x91, 0x48, 0x33, 0x3E, 0x4D, 
	0x48, 0x7C, 0xD5, 0x80, 0xD1, 0x00, 0xD5, 0x85, 0xD2, 0x0B, 0xC4, 0xC6, 0x40, 0x37, 0x37, 0x38, 
	0x2F, 0x00, 0x3F, 0x41, 0x2B, 0x49, 0x85, 0x3E, 0x15, 0x32, 0x2D, 0xB5, 0xB5, 0x92, 0xB5, 0xB5, 
	0x92, 0xB5, 0x92, 0xAA, 0xB5, 0xAA, 0x92, 0x6D, 0x9A, 0xB5, 0x92, 0xB5, 0x92, 0xB5, 0x92, 0x80, 
	0xB5, 0x02, 0x92, 0xB5, 0x92, 0x81, 0xB5, 0x0E, 0x92, 0xB5, 0x92, 0xB5, 0x92, 0xB5, 0xB5, 0x92, 
	0xB5, 0x92, 0xB5, 0x92, 0xB5, 0x92, 0xB5, 0x02, 0xB5, 0xB5, 0x92, 0x82, 0xB5, 0x02, 0x92, 0xB5, 
	0x92, 0x85, 0xB5, 0x09, 0x92, 0xB5, 0x75, 0xB6, 0xD1, 0xC5, 0xD3, 0xD0, 0x86, 0x89, 0x80, 0xB5, 
	0x1C, 0x6E, 0xCD, 0xD0, 0xCB, 0xD0, 0x4A, 0xA9, 0xCE, 0x92, 0xB5, 0x92, 0xCE, 0x6E, 0xBF, 0xD0, 
	0xC5, 0xC5, 0x84, 0x6B, 0xB5, 0xB5, 0x6E, 0xB4, 0xB6, 0xB6, 0x84, 0xB5, 0xCC, 0x92, 0x80, 0xB5, 
	0x5B, 0xAB, 0xB6, 0xC5, 0xCB, 0xD0, 0x46, 0x82, 0xB5, 0x82, 0x46, 0xC5, 0xD3, 0xC5, 0x6E, 0xAB, 
	0xB5, 0xB4, 0x99, 0xD3, 0xD3, 0xD0, 0xCB, 0xC5, 0xD3, 0xD0, 0xBF, 0x84, 0xB5, 0xB5, 0x82, 0x84, 
	0xC8, 0xCB, 0xCA, 0x78, 0x92, 0x92, 0xB5, 0xB5, 0x92, 0xB5, 0x92, 0x9C, 0xBF, 0xC5, 0xD0, 0xC8, 
	0xC5, 0xCA, 0xB2, 0x6B, 0xCE, 0x82, 0x46, 0xD0, 0xCB, 0xC5, 0xCA, 0xB4, 0xB4, 0xB6, 0x89, 0x4A, 
	0xCA, 0xC5, 0xD3, 0xCB, 0xC5, 0xD3, 0xC5, 0xD0, 0xD0, 0xCB, 0xCB, 0xC5, 0xC5, 0xCA, 0x36, 0xB4, 
	0xCB, 0xC5, 0xD0, 0xCD, 0x6E, 0xB5, 0x92, 0x9C, 0x9C, 0xBF, 0xCA, 0x78, 0x6E, 0x81, 0xB5, 0x0F, 
	0x92, 0xB5, 0x92, 0xB5, 0xB5, 0x92, 0x92, 0xB5, 0x92, 0xB5, 0x92, 0x92, 0xB5, 0x92, 0xB5, 0x92, 
	0x80, 0xB5, 0x01, 0x92, 0xB5, 0x81, 0x92, 0x1B, 0xB5, 0x92, 0xB5, 0x92, 0x91, 0x07, 0x54, 0x53, 
	0x24, 0x0D, 0x19, 0x11, 0x29, 0x19, 0x1E, 0x54, 0x52, 0x52, 0x54, 0x53, 0x53, 0x19, 0x12, 0x1E, 
	0x50, 0x51, 0x24, 0x91, 0x81, 0xB5, 0x02, 0x91, 0x32, 0x4D, 0x86, 0x3E, 0x00, 0x4D, 0x82, 0x3E, 
	0x07, 0x4D, 0x3E, 0x3E, 0x32, 0x2D, 0xD4, 0xC6, 0xD5, 0x83, 0xD2, 0x05, 0xC4, 0xD1, 0xC6, 0xD4, 
	0x62, 0x79, 0x80, 0x37, 0x01, 0x3D, 0x00, 0x80, 0x3F, 0x01, 0x00, 0x2A, 0x83, 0x3E, 0x25, 0x4D, 
	0x3E, 0x2D, 0x7E, 0xB5, 0x92, 0xB5, 0x92, 0x92, 0xB5, 0x92, 0xB5, 0xB5, 0x74, 0x6D, 0xCE, 0x76, 
	0x98, 0x6A, 0x92, 0x92, 0xB5, 0x92, 0xB5, 0x92, 0x92, 0xB5, 0xB5, 0x92, 0xB5, 0xB5, 0x92, 0xB5, 
	0x92, 0xB5, 0x92, 0x92, 0xB5, 0x82, 0x92, 0x05, 0xB5, 0x92, 0xB5, 0x92, 0xB5, 0x92, 0x26, 0x92, 
	0xB5, 0xB5, 0x92, 0xB5, 0xB5, 0x92, 0xB5, 0xB5, 0x92, 0xB5, 0x92, 0xB5, 0x92, 0x92, 0xB5, 0xB5, 
	0x92, 0xB5, 0xB5, 0x92, 0xB5, 0xB4, 0xCA, 0xC5, 0xCB, 0xC8, 0xBF, 0x6E, 0xCE, 0xB5, 0xB5, 0x86, 
	0xBF, 0xC8, 0xCB, 0xC8, 0xBF, 0x86, 0x82, 0xB5, 0x36, 0xB6, 0x99, 0xC5, 0xC5, 0xCB, 0xB6, 0xAA, 
	0x92, 0x82, 0x78, 0xC4, 0xD1, 0xCB, 0x86, 0x9C, 0xB5, 0xB5, 0x92, 0xAA, 0xB5, 0x92, 0xB4, 0xD2, 
	0xC5, 0xD0, 0x86, 0x86, 0xB5, 0xAB, 0x9C, 0xCB, 0xC5, 0xC5, 0x9C, 0x82, 0xB5, 0x86, 0x86, 0xC8, 
	0xC5, 0xCB, 0xC5, 0xC5, 0xC8, 0xCA, 0xB2, 0xAA, 0x92, 0x92, 0xAA, 0xB6, 0xBF, 0x9C, 0x7F, 0xB4, 
	0x80, 0xB5, 0x3B, 0x92, 0xB5, 0xB5, 0x92, 0xB5, 0x78, 0x84, 0x8A, 0x4D, 0x84, 0xB4, 0x6B, 0xB5, 
	0x89, 0xB2, 0x86, 0xC5, 0xC5, 0xCB, 0xC5, 0xC4, 0xC4, 0xCB, 0xC8, 0xD0, 0xC5, 0xCB, 0xC5, 0xCB, 
	0xCB, 0xC5, 0xD1, 0xBF, 0xC3, 0xC8, 0xD3, 0xC5, 0xD0, 0xBF, 0x84, 0xB6, 0xBB, 0xD3, 0xC8, 0xBF, 
	0x6E, 0xCE, 0x89, 0x6E, 0xC5, 0xC8, 0xD0, 0xC4, 0xB4, 0xAA, 0x92, 0x92, 0xB5, 0xB5, 0x92, 0x80, 
	0xB5, 0x14, 0x92, 0xB5, 0x92, 0xB5, 0x92, 0xB5, 0x92, 0xB5, 0xB5, 0x92, 0xB5, 0x92, 0x92, 0xB5, 
	0x92, 0x92, 0xB5, 0xB5, 0x92, 0xB5, 0xB5, 0x80, 0x92, 0x0B, 0x6D, 0x1E, 0x1E, 0x15, 0x0E, 0x0D, 
	0x10, 0x0D, 0x0E, 0x19, 0x24, 0x53, 0x80, 0x54, 0x0F, 0x53, 0x0D, 0x4A, 0x4E, 0x24, 0x54, 0x53, 
	0x19, 0x91, 0xAA, 0x92, 0x92, 0xB5, 0xB5, 0x91, 0x33, 0x91, 0x3E, 0x09, 0x33, 0x3D, 0x4F, 0x2D, 
	0xC6, 0xD4, 0xD5, 0xD2, 0xC6, 0x2E, 0x82, 0x48, 0x0A, 0x35, 0x38, 0x33, 0x00, 0x3F, 0x3F, 0x42, 
	0x3F, 0x42, 0x00, 0x34, 0x83, 0x3E, 0x06, 0x2E, 0x91, 0x92, 0xB5, 0x92, 0x92, 0xB5, 0x81, 0x92, 
	0x07, 0xB5, 0x6A, 0x4A, 0x2D, 0x6C, 0x2C, 0x6D, 0xD6, 0x80, 0x92, 0x01, 0xB5, 0xB5, 0x80, 0x92, 
	0x00, 0xB5, 0x84, 0x92, 0x00, 0xB5, 0x84, 0x92, 0x00, 0xB5, 0x80, 0x92, 0x00, 0xB5, 0x09, 0x92, 
	0xB5, 0x92, 0xB5, 0xB5, 0x92, 0x92, 0xB5, 0x92, 0x92, 0x83, 0xB5, 0x68, 0x92, 0x92, 0xB5, 0x92, 
	0xB5, 0xCE, 0x84, 0x4A, 0xC8, 0xCB, 0xC8, 0xC3, 0x9C, 0xB5, 0x92, 0xB5, 0x6B, 0x84, 0xC5, 0xC5, 
	0xC8, 0xCD, 0x84, 0xB5, 0x92, 0x92, 0xB5, 0xAA, 0xB6, 0xC6, 0xC5, 0xC5, 0xCA, 0xB6, 0x92, 0x7E, 
	0x78, 0x4A, 0xC8, 0xC5, 0xC5, 0xC1, 0x84, 0x8B, 0xB5, 0x92, 0xB5, 0x92, 0xB5, 0xB6, 0x99, 0xC5, 
	0xC8, 0xBF, 0x6E, 0x7E, 0xAA, 0x7F, 0xC4, 0xC5, 0xC5, 0xB6, 0xAB, 0xB5, 0x92, 0xB2, 0x8A, 0xC8, 
	0xC8, 0xD0, 0xC8, 0xCA, 0xB4, 0x6B, 0xB5, 0x92, 0xB5, 0xB5, 0x6E, 0xB2, 0x82, 0x82, 0xAB, 0xB5, 
	0x92, 0x92, 0xB5, 0x92, 0xB5, 0x92, 0xB5, 0xB5, 0x6B, 0x84, 0x84, 0x6B, 0x92, 0xCE, 0x6E, 0x9C, 
	0xCA, 0xBB, 0xC5, 0xC5, 0xCB, 0x81, 0xC5, 0x00, 0xCB, 0x81, 0xC5, 0x1F, 0xC8, 0xC8, 0xC4, 0xB6, 
	0x84, 0xB4, 0xBF, 0xBB, 0xC8, 0xC5, 0xB6, 0x7D, 0xB6, 0xCB, 0xC8, 0xC1, 0x6E, 0x6B, 0xCE, 0x84, 
	0xC3, 0xC8, 0xC5, 0xC5, 0xC4, 0xB4, 0x92, 0xB5, 0x92, 0x92, 0xB5, 0xB5, 0x80, 0x92, 0x37, 0xB5, 
	0x92, 0xB5, 0x92, 0x92, 0xB5, 0x92, 0xB5, 0x92, 0xB5, 0x92, 0xB5, 0x92, 0xB5, 0x92, 0xB5, 0x92, 
	0xB5, 0xB5, 0x92, 0x92, 0xB5, 0xAA, 0xB5, 0x71, 0x30, 0x10, 0x53, 0x54, 0x10, 0x19, 0x0D, 0x10, 
	0x10, 0x53, 0x15, 0x1B, 0x06, 0x0A, 0x1F, 0x47, 0x45, 0x7B, 0x50, 0x52, 0x53, 0x34, 0x7E, 0x92, 
	0xB5, 0x92, 0xB5, 0x92, 0xB5, 0x6D, 0x3D, 0x91, 0x3E, 0x21, 0x35, 0x3E, 0x3E, 0x32, 0x3D, 0x4F, 
	0x2C, 0x62, 0x48, 0x3E, 0x4D, 0x4D, 0x3E, 0x3E, 0x48, 0x2C, 0x00, 0x42, 0x3F, 0x3F, 0x42, 0x3F, 
	0x3F, 0x42, 0x28, 0x49, 0x4D, 0x3E, 0x4D, 0x3E, 0x2E, 0x91, 0x92, 0xB5, 0x83, 0x92, 0x0B, 0xAA, 
	0x92, 0xB5, 0x6F, 0x38, 0x86, 0x98, 0x2C, 0x47, 0x6F, 0x6D, 0xB5, 0x81, 0x92, 0x00, 0xB5, 0x8E, 
	0x92, 0x00, 0xAA, 0x81, 0x92, 0x09, 0x92, 0xB5, 0x92, 0x92, 0xB5, 0x92, 0x92, 0xB5, 0x92, 0xB5, 
	0x83, 0x92, 0x16, 0xB5, 0x92, 0xB5, 0x92, 0xB5, 0xB5, 0x8B, 0x89, 0xC8, 0xC5, 0xC5, 0xCA, 0xB6, 
	0x92, 0xB5, 0x92, 0xAA, 0xB4, 0xBB, 0xC5, 0xC8, 0xC3, 0x78, 0x80, 0xB5, 0x0B, 0x92, 0x7D, 0x9C, 
	0xCB, 0xC5, 0xC1, 0xCC, 0x9C, 0xB5, 0xB5, 0x78, 0x99, 0x80, 0xC5, 0x26, 0xC8, 0x46, 0x86, 0xB5, 
	0xB5, 0x92, 0xB5, 0xB5, 0x84, 0xC3, 0xC8, 0xC1, 0xCD, 0x84, 0xB5, 0xB5, 0x6E, 0x89, 0xC0, 0xC5, 
	0xB6, 0x7D, 0xB5, 0xB5, 0xAB, 0xB4, 0x84, 0x4A, 0x99, 0x6F, 0xB4, 0x6B, 0xB5, 0x92, 0xB5, 0x92, 
	0xB5, 0x92, 0x92, 0x80, 0xB5, 0x02, 0x92, 0xB5, 0xB5, 0x81, 0x92, 0x01, 0xB5, 0x92, 0x83, 0xB5, 
	0x02, 0x89, 0xBF, 0xC0, 0x85, 0xC5, 0x19, 0xC8, 0xC8, 0xC5, 0xC6, 0x99, 0x4D, 0x86, 0xB2, 0x6E, 
	0xCE, 0x92, 0x9C, 0x84, 0x4D, 0x84, 0x78, 0x92, 0xB4, 0x6F, 0x46, 0xB6, 0xB4, 0x7D, 0xB5, 0x78, 
	0x99, 0x80, 0xC5, 0x05, 0x99, 0x78, 0xB5, 0x92, 0x92, 0xB5, 0x80, 0x92, 0x00, 0xB5, 0x94, 0x92, 
	0x18, 0x7E, 0x9A, 0x6D, 0xBA, 0x54, 0x24, 0x11, 0x04, 0x53, 0x12, 0x1B, 0x24, 0x54, 0x07, 0x88, 
	0xC7, 0xC7, 0x1D, 0x36, 0x46, 0x02, 0x51, 0x52, 0x1B, 0x26, 0x82, 0x92, 0x09, 0xB5, 0x92, 0x92, 
	0x7E, 0x2E, 0x72, 0x4D, 0x3E, 0x3E, 0x4D, 0x83, 0x3E, 0x03, 0x4D, 0x3E, 0x3E, 0x4D, 0x85, 0x3E, 
	0x0D, 0x4D, 0x4D, 0x3E, 0x33, 0x48, 0x26, 0x49, 0x4D, 0x3E, 0x4D, 0x49, 0x41, 0x41, 0x3F, 0x82, 
	0x42, 0x07, 0x3F, 0x00, 0x3C, 0x32, 0x3E, 0x32, 0x26, 0x91, 0x85, 0x92, 0x00, 0xAA, 0x80, 0x92, 
	0x09, 0x6F, 0x38, 0x38, 0x91, 0xCF, 0x46, 0x38, 0x6F, 0x6A, 0xB5, 0x97, 0x92, 0x0F, 0x92, 0xB5, 
	0xB5, 0x92, 0xB5, 0x92, 0x92, 0xB5, 0x92, 0x92, 0xB5, 0x92, 0xB5, 0x92, 0x92, 0xB5, 0x82, 0x92, 
	0x27, 0xB5, 0x82, 0xB6, 0xC5, 0xBD, 0xC5, 0xC4, 0xB4, 0x92, 0x92, 0xB5, 0xB5, 0x78, 0x4A, 0xC0, 
	0xC5, 0x4D, 0x78, 0xB5, 0x92, 0x92, 0xB5, 0x82, 0x84, 0xBD, 0xC5, 0xC0, 0x46, 0x86, 0xB5, 0xB5, 
	0xB6, 0x99, 0xC1, 0xC5, 0xBD, 0xC5, 0x47, 0x82, 0xB5, 0x80, 0x92, 0x18, 0xB5, 0x6E, 0xBF, 0xC0, 
	0xC0, 0x99, 0x78, 0xB5, 0x92, 0x92, 0xB2, 0x79, 0xC4, 0x7F, 0x82, 0x92, 0x92, 0xB5, 0x92, 0x6B, 
	0x84, 0x78, 0x6E, 0x75, 0xB5, 0x83, 0x92, 0x00, 0xAA, 0x85, 0x92, 0x00, 0xB5, 0x86, 0x92, 0x02, 
	0xB4, 0xC3, 0xC1, 0x80, 0xC5, 0x0C, 0xBD, 0xC8, 0xC8, 0xBD, 0xC4, 0xC3, 0x89, 0xB6, 0xB4, 0x78, 
	0x6E, 0x89, 0xAA, 0x80, 0x92, 0x14, 0xB5, 0x6E, 0x78, 0x6B, 0x7D, 0xB5, 0x89, 0x83, 0x6B, 0x7D, 
	0x92, 0xB5, 0x92, 0xB4, 0x7A, 0xC1, 0xC5, 0xC1, 0xC3, 0x78, 0xB5, 0x9E, 0x92, 0x15, 0x31, 0xBC, 
	0x1E, 0x50, 0x54, 0x10, 0x1B, 0x53, 0x54, 0x51, 0x54, 0x24, 0x5E, 0xC7, 0xC9, 0x21, 0x1F, 0x53, 
	0x51, 0x53, 0x31, 0x6D, 0x83, 0x92, 0x05, 0xAA, 0x92, 0x6A, 0x31, 0x1F, 0x31, 0x83, 0x3E, 0x00, 
	0x4D, 0x86, 0x3E, 0x00, 0x4D, 0x80, 0x3E, 0x00, 0x4D, 0x80, 0x3E, 0x0B, 0x4D, 0x3E, 0x72, 0x2E, 
	0x48, 0x3D, 0x34, 0x73, 0x41, 0x42, 0x3F, 0x42, 0x82, 0x3F, 0x05, 0x42, 0x00, 0x26, 0x4F, 0x2C, 
	0x6D, 0x85, 0x92, 0x80, 0xAA, 0x0C, 0x92, 0x92, 0x7D, 0x38, 0x38, 0x8A, 0x62, 0x4D, 0x38, 0x38, 
	0x75, 0x6A, 0xAA, 0x85, 0x92, 0x00, 0xAA, 0x8D, 0x92, 0x80, 0x92, 0x00, 0xAA, 0x90, 0x92, 0x0F, 
	0xB4, 0xC3, 0xC1, 0xC1, 0xC4, 0xB4, 0x75, 0x92, 0x92, 0xB5, 0x6E, 0x40, 0x8A, 0xB6, 0x36, 0x6E, 
	0x80, 0x92, 0x11, 0xB5, 0x89, 0x89, 0xC0, 0xC0, 0xC3, 0xB4, 0xAA, 0x92, 0xB5, 0x78, 0xC3, 0xC1, 
	0xC5, 0xC5, 0xC6, 0xB6, 0xAA, 0x81, 0x92, 0x06, 0xB5, 0x6B, 0x46, 0xC3, 0x79, 0xBF, 0x78, 0x80, 
	0x92, 0x03, 0x7D, 0x83, 0xB4, 0xB4, 0x83, 0x92, 0x02, 0xB5, 0x92, 0xB5, 0x97, 0x92, 0x0E, 0x8B, 
	0xB4, 0xBB, 0xC5, 0xC5, 0xC1, 0xC1, 0xC6, 0xC3, 0xBF, 0xB6, 0x7F, 0x78, 0x89, 0x82, 0x91, 0x92, 
	0x08, 0x7D, 0x78, 0xBB, 0xC1, 0xC5, 0xC0, 0xBF, 0x6E, 0xB5, 0x9A, 0x92, 0x00, 0xAA, 0x80, 0x92, 
	0x07, 0x26, 0x10, 0x51, 0x51, 0x24, 0x19, 0x54, 0x51, 0x80, 0x52, 0x09, 0x51, 0x24, 0x03, 0xC7, 
	0xC7, 0x04, 0x51, 0x51, 0x50, 0x3D, 0x80, 0x92, 0x00, 0xAA, 0x81, 0x92, 0x08, 0x6A, 0xBA, 0x50, 
	0x51, 0x24, 0x23, 0x48, 0x3E, 0x4D, 0x8A, 0x3E, 0x05, 0x4D, 0x32, 0x49, 0x33, 0x32, 0x4D, 0x80, 
	0x3E, 0x05, 0x4D, 0x32, 0x3C, 0x00, 0x00, 0x41, 0x82, 0x3F, 0x80, 0x42, 0x04, 0x3F, 0x3F, 0x42, 
	0x00, 0x9A, 0x80, 0x92, 0x01, 0xAA, 0xAA, 0x86, 0x92, 0x0E, 0xB5, 0x6F, 0x38, 0x38, 0x79, 0x98, 
	0x6A, 0x38, 0x38, 0xB2, 0x8A, 0xB5, 0x92, 0x92, 0xAA, 0x85, 0x92, 0x00, 0xAA, 0x86, 0x92, 0x00, 
	0xAA, 0x80, 0x92, 0x94, 0x92, 0x05, 0x6B, 0x9C, 0xBB, 0xC1, 0x99, 0xB4, 0x81, 0x92, 0x04, 0x7D, 
	0xB2, 0x78, 0x7D, 0x82, 0x82, 0x92, 0x10, 0x84, 0x79, 0xBF, 0x99, 0x47, 0x82, 0x92, 0x92, 0xB5, 
	0x9C, 0x4D, 0xC0, 0xBD, 0xC1, 0x99, 0xB6, 0xB5, 0x82, 0x92, 0x05, 0x82, 0xB2, 0x78, 0x6E, 0x78, 
	0x6B, 0x82, 0x92, 0x01, 0x7D, 0x7D, 0x81, 0x92, 0x00, 0xAA, 0x85, 0x92, 0x01, 0xAA, 0xAA, 0x82, 
	0x92, 0x00, 0xAA, 0x8B, 0x92, 0x0A, 0x7D, 0x78, 0x79, 0xC0, 0xBB, 0xC3, 0x46, 0x78, 0x78, 0x6E, 
	0x7D, 0x83, 0x92, 0x02, 0xAA, 0x92, 0xAA, 0x8D, 0x92, 0x06, 0xB4, 0x46, 0x99, 0xBB, 0x7A, 0xB6, 
	0x6B, 0x88, 0x92, 0x00, 0xAA, 0x8D, 0x92, 0x00, 0xAA, 0x81, 0x92, 0x27, 0x76, 0x31, 0x24, 0x50, 
	0x50, 0x15, 0x50, 0x51, 0x52, 0x51, 0x52, 0x52, 0x51, 0x51, 0x53, 0x14, 0x14, 0x53, 0x51, 0x51, 
	0x24, 0x91, 0xAA, 0xAA, 0x92, 0x92, 0xAA, 0xAA, 0x92, 0x6D, 0x02, 0x51, 0x52, 0x52, 0x51, 0x53, 
	0x10, 0x30, 0x48, 0x4A, 0x8A, 0x3E, 0x05, 0x48, 0x26, 0x2E, 0x2F, 0x2C, 0x3D, 0x81, 0x3E, 0x11, 
	0x3D, 0x41, 0x42, 0x42, 0x3F, 0x3F, 0x42, 0x3F, 0x42, 0x3F, 0x3F, 0x42, 0x3F, 0x3F, 0x42, 0x4B, 
	0x98, 0xAA, 0x82, 0x92, 0x00, 0xAA, 0x84, 0x92, 0x06, 0xB5, 0x6F, 0x38, 0x37, 0x84, 0x9A, 0x3D, 
	0x80, 0x38, 0x03, 0x6E, 0x6A, 0x92, 0xAA, 0x94, 0x92, 0x95, 0x92, 0x05, 0x9C, 0xBF, 0xC0, 0x4A, 
	0x9C, 0xB5, 0x81, 0x92, 0x00, 0xAA, 0x85, 0x92, 0x05, 0x83, 0x39, 0x78, 0xB2, 0x7F, 0xAA, 0x80, 
	0x92, 0x07, 0x6B, 0xB2, 0x4D, 0xC1, 0xC0, 0xBF, 0x84, 0xB5, 0x83, 0x92, 0x02, 0x82, 0x7D, 0xB5, 
	0x91, 0x92, 0x03, 0xAA, 0x92, 0x92, 0xAA, 0x84, 0x92, 0x00, 0xAA, 0x82, 0x92, 0x00, 0xAA, 0x84, 
	0x92, 0x07, 0x7D, 0x78, 0x35, 0xB4, 0x78, 0x6B, 0x7D, 0xB5, 0x86, 0x92, 0x00, 0xAA, 0x80, 0x92, 
	0x00, 0x7D, 0x8A, 0x92, 0x05, 0x7D, 0x6B, 0xB2, 0x7F, 0xB4, 0x6E, 0x89, 0x92, 0x01, 0xAA, 0xAA, 
	0x82, 0x92, 0x00, 0x7D, 0x82, 0x92, 0x02, 0xAA, 0x92, 0xAA, 0x84, 0x92, 0x01, 0x3D, 0x3C, 0x80, 
	0x0D, 0x02, 0x51, 0x52, 0x51, 0x83, 0x52, 0x81, 0x51, 0x03, 0x53, 0x23, 0xB5, 0xAA, 0x81, 0x92, 
	0x0E, 0x6A, 0x48, 0x02, 0x52, 0x51, 0x52, 0x52, 0x51, 0x54, 0x10, 0x76, 0x6D, 0x87, 0x87, 0x49, 
	0x88, 0x3E, 0x0F, 0x35, 0x3E, 0x3D, 0x26, 0xC2, 0xB1, 0x2D, 0x3E, 0x3E, 0x4D, 0x3E, 0x2A, 0x4B, 
	0x42, 0x3F, 0x42, 0x80, 0x3F, 0x0C, 0x42, 0x3F, 0x42, 0x3F, 0x42, 0x3F, 0x4B, 0x59, 0x8A, 0xAA, 
	0x92, 0x92, 0xAA, 0x86, 0x92, 0x07, 0x6A, 0x89, 0x38, 0x38, 0xB2, 0x7A, 0x3D, 0xB2, 0x80, 0x38, 
	0x06, 0x6A, 0x92, 0x92, 0xAA, 0x92, 0x92, 0x7D, 0x83, 0x92, 0x00, 0x7D, 0x86, 0x92, 0x02, 0x7D, 
	0x92, 0x92, 0x02, 0x92, 0x92, 0xAA, 0x90, 0x92, 0x06, 0x75, 0x92, 0x7D, 0xB4, 0x46, 0xB4, 0x89, 
	0x84, 0x92, 0x01, 0xAA, 0xAA, 0x82, 0x92, 0x04, 0x89, 0x78, 0x7D, 0x6B, 0x82, 0x82, 0x92, 0x05, 
	0x7D, 0xB6, 0xBD, 0xBB, 0xB6, 0x6B, 0x86, 0x92, 0x00, 0xAA, 0x8B, 0x92, 0x00, 0xAA, 0x83, 0x92, 
	0x00, 0xAA, 0x82, 0x92, 0x05, 0xAA, 0x92, 0x92, 0xAA, 0x92, 0xAA, 0x80, 0x92, 0x00, 0xAA, 0x80, 
	0x92, 0x00, 0xAA, 0x82, 0x92, 0x02, 0x89, 0x6E, 0x7D, 0x86, 0x92, 0x00, 0x7D, 0x91, 0x92, 0x00, 
	0x7D, 0x80, 0x92, 0x00, 0x6B, 0x81, 0x92, 0x02, 0xAA, 0x92, 0x7D, 0x80, 0x92, 0x00, 0x7D, 0x91, 
	0x92, 0x00, 0xAA, 0x80, 0x92, 0x0A, 0xAA, 0xAA, 0x92, 0x6D, 0x12, 0x15, 0x0D, 0x24, 0x10, 0x54, 
	0x51, 0x83, 0x52, 0x14, 0x51, 0x54, 0x06, 0x11, 0x7A, 0x92, 0x92, 0xAA, 0xAA, 0xAB, 0x7E, 0x31, 
	0x50, 0x52, 0x51, 0x52, 0x53, 0x54, 0x52, 0x24, 0x87, 0x80, 0xAA, 0x07, 0xB5, 0x6D, 0x91, 0x3D, 
	0x49, 0x72, 0x3E, 0x4D, 0x81, 0x3E, 0x03, 0x3D, 0x34, 0x29, 0xBE, 0x80, 0xAD, 0x16, 0xBE, 0x30, 
	0x3D, 0x32, 0x3E, 0x2E, 0x00, 0x42, 0x3F, 0x3F, 0x42, 0x42, 0x3F, 0x3F, 0x42, 0x3F, 0x42, 0x3F, 
	0x3F, 0x42, 0x41, 0x6D, 0xAA, 0x82, 0x92, 0x00, 0x7D, 0x83, 0x92, 0x01, 0x6D, 0xB6, 0x80, 0x38, 
	0x01, 0x91, 0x3D, 0x81, 0x38, 0x06, 0x75, 0x6A, 0xAA, 0x92, 0x92, 0xAA, 0xAA, 0x80, 0x92, 0x00, 
	0x7D, 0x84, 0x92, 0x00, 0x7D, 0x84, 0x92, 0x02, 0xAA, 0x92, 0xAA, 0x81, 0x92, 0x00, 0x7D, 0x8E, 
	0x92, 0x02, 0x7D, 0x6B, 0x6B, 0x80, 0x92, 0x03, 0xAA, 0x92, 0x92, 0x75, 0x8D, 0x92, 0x06, 0xAA, 
	0x92, 0x75, 0xB4, 0xBB, 0x35, 0xB6, 0x80, 0x92, 0x00, 0x7D, 0x89, 0x92, 0x00, 0x7D, 0x82, 0x92, 
	0x02, 0xAA, 0x92, 0xAA, 0x80, 0x92, 0x02, 0xAA, 0x92, 0xAA, 0x80, 0x92, 0x08, 0x7D, 0x92, 0xAA, 
	0x92, 0xAA, 0xAA, 0x92, 0x92, 0xAA, 0x80, 0x92, 0x07, 0xAA, 0x92, 0x92, 0xAA, 0x92, 0xAA, 0x92, 
	0x7D, 0x95, 0x92, 0x00, 0xAA, 0x81, 0x92, 0x03, 0xAA, 0x92, 0x92, 0x7D, 0x86, 0x92, 0x00, 0x7D, 
	0x9F, 0x92, 0x03, 0xAA, 0x92, 0x6D, 0x34, 0x80, 0x87, 0x02, 0x3D, 0xBC, 0x12, 0x81, 0x50, 0x1A, 
	0x52, 0x52, 0x0B, 0x04, 0x32, 0x38, 0x72, 0x6A, 0xAA, 0x6A, 0x76, 0x9A, 0x09, 0x50, 0x51, 0x54, 
	0x51, 0x51, 0x52, 0x51, 0x24, 0x48, 0x92, 0xAA, 0x92, 0x92, 0x7D, 0x80, 0x92, 0x0B, 0x6A, 0x91, 
	0x2D, 0x2A, 0x2F, 0x2F, 0x3C, 0x2B, 0x41, 0xA7, 0xB8, 0xB3, 0x80, 0xAF, 0x0A, 0xAD, 0xB0, 0xB1, 
	0x30, 0x26, 0x30, 0x3B, 0x42, 0x42, 0x3F, 0x3F, 0x81, 0x42, 0x82, 0x3F, 0x07, 0x00, 0x91, 0x75, 
	0xAA, 0xAA, 0x92, 0xAA, 0xAA, 0x80, 0x92, 0x00, 0x7D, 0x80, 0x92, 0x06, 0x6A, 0x36, 0x38, 0x38, 
	0xB2, 0x91, 0x72, 0x81, 0x38, 0x05, 0x89, 0x6D, 0xAA, 0xAA, 0x92, 0xAA, 0x81, 0x92, 0x00, 0xAA, 
	0x80, 0x92, 0x03, 0xAA, 0x92, 0x92, 0xAA, 0x80, 0x92, 0x00, 0x7D, 0x81, 0x92, 0x02, 0xAA, 0x92, 
	0xAA, 0x83, 0x92, 0x00, 0x75, 0x84, 0x92, 0x00, 0x75, 0x92, 0x92, 0x00, 0xAA, 0x81, 0x92, 0x00, 
	0x75, 0x86, 0x92, 0x0C, 0xB4, 0x7A, 0x40, 0x6B, 0x92, 0xAA, 0xAA, 0x92, 0x92, 0x7D, 0x92, 0x92, 
	0x7D, 0x85, 0x92, 0x00, 0xAA, 0x93, 0x92, 0x00, 0xAA, 0x80, 0x92, 0x00, 0x75, 0x89, 0x92, 0x00, 
	0x7D, 0x81, 0x92, 0x00, 0x7D, 0x80, 0x92, 0x00, 0xAA, 0x89, 0x92, 0x00, 0xAA, 0x82, 0x92, 0x00, 
	0xAA, 0x81, 0x92, 0x00, 0xAA, 0x81, 0x92, 0x00, 0xAA, 0x81, 0x92, 0x00, 0xAA, 0x82, 0x92, 0x06, 
	0xAA, 0x92, 0x92, 0x7D, 0x92, 0xAA, 0x7D, 0x83, 0x92, 0x00, 0x75, 0x81, 0x92, 0x0B, 0xAA, 0x75, 
	0xAA, 0x92, 0x75, 0x92, 0x92, 0xAA, 0x92, 0x92, 0x6A, 0x7E, 0x80, 0x92, 0x14, 0x6A, 0x31, 0x3A, 
	0x55, 0x7B, 0x7B, 0xBA, 0x33, 0x55, 0x39, 0x37, 0x7F, 0x2E, 0x6A, 0x9A, 0x80, 0x8E, 0x97, 0x13, 
	0x53, 0x54, 0x80, 0x51, 0x04, 0x54, 0x50, 0x31, 0x92, 0xAA, 0x81, 0x92, 0x05, 0xAA, 0x7D, 0x92, 
	0x92, 0xAA, 0x6D, 0x80, 0x00, 0x0A, 0x4B, 0x41, 0x43, 0xA7, 0xB3, 0xB8, 0xB0, 0xAF, 0xAD, 0xAF, 
	0xAF, 0x80, 0xAD, 0x06, 0xA5, 0x18, 0x3B, 0x42, 0x42, 0x3F, 0x42, 0x80, 0x3F, 0x01, 0x42, 0x42, 
	0x80, 0x3F, 0x03, 0x4B, 0x71, 0xAA, 0xAA, 0x82, 0x92, 0x0C, 0xAA, 0xAA, 0x92, 0x92, 0x7D, 0x7E, 
	0x35, 0x38, 0x37, 0x38, 0x38, 0x87, 0x4A, 0x81, 0x38, 0x03, 0x89, 0x6D, 0xAA, 0xAA, 0x80, 0x92, 
	0x08, 0x7D, 0x92, 0x92, 0xAA, 0x7D, 0x92, 0xAA, 0x92, 0x7D, 0x83, 0x92, 0x03, 0xAA, 0xAA, 0x92, 
	0xAA, 0x88, 0x92, 0x00, 0x7D, 0x84, 0x92, 0x00, 0xAA, 0x80, 0x92, 0x00, 0x75, 0x85, 0x92, 0x00, 
	0x75, 0x80, 0x92, 0x00, 0x75, 0x81, 0x92, 0x00, 0x7D, 0x83, 0x92, 0x00, 0x7D, 0x80, 0x92, 0x05, 
	0x75, 0x92, 0x78, 0x4A, 0xB6, 0x82, 0x80, 0x92, 0x03, 0xAA, 0x92, 0x92, 0xAA, 0x81, 0x92, 0x02, 
	0x7D, 0x92, 0xAA, 0x83, 0x92, 0x00, 0x7D, 0x82, 0x92, 0x00, 0x7D, 0x81, 0x92, 0x00, 0x7D, 0x80, 
	0x92, 0x0F, 0xAA, 0x92, 0x92, 0x75, 0xAA, 0x92, 0x92, 0xAA, 0x92, 0xAA, 0x92, 0x92, 0xAA, 0x92, 
	0x75, 0x92, 0x80, 0xAA, 0x02, 0x92, 0xAA, 0xAA, 0x81, 0x92, 0x0E, 0xAA, 0x92, 0xAA, 0x7D, 0x92, 
	0xAA, 0x92, 0x7D, 0x92, 0x92, 0x7D, 0xAA, 0x92, 0x92, 0x7D, 0x81, 0x92, 0x16, 0x7D, 0x92, 0x92, 
	0x75, 0x92, 0xAA, 0x92, 0xAA, 0x75, 0x92, 0x92, 0xAA, 0x92, 0x7D, 0x92, 0xAA, 0x92, 0x92, 0x7D, 
	0x92, 0xAA, 0x92, 0x7D, 0x80, 0x92, 0x22, 0xAA, 0xAA, 0x92, 0x92, 0xAA, 0x92, 0xAA, 0x92, 0xAA, 
	0xAA, 0x7D, 0xAA, 0xAA, 0x92, 0x92, 0x75, 0x92, 0x92, 0xAA, 0x92, 0x92, 0xAA, 0xAA, 0x92, 0x75, 
	0x92, 0xAA, 0x92, 0x7D, 0xAA, 0xAA, 0x92, 0x7D, 0xB5, 0x6F, 0x85, 0x37, 0x13, 0x36, 0x40, 0x40, 
	0x5B, 0x9B, 0x96, 0x94, 0x96, 0x94, 0xB7, 0x54, 0x52, 0x51, 0x52, 0x24, 0x87, 0x92, 0xAA, 0x92, 
	0x7D, 0x80, 0x92, 0x13, 0xAA, 0x92, 0xAA, 0xAA, 0x7D, 0x92, 0x62, 0x4B, 0x42, 0x42, 0x3F, 0x43, 
	0xB1, 0xA6, 0xB8, 0xB3, 0xAD, 0xAF, 0xAF, 0xAD, 0x80, 0xAF, 0x06, 0xAD, 0xB9, 0x43, 0x42, 0x42, 
	0x3F, 0x42, 0x80, 0x3F, 0x00, 0x42, 0x81, 0x3F, 0x0A, 0x00, 0x2D, 0xAA, 0x92, 0xAA, 0x7D, 0x92, 
	0x92, 0x7D, 0x92, 0x92, 0x80, 0xAA, 0x01, 0x6D, 0x45, 0x81, 0x38, 0x1A, 0x2D, 0x89, 0x37, 0x38, 
	0x38, 0x37, 0x40, 0x6D, 0x92, 0xAA, 0x7D, 0x92, 0xAA, 0xAA, 0x92, 0xAA, 0xAA, 0x92, 0xAA, 0x92, 
	0xAA, 0xAA, 0x92, 0x92, 0x7D, 0x92, 0xAA, 0x80, 0x92, 0x01, 0x75, 0xAA, 0x81, 0xAA, 0x00, 0x92, 
	0x82, 0xAA, 0x00, 0x92, 0x80, 0xAA, 0x08, 0x92, 0xAA, 0xAA, 0x92, 0x75, 0x92, 0xAA, 0xAA, 0x92, 
	0x81, 0xAA, 0x01, 0x92, 0x92, 0x83, 0xAA, 0x05, 0x92, 0xAA, 0x92, 0x75, 0x92, 0x92, 0x80, 0xAA, 
	0x00, 0x92, 0x83, 0xAA, 0x07, 0x92, 0xAA, 0x92, 0x7D, 0xB2, 0x84, 0x92, 0x75, 0x86, 0x92, 0x07, 
	0xAA, 0x92, 0x92, 0xAA, 0x92, 0xAA, 0x7D, 0x92, 0x80, 0xAA, 0x2C, 0x92, 0xAA, 0x75, 0x92, 0xAA, 
	0xAA, 0x92, 0x92, 0x75, 0x92, 0xAA, 0x92, 0x75, 0x92, 0x92, 0x75, 0xAA, 0x92, 0x92, 0xAA, 0x75, 
	0xAA, 0x92, 0xAA, 0x75, 0x92, 0xAA, 0x92, 0xAA, 0x92, 0x92, 0xAA, 0x75, 0xAA, 0x92, 0xAA, 0xAA, 
	0x92, 0x75, 0x92, 0xAA, 0x92, 0xAA, 0x92, 0x92, 0x81, 0xAA, 0x00, 0x92, 0x83, 0xAA, 0x00, 0x7D, 
	0x80, 0xAA, 0x09, 0x92, 0x92, 0xAA, 0x92, 0x75, 0xAA, 0x92, 0x92, 0xAA, 0x7D, 0x81, 0xAA, 0x00, 
	0x92, 0x81, 0xAA, 0x00, 0x92, 0x81, 0xAA, 0x03, 0x7D, 0x92, 0xAA, 0x75, 0x80, 0x92, 0x00, 0xAA, 
	0x81, 0x92, 0x01, 0xAA, 0xAA, 0x80, 0x92, 0x03, 0xAA, 0x75, 0x92, 0x92, 0x84, 0xAA, 0x81, 0x92, 
	0x07, 0xAA, 0x92, 0xAA, 0x6A, 0x3E, 0x3E, 0x55, 0x38, 0x82, 0x37, 0x02, 0x39, 0x4F, 0x97, 0x81, 
	0x96, 0x08, 0x94, 0x80, 0x24, 0x51, 0x54, 0x10, 0x48, 0x92, 0x92, 0x81, 0xAA, 0x12, 0x75, 0xAA, 
	0x92, 0x92, 0xAA, 0x92, 0xAA, 0x92, 0x87, 0x4B, 0x42, 0x42, 0x3F, 0x3B, 0x4C, 0xB0, 0xB3, 0xAC, 
	0xAD, 0x82, 0xAF, 0x03, 0xAD, 0xA6, 0x17, 0x43, 0x81, 0x3F, 0x03, 0x42, 0x3F, 0x3F, 0x42, 0x81, 
	0x3F, 0x05, 0x4B, 0x71, 0xAB, 0x92, 0xAA, 0x92, 0x81, 0xAA, 0x20, 0x75, 0x92, 0x92, 0x7E, 0x3D, 
	0xB2, 0xB2, 0xB4, 0xB4, 0x47, 0x2C, 0x6F, 0x78, 0x84, 0x84, 0x46, 0x75, 0x9A, 0xB5, 0x92, 0xAA, 
	0x92, 0xAA, 0xAA, 0x7D, 0xAA, 0xAA, 0x92, 0xAA, 0x7D, 0x92, 0xAA, 0x92, 0x80, 0xAA, 0x05, 0x75, 
	0xAA, 0x92, 0xAA, 0x92, 0x92, 0x98, 0xAA, 0x00, 0xAB, 0x85, 0xAA, 0x00, 0x92, 0x8C, 0xAA, 0x00, 
	0x92, 0x80, 0xAA, 0x00, 0x92, 0x80, 0xAA, 0x03, 0xAB, 0xAA, 0xAA, 0x7D, 0x80, 0xAA, 0x03, 0x75, 
	0x92, 0xAA, 0x75, 0x81, 0xAA, 0x00, 0x92, 0x85, 0xAA, 0x00, 0xAB, 0x8A, 0xAA, 0x00, 0x92, 0x8B, 
	0xAA, 0x01, 0xAB, 0x92, 0x81, 0xAA, 0x00, 0x75, 0x81, 0xAA, 0x00, 0x92, 0x83, 0xAA, 0x00, 0x92, 
	0xA0, 0xAA, 0x0A, 0xAB, 0xAA, 0xAA, 0x75, 0xAA, 0xAA, 0x7D, 0x92, 0x92, 0xAA, 0x92, 0x80, 0xAA, 
	0x00, 0x92, 0x81, 0xAA, 0x09, 0x75, 0xAA, 0xAA, 0x75, 0xAA, 0xAA, 0x7D, 0x92, 0x92, 0x7D, 0x80, 
	0xAA, 0x02, 0x87, 0x47, 0x38, 0x81, 0x37, 0x05, 0x36, 0x35, 0x35, 0x4F, 0x8E, 0x94, 0x81, 0x96, 
	0x07, 0x8E, 0x29, 0x54, 0x10, 0x91, 0x7D, 0x92, 0x7D, 0x83, 0xAA, 0x00, 0x7D, 0x81, 0xAA, 0x03, 
	0xAB, 0x6A, 0x28, 0x3F, 0x80, 0x42, 0x0C, 0x43, 0xAC, 0xAD, 0xAE, 0xAF, 0xAF, 0xAD, 0xAD, 0xB0, 
	0xA5, 0xB1, 0x57, 0x43, 0x80, 0x3F, 0x12, 0x42, 0x3F, 0x42, 0x3F, 0x3F, 0x42, 0x3F, 0x3F, 0x42, 
	0x42, 0x00, 0x91, 0xAA, 0xAB, 0xAA, 0xAA, 0x7D, 0xAA, 0x92, 0x80, 0xAA, 0x03, 0x6A, 0x6D, 0x6B, 
	0x8B, 0x80, 0x6E, 0x03, 0x8B, 0x6B, 0x6E, 0x6E, 0x80, 0x83, 0x0A, 0x8B, 0x87, 0x92, 0xAA, 0x75, 
	0xAA, 0xAA, 0x92, 0xAA, 0xAA, 0xAB, 0x82, 0xAA, 0x00, 0x7D, 0x81, 0xAA, 0x01, 0x92, 0x7D, 0x80, 
	0xAA, 0x02, 0x7E, 0x70, 0x7E, 0x82, 0x70, 0x02, 0x7E, 0x70, 0x7E, 0x83, 0x70, 0x04, 0x7E, 0x7E, 
	0x70, 0x7E, 0x70, 0x80, 0x7E, 0x07, 0x70, 0x7E, 0x7E, 0x70, 0x7E, 0x70, 0x7E, 0x7E, 0x88, 0x70, 
	0x08, 0x7E, 0x70, 0x7E, 0x70, 0x7E, 0x70, 0x7E, 0x70, 0x7E, 0x80, 0x70, 0x00, 0x7E, 0x8A, 0x70, 
	0x06, 0x7E, 0x70, 0x70, 0x7E, 0x70, 0x7E, 0x70, 0x81, 0x7E, 0x01, 0x70, 0x7E, 0x83, 0x70, 0x00, 
	0x7E, 0x82, 0x70, 0x01, 0x7E, 0x70, 0x83, 0x7E, 0x00, 0x70, 0x80, 0x7E, 0x02, 0x70, 0x7E, 0x7E, 
	0x80, 0x70, 0x00, 0x7E, 0x85, 0x70, 0x09, 0x7E, 0x70, 0x7E, 0x7E, 0x70, 0x70, 0x7E, 0x7E, 0x70, 
	0x70, 0x80, 0x7E, 0x03, 0x70, 0x7E, 0x7E, 0x70, 0x81, 0x7E, 0x13, 0x70, 0x70, 0x7E, 0x70, 0x70, 
	0x7E, 0x70, 0x70, 0x7E, 0x7E, 0x70, 0x7E, 0x7E, 0x70, 0x7E, 0x7E, 0x70, 0x7E, 0x7E, 0x70, 0x81, 
	0x7E, 0x05, 0x70, 0x70, 0x7E, 0x70, 0x7E, 0x70, 0x81, 0x7E, 0x00, 0x70, 0x80, 0x7E, 0x00, 0x70, 
	0x82, 0x7E, 0x00, 0x6D, 0x80, 0x7E, 0x1C, 0x6D, 0x70, 0x7E, 0x70, 0x7E, 0x7E, 0x6D, 0x91, 0x62, 
	0x7F, 0x37, 0x38, 0x38, 0x39, 0x35, 0x49, 0x39, 0x37, 0x47, 0x97, 0x94, 0x96, 0x94, 0x96, 0x96, 
	0x94, 0x5D, 0x11, 0x71, 0x81, 0x7E, 0x01, 0x70, 0x70, 0x85, 0x7E, 0x04, 0x70, 0x7E, 0x7E, 0x73, 
	0x4B, 0x80, 0x3F, 0x0C, 0x43, 0xA4, 0xA5, 0xA6, 0xA5, 0xA7, 0xA8, 0x95, 0xA4, 0x43, 0x43, 0x3B, 
	0x28, 0x81, 0x3F, 0x17, 0x42, 0x3F, 0x42, 0x3F, 0x3F, 0x42, 0x42, 0x3F, 0x42, 0x41, 0x87, 0x70, 
	0x70, 0x6D, 0x7E, 0x70, 0x70, 0x7E, 0x70, 0x7E, 0x7E, 0x76, 0x82, 0x78, 0x83, 0x83, 0x0D, 0xA9, 
	0x83, 0x8B, 0x6E, 0x8B, 0x6A, 0x67, 0x7E, 0x70, 0x70, 0x7E, 0x70, 0x7E, 0x70, 0x80, 0x7E, 0x04, 
	0x70, 0x7E, 0x70, 0x7E, 0x70, 0x80, 0x7E, 0x05, 0x70, 0x7E, 0x70, 0x7E, 0x70, 0x70, 0x80, 0x67, 
	0x05, 0x66, 0x67, 0x65, 0x67, 0x67, 0x66, 0x80, 0x68, 0x86, 0x67, 0x04, 0x66, 0x68, 0x67, 0x66, 
	0x68, 0x82, 0x67, 0x03, 0x68, 0x67, 0x67, 0x68, 0x82, 0x67, 0x05, 0x68, 0x66, 0x68, 0x68, 0x69, 
	0x66, 0x81, 0x67, 0x00, 0x65, 0x81, 0x67, 0x0D, 0x68, 0x67, 0x67, 0x68, 0x67, 0x67, 0x68, 0x68, 
	0x67, 0x66, 0x68, 0x68, 0x67, 0x68, 0x81, 0x67, 0x09, 0x68, 0x67, 0x67, 0x68, 0x67, 0x66, 0x67, 
	0x66, 0x67, 0x68, 0x80, 0x67, 0x02, 0x68, 0x67, 0x66, 0x86, 0x67, 0x02, 0x68, 0x67, 0x68, 0x81, 
	0x67, 0x11, 0x69, 0x67, 0x67, 0x68, 0x69, 0x67, 0x67, 0x69, 0x67, 0x67, 0x65, 0x68, 0x69, 0x67, 
	0x68, 0x67, 0x67, 0x68, 0x84, 0x67, 0x00, 0x68, 0x81, 0x65, 0x80, 0x68, 0x80, 0x67, 0x0D, 0x68, 
	0x65, 0x67, 0x68, 0x68, 0x67, 0x68, 0x65, 0x68, 0x98, 0x62, 0x60, 0x68, 0x69, 0x80, 0x67, 0x00, 
	0x69, 0x80, 0x68, 0x12, 0x67, 0x68, 0x67, 0x67, 0x68, 0x67, 0x67, 0x66, 0x67, 0x66, 0x67, 0x68, 
	0x67, 0x68, 0x68, 0x67, 0x68, 0x68, 0x69, 0x81, 0x67, 0x03, 0x65, 0x67, 0x65, 0x68, 0x80, 0x67, 
	0x04, 0x69, 0x67, 0x67, 0x71, 0x8C, 0x80, 0x8E, 0x05, 0x85, 0x3E, 0x55, 0x35, 0x79, 0x7F, 0x80, 
	0x37, 0x10, 0x39, 0x9B, 0x96, 0x94, 0x94, 0x96, 0x96, 0x94, 0x73, 0x60, 0x68, 0x71, 0x6C, 0x6C, 
	0x66, 0x67, 0x67, 0x83, 0x68, 0x0D, 0x65, 0x65, 0x68, 0x67, 0x65, 0x60, 0x41, 0x42, 0x42, 0x3F, 
	0x3F, 0x3B, 0x43, 0x42, 0x82, 0x43, 0x07, 0x42, 0x42, 0x3F, 0x3F, 0x42, 0x3F, 0x3F, 0x42, 0x80, 
	0x3F, 0x08, 0x42, 0x3F, 0x3F, 0x42, 0x42, 0x41, 0x2B, 0x66, 0x68, 0x81, 0x67, 0x00, 0x68, 0x80, 
	0x67, 0x09, 0x68, 0x66, 0x76, 0x6D, 0x6D, 0x91, 0x91, 0x87, 0x65, 0x87, 0x81, 0x71, 0x13, 0x60, 
	0x71, 0x68, 0x68, 0x67, 0x68, 0x67, 0x69, 0x68, 0x67, 0x68, 0x68, 0x66, 0x68, 0x66, 0x66, 0x65, 
	0x67, 0x66, 0x65, 0x81, 0x67, 0x02, 0x68, 0x67, 0x67, 0x01, 0x65, 0x68, 0x82, 0x67, 0x00, 0x69, 
	0x82, 0x68, 0x80, 0x67, 0x04, 0x65, 0x68, 0x68, 0x67, 0x67, 0x81, 0x68, 0x1B, 0x67, 0x68, 0x67, 
	0x67, 0x68, 0x67, 0x68, 0x68, 0x67, 0x68, 0x68, 0x67, 0x66, 0x67, 0x67, 0x66, 0x68, 0x66, 0x66, 
	0x67, 0x66, 0x66, 0x67, 0x68, 0x68, 0x67, 0x67, 0x65, 0x82, 0x68, 0x00, 0x67, 0x86, 0x68, 0x02, 
	0x67, 0x68, 0x68, 0x80, 0x67, 0x01, 0x66, 0x67, 0x81, 0x68, 0x07, 0x65, 0x68, 0x67, 0x68, 0x65, 
	0x68, 0x68, 0x67, 0x80, 0x68, 0x08, 0x67, 0x67, 0x68, 0x65, 0x65, 0x67, 0x68, 0x65, 0x65, 0x80, 
	0x67, 0x09, 0x68, 0x68, 0x65, 0x81, 0x69, 0x81, 0x69, 0x68, 0x81, 0x68, 0x80, 0x67, 0x80, 0x65, 
	0x01, 0x68, 0x68, 0x81, 0x67, 0x04, 0x71, 0x68, 0x67, 0x71, 0x67, 0x80, 0x71, 0x18, 0x9A, 0x9A, 
	0x71, 0x9A, 0x90, 0x9A, 0x9A, 0x98, 0x98, 0x9A, 0x98, 0x98, 0x2F, 0x98, 0x98, 0x85, 0x85, 0x2B, 
	0x5E, 0x21, 0x85, 0x2C, 0x85, 0x2C, 0x85, 0x83, 0x2A, 0x01, 0x62, 0x62, 0x80, 0x3C, 0x06, 0x62, 
	0x3C, 0x62, 0x3C, 0x73, 0x3C, 0x62, 0x82, 0x3C, 0x0F, 0x62, 0x3C, 0x73, 0x2A, 0x85, 0x73, 0x85, 
	0x85, 0x73, 0x62, 0x62, 0x73, 0x62, 0x62, 0x8F, 0x8E, 0x80, 0x96, 0x02, 0x97, 0x4F, 0x38, 0x83, 
	0x37, 0x01, 0x36, 0x80, 0x82, 0x94, 0x0E, 0x9B, 0x59, 0x61, 0x85, 0x3C, 0x21, 0x88, 0x56, 0x6C, 
	0x61, 0x6C, 0x61, 0x6C, 0x61, 0x6C, 0x80, 0x61, 0x09, 0x60, 0x61, 0x60, 0x85, 0x28, 0x42, 0x3F, 
	0x3F, 0x42, 0x3F, 0x81, 0x42, 0x0B, 0x3F, 0x3F, 0x42, 0x42, 0x3F, 0x42, 0x3F, 0x3F, 0x42, 0x3F, 
	0x3F, 0x42, 0x80, 0x3F, 0x07, 0x42, 0x42, 0x3F, 0x3F, 0x42, 0x2B, 0x71, 0x65, 0x80, 0x67, 0x0B, 
	0x65, 0x67, 0x68, 0x68, 0x81, 0x98, 0x62, 0x62, 0x60, 0x66, 0x67, 0x66, 0x80, 0x67, 0x02, 0x68, 
	0x68, 0x67, 0x85, 0x68, 0x10, 0x67, 0x67, 0x65, 0x68, 0x65, 0x68, 0x7D, 0x89, 0x89, 0x84, 0x6F, 
	0x89, 0x7D, 0x66, 0x67, 0x65, 0x68, 0x80, 0x67, 0x11, 0x68, 0x67, 0x68, 0x67, 0x68, 0x68, 0x67, 
	0x65, 0x69, 0x67, 0x68, 0x68, 0x67, 0x67, 0x65, 0x68, 0x67, 0x67, 0x80, 0x68, 0x01, 0x65, 0x68, 
	0x80, 0x67, 0x15, 0x68, 0x68, 0x67, 0x68, 0x67, 0x65, 0x67, 0x67, 0x66, 0x6A, 0x6B, 0x75, 0x6E, 
	0x6F, 0x75, 0x6E, 0x6F, 0x75, 0x6E, 0x6F, 0x7D, 0x7D, 0x80, 0x68, 0x80, 0x67, 0x03, 0x68, 0x67, 
	0x68, 0x67, 0x83, 0x68, 0x05, 0x67, 0x68, 0x67, 0x68, 0x68, 0x67, 0x81, 0x68, 0x02, 0x65, 0x67, 
	0x81, 0x81, 0x65, 0x17, 0x69, 0x65, 0x65, 0x68, 0x68, 0x65, 0x68, 0x68, 0x67, 0x6C, 0x62, 0x98, 
	0x67, 0x68, 0x68, 0x67, 0x67, 0x71, 0x67, 0x67, 0x71, 0x81, 0x71, 0x66, 0x81, 0x71, 0x01, 0x9A, 
	0x9A, 0x81, 0x98, 0x01, 0x2C, 0x85, 0x83, 0x2A, 0x03, 0x3C, 0x30, 0x3C, 0x16, 0x81, 0x20, 0x00, 
	0x21, 0x80, 0x18, 0x85, 0x4C, 0x26, 0x9E, 0x4C, 0x4C, 0x9E, 0x4C, 0x9E, 0x57, 0x9F, 0x21, 0x18, 
	0x9E, 0x57, 0x4C, 0x57, 0x57, 0x4C, 0x2B, 0xA1, 0x2B, 0x57, 0x2B, 0x20, 0x3C, 0x20, 0x2C, 0x3C, 
	0x20, 0x2F, 0x3C, 0x3C, 0x2F, 0x3C, 0x3C, 0x85, 0x59, 0x56, 0x59, 0x73, 0x59, 0x80, 0x73, 0x00, 
	0x59, 0x84, 0x73, 0x01, 0x59, 0x9B, 0x81, 0x96, 0x03, 0x94, 0x96, 0x93, 0x40, 0x83, 0x37, 0x06, 
	0x38, 0x90, 0x94, 0x8E, 0x8E, 0x94, 0x8C, 0x82, 0x73, 0x17, 0x21, 0x21, 0x56, 0x73, 0x59, 0x73, 
	0x59, 0x56, 0x59, 0x56, 0x59, 0x59, 0x2B, 0x59, 0x2B, 0x2B, 0xA3, 0x57, 0x42, 0x28, 0x42, 0x3F, 
	0x42, 0x42, 0x81, 0x3F, 0x02, 0x42, 0x3F, 0x42, 0x83, 0x3F, 0x80, 0x42, 0x81, 0x3F, 0x07, 0x42, 
	0x3F, 0x42, 0x3F, 0x3C, 0x3C, 0x2A, 0x3C, 0x81, 0x2A, 0x07, 0x85, 0x2A, 0x20, 0x5E, 0x4C, 0x3C, 
	0x98, 0x85, 0x83, 0x98, 0x00, 0x2D, 0x82, 0x9A, 0x03, 0x90, 0x71, 0x9A, 0x9A, 0x82, 0x71, 0x09, 
	0x91, 0x75, 0x8A, 0x6D, 0x75, 0x75, 0x91, 0x67, 0x67, 0x71, 0x81, 0x67, 0x03, 0x68, 0x67, 0x68, 
	0x65, 0x81, 0x68, 0x04, 0x67, 0x68, 0x68, 0x67, 0x68, 0x87, 0x67, 0x00, 0x68, 0x80, 0x67, 0x15, 
	0x68, 0x68, 0x67, 0x68, 0x67, 0x76, 0x76, 0x66, 0x6A, 0x6F, 0x6B, 0x7D, 0x7D, 0x6B, 0x75, 0x7D, 
	0x6B, 0x75, 0x6F, 0x6B, 0x6A, 0x67, 0x80, 0x65, 0x00, 0x81, 0x80, 0x65, 0x0D, 0x68, 0x65, 0x67, 
	0x68, 0x67, 0x68, 0x65, 0x68, 0x67, 0x68, 0x68, 0x65, 0x68, 0x65, 0x81, 0x67, 0x02, 0x71, 0x67, 
	0x67, 0x83, 0x71, 0x01, 0x60, 0x9A, 0x80, 0x98, 0x08, 0x2F, 0x85, 0x2B, 0x5E, 0x21, 0x2A, 0x2A, 
	0x3C, 0x30, 0x80, 0x3C, 0x03, 0x20, 0x20, 0x18, 0x20, 0x80, 0x18, 0x84, 0x4C, 0x03, 0x57, 0x4C, 
	0x57, 0x4C, 0x80, 0x9F, 0x02, 0x57, 0x18, 0x20, 0x80, 0x2B, 0x01, 0x59, 0x2B, 0x80, 0x59, 0x0C, 
	0x73, 0x73, 0x62, 0x2F, 0x62, 0x9A, 0x2F, 0x8C, 0x62, 0x8C, 0x61, 0x6C, 0x8C, 0x80, 0x61, 0x10, 
	0x60, 0x60, 0x8C, 0x18, 0x98, 0x60, 0x60, 0x71, 0x60, 0x60, 0x71, 0x64, 0x71, 0x64, 0x71, 0x64, 
	0x6A, 0x83, 0x89, 0x01, 0x6E, 0x89, 0x80, 0x6E, 0x06, 0x75, 0x66, 0x68, 0x67, 0x67, 0x65, 0x67, 
	0x80, 0x68, 0x02, 0x65, 0x68, 0x67, 0x80, 0x65, 0x05, 0x60, 0xA2, 0x96, 0x94, 0x96, 0x94, 0x80, 
	0x96, 0x02, 0x94, 0x26, 0x38, 0x82, 0x37, 0x0F, 0x38, 0x90, 0x96, 0x9B, 0x59, 0x90, 0x66, 0x65, 
	0x67, 0x68, 0x65, 0x67, 0x5D, 0x59, 0x67, 0x68, 0x89, 0x67, 0x02, 0x71, 0x2B, 0x41, 0x80, 0x3F, 
	0x80, 0x42, 0x01, 0x3F, 0x42, 0x83, 0x3F, 0x03, 0x42, 0x41, 0x41, 0x42, 0x80, 0x3F, 0x02, 0x42, 
	0x3F, 0x3F, 0x80, 0x42, 0x02, 0x3F, 0x28, 0x59, 0x81, 0x2B, 0x0B, 0x57, 0x2B, 0x57, 0x57, 0xA1, 
	0x18, 0x5E, 0x18, 0x4B, 0x9E, 0x4C, 0x9E, 0x85, 0x4C, 0x0D, 0x18, 0x88, 0x18, 0x18, 0x21, 0x20, 
	0x20, 0x21, 0x18, 0x17, 0x20, 0x17, 0x20, 0x18, 0x81, 0x20, 0x07, 0x3C, 0x3C, 0x2A, 0x3C, 0x2A, 
	0x3C, 0x30, 0x2A, 0x05, 0x68, 0x68, 0x67, 0x68, 0x68, 0x67, 0x81, 0x68, 0x01, 0x67, 0x65, 0x80, 
	0x67, 0x05, 0x66, 0x67, 0x67, 0x66, 0x67, 0x67, 0x80, 0x68, 0x03, 0x65, 0x68, 0x65, 0x68, 0x80, 
	0x65, 0x07, 0x67, 0x92, 0x6E, 0x89, 0x84, 0x6E, 0x89, 0x6B, 0x80, 0x66, 0x00, 0x67, 0x81, 0x66, 
	0x04, 0x71, 0x67, 0x67, 0x71, 0x67, 0x81, 0x71, 0x01, 0x9A, 0x71, 0x81, 0x9A, 0x0F, 0x85, 0x98, 
	0x98, 0x85, 0x85, 0x2A, 0x85, 0x30, 0x3C, 0x30, 0x3C, 0x20, 0x3C, 0x20, 0x18, 0x20, 0x80, 0x18, 
	0x81, 0x4C, 0x08, 0x57, 0x4C, 0x9E, 0x57, 0x57, 0x9F, 0x17, 0x18, 0x3F, 0x81, 0x2B, 0x02, 0x59, 
	0x2B, 0x59, 0x82, 0x73, 0x12, 0x8C, 0x62, 0x8C, 0x61, 0x8C, 0x6C, 0x61, 0x60, 0x61, 0x60, 0x60, 
	0x71, 0x6D, 0x91, 0x6A, 0x76, 0x67, 0x65, 0x71, 0x81, 0x66, 0x0C, 0x68, 0x66, 0x66, 0x67, 0x67, 
	0x68, 0x89, 0x6E, 0x6E, 0x6D, 0x66, 0x66, 0x67, 0x85, 0x68, 0x04, 0x9A, 0x20, 0x71, 0x65, 0x65, 
	0x82, 0x68, 0x13, 0x67, 0x75, 0x8A, 0x92, 0x6B, 0x7D, 0x7D, 0x92, 0x6D, 0x6D, 0x68, 0x6D, 0x6D, 
	0x65, 0x6D, 0x76, 0x68, 0x67, 0x68, 0x68, 0x80, 0x67, 0x80, 0x68, 0x00, 0x65, 0x81, 0x68, 0x01, 
	0x60, 0x8F, 0x83, 0x96, 0x04, 0x94, 0x96, 0x96, 0x93, 0x3A, 0x83, 0x37, 0x10, 0x87, 0x96, 0x8E, 
	0x9A, 0x65, 0x67, 0x67, 0x68, 0x67, 0x68, 0x67, 0x2F, 0x3C, 0x67, 0x65, 0x67, 0x67, 0x88, 0x68, 
	0x01, 0x2B, 0x41, 0x85, 0x3F, 0x2D, 0x42, 0x3F, 0x3F, 0x42, 0x42, 0x41, 0x4B, 0x2B, 0x73, 0x28, 
	0x3F, 0x42, 0x3F, 0x3F, 0x42, 0x3F, 0x3F, 0x42, 0x42, 0x4B, 0x62, 0x67, 0x67, 0x71, 0x66, 0x66, 
	0x71, 0x66, 0x71, 0x64, 0x71, 0x85, 0x17, 0x56, 0x60, 0x60, 0x6C, 0x61, 0x61, 0x6C, 0x6C, 0x8C, 
	0x6C, 0x62, 0x8C, 0x62, 0x81, 0x73, 0x83, 0x59, 0x81, 0x2B, 0x03, 0x4C, 0x2B, 0x4C, 0x57, 0x85, 
	0x4C, 0x02, 0x68, 0x68, 0x67, 0x80, 0x65, 0x15, 0x68, 0x68, 0x65, 0x65, 0x68, 0x68, 0x6A, 0x6D, 
	0x6A, 0x7D, 0x6D, 0x6D, 0x75, 0x6D, 0x6D, 0x75, 0x91, 0x76, 0x98, 0x62, 0x61, 0x66, 0x81, 0x71, 
	0x0A, 0x9A, 0x3D, 0x6A, 0x87, 0x91, 0x3D, 0x87, 0x85, 0x2F, 0x85, 0x85, 0x81, 0x2A, 0x02, 0x30, 
	0x3C, 0x3C, 0x80, 0x20, 0x02, 0x18, 0x20, 0x18, 0x80, 0x4C, 0x03, 0x9E, 0x9E, 0x4C, 0x9E, 0x80, 
	0x4C, 0x02, 0x18, 0x2B, 0xA1, 0x81, 0x2B, 0x80, 0x59, 0x80, 0x73, 0x06, 0x62, 0x73, 0x61, 0x8C, 
	0x6C, 0x6C, 0x61, 0x81, 0x60, 0x08, 0x85, 0x20, 0x71, 0x66, 0x66, 0x71, 0x66, 0x66, 0x68, 0x81, 
	0x67, 0x81, 0x68, 0x00, 0x65, 0x82, 0x68, 0x16, 0x65, 0x68, 0x65, 0x68, 0x65, 0x6B, 0x6E, 0x6E, 
	0x6D, 0x66, 0x68, 0x68, 0x6D, 0x76, 0x6D, 0x6A, 0x65, 0x6D, 0x6A, 0x65, 0x6D, 0x6A, 0x76, 0x80, 
	0x6A, 0x04, 0x75, 0x6A, 0x75, 0x65, 0x67, 0x82, 0x68, 0x03, 0x65, 0x60, 0x20, 0x71, 0x81, 0x68, 
	0x0B, 0x67, 0x68, 0x67, 0x67, 0x6A, 0x6E, 0x89, 0x6F, 0x89, 0x6E, 0x6A, 0x66, 0x81, 0x67, 0x08, 
	0x68, 0x67, 0x67, 0x68, 0x65, 0x67, 0x65, 0x67, 0x67, 0x84, 0x68, 0x02, 0x65, 0x71, 0x8F, 0x81, 
	0x94, 0x02, 0x96, 0x94, 0x96, 0x81, 0x94, 0x01, 0x87, 0x38, 0x82, 0x37, 0x04, 0x31, 0x97, 0x94, 
	0x71, 0x65, 0x80, 0x68, 0x80, 0x67, 0x0B, 0x85, 0x3C, 0x66, 0x67, 0x65, 0x67, 0x68, 0x68, 0x67, 
	0x66, 0x69, 0x67, 0x81, 0x68, 0x06, 0x60, 0x41, 0x42, 0x3F, 0x42, 0x3F, 0x42, 0x80, 0x3F, 0x0C, 
	0x42, 0x42, 0x00, 0x4B, 0x4B, 0x41, 0x2B, 0x6C, 0x65, 0x67, 0x2B, 0x41, 0x42, 0x83, 0x3F, 0x12, 
	0x42, 0x4B, 0x6C, 0x65, 0x67, 0x68, 0x65, 0x67, 0x68, 0x68, 0x65, 0x68, 0x65, 0x67, 0x20, 0x62, 
	0x65, 0x65, 0x68, 0x80, 0x67, 0x84, 0x68, 0x00, 0x67, 0x81, 0x68, 0x04, 0x67, 0x71, 0x66, 0x71, 
	0x67, 0x80, 0x66, 0x04, 0x71, 0x66, 0x60, 0x66, 0x71, 0x83, 0x60, 0x00, 0x61, 0x0C, 0x67, 0x66, 
	0x66, 0xA0, 0x71, 0x71, 0xA0, 0x71, 0x71, 0x9A, 0x9A, 0x98, 0x72, 0x80, 0x3E, 0x13, 0x33, 0x49, 
	0x33, 0x31, 0x48, 0x48, 0x26, 0x27, 0x17, 0x21, 0x4C, 0x18, 0x16, 0x20, 0x21, 0x18, 0x21, 0x4C, 
	0x9E, 0x88, 0x80, 0x9E, 0x0A, 0x4C, 0x4C, 0x9E, 0x4C, 0x4C, 0x57, 0x4C, 0x57, 0x2B, 0x4C, 0x2B, 
	0x80, 0x59, 0x14, 0x73, 0x59, 0x85, 0x91, 0x87, 0x87, 0x72, 0x6A, 0x3D, 0x75, 0x4D, 0x8A, 0x6F, 
	0x6F, 0x91, 0x60, 0x64, 0x64, 0x67, 0x66, 0x66, 0x80, 0x67, 0x89, 0x68, 0x04, 0x65, 0x60, 0x20, 
	0x87, 0x65, 0x89, 0x68, 0x01, 0x67, 0x68, 0x80, 0x67, 0x13, 0x68, 0x65, 0x68, 0x68, 0x67, 0x68, 
	0x68, 0x67, 0x76, 0x67, 0x66, 0x68, 0x67, 0x68, 0x6B, 0x6E, 0x6E, 0x84, 0x6E, 0x84, 0x83, 0x6E, 
	0x05, 0x6A, 0x6D, 0x6B, 0x6E, 0x75, 0x66, 0x83, 0x68, 0x05, 0x65, 0x98, 0x20, 0x87, 0x69, 0x68, 
	0x80, 0x67, 0x0D, 0x68, 0x67, 0x68, 0x67, 0x68, 0x68, 0x66, 0x67, 0x67, 0x66, 0x67, 0x67, 0x69, 
	0x68, 0x80, 0x67, 0x82, 0x68, 0x00, 0x67, 0x80, 0x68, 0x09, 0x65, 0x68, 0x68, 0x67, 0x68, 0x67, 
	0x5C, 0x9B, 0x9B, 0x94, 0x83, 0x96, 0x04, 0x94, 0x94, 0x96, 0x97, 0x46, 0x82, 0x37, 0x0E, 0x91, 
	0x94, 0x8E, 0x60, 0x65, 0x68, 0x7E, 0x6D, 0x7E, 0x6A, 0x65, 0x2F, 0x3C, 0x71, 0x65, 0x81, 0x67, 
	0x08, 0x6D, 0x6A, 0x6D, 0x8A, 0x65, 0x68, 0x68, 0x65, 0x71, 0x80, 0x42, 0x0C, 0x3F, 0x3F, 0x42, 
	0x42, 0x3F, 0x3F, 0x28, 0x20, 0x2C, 0x85, 0x6C, 0x60, 0x67, 0x80, 0x68, 0x02, 0x62, 0x4B, 0x3F, 
	0x81, 0x42, 0x06, 0x3F, 0x3F, 0x42, 0x4B, 0x6C, 0x65, 0x67, 0x81, 0x68, 0x0E, 0x67, 0x67, 0x68, 
	0x68, 0x67, 0x16, 0x62, 0x69, 0x68, 0x67, 0x67, 0x7E, 0x7E, 0x6D, 0x6A, 0x80, 0x68, 0x0B, 0x67, 
	0x67, 0x65, 0x68, 0x68, 0x66, 0x6D, 0x7E, 0x76, 0x92, 0x76, 0x67, 0x85, 0x68, 0x80, 0x67, 0x81, 
	0x68, 0x00, 0x30, 0x81, 0x16, 0x0B, 0x20, 0x16, 0x21, 0x17, 0x21, 0x17, 0x21, 0x88, 0x88, 0x9E, 
	0x9E, 0x88, 0x83, 0x9E, 0x03, 0x9F, 0x17, 0x5E, 0x57, 0x80, 0x2B, 0x80, 0x59, 0x80, 0x73, 0x05, 
	0x8C, 0x62, 0x61, 0x8C, 0x61, 0x61, 0x80, 0x60, 0x01, 0x64, 0x71, 0x82, 0x66, 0x15, 0x68, 0x68, 
	0x67, 0x68, 0x6D, 0x76, 0x76, 0x70, 0x6D, 0x76, 0x70, 0x6D, 0x75, 0x7D, 0x7D, 0x89, 0x6A, 0x75, 
	0x6A, 0x69, 0x68, 0x67, 0x88, 0x68, 0x0B, 0x67, 0x68, 0x67, 0x67, 0x68, 0x60, 0x20, 0x67, 0x65, 
	0x68, 0x68, 0x67, 0x82, 0x68, 0x03, 0x67, 0x67, 0x68, 0x67, 0x80, 0x68, 0x05, 0x67, 0x67, 0x68, 
	0x68, 0x67, 0x67, 0x81, 0x68, 0x02, 0x67, 0x68, 0x68, 0x80, 0x67, 0x14, 0x65, 0x6D, 0x76, 0x65, 
	0x6D, 0x76, 0x65, 0x6D, 0x6D, 0x92, 0x75, 0x7D, 0x6B, 0x6A, 0x75, 0x6A, 0x66, 0x68, 0x68, 0x67, 
	0x68, 0x80, 0x67, 0x06, 0x68, 0x60, 0x20, 0x71, 0x68, 0x67, 0x68, 0x83, 0x67, 0x02, 0x68, 0x65, 
	0x67, 0x80, 0x68, 0x82, 0x67, 0x02, 0x68, 0x67, 0x65, 0x81, 0x68, 0x02, 0x67, 0x68, 0x67, 0x82, 
	0x68, 0x05, 0x69, 0x71, 0x1B, 0x10, 0x11, 0x59, 0x80, 0x96, 0x00, 0x94, 0x80, 0x96, 0x03, 0x94, 
	0x96, 0x97, 0x3D, 0x82, 0x37, 0x1E, 0x31, 0x97, 0x94, 0x8C, 0x65, 0x65, 0x75, 0x6E, 0x84, 0x8A, 
	0x66, 0x2F, 0x59, 0x67, 0x81, 0x67, 0x67, 0x66, 0x66, 0x6D, 0x6E, 0x6E, 0x6B, 0x65, 0x68, 0x67, 
	0x68, 0x71, 0x28, 0x42, 0x3F, 0x80, 0x42, 0x80, 0x3F, 0x04, 0x41, 0x2B, 0x71, 0x76, 0x65, 0x81, 
	0x68, 0x03, 0x67, 0x60, 0x4B, 0x42, 0x84, 0x3F, 0x04, 0x4B, 0x85, 0x65, 0x68, 0x67, 0x82, 0x68, 
	0x1C, 0x67, 0x68, 0x67, 0x30, 0x62, 0x67, 0x68, 0x65, 0x66, 0x75, 0x6E, 0x6E, 0x92, 0x66, 0x68, 
	0x68, 0x67, 0x68, 0x68, 0x67, 0x66, 0x66, 0x6D, 0x6E, 0x6E, 0x6B, 0x68, 0x68, 0x67, 0x84, 0x68, 
	0x06, 0x92, 0x6A, 0x6A, 0x92, 0x68, 0x68, 0x67, 0x84, 0x4C, 0x05, 0x2B, 0x4C, 0x2B, 0x2B, 0x59, 
	0x59, 0x80, 0x73, 0x0E, 0x8C, 0x62, 0x61, 0x8C, 0x61, 0x61, 0x60, 0x60, 0x3C, 0x18, 0x73, 0x71, 
	0x67, 0x67, 0x66, 0x80, 0x67, 0x03, 0x68, 0x65, 0x68, 0x67, 0x83, 0x68, 0x00, 0x65, 0x80, 0x68, 
	0x00, 0x67, 0x80, 0x68, 0x00, 0x67, 0x81, 0x68, 0x0F, 0x66, 0x68, 0x66, 0x66, 0x68, 0x66, 0x67, 
	0x75, 0x6E, 0x6B, 0x6B, 0x6E, 0x6E, 0x6D, 0x67, 0x67, 0x84, 0x68, 0x12, 0x67, 0x65, 0x67, 0x66, 
	0x65, 0x67, 0x66, 0x65, 0x67, 0x67, 0x60, 0x20, 0x71, 0x65, 0x67, 0x68, 0x68, 0x67, 0x67, 0x83, 
	0x68, 0x0B, 0x67, 0x68, 0x67, 0x67, 0x68, 0x68, 0x67, 0x68, 0x65, 0x67, 0x68, 0x67, 0x82, 0x68, 
	0x16, 0x67, 0x65, 0x68, 0x67, 0x66, 0x69, 0x68, 0x66, 0x67, 0x68, 0x68, 0x66, 0x75, 0x6E, 0x6B, 
	0x6B, 0x6E, 0x6B, 0x6D, 0x67, 0x68, 0x68, 0x65, 0x80, 0x68, 0x15, 0x65, 0x68, 0x6C, 0x20, 0x71, 
	0x67, 0x65, 0x67, 0x66, 0x76, 0x66, 0x66, 0x65, 0x65, 0x67, 0x67, 0x68, 0x68, 0x67, 0x67, 0x68, 
	0x67, 0x80, 0x68, 0x80, 0x67, 0x0D, 0x65, 0x65, 0x67, 0x68, 0x67, 0x67, 0x65, 0x68, 0x69, 0x67, 
	0x67, 0x69, 0x87, 0x12, 0x80, 0x54, 0x01, 0x0D, 0x9B, 0x80, 0x96, 0x01, 0x9B, 0x8F, 0x80, 0x96, 
	0x02, 0x94, 0x80, 0x39, 0x81, 0x37, 0x06, 0x87, 0x94, 0x94, 0x8C, 0x65, 0x67, 0x67, 0x80, 0x65, 
	0x0B, 0x67, 0x2F, 0x20, 0x66, 0x65, 0x67, 0x75, 0x7D, 0x82, 0x75, 0x68, 0x76, 0x80, 0x67, 0x02, 
	0x68, 0x65, 0x71, 0x81, 0x3F, 0x00, 0x42, 0x80, 0x3F, 0x0C, 0x42, 0x41, 0x98, 0x65, 0x68, 0x68, 
	0x67, 0x67, 0x68, 0x67, 0x65, 0x71, 0x28, 0x82, 0x42, 0x80, 0x3F, 0x04, 0x4B, 0x6C, 0x67, 0x67, 
	0x68, 0x80, 0x67, 0x82, 0x68, 0x0C, 0x16, 0x62, 0x67, 0x65, 0x68, 0x68, 0x67, 0x65, 0x76, 0x67, 
	0x67, 0x68, 0x68, 0x80, 0x67, 0x06, 0x75, 0x7D, 0x6F, 0x7D, 0x67, 0x76, 0x68, 0x81, 0x67, 0x82, 
	0x68, 0x07, 0x66, 0x6A, 0x6E, 0x6E, 0x6A, 0x68, 0x66, 0x67, 0x00, 0x6C, 0x80, 0x61, 0x80, 0x60, 
	0x05, 0x71, 0x66, 0x66, 0x67, 0x66, 0x66, 0x82, 0x68, 0x01, 0x65, 0x65, 0x81, 0x68, 0x02, 0x87, 
	0x18, 0x60, 0x83, 0x68, 0x03, 0x67, 0x68, 0x68, 0x67, 0x80, 0x68, 0x00, 0x67, 0x81, 0x68, 0x03, 
	0x67, 0x68, 0x68, 0x67, 0x81, 0x68, 0x00, 0x67, 0x80, 0x68, 0x03, 0x67, 0x67, 0x68, 0x67, 0x80, 
	0x68, 0x06, 0x66, 0x68, 0x66, 0x66, 0x68, 0x67, 0x66, 0x83, 0x68, 0x13, 0x66, 0x6A, 0x6B, 0x6B, 
	0x84, 0x89, 0x6B, 0x84, 0x89, 0x6B, 0x84, 0x89, 0x89, 0x72, 0x20, 0x66, 0x67, 0x68, 0x68, 0x67, 
	0x80, 0x68, 0x00, 0x67, 0x82, 0x68, 0x11, 0x67, 0x68, 0x68, 0x67, 0x67, 0x68, 0x67, 0x67, 0x68, 
	0x67, 0x68, 0x68, 0x67, 0x68, 0x68, 0x67, 0x68, 0x67, 0x80, 0x68, 0x0D, 0x67, 0x68, 0x67, 0x68, 
	0x67, 0x68, 0x68, 0x67, 0x67, 0x69, 0x67, 0x67, 0x66, 0x67, 0x83, 0x68, 0x11, 0x66, 0x92, 0x6B, 
	0x91, 0x16, 0x4D, 0x6B, 0x84, 0x6B, 0x6B, 0x84, 0x89, 0x6B, 0x6B, 0x68, 0x68, 0x67, 0x65, 0x81, 
	0x68, 0x08, 0x67, 0x65, 0x76, 0x66, 0x65, 0x76, 0x68, 0x68, 0x67, 0x81, 0x68, 0x17, 0x67, 0x68, 
	0x76, 0x67, 0x69, 0x87, 0x1C, 0x54, 0x51, 0x52, 0x52, 0x50, 0x5D, 0x94, 0x94, 0x80, 0x73, 0x8E, 
	0x96, 0x96, 0x94, 0x96, 0x97, 0x3E, 0x80, 0x37, 0x06, 0x38, 0x90, 0x94, 0x94, 0x8C, 0x67, 0x65, 
	0x80, 0x68, 0x03, 0x67, 0x65, 0x2F, 0x59, 0x80, 0x67, 0x06, 0x7E, 0x6B, 0x89, 0x6D, 0x66, 0x68, 
	0x67, 0x81, 0x68, 0x0A, 0x6C, 0x4B, 0x3F, 0x42, 0x3F, 0x3F, 0x42, 0x3F, 0x3F, 0x41, 0x73, 0x81, 
	0x68, 0x02, 0x65, 0x67, 0x67, 0x80, 0x68, 0x01, 0x59, 0x41, 0x80, 0x3F, 0x06, 0x42, 0x3F, 0x42, 
	0x42, 0x4B, 0x85, 0x68, 0x83, 0x67, 0x80, 0x68, 0x08, 0x67, 0x30, 0x73, 0x67, 0x67, 0x68, 0x68, 
	0x67, 0x66, 0x84, 0x68, 0x0C, 0x67, 0x6D, 0x6B, 0x6B, 0x6D, 0x67, 0x68, 0x68, 0x67, 0x65, 0x67, 
	0x68, 0x66, 0x84, 0x68, 0x04, 0x67, 0x6D, 0x8B, 0x6B, 0x6E, 0x02, 0x68, 0x68, 0x65, 0x84, 0x68, 
	0x00, 0x65, 0x80, 0x68, 0x06, 0x65, 0x66, 0x68, 0x68, 0x67, 0x68, 0x67, 0x80, 0x68, 0x08, 0x71, 
	0x18, 0x60, 0x68, 0x68, 0x65, 0x68, 0x67, 0x67, 0x82, 0x68, 0x01, 0x67, 0x67, 0x81, 0x68, 0x00, 
	0x67, 0x82, 0x68, 0x01, 0x67, 0x67, 0x80, 0x68, 0x00, 0x67, 0x83, 0x68, 0x00, 0x67, 0x81, 0x68, 
	0x1F, 0x65, 0x68, 0x67, 0x68, 0x68, 0x67, 0x68, 0x65, 0x68, 0x67, 0x67, 0x76, 0x75, 0x75, 0x7E, 
	0x75, 0x7D, 0x7E, 0x75, 0x7D, 0x8A, 0x7D, 0x7D, 0x91, 0x20, 0x87, 0x7E, 0x67, 0x67, 0x68, 0x68, 
	0x65, 0x84, 0x68, 0x22, 0x76, 0x66, 0x68, 0x6D, 0x67, 0x65, 0x6D, 0x68, 0x68, 0x6D, 0x66, 0x65, 
	0x76, 0x67, 0x68, 0x65, 0x67, 0x67, 0x68, 0x67, 0x67, 0x65, 0x68, 0x67, 0x67, 0x68, 0x65, 0x68, 
	0x68, 0x67, 0x68, 0x68, 0x69, 0x68, 0x68, 0x80, 0x67, 0x80, 0x68, 0x17, 0x67, 0x76, 0x75, 0x91, 
	0x17, 0x8A, 0x7D, 0x6A, 0x75, 0x75, 0x7D, 0x7D, 0x6B, 0x75, 0x76, 0x65, 0x7E, 0x67, 0x67, 0x68, 
	0x67, 0x68, 0x67, 0x65, 0x80, 0x6E, 0x0F, 0x7E, 0x66, 0x67, 0x67, 0x68, 0x67, 0x67, 0x68, 0x68, 
	0x67, 0x7D, 0x6E, 0x4D, 0x53, 0x54, 0x53, 0x80, 0x52, 0x14, 0x54, 0x95, 0x8E, 0x8C, 0x66, 0x60, 
	0x94, 0x94, 0x96, 0x94, 0x96, 0x94, 0x87, 0x38, 0x37, 0x37, 0x39, 0x8D, 0x96, 0x94, 0x8D, 0x81, 
	0x67, 0x0F, 0x68, 0x65, 0x67, 0x2F, 0x18, 0x66, 0x65, 0x68, 0x67, 0x66, 0x66, 0x67, 0x68, 0x68, 
	0x67, 0x67, 0x80, 0x68, 0x16, 0x73, 0x4B, 0x42, 0x42, 0x3F, 0x42, 0x3F, 0x42, 0x41, 0x3F, 0x71, 
	0x68, 0x65, 0x67, 0x68, 0x67, 0x68, 0x65, 0x67, 0x67, 0x68, 0x62, 0x4B, 0x81, 0x3F, 0x07, 0x42, 
	0x3F, 0x42, 0x4B, 0x6C, 0x67, 0x68, 0x67, 0x80, 0x68, 0x11, 0x65, 0x68, 0x68, 0x67, 0x67, 0x16, 
	0x73, 0x67, 0x68, 0x65, 0x68, 0x67, 0x68, 0x65, 0x67, 0x68, 0x67, 0x67, 0x80, 0x68, 0x08, 0x67, 
	0x66, 0x66, 0x67, 0x68, 0x67, 0x68, 0x68, 0x67, 0x82, 0x68, 0x09, 0x67, 0x68, 0x68, 0x65, 0x68, 
	0x67, 0x68, 0x6A, 0x7D, 0x6A, 0x01, 0x68, 0x67, 0x82, 0x68, 0x00, 0x67, 0x86, 0x68, 0x09, 0x69, 
	0x68, 0x67, 0x68, 0x67, 0x68, 0x68, 0x87, 0x18, 0x60, 0x81, 0x68, 0x00, 0x67, 0x80, 0x68, 0x04, 
	0x67, 0x68, 0x68, 0x67, 0x67, 0x82, 0x68, 0x01, 0x67, 0x67, 0x80, 0x68, 0x00, 0x67, 0x84, 0x68, 
	0x00, 0x67, 0x89, 0x68, 0x06, 0x67, 0x67, 0x68, 0x68, 0x67, 0x68, 0x67, 0x80, 0x66, 0x15, 0x67, 
	0x66, 0x66, 0x69, 0x66, 0x66, 0x6A, 0x6E, 0x6E, 0x72, 0x16, 0x46, 0x6B, 0x67, 0x67, 0x68, 0x67, 
	0x67, 0x68, 0x67, 0x68, 0x67, 0x80, 0x68, 0x06, 0x6B, 0x6E, 0x6E, 0x9C, 0x89, 0x6E, 0x84, 0x80, 
	0x6E, 0x0D, 0x89, 0x6E, 0x6A, 0x66, 0x66, 0x68, 0x67, 0x67, 0x68, 0x65, 0x67, 0x67, 0x69, 0x68, 
	0x81, 0x67, 0x02, 0x68, 0x68, 0x67, 0x82, 0x68, 0x00, 0x67, 0x83, 0x68, 0x04, 0x69, 0x62, 0x20, 
	0x71, 0x66, 0x80, 0x64, 0x00, 0x75, 0x80, 0x84, 0x03, 0x6E, 0x84, 0x6B, 0x67, 0x81, 0x68, 0x12, 
	0x65, 0x67, 0x76, 0x6A, 0x7E, 0x6A, 0x7E, 0x6D, 0x7E, 0x67, 0x67, 0x68, 0x67, 0x68, 0x67, 0x65, 
	0x72, 0x1C, 0x54, 0x81, 0x52, 0x07, 0x51, 0x54, 0x0E, 0x9D, 0x67, 0x65, 0x8C, 0x94, 0x81, 0x96, 
	0x14, 0x94, 0x97, 0x7F, 0x37, 0x37, 0x47, 0x93, 0x96, 0x96, 0x80, 0x66, 0x68, 0x65, 0x67, 0x67, 
	0x68, 0x65, 0x2F, 0x18, 0x64, 0x65, 0x81, 0x68, 0x80, 0x67, 0x08, 0x65, 0x68, 0x67, 0x68, 0x71, 
	0x2B, 0x41, 0x42, 0x42, 0x81, 0x3F, 0x01, 0x41, 0x73, 0x80, 0x68, 0x03, 0x67, 0x67, 0x65, 0x67, 
	0x80, 0x68, 0x02, 0x65, 0x6C, 0x4B, 0x80, 0x42, 0x81, 0x3F, 0x14, 0x4B, 0x62, 0x68, 0x65, 0x68, 
	0x68, 0x67, 0x68, 0x68, 0x67, 0x65, 0x65, 0x67, 0x30, 0x3C, 0x66, 0x65, 0x65, 0x68, 0x67, 0x67, 
	0x80, 0x68, 0x04, 0x67, 0x68, 0x67, 0x68, 0x67, 0x83, 0x68, 0x00, 0x66, 0x80, 0x68, 0x80, 0x67, 
	0x80, 0x68, 0x00, 0x69, 0x81, 0x68, 0x80, 0x66, 0x01, 0x68, 0x67, 0x80, 0x68, 0x04, 0x69, 0x67, 
	0x68, 0x67, 0x67, 0x82, 0x68, 0x18, 0x67, 0x65, 0x67, 0x65, 0x7E, 0x68, 0x6D, 0x65, 0x68, 0x87, 
	0x18, 0x98, 0x68, 0x67, 0x68, 0x67, 0x68, 0x7E, 0x65, 0x76, 0x6D, 0x68, 0x68, 0x67, 0x67, 0x83, 
	0x68, 0x00, 0x67, 0x81, 0x68, 0x00, 0x67, 0x80, 0x68, 0x00, 0x67, 0x81, 0x68, 0x00, 0x67, 0x80, 
	0x68, 0x03, 0x65, 0x67, 0x68, 0x67, 0x81, 0x68, 0x05, 0x67, 0x68, 0x67, 0x68, 0x65, 0x67, 0x84, 
	0x68, 0x27, 0x67, 0x68, 0x68, 0x6D, 0x70, 0x6C, 0x30, 0x91, 0x65, 0x67, 0x67, 0x68, 0x68, 0x67, 
	0x68, 0x65, 0x68, 0x67, 0x66, 0x68, 0x68, 0x76, 0x6A, 0x6A, 0x76, 0x6A, 0x6A, 0x76, 0x6A, 0x6A, 
	0x75, 0x75, 0x7D, 0x7D, 0x6D, 0x6A, 0x7E, 0x67, 0x68, 0x67, 0x80, 0x68, 0x80, 0x67, 0x02, 0x68, 
	0x69, 0x68, 0x81, 0x67, 0x07, 0x65, 0x67, 0x68, 0x68, 0x67, 0x68, 0x65, 0x67, 0x80, 0x68, 0x0F, 
	0x65, 0x62, 0x20, 0x67, 0x6D, 0x7D, 0x6A, 0x75, 0x76, 0x6D, 0x6D, 0x65, 0x6D, 0x6D, 0x65, 0x65, 
	0x81, 0x68, 0x0A, 0x67, 0x68, 0x69, 0x69, 0x66, 0x75, 0x84, 0x6E, 0x75, 0x66, 0x65, 0x81, 0x67, 
	0x02, 0x87, 0x02, 0x51, 0x82, 0x52, 0x20, 0x54, 0x24, 0x2F, 0x67, 0x68, 0x67, 0x8C, 0x94, 0x94, 
	0x96, 0x96, 0x94, 0x94, 0x97, 0x4D, 0x37, 0x37, 0x3A, 0x93, 0x96, 0x96, 0x8E, 0x71, 0x65, 0x67, 
	0x68, 0x67, 0x67, 0x68, 0x90, 0x18, 0x66, 0x68, 0x80, 0x67, 0x18, 0x68, 0x67, 0x68, 0x65, 0x67, 
	0x68, 0x68, 0x65, 0x60, 0x4B, 0x42, 0x42, 0x3F, 0x3F, 0x42, 0x3F, 0x3F, 0x41, 0x60, 0x65, 0x67, 
	0x67, 0x68, 0x68, 0x67, 0x80, 0x68, 0x02, 0x65, 0x68, 0x9A, 0x80, 0x42, 0x81, 0x3F, 0x02, 0x42, 
	0x4B, 0x62, 0x80, 0x68, 0x0A, 0x67, 0x68, 0x67, 0x67, 0x68, 0x67, 0x65, 0x71, 0x30, 0x59, 0x81, 
	0x81, 0x68, 0x05, 0x67, 0x68, 0x67, 0x68, 0x67, 0x67, 0x83, 0x68, 0x04, 0x67, 0x67, 0x68, 0x68, 
	0x67, 0x81, 0x68, 0x00, 0x67, 0x80, 0x68, 0x00, 0x67, 0x82, 0x68, 0x01, 0x67, 0x67, 0x80, 0x68, 
	0x07, 0x67, 0x65, 0x6A, 0x6D, 0x6D, 0x70, 0x67, 0x66, 0x84, 0x68, 0x00, 0x76, 0x80, 0x6E, 0x0E, 
	0x76, 0x66, 0x71, 0x18, 0x60, 0x68, 0x68, 0x67, 0x67, 0x68, 0x6B, 0x6E, 0x6E, 0x6A, 0x67, 0x84, 
	0x68, 0x01, 0x67, 0x66, 0x80, 0x68, 0x06, 0x67, 0x68, 0x67, 0x67, 0x68, 0x68, 0x67, 0x83, 0x68, 
	0x16, 0x67, 0x68, 0x68, 0x67, 0x67, 0x68, 0x68, 0x67, 0x68, 0x68, 0x67, 0x68, 0x68, 0x65, 0x67, 
	0x68, 0x67, 0x67, 0x68, 0x67, 0x68, 0x67, 0x67, 0x80, 0x68, 0x0B, 0x69, 0x66, 0x62, 0x20, 0x67, 
	0x81, 0x67, 0x65, 0x67, 0x65, 0x68, 0x67, 0x82, 0x68, 0x1B, 0x65, 0x68, 0x66, 0x66, 0x68, 0x66, 
	0x69, 0x67, 0x66, 0x66, 0x75, 0x6E, 0x6E, 0x86, 0x6E, 0x6E, 0x6A, 0x66, 0x68, 0x65, 0x67, 0x69, 
	0x67, 0x65, 0x68, 0x67, 0x68, 0x67, 0x81, 0x68, 0x05, 0x65, 0x67, 0x67, 0x68, 0x65, 0x65, 0x80, 
	0x68, 0x81, 0x65, 0x07, 0x62, 0x20, 0x67, 0x76, 0x82, 0x6E, 0x8B, 0x76, 0x81, 0x69, 0x00, 0x81, 
	0x80, 0x69, 0x04, 0x65, 0x81, 0x69, 0x81, 0x69, 0x80, 0x65, 0x0A, 0x67, 0x81, 0x76, 0x67, 0x68, 
	0x65, 0x67, 0x65, 0x68, 0x9A, 0x12, 0x83, 0x52, 0x0A, 0x53, 0x10, 0x9A, 0x67, 0x66, 0x66, 0x67, 
	0x8D, 0x96, 0x96, 0x94, 0x80, 0x96, 0x17, 0x94, 0x87, 0x37, 0x37, 0x3E, 0x97, 0x96, 0x96, 0x8E, 
	0x60, 0x66, 0x67, 0x66, 0x67, 0x67, 0x66, 0x2F, 0x18, 0x60, 0x67, 0x67, 0x66, 0x67, 0x65, 0x81, 
	0x67, 0x80, 0x68, 0x0D, 0x62, 0x4B, 0x42, 0x3F, 0x3F, 0x42, 0x3F, 0x42, 0x41, 0x73, 0x67, 0x67, 
	0x68, 0x67, 0x85, 0x68, 0x1F, 0x67, 0x2B, 0x42, 0x42, 0x3F, 0x42, 0x42, 0x3F, 0x42, 0x4B, 0x62, 
	0x67, 0x65, 0x68, 0x65, 0x68, 0x68, 0x67, 0x67, 0x68, 0x67, 0x67, 0x30, 0x3C, 0x71, 0x65, 0x66, 
	0x66, 0x67, 0x66, 0x66, 0x67, 0x81, 0x66, 0x19, 0x67, 0x68, 0x67, 0x65, 0x68, 0x68, 0x67, 0x68, 
	0x68, 0x67, 0x68, 0x67, 0x68, 0x67, 0x68, 0x68, 0x67, 0x68, 0x68, 0x67, 0x68, 0x67, 0x68, 0x68, 
	0x67, 0x67, 0x01, 0x68, 0x67, 0x80, 0x66, 0x15, 0x7D, 0x84, 0x6E, 0x6A, 0x66, 0x68, 0x67, 0x68, 
	0x68, 0x67, 0x68, 0x68, 0x67, 0x68, 0x76, 0x6D, 0x76, 0x75, 0x6A, 0x3D, 0x18, 0x6C, 0x83, 0x68, 
	0x03, 0x6D, 0x6D, 0x68, 0x67, 0x85, 0x68, 0x02, 0x67, 0x68, 0x68, 0x80, 0x67, 0x03, 0x68, 0x67, 
	0x68, 0x67, 0x83, 0x68, 0x00, 0x67, 0x82, 0x68, 0x81, 0x67, 0x80, 0x68, 0x00, 0x67, 0x83, 0x68, 
	0x04, 0x67, 0x67, 0x68, 0x67, 0x67, 0x81, 0x68, 0x03, 0x62, 0x30, 0x71, 0x68, 0x80, 0x67, 0x01, 
	0x65, 0x69, 0x89, 0x68, 0x19, 0x65, 0x7E, 0x6D, 0x6A, 0x6A, 0x76, 0x65, 0x69, 0x76, 0x65, 0x66, 
	0x68, 0x68, 0x69, 0x67, 0x65, 0x68, 0x68, 0x69, 0x69, 0x67, 0x67, 0x66, 0x66, 0x71, 0x69, 0x80, 
	0x66, 0x00, 0x71, 0x80, 0x64, 0x01, 0x60, 0x64, 0x81, 0x60, 0x07, 0x73, 0x16, 0x98, 0x60, 0x61, 
	0x60, 0x61, 0x61, 0x80, 0x60, 0x05, 0x61, 0x60, 0x61, 0x60, 0x60, 0x64, 0x84, 0x60, 0x18, 0x64, 
	0x64, 0x60, 0x64, 0x71, 0x64, 0x66, 0x66, 0x98, 0x02, 0x52, 0x52, 0x53, 0x52, 0x52, 0x54, 0x53, 
	0x09, 0x71, 0x66, 0x67, 0x49, 0x91, 0x6C, 0x9B, 0x81, 0x96, 0x21, 0x94, 0x96, 0x96, 0x8D, 0x7F, 
	0x37, 0x3D, 0x97, 0x96, 0x96, 0x8E, 0x9A, 0x6A, 0x76, 0x7D, 0x7E, 0x6D, 0x75, 0x4F, 0x18, 0x6A, 
	0x7E, 0x6D, 0x6A, 0x65, 0x65, 0x68, 0x67, 0x67, 0x68, 0x68, 0x65, 0x67, 0x2B, 0x80, 0x42, 0x81, 
	0x3F, 0x08, 0x4B, 0x6C, 0x65, 0x65, 0x67, 0x67, 0x66, 0x68, 0x65, 0x80, 0x68, 0x05, 0x67, 0x67, 
	0x65, 0x59, 0x41, 0x3F, 0x81, 0x42, 0x08, 0x3F, 0x4B, 0x62, 0x68, 0x68, 0x65, 0x68, 0x67, 0x67, 
	0x81, 0x68, 0x12, 0x67, 0x30, 0x59, 0x81, 0x67, 0x7E, 0x6A, 0x6D, 0x75, 0x6A, 0x6D, 0x75, 0x6A, 
	0x6D, 0x75, 0x6D, 0x6D, 0x6A, 0x65, 0x81, 0x68, 0x05, 0x67, 0x68, 0x67, 0x68, 0x68, 0x67, 0x80, 
	0x68, 0x01, 0x67, 0x67, 0x81, 0x68, 0x02, 0x67, 0x67, 0x68, 0x09, 0x69, 0x6A, 0x82, 0x75, 0x7D, 
	0x65, 0x76, 0x65, 0x67, 0x67, 0x80, 0x68, 0x00, 0x67, 0x80, 0x68, 0x80, 0x67, 0x11, 0x66, 0x67, 
	0x92, 0x6E, 0x4D, 0x17, 0x6C, 0x67, 0x68, 0x68, 0x65, 0x68, 0x68, 0x66, 0x67, 0x68, 0x68, 0x67, 
	0x80, 0x68, 0x00, 0x67, 0x80, 0x68, 0x02, 0x67, 0x68, 0x67, 0x82, 0x68, 0x01, 0x67, 0x67, 0x82, 
	0x68, 0x0C, 0x67, 0x68, 0x68, 0x67, 0x68, 0x67, 0x67, 0x68, 0x67, 0x66, 0x68, 0x68, 0x67, 0x83, 
	0x68, 0x04, 0x67, 0x68, 0x65, 0x66, 0x66, 0x83, 0x68, 0x04, 0x62, 0x3C, 0x67, 0x68, 0x65, 0x80, 
	0x67, 0x00, 0x68, 0x80, 0x65, 0x0F, 0x69, 0x69, 0x81, 0x69, 0x65, 0x69, 0x66, 0x68, 0x66, 0x71, 
	0x6A, 0x86, 0x86, 0x8A, 0x61, 0x60, 0x81, 0x61, 0x03, 0x6C, 0x16, 0x62, 0x6C, 0x80, 0x62, 0x0C, 
	0x2A, 0x3C, 0x2A, 0x3C, 0x30, 0x30, 0x16, 0x3C, 0x0F, 0x30, 0x0F, 0x30, 0x0F, 0x80, 0x1D, 0x28, 
	0x03, 0x13, 0x0F, 0x0F, 0x13, 0x18, 0x21, 0x22, 0x13, 0x03, 0x22, 0x13, 0x15, 0x22, 0x0F, 0x0C, 
	0x23, 0x23, 0x15, 0x23, 0x13, 0x15, 0x13, 0x23, 0x13, 0x13, 0x1D, 0x17, 0x1D, 0x13, 0x1D, 0x13, 
	0x27, 0x1D, 0x27, 0x30, 0x20, 0x10, 0x54, 0x52, 0x52, 0x80, 0x54, 0x0C, 0x53, 0x15, 0x59, 0x62, 
	0x4F, 0x2D, 0x38, 0x36, 0x3D, 0x97, 0x96, 0x96, 0x94, 0x81, 0x96, 0x0B, 0x97, 0x3A, 0x37, 0x87, 
	0x97, 0x96, 0x96, 0x97, 0x90, 0x89, 0x84, 0x89, 0x80, 0x6E, 0x0A, 0x33, 0x18, 0x75, 0x6E, 0x6E, 
	0x82, 0x66, 0x66, 0x65, 0x68, 0x65, 0x80, 0x68, 0x1C, 0x9A, 0x41, 0x42, 0x42, 0x3F, 0x42, 0x3F, 
	0x42, 0x41, 0x2B, 0x67, 0x68, 0x65, 0x68, 0x66, 0x76, 0x66, 0x66, 0x65, 0x67, 0x66, 0x65, 0x67, 
	0x68, 0x62, 0x4B, 0x3F, 0x3F, 0x42, 0x80, 0x3F, 0x14, 0x4B, 0x62, 0x67, 0x68, 0x68, 0x67, 0x68, 
	0x67, 0x68, 0x67, 0x68, 0x65, 0x68, 0x30, 0x20, 0x66, 0x67, 0x6A, 0x6E, 0x6E, 0x89, 0x82, 0x6E, 
	0x0D, 0x89, 0x6E, 0x6E, 0x7D, 0x68, 0x66, 0x68, 0x68, 0x67, 0x67, 0x68, 0x67, 0x68, 0x67, 0x86, 
	0x68, 0x00, 0x67, 0x80, 0x68, 0x09, 0x68, 0x76, 0x7D, 0x89, 0x75, 0x67, 0x67, 0x68, 0x67, 0x67, 
	0x81, 0x68, 0x11, 0x67, 0x66, 0x68, 0x68, 0x65, 0x67, 0x68, 0x67, 0x66, 0x68, 0x87, 0x18, 0x6C, 
	0x67, 0x68, 0x68, 0x67, 0x66, 0x81, 0x68, 0x06, 0x67, 0x67, 0x68, 0x67, 0x68, 0x67, 0x67, 0x80, 
	0x68, 0x04, 0x67, 0x68, 0x67, 0x66, 0x68, 0x84, 0x66, 0x04, 0x68, 0x68, 0x67, 0x68, 0x67, 0x80, 
	0x68, 0x05, 0x67, 0x92, 0x7D, 0x75, 0x82, 0x65, 0x80, 0x68, 0x10, 0x67, 0x65, 0x69, 0x69, 0x68, 
	0x6D, 0x82, 0x75, 0x6B, 0x6D, 0x68, 0x65, 0x65, 0x81, 0x65, 0x62, 0x16, 0x80, 0x67, 0x04, 0x66, 
	0x66, 0x71, 0x60, 0x60, 0x81, 0x61, 0x00, 0x8C, 0x80, 0x62, 0x09, 0x2A, 0x3C, 0x3C, 0x17, 0x0F, 
	0x27, 0x13, 0x08, 0x13, 0x15, 0x81, 0x19, 0x08, 0x03, 0x0F, 0x1F, 0x0D, 0x0D, 0x10, 0x09, 0x02, 
	0x10, 0x80, 0x02, 0x02, 0x1F, 0x0F, 0x04, 0x86, 0x07, 0x08, 0x06, 0x19, 0x0F, 0x06, 0x0F, 0x08, 
	0x0A, 0x0B, 0x07, 0x81, 0x06, 0x01, 0x1E, 0x16, 0x84, 0x01, 0x05, 0x12, 0x1C, 0x12, 0x02, 0x0C, 
	0x09, 0x82, 0x12, 0x03, 0x09, 0x25, 0x24, 0x54, 0x81, 0x52, 0x0F, 0x54, 0x01, 0x25, 0x04, 0x14, 
	0x1B, 0x40, 0x39, 0x45, 0x4E, 0x27, 0x94, 0x96, 0x94, 0x96, 0x94, 0x80, 0x96, 0x36, 0x97, 0x75, 
	0x38, 0x85, 0x94, 0x96, 0x97, 0x48, 0x4D, 0x6C, 0x98, 0x61, 0x60, 0x71, 0x60, 0x2C, 0x4C, 0x99, 
	0x75, 0x75, 0x40, 0x75, 0x75, 0x7D, 0x65, 0x67, 0x69, 0x67, 0x68, 0x6C, 0x4B, 0x3F, 0x42, 0x3F, 
	0x42, 0x3F, 0x3F, 0x4B, 0x6C, 0x68, 0x67, 0x7D, 0x6B, 0x6B, 0x84, 0x6B, 0x6B, 0x84, 0x6F, 0x6B, 
	0x84, 0x6B, 0x89, 0x91, 0x00, 0x83, 0x3F, 0x06, 0x4B, 0x62, 0x67, 0x68, 0x68, 0x67, 0x67, 0x82, 
	0x68, 0x11, 0x67, 0x30, 0x59, 0x68, 0x67, 0x67, 0x65, 0x76, 0x66, 0x65, 0x76, 0x66, 0x65, 0x76, 
	0x6A, 0x6F, 0x7D, 0x89, 0x80, 0x7D, 0x02, 0x65, 0x68, 0x67, 0x81, 0x68, 0x01, 0x67, 0x67, 0x81, 
	0x68, 0x06, 0x67, 0x68, 0x68, 0x67, 0x68, 0x67, 0x67, 0x04, 0x68, 0x67, 0x67, 0x66, 0x66, 0x81, 
	0x68, 0x01, 0x67, 0x67, 0x82, 0x68, 0x01, 0x67, 0x67, 0x81, 0x68, 0x04, 0x67, 0x68, 0x71, 0x18, 
	0x6C, 0x80, 0x67, 0x81, 0x68, 0x00, 0x67, 0x80, 0x68, 0x00, 0x67, 0x84, 0x68, 0x11, 0x67, 0x67, 
	0x92, 0x6A, 0x6A, 0x6B, 0x6A, 0x6A, 0x6B, 0x6A, 0x6A, 0x6B, 0x6A, 0x6A, 0x92, 0x68, 0x65, 0x65, 
	0x80, 0x67, 0x13, 0x76, 0x6B, 0x89, 0x6A, 0x67, 0x68, 0x67, 0x67, 0x69, 0x65, 0x76, 0x76, 0x65, 
	0x6D, 0x75, 0x89, 0x75, 0x67, 0x64, 0x60, 0x80, 0x61, 0x1B, 0x56, 0x20, 0x2A, 0x3C, 0x2A, 0x30, 
	0x27, 0x30, 0x08, 0x03, 0x22, 0x19, 0x1A, 0x1B, 0x1B, 0x25, 0x14, 0x14, 0x0A, 0x1E, 0x17, 0x15, 
	0x07, 0x0A, 0x06, 0x0B, 0x07, 0x07, 0x80, 0x06, 0x03, 0x05, 0x0F, 0x19, 0x12, 0x81, 0x01, 0x01, 
	0x12, 0x12, 0x80, 0x01, 0x01, 0x13, 0x03, 0x81, 0x07, 0x01, 0x06, 0x05, 0x82, 0x07, 0x07, 0x08, 
	0x0F, 0x06, 0x0C, 0x08, 0x0A, 0x0B, 0x06, 0x80, 0x07, 0x02, 0x06, 0x1B, 0x0C, 0x81, 0x01, 0x08, 
	0x12, 0x12, 0x01, 0x12, 0x12, 0x01, 0x12, 0x0F, 0x1A, 0x80, 0x12, 0x15, 0x09, 0x0D, 0x10, 0x50, 
	0x54, 0x52, 0x53, 0x54, 0x52, 0x52, 0x0A, 0x25, 0x07, 0x07, 0x06, 0x14, 0x45, 0x37, 0x7B, 0x50, 
	0x95, 0x8E, 0x80, 0x96, 0x01, 0x94, 0x96, 0x80, 0x94, 0x1F, 0x87, 0x3A, 0x97, 0x94, 0x93, 0x87, 
	0x38, 0x36, 0x1F, 0x11, 0x1F, 0x0E, 0x15, 0x13, 0x1D, 0x4C, 0x27, 0x34, 0x31, 0x48, 0x49, 0x33, 
	0x91, 0x6C, 0x61, 0x60, 0x64, 0x60, 0x56, 0x41, 0x42, 0x42, 0x80, 0x3F, 0x1C, 0x42, 0x28, 0x71, 
	0x65, 0x68, 0x76, 0x7D, 0x7D, 0x7E, 0x75, 0x7D, 0x7E, 0x7D, 0x75, 0x75, 0x7D, 0x6F, 0x3D, 0x00, 
	0x3F, 0x3F, 0x42, 0x3F, 0x42, 0x42, 0x4B, 0x62, 0x68, 0x67, 0x81, 0x68, 0x81, 0x67, 0x03, 0x68, 
	0x30, 0x2B, 0x67, 0x81, 0x68, 0x16, 0x65, 0x68, 0x67, 0x68, 0x68, 0x64, 0x76, 0x6F, 0x6B, 0x75, 
	0x6B, 0x6B, 0x6A, 0x68, 0x68, 0x67, 0x68, 0x68, 0x67, 0x68, 0x67, 0x68, 0x68, 0x80, 0x67, 0x02, 
	0x68, 0x68, 0x67, 0x80, 0x68, 0x00, 0x67, 0x01, 0x68, 0x67, 0x80, 0x68, 0x07, 0x67, 0x67, 0x68, 
	0x68, 0x67, 0x67, 0x68, 0x67, 0x82, 0x68, 0x01, 0x67, 0x67, 0x80, 0x68, 0x0A, 0x67, 0x71, 0x21, 
	0x61, 0x67, 0x67, 0x65, 0x67, 0x68, 0x68, 0x67, 0x81, 0x68, 0x36, 0x67, 0x65, 0x68, 0x67, 0x67, 
	0x68, 0x68, 0x65, 0x68, 0x66, 0x8A, 0x6E, 0x89, 0x6B, 0x6E, 0x6E, 0x6F, 0x6E, 0x89, 0x6B, 0x89, 
	0x6E, 0x6A, 0x67, 0x69, 0x68, 0x65, 0x68, 0x65, 0x67, 0x66, 0x66, 0x68, 0x68, 0x66, 0x71, 0x66, 
	0x60, 0x61, 0x91, 0x91, 0x2D, 0x7A, 0x3C, 0x3C, 0x16, 0x0F, 0x16, 0x13, 0x23, 0x1F, 0x1F, 0x17, 
	0x08, 0x0D, 0x80, 0x02, 0x05, 0x10, 0x08, 0x19, 0x06, 0x06, 0x07, 0x84, 0x06, 0x03, 0x0C, 0x0C, 
	0x07, 0x06, 0x84, 0x07, 0x06, 0x06, 0x19, 0x08, 0x09, 0x01, 0x12, 0x1C, 0x82, 0x12, 0x04, 0x01, 
	0x01, 0x16, 0x19, 0x06, 0x86, 0x07, 0x07, 0x06, 0x1D, 0x03, 0x07, 0x16, 0x08, 0x0A, 0x0B, 0x81, 
	0x07, 0x15, 0x06, 0x25, 0x0C, 0x01, 0x12, 0x12, 0x01, 0x1C, 0x12, 0x12, 0x01, 0x01, 0x12, 0x12, 
	0x08, 0x03, 0x12, 0x02, 0x0D, 0x24, 0x52, 0x54, 0x83, 0x52, 0x0E, 0x10, 0x04, 0x07, 0x06, 0x07, 
	0x06, 0x04, 0x39, 0x37, 0x7B, 0x50, 0x34, 0x90, 0x93, 0x8E, 0x83, 0x94, 0x09, 0x80, 0x3C, 0x93, 
	0x90, 0x35, 0x38, 0x37, 0x45, 0x0D, 0x12, 0x81, 0x01, 0x18, 0x0D, 0x4C, 0x19, 0x05, 0x0A, 0x14, 
	0x25, 0x25, 0x1B, 0x19, 0x19, 0x22, 0x13, 0x16, 0x42, 0x3F, 0x42, 0x3F, 0x42, 0x3F, 0x3F, 0x41, 
	0x56, 0x60, 0x64, 0x84, 0x66, 0x07, 0x69, 0x66, 0x66, 0x75, 0x6E, 0x6E, 0x8A, 0x00, 0x81, 0x3F, 
	0x05, 0x42, 0x42, 0x4B, 0x73, 0x65, 0x65, 0x80, 0x66, 0x80, 0x67, 0x06, 0x66, 0x66, 0x71, 0x30, 
	0x18, 0x66, 0x65, 0x80, 0x68, 0x0F, 0x67, 0x67, 0x66, 0x7E, 0x82, 0x75, 0x6B, 0x68, 0x66, 0x69, 
	0x66, 0x66, 0x67, 0x68, 0x67, 0x67, 0x80, 0x68, 0x0A, 0x67, 0x68, 0x68, 0x76, 0x65, 0x67, 0x76, 
	0x65, 0x68, 0x68, 0x67, 0x80, 0x68, 0x81, 0x68, 0x01, 0x67, 0x67, 0x80, 0x68, 0x05, 0x67, 0x68, 
	0x67, 0x68, 0x67, 0x66, 0x83, 0x68, 0x0C, 0x67, 0x65, 0x68, 0x71, 0x17, 0x62, 0x65, 0x67, 0x68, 
	0x68, 0x67, 0x68, 0x68, 0x80, 0x66, 0x80, 0x67, 0x33, 0x68, 0x68, 0x67, 0x67, 0x66, 0x7D, 0x8B, 
	0x6F, 0x6E, 0x6F, 0x6B, 0x7D, 0x66, 0x68, 0x66, 0x68, 0x68, 0x69, 0x65, 0x65, 0x67, 0x69, 0x68, 
	0x67, 0x66, 0x64, 0x60, 0x60, 0x61, 0x6C, 0x62, 0x62, 0x2A, 0x30, 0x0F, 0x13, 0x15, 0x19, 0x19, 
	0x1E, 0x25, 0x04, 0x25, 0x08, 0x03, 0x02, 0x12, 0x01, 0x01, 0x1C, 0x0F, 0x1D, 0x80, 0x12, 0x02, 
	0x02, 0x08, 0x19, 0x86, 0x07, 0x04, 0x06, 0x03, 0x16, 0x14, 0x06, 0x85, 0x07, 0x04, 0x0A, 0x0F, 
	0x13, 0x01, 0x01, 0x83, 0x12, 0x05, 0x01, 0x1C, 0x11, 0x0F, 0x04, 0x06, 0x81, 0x07, 0x00, 0x05, 
	0x81, 0x07, 0x07, 0x06, 0x0F, 0x19, 0x07, 0x21, 0x08, 0x0A, 0x06, 0x81, 0x07, 0x02, 0x06, 0x1E, 
	0x0C, 0x85, 0x12, 0x0B, 0x01, 0x01, 0x12, 0x1D, 0x08, 0x12, 0x02, 0x0D, 0x24, 0x04, 0x52, 0x54, 
	0x81, 0x52, 0x03, 0x50, 0x19, 0x06, 0x06, 0x80, 0x07, 0x12, 0x09, 0x38, 0x38, 0x01, 0x0A, 0x40, 
	0x36, 0x3E, 0x87, 0x8C, 0x8D, 0x8E, 0x8F, 0x8D, 0x90, 0x26, 0x72, 0x40, 0x38, 0x80, 0x37, 0x01, 
	0x48, 0x1F, 0x81, 0x12, 0x06, 0x01, 0x11, 0x4C, 0x0F, 0x04, 0x06, 0x07, 0x81, 0x06, 0x05, 0x07, 
	0x06, 0x06, 0x15, 0x00, 0x42, 0x81, 0x3F, 0x12, 0x42, 0x3B, 0x27, 0x13, 0x5A, 0x30, 0x85, 0x62, 
	0x62, 0x61, 0x61, 0x60, 0x60, 0x64, 0x66, 0x67, 0x6D, 0x6D, 0x91, 0x80, 0x42, 0x15, 0x3F, 0x42, 
	0x3F, 0x3F, 0x4B, 0x62, 0x67, 0x6D, 0x92, 0x6A, 0x7D, 0x75, 0x6D, 0x6B, 0x75, 0x6A, 0x7D, 0x34, 
	0x2B, 0x8A, 0x76, 0x69, 0x80, 0x68, 0x05, 0x67, 0x67, 0x76, 0x7D, 0x89, 0x92, 0x81, 0x68, 0x05, 
	0x67, 0x67, 0x69, 0x68, 0x68, 0x67, 0x80, 0x68, 0x07, 0x67, 0x66, 0x7E, 0x6E, 0x6E, 0x6B, 0x76, 
	0x66, 0x81, 0x68, 0x00, 0x67, 0x07, 0x68, 0x67, 0x68, 0x68, 0x67, 0x68, 0x68, 0x67, 0x80, 0x68, 
	0x05, 0x67, 0x68, 0x68, 0x67, 0x67, 0x68, 0x80, 0x67, 0x12, 0x68, 0x68, 0x67, 0x68, 0x87, 0x18, 
	0x62, 0x6D, 0x6A, 0x65, 0x6D, 0x6A, 0x65, 0x6D, 0x6A, 0x76, 0x6D, 0x76, 0x67, 0x81, 0x68, 0x20, 
	0x67, 0x69, 0x76, 0x7D, 0x75, 0x6A, 0x75, 0x7D, 0x76, 0x68, 0x68, 0x65, 0x68, 0x66, 0x71, 0x60, 
	0x61, 0x61, 0x6C, 0x62, 0x3C, 0x30, 0x5A, 0x1D, 0x15, 0x19, 0x22, 0x22, 0x14, 0x0A, 0x0A, 0x07, 
	0x07, 0x82, 0x06, 0x0A, 0x14, 0x03, 0x03, 0x0D, 0x01, 0x01, 0x12, 0x12, 0x02, 0x16, 0x08, 0x80, 
	0x12, 0x03, 0x03, 0x22, 0x07, 0x06, 0x81, 0x07, 0x08, 0x06, 0x05, 0x07, 0x06, 0x14, 0x17, 0x22, 
	0x06, 0x24, 0x84, 0x07, 0x03, 0x06, 0x19, 0x0F, 0x0D, 0x80, 0x01, 0x00, 0x12, 0x81, 0x01, 0x03, 
	0x12, 0x1C, 0x13, 0x08, 0x89, 0x07, 0x08, 0x0F, 0x1E, 0x19, 0x21, 0x5E, 0x22, 0x0A, 0x06, 0x05, 
	0x80, 0x07, 0x1C, 0x25, 0x0F, 0x12, 0x01, 0x01, 0x12, 0x01, 0x12, 0x01, 0x01, 0x12, 0x12, 0x01, 
	0x19, 0x0F, 0x12, 0x12, 0x02, 0x1D, 0x24, 0x53, 0x51, 0x52, 0x54, 0x54, 0x51, 0x24, 0x19, 0x06, 
	0x81, 0x07, 0x05, 0x02, 0x38, 0x37, 0x1C, 0x1A, 0x84, 0x80, 0x37, 0x06, 0x36, 0x39, 0x39, 0x7F, 
	0x36, 0x38, 0x38, 0x81, 0x37, 0x0E, 0x36, 0x72, 0x77, 0x23, 0x12, 0x01, 0x12, 0x01, 0x01, 0x0D, 
	0x88, 0x13, 0x0E, 0x0A, 0x06, 0x81, 0x07, 0x06, 0x05, 0x06, 0x01, 0x21, 0x43, 0x3F, 0x3F, 0x80, 
	0x42, 0x14, 0x3B, 0x18, 0x02, 0x1C, 0x1C, 0x12, 0x10, 0x02, 0x0E, 0x08, 0x0E, 0x22, 0x03, 0x5A, 
	0x30, 0x2A, 0x62, 0x73, 0x48, 0x59, 0x41, 0x80, 0x42, 0x15, 0x3F, 0x42, 0x4B, 0x62, 0x68, 0x6D, 
	0x89, 0x6E, 0x6B, 0x89, 0x6E, 0x6B, 0x89, 0x6E, 0x6F, 0x34, 0x20, 0x8A, 0x65, 0x66, 0x65, 0x68, 
	0x81, 0x67, 0x80, 0x66, 0x02, 0x68, 0x67, 0x68, 0x80, 0x67, 0x82, 0x68, 0x0B, 0x67, 0x68, 0x67, 
	0x67, 0x68, 0x6A, 0x8A, 0x6D, 0x67, 0x68, 0x68, 0x67, 0x80, 0x68, 0x04, 0x65, 0x68, 0x67, 0x68, 
	0x69, 0x80, 0x68, 0x06, 0x67, 0x66, 0x68, 0x68, 0x66, 0x68, 0x67, 0x81, 0x68, 0x82, 0x67, 0x0E, 
	0x71, 0x18, 0x48, 0x83, 0x78, 0x84, 0x84, 0x78, 0x84, 0x78, 0x78, 0x84, 0x84, 0x6A, 0x67, 0x81, 
	0x68, 0x02, 0x65, 0x65, 0x67, 0x80, 0x66, 0x17, 0x64, 0x64, 0x61, 0x61, 0x6C, 0x62, 0x73, 0x30, 
	0x0F, 0x13, 0x22, 0x1B, 0x1E, 0x14, 0x0A, 0x06, 0x07, 0x07, 0x06, 0x14, 0x1B, 0x0A, 0x06, 0x06, 
	0x80, 0x07, 0x09, 0x06, 0x07, 0x07, 0x06, 0x25, 0x08, 0x08, 0x09, 0x12, 0x01, 0x81, 0x12, 0x07, 
	0x16, 0x1D, 0x12, 0x1C, 0x15, 0x03, 0x05, 0x06, 0x85, 0x07, 0x12, 0x0A, 0x17, 0x0C, 0x07, 0x07, 
	0x06, 0x07, 0x07, 0x05, 0x07, 0x05, 0x07, 0x07, 0x0A, 0x0F, 0x15, 0x12, 0x01, 0x01, 0x80, 0x12, 
	0x06, 0x01, 0x12, 0x01, 0x01, 0x02, 0x0F, 0x1B, 0x87, 0x07, 0x0A, 0x06, 0x04, 0x0F, 0x0A, 0x1E, 
	0x19, 0x22, 0x1A, 0x0A, 0x07, 0x06, 0x80, 0x07, 0x04, 0x1E, 0x0C, 0x02, 0x01, 0x01, 0x80, 0x12, 
	0x20, 0x01, 0x01, 0x12, 0x12, 0x01, 0x0D, 0x0F, 0x02, 0x12, 0x02, 0x10, 0x54, 0x53, 0x24, 0x53, 
	0x54, 0x0D, 0x24, 0x53, 0x08, 0x04, 0x06, 0x0B, 0x07, 0x05, 0x02, 0x38, 0x38, 0x4E, 0x15, 0x85, 
	0x79, 0x36, 0x87, 0x37, 0x11, 0x39, 0x35, 0x85, 0x63, 0x5C, 0x5A, 0x1C, 0x01, 0x12, 0x12, 0x1C, 
	0x1F, 0x4C, 0x1F, 0x0D, 0x22, 0x05, 0x06, 0x81, 0x07, 0x01, 0x06, 0x1E, 0x80, 0x42, 0x00, 0x3F, 
	0x80, 0x42, 0x04, 0x43, 0x13, 0x01, 0x01, 0x12, 0x81, 0x01, 0x0D, 0x0D, 0x19, 0x0A, 0x06, 0x07, 
	0x0A, 0x0A, 0x04, 0x08, 0x26, 0x3C, 0x4B, 0x42, 0x42, 0x80, 0x3F, 0x01, 0x41, 0x73, 0x80, 0x66, 
	0x13, 0x67, 0x66, 0x69, 0x68, 0x69, 0x66, 0x67, 0x6A, 0x34, 0x18, 0x86, 0x86, 0x6F, 0x6B, 0x76, 
	0x67, 0x69, 0x68, 0x68, 0x69, 0x80, 0x68, 0x02, 0x67, 0x68, 0x67, 0x80, 0x68, 0x08, 0x67, 0x67, 
	0x69, 0x68, 0x68, 0x67, 0x67, 0x68, 0x68, 0x80, 0x66, 0x83, 0x68, 0x00, 0x67, 0x08, 0x65, 0x68, 
	0x68, 0x67, 0x67, 0x68, 0x67, 0x68, 0x67, 0x81, 0x68, 0x00, 0x67, 0x83, 0x68, 0x30, 0x67, 0x76, 
	0x7D, 0x6A, 0x72, 0x17, 0x2D, 0x6F, 0x6A, 0x7E, 0x6D, 0x76, 0x7E, 0x6D, 0x65, 0x6A, 0x6D, 0x67, 
	0x68, 0x68, 0x69, 0x68, 0x66, 0x64, 0x60, 0x61, 0x61, 0x62, 0x3C, 0x30, 0x1D, 0x22, 0x19, 0x19, 
	0x22, 0x1B, 0x0A, 0x07, 0x07, 0x06, 0x07, 0x07, 0x06, 0x07, 0x07, 0x06, 0x07, 0x1E, 0x25, 0x80, 
	0x07, 0x0A, 0x05, 0x07, 0x06, 0x07, 0x06, 0x07, 0x07, 0x1B, 0x03, 0x08, 0x02, 0x80, 0x12, 0x0C, 
	0x01, 0x12, 0x12, 0x02, 0x17, 0x08, 0x01, 0x19, 0x08, 0x0A, 0x06, 0x07, 0x0A, 0x83, 0x07, 0x04, 
	0x06, 0x08, 0x17, 0x04, 0x06, 0x85, 0x07, 0x05, 0x06, 0x19, 0x0F, 0x09, 0x01, 0x01, 0x80, 0x12, 
	0x00, 0x01, 0x80, 0x12, 0x03, 0x01, 0x11, 0x08, 0x0A, 0x84, 0x07, 0x05, 0x06, 0x07, 0x07, 0x06, 
	0x19, 0x0F, 0x81, 0x07, 0x08, 0x06, 0x07, 0x07, 0x06, 0x07, 0x07, 0x06, 0x1E, 0x0F, 0x84, 0x12, 
	0x14, 0x01, 0x01, 0x12, 0x01, 0x02, 0x08, 0x1F, 0x01, 0x02, 0x1E, 0x0D, 0x11, 0x1B, 0x52, 0x50, 
	0x0E, 0x04, 0x53, 0x1D, 0x1B, 0x06, 0x80, 0x07, 0x13, 0x04, 0x47, 0x37, 0x4E, 0x20, 0x5B, 0x77, 
	0x62, 0x31, 0x4D, 0x40, 0x47, 0x7F, 0x47, 0x47, 0x40, 0x35, 0x31, 0x80, 0x77, 0x80, 0x5C, 0x1C, 
	0x5B, 0x09, 0x01, 0x01, 0x12, 0x0E, 0x5E, 0x21, 0x16, 0x02, 0x11, 0x19, 0x05, 0x07, 0x06, 0x06, 
	0x07, 0x05, 0x1D, 0x00, 0x42, 0x3F, 0x42, 0x3F, 0x3F, 0x42, 0x42, 0x11, 0x01, 0x80, 0x12, 0x10, 
	0x01, 0x12, 0x12, 0x01, 0x10, 0x19, 0x14, 0x07, 0x06, 0x07, 0x06, 0x17, 0x2A, 0x2A, 0x4B, 0x42, 
	0x42, 0x80, 0x3F, 0x1B, 0x3B, 0x16, 0x27, 0x30, 0x3C, 0x62, 0x6C, 0x61, 0x60, 0x64, 0x66, 0x69, 
	0x81, 0x27, 0x18, 0x6D, 0x75, 0x82, 0x6A, 0x67, 0x69, 0x65, 0x68, 0x68, 0x65, 0x68, 0x67, 0x67, 
	0x80, 0x68, 0x07, 0x67, 0x68, 0x68, 0x67, 0x67, 0x68, 0x67, 0x65, 0x80, 0x68, 0x0A, 0x67, 0x68, 
	0x67, 0x67, 0x66, 0x65, 0x68, 0x68, 0x66, 0x68, 0x68, 0x03, 0x65, 0x67, 0x68, 0x67, 0x83, 0x68, 
	0x03, 0x67, 0x68, 0x68, 0x67, 0x82, 0x68, 0x29, 0x67, 0x68, 0x65, 0x6B, 0x78, 0x79, 0x21, 0x7A, 
	0x6E, 0x76, 0x66, 0x66, 0x67, 0x66, 0x69, 0x68, 0x66, 0x66, 0x64, 0x60, 0x61, 0x62, 0x62, 0x30, 
	0x0F, 0x13, 0x1A, 0x1B, 0x14, 0x0A, 0x05, 0x07, 0x07, 0x04, 0x1B, 0x0A, 0x06, 0x07, 0x07, 0x05, 
	0x07, 0x05, 0x81, 0x07, 0x07, 0x0A, 0x1B, 0x25, 0x06, 0x05, 0x07, 0x07, 0x06, 0x82, 0x07, 0x04, 
	0x1B, 0x03, 0x08, 0x02, 0x01, 0x83, 0x12, 0x13, 0x19, 0x21, 0x21, 0x13, 0x08, 0x04, 0x06, 0x07, 
	0x05, 0x07, 0x07, 0x05, 0x07, 0x07, 0x06, 0x06, 0x19, 0x17, 0x19, 0x06, 0x86, 0x07, 0x04, 0x0A, 
	0x0F, 0x13, 0x12, 0x12, 0x80, 0x01, 0x82, 0x12, 0x02, 0x01, 0x1D, 0x22, 0x89, 0x07, 0x01, 0x13, 
	0x08, 0x86, 0x07, 0x04, 0x06, 0x07, 0x14, 0x0C, 0x02, 0x80, 0x12, 0x00, 0x01, 0x80, 0x12, 0x80, 
	0x01, 0x18, 0x12, 0x0F, 0x15, 0x12, 0x12, 0x02, 0x02, 0x09, 0x10, 0x54, 0x0D, 0x02, 0x0D, 0x0D, 
	0x11, 0x22, 0x06, 0x06, 0x07, 0x07, 0x05, 0x7B, 0x37, 0x3E, 0x77, 0x80, 0x5C, 0x02, 0x5B, 0x77, 
	0x77, 0x80, 0x5B, 0x03, 0x63, 0x63, 0x77, 0x5B, 0x82, 0x5C, 0x05, 0x5B, 0x23, 0x12, 0x01, 0x01, 
	0x10, 0x80, 0x0D, 0x0B, 0x1C, 0x12, 0x11, 0x19, 0x06, 0x07, 0x07, 0x06, 0x07, 0x18, 0x3B, 0x42, 
	0x81, 0x3F, 0x02, 0x3B, 0x18, 0x1C, 0x80, 0x01, 0x81, 0x12, 0x2A, 0x01, 0x01, 0x02, 0x19, 0x1B, 
	0x07, 0x0B, 0x0D, 0x42, 0x28, 0x2B, 0x42, 0x3F, 0x42, 0x42, 0x3F, 0x3F, 0x43, 0x0E, 0x06, 0x07, 
	0x0A, 0x14, 0x1B, 0x19, 0x03, 0x1D, 0x30, 0x62, 0x62, 0x30, 0x2B, 0x7C, 0x64, 0x66, 0x66, 0x67, 
	0x65, 0x65, 0x68, 0x67, 0x68, 0x65, 0x81, 0x68, 0x06, 0x67, 0x68, 0x67, 0x67, 0x68, 0x68, 0x67, 
	0x81, 0x68, 0x00, 0x65, 0x82, 0x68, 0x05, 0x67, 0x68, 0x67, 0x67, 0x68, 0x67, 0x02, 0x68, 0x68, 
	0x67, 0x81, 0x68, 0x03, 0x67, 0x68, 0x68, 0x66, 0x82, 0x68, 0x24, 0x67, 0x67, 0x68, 0x65, 0x68, 
	0x68, 0x67, 0x65, 0x71, 0x17, 0x73, 0x74, 0x75, 0x6D, 0x6A, 0x76, 0x60, 0x61, 0x62, 0x62, 0x30, 
	0x20, 0x0F, 0x19, 0x1B, 0x04, 0x0A, 0x06, 0x07, 0x07, 0x06, 0x06, 0x07, 0x06, 0x05, 0x25, 0x25, 
	0x82, 0x07, 0x00, 0x05, 0x82, 0x07, 0x10, 0x0A, 0x1A, 0x04, 0x06, 0x05, 0x06, 0x07, 0x05, 0x07, 
	0x07, 0x05, 0x06, 0x06, 0x1B, 0x08, 0x03, 0x02, 0x82, 0x12, 0x09, 0x1C, 0x01, 0x12, 0x0D, 0x0E, 
	0x03, 0x08, 0x25, 0x06, 0x06, 0x80, 0x07, 0x07, 0x05, 0x07, 0x07, 0x05, 0x07, 0x0A, 0x17, 0x08, 
	0x81, 0x07, 0x01, 0x06, 0x06, 0x81, 0x07, 0x05, 0x06, 0x0E, 0x0F, 0x02, 0x12, 0x12, 0x81, 0x01, 
	0x81, 0x12, 0x02, 0x02, 0x0F, 0x25, 0x80, 0x07, 0x00, 0x06, 0x83, 0x07, 0x07, 0x06, 0x06, 0x08, 
	0x08, 0x06, 0x07, 0x07, 0x06, 0x83, 0x07, 0x03, 0x06, 0x1E, 0x0C, 0x1C, 0x81, 0x12, 0x00, 0x01, 
	0x81, 0x12, 0x04, 0x01, 0x01, 0x08, 0x08, 0x01, 0x80, 0x12, 0x11, 0x02, 0x0E, 0x0D, 0x09, 0x12, 
	0x01, 0x01, 0x1C, 0x1D, 0x0A, 0x06, 0x07, 0x07, 0x06, 0x14, 0x40, 0x3E, 0x77, 0x90, 0x5C, 0x03, 
	0x30, 0x02, 0x1C, 0x12, 0x84, 0x01, 0x12, 0x1F, 0x19, 0x06, 0x07, 0x06, 0x0D, 0x28, 0x42, 0x3F, 
	0x3F, 0x42, 0x3F, 0x42, 0x3B, 0x2B, 0x11, 0x1C, 0x01, 0x01, 0x83, 0x12, 0x09, 0x01, 0x01, 0x1F, 
	0x1B, 0x10, 0x16, 0x43, 0x3F, 0x42, 0x42, 0x81, 0x3F, 0x20, 0x42, 0x42, 0x15, 0x14, 0x07, 0x0B, 
	0x06, 0x07, 0x06, 0x07, 0x07, 0x0A, 0x04, 0x25, 0x08, 0x4C, 0x18, 0x3C, 0x2A, 0x6C, 0x61, 0x60, 
	0x64, 0x66, 0x65, 0x67, 0x68, 0x65, 0x68, 0x65, 0x67, 0x68, 0x65, 0x83, 0x68, 0x00, 0x67, 0x82, 
	0x68, 0x08, 0x67, 0x68, 0x68, 0x67, 0x68, 0x67, 0x68, 0x68, 0x67, 0x81, 0x68, 0x0A, 0x67, 0x67, 
	0x69, 0x67, 0x6D, 0x6E, 0x6F, 0x6B, 0x70, 0x68, 0x67, 0x82, 0x68, 0x80, 0x65, 0x0F, 0x67, 0x71, 
	0x16, 0x59, 0x60, 0x72, 0x3D, 0x34, 0x27, 0x03, 0x19, 0x25, 0x1B, 0x1B, 0x25, 0x07, 0x81, 0x06, 
	0x82, 0x07, 0x05, 0x06, 0x04, 0x1B, 0x14, 0x06, 0x06, 0x86, 0x07, 0x06, 0x14, 0x1A, 0x0A, 0x06, 
	0x07, 0x07, 0x06, 0x82, 0x07, 0x04, 0x06, 0x19, 0x03, 0x03, 0x02, 0x83, 0x12, 0x81, 0x01, 0x07, 
	0x0D, 0x08, 0x1B, 0x06, 0x06, 0x07, 0x06, 0x06, 0x82, 0x07, 0x05, 0x06, 0x0C, 0x16, 0x0A, 0x06, 
	0x06, 0x83, 0x07, 0x04, 0x06, 0x07, 0x05, 0x16, 0x15, 0x83, 0x12, 0x08, 0x01, 0x12, 0x12, 0x1C, 
	0x12, 0x19, 0x0F, 0x0A, 0x06, 0x80, 0x07, 0x00, 0x06, 0x80, 0x07, 0x05, 0x05, 0x07, 0x06, 0x06, 
	0x0F, 0x19, 0x87, 0x07, 0x04, 0x06, 0x04, 0x0C, 0x02, 0x01, 0x85, 0x12, 0x03, 0x01, 0x01, 0x22, 
	0x0F, 0x82, 0x12, 0x10, 0x02, 0x02, 0x01, 0x01, 0x12, 0x01, 0x01, 0x0E, 0x1B, 0x06, 0x05, 0x06, 
	0x06, 0x05, 0x10, 0x27, 0x5B, 0x90, 0x5C, 0x1B, 0x5B, 0x11, 0x1C, 0x01, 0x12, 0x01, 0x12, 0x12, 
	0x01, 0x01, 0x12, 0x01, 0x0E, 0x1B, 0x06, 0x06, 0x1E, 0x43, 0x42, 0x42, 0x3F, 0x42, 0x3F, 0x42, 
	0x3F, 0x3B, 0x18, 0x1F, 0x82, 0x12, 0x02, 0x01, 0x12, 0x12, 0x80, 0x01, 0x02, 0x11, 0x20, 0x43, 
	0x83, 0x3F, 0x20, 0x28, 0x42, 0x3B, 0x4C, 0x0D, 0x14, 0x1B, 0x0A, 0x06, 0x06, 0x07, 0x07, 0x06, 
	0x05, 0x06, 0x07, 0x22, 0x4C, 0x1B, 0x25, 0x19, 0x1B, 0x19, 0x03, 0x5A, 0x30, 0x62, 0x61, 0x61, 
	0x64, 0x71, 0x65, 0x68, 0x80, 0x65, 0x01, 0x68, 0x65, 0x82, 0x68, 0x03, 0x66, 0x68, 0x67, 0x68, 
	0x83, 0x67, 0x02, 0x68, 0x65, 0x67, 0x83, 0x68, 0x80, 0x67, 0x03, 0x6A, 0x6B, 0x6A, 0x65, 0x81, 
	0x68, 0x15, 0x69, 0x68, 0x66, 0x66, 0x64, 0x61, 0x61, 0x3C, 0x21, 0x18, 0x22, 0x1A, 0x1E, 0x0A, 
	0x05, 0x06, 0x0A, 0x25, 0x14, 0x07, 0x07, 0x06, 0x81, 0x07, 0x09, 0x05, 0x07, 0x07, 0x0B, 0x07, 
	0x25, 0x1B, 0x04, 0x06, 0x06, 0x82, 0x07, 0x05, 0x06, 0x07, 0x07, 0x0A, 0x1B, 0x1B, 0x80, 0x07, 
	0x0E, 0x06, 0x07, 0x0A, 0x06, 0x07, 0x07, 0x06, 0x06, 0x19, 0x08, 0x13, 0x01, 0x12, 0x01, 0x01, 
	0x81, 0x12, 0x80, 0x01, 0x03, 0x10, 0x08, 0x1A, 0x06, 0x83, 0x07, 0x00, 0x06, 0x80, 0x07, 0x02, 
	0x15, 0x17, 0x1E, 0x86, 0x07, 0x04, 0x06, 0x06, 0x15, 0x0F, 0x02, 0x81, 0x12, 0x01, 0x01, 0x01, 
	0x80, 0x12, 0x05, 0x01, 0x01, 0x1D, 0x03, 0x06, 0x06, 0x84, 0x07, 0x06, 0x06, 0x07, 0x07, 0x0A, 
	0x1D, 0x1E, 0x06, 0x86, 0x07, 0x04, 0x06, 0x25, 0x0C, 0x12, 0x01, 0x81, 0x12, 0x81, 0x01, 0x03, 
	0x12, 0x12, 0x11, 0x0C, 0x84, 0x12, 0x0D, 0x01, 0x01, 0x12, 0x12, 0x01, 0x0D, 0x22, 0x07, 0x06, 
	0x07, 0x05, 0x07, 0x07, 0x5A, 0x92, 0x5C, 0x01, 0x1D, 0x1C, 0x80, 0x12, 0x0B, 0x01, 0x12, 0x01, 
	0x12, 0x12, 0x01, 0x12, 0x15, 0x25, 0x06, 0x1B, 0x43, 0x81, 0x42, 0x00, 0x3F, 0x80, 0x42, 0x02, 
	0x57, 0x13, 0x1F, 0x80, 0x12, 0x3D, 0x01, 0x01, 0x12, 0x12, 0x01, 0x01, 0x1C, 0x23, 0x00, 0x3F, 
	0x3F, 0x28, 0x42, 0x3F, 0x42, 0x3F, 0x3F, 0x42, 0x43, 0x0F, 0x06, 0x06, 0x14, 0x1B, 0x25, 0x07, 
	0x07, 0x06, 0x07, 0x07, 0x06, 0x07, 0x19, 0x57, 0x25, 0x06, 0x04, 0x25, 0x0A, 0x07, 0x07, 0x0A, 
	0x14, 0x1B, 0x15, 0x1D, 0x3C, 0x62, 0x6C, 0x61, 0x64, 0x66, 0x68, 0x65, 0x65, 0x68, 0x65, 0x65, 
	0x68, 0x68, 0x65, 0x68, 0x81, 0x67, 0x82, 0x68, 0x00, 0x67, 0x02, 0x65, 0x68, 0x67, 0x82, 0x68, 
	0x00, 0x67, 0x80, 0x66, 0x0E, 0x69, 0x65, 0x69, 0x66, 0x66, 0x60, 0x61, 0x62, 0x30, 0x0F, 0x15, 
	0x1B, 0x25, 0x5E, 0x17, 0x80, 0x06, 0x06, 0x07, 0x0A, 0x25, 0x25, 0x0A, 0x06, 0x06, 0x82, 0x07, 
	0x00, 0x06, 0x80, 0x07, 0x06, 0x04, 0x1B, 0x25, 0x07, 0x06, 0x07, 0x05, 0x81, 0x07, 0x80, 0x06, 
	0x12, 0x0A, 0x1B, 0x1E, 0x07, 0x05, 0x07, 0x05, 0x05, 0x07, 0x07, 0x05, 0x06, 0x05, 0x05, 0x19, 
	0x08, 0x22, 0x02, 0x12, 0x80, 0x01, 0x09, 0x12, 0x01, 0x12, 0x12, 0x01, 0x01, 0x02, 0x08, 0x19, 
	0x05, 0x81, 0x07, 0x00, 0x06, 0x82, 0x07, 0x02, 0x14, 0x17, 0x03, 0x84, 0x07, 0x08, 0x0B, 0x05, 
	0x06, 0x07, 0x0A, 0x0F, 0x15, 0x1C, 0x01, 0x86, 0x12, 0x04, 0x02, 0x0F, 0x19, 0x06, 0x06, 0x85, 
	0x07, 0x08, 0x06, 0x07, 0x1B, 0x0F, 0x0A, 0x06, 0x07, 0x07, 0x05, 0x83, 0x07, 0x03, 0x06, 0x1E, 
	0x0C, 0x02, 0x81, 0x12, 0x0C, 0x01, 0x12, 0x01, 0x12, 0x12, 0x01, 0x12, 0x09, 0x08, 0x0D, 0x12, 
	0x01, 0x01, 0x81, 0x12, 0x0C, 0x01, 0x12, 0x01, 0x12, 0x02, 0x1D, 0x0A, 0x06, 0x07, 0x07, 0x06, 
	0x05, 0x16, 0x92, 0x5C, 0x02, 0x5B, 0x0D, 0x12, 0x81, 0x01, 0x81, 0x12, 0x16, 0x1C, 0x02, 0x22, 
	0x25, 0x0D, 0x3B, 0x42, 0x42, 0x3F, 0x42, 0x42, 0x3F, 0x3F, 0x42, 0x43, 0x1B, 0x1E, 0x0E, 0x1C, 
	0x01, 0x12, 0x01, 0x12, 0x80, 0x01, 0x0E, 0x11, 0x4B, 0x42, 0x3F, 0x3F, 0x42, 0x3F, 0x3F, 0x42, 
	0x3F, 0x42, 0x3B, 0x18, 0x0D, 0x06, 0x80, 0x07, 0x02, 0x25, 0x1B, 0x0A, 0x80, 0x07, 0x0B, 0x06, 
	0x05, 0x22, 0x4C, 0x1B, 0x06, 0x06, 0x05, 0x1E, 0x25, 0x0A, 0x07, 0x80, 0x06, 0x11, 0x07, 0x0A, 
	0x14, 0x1B, 0x15, 0x1D, 0x30, 0x62, 0x61, 0x61, 0x66, 0x66, 0x68, 0x69, 0x65, 0x65, 0x68, 0x68, 
	0x80, 0x67, 0x05, 0x68, 0x67, 0x68, 0x67, 0x68, 0x68, 0x03, 0x65, 0x68, 0x67, 0x67, 0x82, 0x68, 
	0x0B, 0x65, 0x67, 0x66, 0x60, 0x61, 0x62, 0x2A, 0x20, 0x17, 0x19, 0x25, 0x0A, 0x80, 0x06, 0x0A, 
	0x0A, 0x16, 0x17, 0x07, 0x06, 0x07, 0x04, 0x25, 0x04, 0x07, 0x06, 0x84, 0x07, 0x08, 0x06, 0x06, 
	0x07, 0x14, 0x1B, 0x04, 0x07, 0x06, 0x05, 0x84, 0x07, 0x04, 0x06, 0x04, 0x1A, 0x04, 0x06, 0x82, 
	0x07, 0x00, 0x05, 0x80, 0x07, 0x09, 0x0B, 0x19, 0x08, 0x15, 0x12, 0x12, 0x1C, 0x01, 0x12, 0x01, 
	0x81, 0x12, 0x04, 0x01, 0x1C, 0x08, 0x22, 0x06, 0x83, 0x07, 0x00, 0x06, 0x80, 0x07, 0x02, 0x06, 
	0x0C, 0x0C, 0x80, 0x07, 0x00, 0x05, 0x81, 0x07, 0x0C, 0x05, 0x07, 0x06, 0x07, 0x15, 0x0F, 0x02, 
	0x01, 0x12, 0x01, 0x12, 0x12, 0x01, 0x82, 0x12, 0x02, 0x1F, 0x03, 0x04, 0x88, 0x07, 0x05, 0x06, 
	0x22, 0x0F, 0x06, 0x07, 0x06, 0x85, 0x07, 0x03, 0x06, 0x25, 0x0C, 0x1C, 0x80, 0x01, 0x03, 0x12, 
	0x12, 0x01, 0x01, 0x80, 0x12, 0x0C, 0x01, 0x12, 0x0C, 0x1F, 0x01, 0x12, 0x12, 0x01, 0x12, 0x12, 
	0x01, 0x12, 0x12, 0x80, 0x01, 0x07, 0x13, 0x25, 0x06, 0x07, 0x07, 0x06, 0x10, 0x59, 0x93, 0x5C, 
	0x03, 0x30, 0x1C, 0x01, 0x01, 0x81, 0x12, 0x09, 0x01, 0x12, 0x01, 0x12, 0x02, 0x15, 0x19, 0x28, 
	0x42, 0x42, 0x81, 0x3F, 0x07, 0x42, 0x3F, 0x3B, 0x18, 0x0D, 0x04, 0x22, 0x02, 0x80, 0x01, 0x04, 
	0x1C, 0x01, 0x02, 0x2B, 0x3B, 0x80, 0x3F, 0x09, 0x42, 0x42, 0x3F, 0x42, 0x3F, 0x42, 0x43, 0x13, 
	0x06, 0x06, 0x80, 0x07, 0x27, 0x24, 0x04, 0x1B, 0x25, 0x07, 0x07, 0x0A, 0x19, 0x5E, 0x21, 0x17, 
	0x04, 0x06, 0x07, 0x07, 0x0A, 0x1B, 0x25, 0x06, 0x07, 0x06, 0x07, 0x07, 0x06, 0x06, 0x07, 0x07, 
	0x0A, 0x14, 0x1B, 0x03, 0x20, 0x3C, 0x62, 0x61, 0x60, 0x66, 0x69, 0x67, 0x69, 0x80, 0x67, 0x04, 
	0x68, 0x68, 0x67, 0x68, 0x68, 0x00, 0x65, 0x82, 0x68, 0x0B, 0x66, 0x66, 0x60, 0x61, 0x62, 0x30, 
	0x27, 0x1F, 0x1F, 0x0E, 0x19, 0x0A, 0x80, 0x06, 0x09, 0x07, 0x07, 0x0B, 0x0A, 0x5E, 0x17, 0x0A, 
	0x05, 0x25, 0x25, 0x80, 0x07, 0x00, 0x05, 0x80, 0x07, 0x09, 0x06, 0x07, 0x06, 0x07, 0x05, 0x0A, 
	0x1B, 0x25, 0x0A, 0x06, 0x86, 0x07, 0x04, 0x06, 0x25, 0x1A, 0x0A, 0x06, 0x86, 0x07, 0x08, 0x06, 
	0x22, 0x1D, 0x15, 0x01, 0x01, 0x12, 0x12, 0x01, 0x81, 0x12, 0x80, 0x01, 0x03, 0x22, 0x03, 0x0A, 
	0x06, 0x81, 0x07, 0x00, 0x05, 0x80, 0x07, 0x06, 0x05, 0x06, 0x03, 0x16, 0x25, 0x06, 0x06, 0x81, 
	0x07, 0x00, 0x06, 0x81, 0x07, 0x02, 0x0A, 0x0F, 0x0E, 0x80, 0x01, 0x81, 0x12, 0x01, 0x01, 0x01, 
	0x80, 0x12, 0x03, 0x1D, 0x08, 0x07, 0x06, 0x83, 0x07, 0x06, 0x06, 0x05, 0x07, 0x06, 0x06, 0x1D, 
	0x08, 0x89, 0x07, 0x07, 0x25, 0x0C, 0x12, 0x12, 0x01, 0x01, 0x12, 0x01, 0x82, 0x12, 0x03, 0x01, 
	0x01, 0x08, 0x03, 0x81, 0x01, 0x80, 0x12, 0x0C, 0x01, 0x12, 0x12, 0x01, 0x01, 0x0D, 0x03, 0x06, 
	0x07, 0x07, 0x06, 0x14, 0x5B, 0x93, 0x5C, 0x01, 0x5B, 0x11, 0x81, 0x01, 0x09, 0x12, 0x01, 0x12, 
	0x01, 0x01, 0x12, 0x01, 0x1C, 0x13, 0x28, 0x80, 0x42, 0x80, 0x3F, 0x80, 0x42, 0x05, 0x43, 0x57, 
	0x0D, 0x04, 0x22, 0x02, 0x80, 0x01, 0x05, 0x1C, 0x30, 0x00, 0x3F, 0x3F, 0x42, 0x80, 0x3F, 0x00, 
	0x42, 0x80, 0x3F, 0x02, 0x43, 0x19, 0x06, 0x80, 0x07, 0x00, 0x06, 0x80, 0x07, 0x08, 0x1E, 0x1B, 
	0x0A, 0x14, 0x08, 0x0C, 0x08, 0x08, 0x04, 0x82, 0x07, 0x04, 0x14, 0x1B, 0x0A, 0x06, 0x06, 0x80, 
	0x07, 0x16, 0x06, 0x07, 0x07, 0x06, 0x07, 0x07, 0x04, 0x1B, 0x19, 0x22, 0x03, 0x30, 0x62, 0x61, 
	0x60, 0x66, 0x67, 0x67, 0x69, 0x67, 0x68, 0x68, 0x67, 0x80, 0x65, 0x0D, 0x66, 0x64, 0x61, 0x62, 
	0x30, 0x27, 0x1F, 0x0D, 0x02, 0x02, 0x0D, 0x19, 0x04, 0x06, 0x84, 0x07, 0x09, 0x0A, 0x08, 0x21, 
	0x0D, 0x25, 0x04, 0x06, 0x07, 0x05, 0x05, 0x83, 0x07, 0x04, 0x06, 0x07, 0x14, 0x19, 0x04, 0x85, 
	0x07, 0x05, 0x05, 0x06, 0x07, 0x05, 0x1B, 0x19, 0x80, 0x07, 0x0C, 0x06, 0x07, 0x07, 0x05, 0x07, 
	0x07, 0x06, 0x06, 0x07, 0x15, 0x1D, 0x19, 0x12, 0x80, 0x01, 0x82, 0x12, 0x80, 0x01, 0x06, 0x15, 
	0x08, 0x0B, 0x06, 0x07, 0x06, 0x05, 0x82, 0x07, 0x05, 0x05, 0x07, 0x25, 0x17, 0x22, 0x06, 0x82, 
	0x07, 0x08, 0x06, 0x07, 0x07, 0x05, 0x07, 0x06, 0x0E, 0x0F, 0x02, 0x80, 0x01, 0x00, 0x12, 0x80, 
	0x01, 0x80, 0x12, 0x06, 0x01, 0x02, 0x16, 0x19, 0x07, 0x07, 0x06, 0x80, 0x07, 0x0C, 0x05, 0x07, 
	0x05, 0x05, 0x07, 0x07, 0x06, 0x0F, 0x15, 0x06, 0x06, 0x07, 0x06, 0x84, 0x07, 0x03, 0x06, 0x25, 
	0x0F, 0x02, 0x81, 0x01, 0x0A, 0x12, 0x01, 0x12, 0x01, 0x01, 0x12, 0x12, 0x01, 0x1D, 0x08, 0x12, 
	0x81, 0x01, 0x0E, 0x12, 0x12, 0x01, 0x12, 0x12, 0x01, 0x01, 0x02, 0x1D, 0x0A, 0x07, 0x0B, 0x06, 
	0x0D, 0x5B, 0x84, 0x5C, 0x81, 0x5B, 0x03, 0x59, 0x2B, 0x5B, 0x5B, 0x84, 0x5C, 0x01, 0x5B, 0x27, 
	0x81, 0x01, 0x0A, 0x12, 0x12, 0x01, 0x01, 0x12, 0x01, 0x12, 0x01, 0x02, 0x20, 0x3B, 0x83, 0x3F, 
	0x14, 0x42, 0x3F, 0x42, 0x43, 0x28, 0x19, 0x04, 0x22, 0x09, 0x01, 0x01, 0x11, 0x4B, 0x42, 0x42, 
	0x3F, 0x42, 0x3F, 0x3F, 0x42, 0x3F, 0x80, 0x42, 0x02, 0x43, 0x19, 0x06, 0x85, 0x07, 0x07, 0x04, 
	0x1A, 0x14, 0x07, 0x0A, 0x0A, 0x07, 0x06, 0x81, 0x07, 0x04, 0x06, 0x07, 0x0A, 0x1B, 0x25, 0x80, 
	0x07, 0x00, 0x06, 0x85, 0x07, 0x0E, 0x0A, 0x25, 0x14, 0x0A, 0x14, 0x19, 0x03, 0x30, 0x62, 0x61, 
	0x60, 0x64, 0x67, 0x67, 0x68, 0x11, 0x60, 0x61, 0x62, 0x30, 0x1D, 0x1F, 0x0D, 0x01, 0x12, 0x12, 
	0x1C, 0x09, 0x19, 0x25, 0x07, 0x07, 0x05, 0x06, 0x83, 0x07, 0x04, 0x04, 0x5E, 0x4C, 0x1B, 0x0A, 
	0x80, 0x07, 0x01, 0x05, 0x05, 0x83, 0x07, 0x04, 0x04, 0x19, 0x25, 0x0A, 0x06, 0x86, 0x07, 0x0A, 
	0x06, 0x0A, 0x1B, 0x25, 0x07, 0x06, 0x07, 0x07, 0x06, 0x07, 0x05, 0x80, 0x07, 0x07, 0x05, 0x0A, 
	0x15, 0x08, 0x19, 0x1C, 0x01, 0x01, 0x83, 0x12, 0x09, 0x01, 0x12, 0x01, 0x19, 0x08, 0x14, 0x06, 
	0x07, 0x07, 0x0A, 0x82, 0x07, 0x04, 0x05, 0x06, 0x07, 0x17, 0x0F, 0x89, 0x07, 0x02, 0x0A, 0x16, 
	0x1F, 0x82, 0x01, 0x02, 0x12, 0x12, 0x01, 0x81, 0x12, 0x06, 0x1F, 0x0F, 0x14, 0x06, 0x07, 0x07, 
	0x05, 0x84, 0x07, 0x03, 0x06, 0x04, 0x0F, 0x25, 0x89, 0x07, 0x04, 0x25, 0x0C, 0x1C, 0x01, 0x01, 
	0x83, 0x12, 0x00, 0x01, 0x80, 0x12, 0x03, 0x15, 0x0C, 0x01, 0x01, 0x80, 0x12, 0x04, 0x01, 0x12, 
	0x01, 0x01, 0x12, 0x80, 0x01, 0x06, 0x15, 0x1B, 0x06, 0x07, 0x06, 0x1E, 0x5B, 0x85, 0x5C, 0x05, 
	0x59, 0x19, 0x0D, 0x0A, 0x04, 0x16, 0x85, 0x5C, 0x02, 0x63, 0x13, 0x1C, 0x81, 0x01, 0x02, 0x12, 
	0x12, 0x01, 0x80, 0x12, 0x04, 0x01, 0x01, 0x23, 0x00, 0x42, 0x81, 0x3F, 0x00, 0x42, 0x81, 0x3F, 
	0x08, 0x3B, 0x3B, 0x0E, 0x04, 0x22, 0x0D, 0x1C, 0x20, 0x43, 0x82, 0x3F, 0x00, 0x42, 0x80, 0x3F, 
	0x03, 0x42, 0x3F, 0x43, 0x19, 0x85, 0x07, 0x04, 0x06, 0x07, 0x0A, 0x1B, 0x1E, 0x87, 0x07, 0x07, 
	0x06, 0x07, 0x14, 0x1B, 0x04, 0x06, 0x07, 0x06, 0x85, 0x07, 0x0D, 0x05, 0x14, 0x25, 0x0A, 0x07, 
	0x06, 0x0A, 0x14, 0x1A, 0x03, 0x30, 0x62, 0x61, 0x64, 0x03, 0x27, 0x1F, 0x0D, 0x02, 0x82, 0x01, 
	0x05, 0x02, 0x19, 0x1B, 0x05, 0x06, 0x05, 0x83, 0x07, 0x07, 0x06, 0x06, 0x04, 0x22, 0x5E, 0x18, 
	0x22, 0x06, 0x83, 0x07, 0x80, 0x06, 0x04, 0x0A, 0x1B, 0x1A, 0x04, 0x06, 0x88, 0x07, 0x02, 0x04, 
	0x1A, 0x14, 0x82, 0x07, 0x00, 0x06, 0x81, 0x07, 0x09, 0x06, 0x07, 0x22, 0x08, 0x1F, 0x12, 0x12, 
	0x01, 0x12, 0x01, 0x82, 0x12, 0x04, 0x01, 0x01, 0x11, 0x08, 0x04, 0x87, 0x07, 0x04, 0x06, 0x06, 
	0x0F, 0x16, 0x0A, 0x88, 0x07, 0x16, 0x06, 0x15, 0x0F, 0x12, 0x12, 0x01, 0x12, 0x01, 0x01, 0x12, 
	0x01, 0x12, 0x01, 0x12, 0x1C, 0x12, 0x0F, 0x03, 0x06, 0x06, 0x07, 0x07, 0x06, 0x81, 0x07, 0x07, 
	0x05, 0x07, 0x06, 0x06, 0x1E, 0x0F, 0x0A, 0x06, 0x81, 0x07, 0x00, 0x06, 0x82, 0x07, 0x08, 0x06, 
	0x25, 0x0C, 0x1C, 0x12, 0x12, 0x01, 0x12, 0x01, 0x81, 0x12, 0x06, 0x01, 0x12, 0x01, 0x0D, 0x0F, 
	0x02, 0x12, 0x83, 0x01, 0x80, 0x12, 0x03, 0x01, 0x01, 0x0D, 0x03, 0x80, 0x06, 0x01, 0x11, 0x5B, 
	0x85, 0x5C, 0x06, 0x59, 0x1A, 0x07, 0x06, 0x06, 0x0D, 0x5B, 0x83, 0x5C, 0x03, 0x5F, 0x5A, 0x15, 
	0x4E, 0x80, 0x01, 0x0B, 0x12, 0x12, 0x01, 0x12, 0x01, 0x12, 0x01, 0x12, 0x01, 0x09, 0x3F, 0x42, 
	0x80, 0x3F, 0x0C, 0x42, 0x3F, 0x28, 0x42, 0x3F, 0x42, 0x3F, 0x42, 0x43, 0x15, 0x0D, 0x19, 0x23, 
	0x81, 0x3F, 0x81, 0x42, 0x16, 0x3F, 0x3F, 0x42, 0x3F, 0x3F, 0x43, 0x15, 0x06, 0x07, 0x07, 0x05, 
	0x07, 0x07, 0x05, 0x07, 0x07, 0x06, 0x06, 0x07, 0x25, 0x1B, 0x05, 0x06, 0x86, 0x07, 0x05, 0x06, 
	0x0A, 0x25, 0x25, 0x0A, 0x06, 0x80, 0x07, 0x03, 0x06, 0x07, 0x07, 0x06, 0x80, 0x07, 0x0B, 0x0A, 
	0x14, 0x25, 0x14, 0x07, 0x06, 0x07, 0x06, 0x0A, 0x25, 0x19, 0x0F, 0x01, 0x1C, 0x1C, 0x82, 0x01, 
	0x05, 0x02, 0x1F, 0x1B, 0x04, 0x06, 0x06, 0x83, 0x07, 0x0A, 0x05, 0x06, 0x07, 0x04, 0x22, 0x08, 
	0x5E, 0x0F, 0x22, 0x0A, 0x06, 0x83, 0x07, 0x06, 0x0A, 0x1B, 0x1A, 0x14, 0x07, 0x06, 0x06, 0x86, 
	0x07, 0x0B, 0x06, 0x14, 0x1A, 0x04, 0x07, 0x05, 0x07, 0x07, 0x06, 0x07, 0x07, 0x06, 0x81, 0x07, 
	0x08, 0x03, 0x08, 0x11, 0x12, 0x01, 0x01, 0x12, 0x12, 0x01, 0x81, 0x12, 0x05, 0x01, 0x01, 0x0D, 
	0x08, 0x1E, 0x06, 0x82, 0x07, 0x00, 0x06, 0x80, 0x07, 0x05, 0x06, 0x06, 0x19, 0x17, 0x19, 0x06, 
	0x83, 0x07, 0x00, 0x06, 0x81, 0x07, 0x05, 0x0A, 0x0F, 0x1F, 0x01, 0x01, 0x12, 0x80, 0x01, 0x09, 
	0x12, 0x01, 0x12, 0x12, 0x01, 0x01, 0x02, 0x0F, 0x1B, 0x06, 0x83, 0x07, 0x00, 0x06, 0x81, 0x07, 
	0x04, 0x06, 0x15, 0x0F, 0x07, 0x05, 0x87, 0x07, 0x04, 0x06, 0x25, 0x0F, 0x02, 0x01, 0x81, 0x12, 
	0x00, 0x01, 0x81, 0x12, 0x05, 0x01, 0x01, 0x02, 0x0C, 0x11, 0x12, 0x80, 0x01, 0x80, 0x12, 0x0B, 
	0x01, 0x12, 0x12, 0x01, 0x01, 0x1C, 0x0F, 0x04, 0x07, 0x06, 0x1F, 0x5B, 0x85, 0x5C, 0x16, 0x27, 
	0x03, 0x25, 0x07, 0x07, 0x06, 0x0E, 0x5B, 0x5C, 0x5C, 0x5B, 0x5F, 0x16, 0x10, 0x54, 0x04, 0x15, 
	0x1C, 0x01, 0x1C, 0x01, 0x12, 0x12, 0x80, 0x01, 0x80, 0x12, 0x04, 0x01, 0x30, 0x00, 0x42, 0x42, 
	0x82, 0x3F, 0x00, 0x42, 0x80, 0x3F, 0x05, 0x42, 0x43, 0x08, 0x0D, 0x20, 0x00, 0x83, 0x3F, 0x01, 
	0x42, 0x42, 0x81, 0x3F, 0x03, 0x43, 0x16, 0x04, 0x06, 0x86, 0x07, 0x05, 0x05, 0x07, 0x14, 0x1A, 
	0x0A, 0x06, 0x88, 0x07, 0x02, 0x14, 0x1B, 0x25, 0x80, 0x07, 0x80, 0x05, 0x02, 0x07, 0x07, 0x06, 
	0x80, 0x07, 0x09, 0x0A, 0x25, 0x25, 0x14, 0x05, 0x06, 0x07, 0x06, 0x06, 0x07, 0x82, 0x01, 0x16, 
	0x02, 0x11, 0x19, 0x04, 0x06, 0x06, 0x07, 0x07, 0x05, 0x07, 0x07, 0x06, 0x07, 0x06, 0x07, 0x04, 
	0x1B, 0x25, 0x0A, 0x07, 0x04, 0x0A, 0x0A, 0x82, 0x07, 0x05, 0x06, 0x06, 0x04, 0x1A, 0x1B, 0x0A, 
	0x86, 0x07, 0x06, 0x06, 0x07, 0x06, 0x07, 0x1B, 0x19, 0x0A, 0x80, 0x06, 0x83, 0x07, 0x0C, 0x06, 
	0x06, 0x07, 0x03, 0x08, 0x11, 0x12, 0x01, 0x01, 0x12, 0x01, 0x12, 0x01, 0x80, 0x12, 0x04, 0x01, 
	0x01, 0x0D, 0x08, 0x1A, 0x81, 0x07, 0x00, 0x05, 0x80, 0x07, 0x00, 0x06, 0x80, 0x07, 0x03, 0x0A, 
	0x17, 0x08, 0x06, 0x85, 0x07, 0x00, 0x05, 0x80, 0x07, 0x02, 0x15, 0x0F, 0x02, 0x83, 0x12, 0x0A, 
	0x01, 0x01, 0x12, 0x01, 0x01, 0x12, 0x0E, 0x1D, 0x0A, 0x06, 0x06, 0x88, 0x07, 0x03, 0x1D, 0x08, 
	0x07, 0x05, 0x86, 0x07, 0x06, 0x05, 0x06, 0x1E, 0x0C, 0x02, 0x01, 0x12, 0x80, 0x01, 0x82, 0x12, 
	0x05, 0x01, 0x01, 0x1C, 0x0F, 0x15, 0x01, 0x82, 0x12, 0x03, 0x01, 0x01, 0x12, 0x12, 0x80, 0x01, 
	0x05, 0x0E, 0x19, 0x06, 0x06, 0x1F, 0x5B, 0x85, 0x5C, 0x11, 0x5A, 0x0D, 0x22, 0x05, 0x07, 0x07, 
	0x10, 0x13, 0x20, 0x5A, 0x16, 0x10, 0x53, 0x54, 0x51, 0x54, 0x03, 0x1F, 0x81, 0x01, 0x81, 0x12, 
	0x05, 0x01, 0x01, 0x12, 0x01, 0x11, 0x43, 0x80, 0x42, 0x02, 0x3F, 0x3F, 0x42, 0x81, 0x3F, 0x07, 
	0x42, 0x3F, 0x3F, 0x00, 0x30, 0x31, 0x3C, 0x00, 0x80, 0x3F, 0x03, 0x42, 0x3F, 0x3F, 0x42, 0x81, 
	0x3F, 0x04, 0x42, 0x18, 0x15, 0x14, 0x06, 0x88, 0x07, 0x05, 0x04, 0x1A, 0x25, 0x05, 0x07, 0x06, 
	0x83, 0x07, 0x00, 0x05, 0x80, 0x07, 0x02, 0x25, 0x1B, 0x25, 0x83, 0x07, 0x0D, 0x05, 0x07, 0x07, 
	0x05, 0x07, 0x06, 0x0A, 0x14, 0x25, 0x14, 0x05, 0x06, 0x07, 0x05, 0x80, 0x01, 0x05, 0x02, 0x09, 
	0x19, 0x1E, 0x05, 0x06, 0x83, 0x07, 0x0A, 0x05, 0x07, 0x07, 0x0A, 0x25, 0x1B, 0x0A, 0x06, 0x07, 
	0x07, 0x06, 0x80, 0x07, 0x09, 0x05, 0x07, 0x07, 0x05, 0x07, 0x25, 0x1A, 0x14, 0x06, 0x05, 0x83, 
	0x07, 0x00, 0x06, 0x80, 0x07, 0x08, 0x06, 0x07, 0x19, 0x1B, 0x07, 0x06, 0x07, 0x12, 0x06, 0x81, 
	0x07, 0x0E, 0x05, 0x07, 0x06, 0x0A, 0x03, 0x03, 0x0D, 0x12, 0x01, 0x01, 0x12, 0x12, 0x01, 0x12, 
	0x01, 0x81, 0x12, 0x02, 0x02, 0x08, 0x19, 0x89, 0x07, 0x04, 0x06, 0x0C, 0x16, 0x0A, 0x06, 0x88, 
	0x07, 0x03, 0x0A, 0x16, 0x11, 0x12, 0x80, 0x01, 0x02, 0x12, 0x01, 0x01, 0x81, 0x12, 0x03, 0x01, 
	0x01, 0x0F, 0x03, 0x80, 0x07, 0x00, 0x05, 0x80, 0x07, 0x0B, 0x06, 0x05, 0x07, 0x07, 0x06, 0x07, 
	0x06, 0x0F, 0x22, 0x06, 0x07, 0x05, 0x81, 0x07, 0x00, 0x0A, 0x81, 0x07, 0x04, 0x06, 0x25, 0x0C, 
	0x02, 0x01, 0x83, 0x12, 0x00, 0x01, 0x81, 0x12, 0x03, 0x01, 0x08, 0x08, 0x1C, 0x82, 0x01, 0x02, 
	0x12, 0x01, 0x12, 0x81, 0x01, 0x05, 0x09, 0x08, 0x0B, 0x06, 0x1F, 0x5B, 0x85, 0x5C, 0x13, 0x5D, 
	0x0A, 0x22, 0x14, 0x07, 0x07, 0x06, 0x07, 0x0A, 0x24, 0x19, 0x24, 0x54, 0x52, 0x54, 0x54, 0x24, 
	0x18, 0x11, 0x01, 0x83, 0x12, 0x06, 0x01, 0x12, 0x01, 0x12, 0x12, 0x18, 0x3B, 0x83, 0x3F, 0x0B, 
	0x42, 0x3F, 0x3F, 0x42, 0x3F, 0x42, 0x3F, 0x00, 0x59, 0x31, 0x2A, 0x00, 0x83, 0x3F, 0x0A, 0x42, 
	0x3F, 0x3F, 0x42, 0x3B, 0x18, 0x09, 0x15, 0x25, 0x06, 0x06, 0x86, 0x07, 0x06, 0x06, 0x07, 0x1B, 
	0x1B, 0x0A, 0x07, 0x05, 0x81, 0x07, 0x00, 0x05, 0x80, 0x07, 0x06, 0x06, 0x06, 0x0A, 0x25, 0x1B, 
	0x14, 0x06, 0x83, 0x07, 0x00, 0x05, 0x81, 0x07, 0x05, 0x0A, 0x25, 0x25, 0x0A, 0x06, 0x07, 0x06, 
	0x01, 0x1C, 0x0D, 0x19, 0x1B, 0x0A, 0x06, 0x80, 0x07, 0x00, 0x06, 0x82, 0x07, 0x03, 0x06, 0x04, 
	0x1B, 0x04, 0x85, 0x07, 0x00, 0x05, 0x80, 0x07, 0x05, 0x06, 0x1E, 0x19, 0x0A, 0x06, 0x06, 0x84, 
	0x07, 0x06, 0x06, 0x07, 0x06, 0x06, 0x0A, 0x1A, 0x25, 0x80, 0x07, 0x00, 0x06, 0x85, 0x07, 0x07, 
	0x0A, 0x03, 0x08, 0x0D, 0x01, 0x01, 0x12, 0x01, 0x85, 0x12, 0x02, 0x02, 0x08, 0x22, 0x85, 0x07, 
	0x00, 0x05, 0x81, 0x07, 0x03, 0x22, 0x17, 0x1E, 0x06, 0x86, 0x07, 0x08, 0x05, 0x07, 0x06, 0x15, 
	0x0F, 0x1C, 0x01, 0x12, 0x01, 0x84, 0x12, 0x0A, 0x01, 0x12, 0x09, 0x0F, 0x19, 0x06, 0x07, 0x05, 
	0x07, 0x07, 0x05, 0x81, 0x07, 0x05, 0x06, 0x07, 0x06, 0x0A, 0x0F, 0x19, 0x80, 0x07, 0x03, 0x05, 
	0x05, 0x07, 0x06, 0x83, 0x07, 0x09, 0x1E, 0x0C, 0x1C, 0x01, 0x01, 0x12, 0x01, 0x12, 0x12, 0x01, 
	0x81, 0x12, 0x04, 0x01, 0x01, 0x15, 0x0C, 0x01, 0x87, 0x12, 0x07, 0x01, 0x01, 0x1C, 0x0F, 0x04, 
	0x06, 0x0E, 0x5B, 0x84, 0x5C, 0x05, 0x5B, 0x3C, 0x07, 0x14, 0x03, 0x06, 0x80, 0x07, 0x04, 0x06, 
	0x06, 0x10, 0x15, 0x53, 0x80, 0x52, 0x07, 0x54, 0x19, 0x0F, 0x11, 0x01, 0x12, 0x12, 0x01, 0x82, 
	0x12, 0x05, 0x01, 0x1C, 0x23, 0x00, 0x42, 0x42, 0x83, 0x3F, 0x0A, 0x42, 0x3F, 0x42, 0x3F, 0x42, 
	0x3F, 0x4B, 0x28, 0x26, 0x2A, 0x4B, 0x81, 0x3F, 0x02, 0x42, 0x3F, 0x3F, 0x80, 0x42, 0x0B, 0x3F, 
	0x09, 0x1C, 0x0E, 0x19, 0x07, 0x06, 0x07, 0x05, 0x07, 0x07, 0x05, 0x83, 0x07, 0x02, 0x04, 0x1A, 
	0x14, 0x80, 0x07, 0x00, 0x05, 0x86, 0x07, 0x04, 0x0A, 0x1B, 0x1B, 0x05, 0x06, 0x81, 0x07, 0x01, 
	0x05, 0x05, 0x82, 0x07, 0x03, 0x04, 0x1B, 0x04, 0x07, 0x03, 0x10, 0x1F, 0x1B, 0x0A, 0x86, 0x07, 
	0x04, 0x06, 0x06, 0x07, 0x1B, 0x25, 0x80, 0x07, 0x01, 0x06, 0x06, 0x80, 0x07, 0x00, 0x05, 0x80, 
	0x07, 0x06, 0x05, 0x07, 0x1E, 0x1A, 0x0A, 0x06, 0x05, 0x86, 0x07, 0x05, 0x06, 0x06, 0x14, 0x19, 
	0x04, 0x06, 0x84, 0x07, 0x07, 0x06, 0x06, 0x07, 0x06, 0x0A, 0x03, 0x08, 0x0D, 0x80, 0x01, 0x81, 
	0x12, 0x01, 0x01, 0x01, 0x80, 0x12, 0x02, 0x01, 0x03, 0x03, 0x89, 0x07, 0x06, 0x06, 0x14, 0x17, 
	0x03, 0x06, 0x07, 0x05, 0x86, 0x07, 0x0A, 0x06, 0x0A, 0x0F, 0x11, 0x01, 0x01, 0x12, 0x01, 0x12, 
	0x12, 0x01, 0x81, 0x12, 0x08, 0x01, 0x12, 0x0E, 0x0F, 0x04, 0x07, 0x07, 0x05, 0x06, 0x86, 0x07, 
	0x02, 0x04, 0x0F, 0x04, 0x85, 0x07, 0x00, 0x06, 0x80, 0x07, 0x03, 0x06, 0x25, 0x0C, 0x02, 0x81, 
	0x01, 0x85, 0x12, 0x04, 0x01, 0x11, 0x0C, 0x12, 0x01, 0x82, 0x12, 0x00, 0x01, 0x80, 0x12, 0x17, 
	0x01, 0x12, 0x01, 0x0E, 0x19, 0x06, 0x04, 0x15, 0x20, 0x20, 0x30, 0x16, 0x5A, 0x5A, 0x16, 0x5A, 
	0x19, 0x07, 0x07, 0x22, 0x25, 0x06, 0x07, 0x07, 0x80, 0x06, 0x0A, 0x19, 0x11, 0x53, 0x51, 0x52, 
	0x52, 0x07, 0x11, 0x03, 0x11, 0x1C, 0x83, 0x12, 0x06, 0x01, 0x12, 0x12, 0x09, 0x2B, 0x41, 0x42, 
	0x80, 0x3F, 0x05, 0x42, 0x3F, 0x3F, 0x42, 0x42, 0x3F, 0x82, 0x42, 0x04, 0x41, 0x2F, 0x2C, 0x41, 
	0x41, 0x82, 0x3F, 0x10, 0x42, 0x42, 0x3F, 0x00, 0x1F, 0x01, 0x1C, 0x1F, 0x22, 0x05, 0x06, 0x07, 
	0x06, 0x07, 0x07, 0x06, 0x06, 0x81, 0x07, 0x06, 0x06, 0x0A, 0x1B, 0x1B, 0x0A, 0x06, 0x06, 0x85, 
	0x07, 0x06, 0x06, 0x06, 0x07, 0x14, 0x1A, 0x14, 0x06, 0x81, 0x07, 0x04, 0x05, 0x07, 0x07, 0x05, 
	0x06, 0x80, 0x07, 0x01, 0x25, 0x1B, 0x01, 0x19, 0x04, 0x83, 0x07, 0x00, 0x05, 0x82, 0x07, 0x02, 
	0x0A, 0x1B, 0x14, 0x82, 0x07, 0x03, 0x0A, 0x06, 0x07, 0x06, 0x82, 0x07, 0x03, 0x1B, 0x1A, 0x0A, 
	0x06, 0x81, 0x07, 0x01, 0x06, 0x06, 0x80, 0x07, 0x80, 0x06, 0x03, 0x1B, 0x19, 0x04, 0x06, 0x86, 
	0x07, 0x07, 0x06, 0x07, 0x04, 0x03, 0x08, 0x09, 0x01, 0x12, 0x82, 0x01, 0x07, 0x12, 0x01, 0x12, 
	0x01, 0x12, 0x01, 0x22, 0x08, 0x84, 0x07, 0x03, 0x06, 0x07, 0x07, 0x06, 0x80, 0x07, 0x02, 0x16, 
	0x0C, 0x05, 0x80, 0x07, 0x00, 0x05, 0x84, 0x07, 0x17, 0x05, 0x06, 0x15, 0x0F, 0x1C, 0x01, 0x12, 
	0x01, 0x12, 0x12, 0x01, 0x01, 0x12, 0x12, 0x01, 0x12, 0x12, 0x01, 0x0F, 0x03, 0x07, 0x06, 0x07, 
	0x05, 0x82, 0x07, 0x07, 0x05, 0x05, 0x06, 0x07, 0x06, 0x19, 0x0F, 0x06, 0x87, 0x07, 0x06, 0x06, 
	0x07, 0x06, 0x0D, 0x0C, 0x12, 0x01, 0x80, 0x12, 0x00, 0x01, 0x83, 0x12, 0x05, 0x01, 0x01, 0x02, 
	0x0F, 0x0D, 0x12, 0x80, 0x01, 0x02, 0x12, 0x12, 0x01, 0x82, 0x12, 0x07, 0x01, 0x09, 0x08, 0x0B, 
	0x07, 0x06, 0x0D, 0x50, 0x80, 0x53, 0x18, 0x04, 0x0A, 0x24, 0x06, 0x07, 0x06, 0x1E, 0x03, 0x05, 
	0x0B, 0x06, 0x07, 0x04, 0x1B, 0x0E, 0x03, 0x53, 0x51, 0x53, 0x54, 0x50, 0x25, 0x10, 0x08, 0x0D, 
	0x81, 0x01, 0x08, 0x12, 0x01, 0x01, 0x12, 0x12, 0x1C, 0x1D, 0x43, 0x42, 0x84, 0x3F, 0x00, 0x42, 
	0x80, 0x3F, 0x08, 0x42, 0x3F, 0x3F, 0x42, 0x00, 0x2A, 0x2C, 0x3F, 0x41, 0x83, 0x3F, 0x08, 0x42, 
	0x43, 0x5A, 0x1C, 0x01, 0x01, 0x0D, 0x03, 0x14, 0x84, 0x07, 0x00, 0x06, 0x82, 0x07, 0x05, 0x14, 
	0x1A, 0x04, 0x06, 0x05, 0x06, 0x86, 0x07, 0x07, 0x06, 0x0A, 0x1B, 0x1B, 0x07, 0x06, 0x07, 0x06, 
	0x86, 0x07, 0x00, 0x04, 0x01, 0x07, 0x06, 0x87, 0x07, 0x04, 0x05, 0x14, 0x19, 0x04, 0x06, 0x86, 
	0x07, 0x80, 0x06, 0x02, 0x14, 0x19, 0x1B, 0x81, 0x07, 0x00, 0x05, 0x85, 0x07, 0x04, 0x0A, 0x1A, 
	0x1B, 0x0A, 0x06, 0x86, 0x07, 0x07, 0x0A, 0x06, 0x04, 0x08, 0x08, 0x02, 0x12, 0x01, 0x81, 0x12, 
	0x00, 0x01, 0x83, 0x12, 0x03, 0x15, 0x08, 0x0A, 0x06, 0x84, 0x07, 0x09, 0x0B, 0x07, 0x07, 0x05, 
	0x07, 0x03, 0x17, 0x04, 0x06, 0x06, 0x88, 0x07, 0x05, 0x04, 0x16, 0x0D, 0x01, 0x12, 0x01, 0x81, 
	0x12, 0x08, 0x01, 0x12, 0x12, 0x01, 0x12, 0x12, 0x09, 0x0F, 0x1B, 0x80, 0x07, 0x00, 0x06, 0x81, 
	0x07, 0x00, 0x05, 0x81, 0x07, 0x0A, 0x06, 0x03, 0x0F, 0x06, 0x06, 0x07, 0x07, 0x06, 0x07, 0x05, 
	0x05, 0x82, 0x07, 0x0C, 0x06, 0x1E, 0x0C, 0x02, 0x12, 0x12, 0x01, 0x12, 0x12, 0x01, 0x12, 0x12, 
	0x01, 0x80, 0x12, 0x05, 0x1C, 0x12, 0x08, 0x15, 0x12, 0x01, 0x84, 0x12, 0x1D, 0x01, 0x12, 0x12, 
	0x01, 0x12, 0x0F, 0x04, 0x07, 0x07, 0x1E, 0x53, 0x52, 0x51, 0x54, 0x10, 0x04, 0x06, 0x05, 0x06, 
	0x06, 0x07, 0x22, 0x1B, 0x06, 0x1E, 0x0E, 0x0D, 0x24, 0x52, 0x53, 0x80, 0x52, 0x06, 0x54, 0x02, 
	0x1E, 0x06, 0x04, 0x0F, 0x09, 0x81, 0x01, 0x06, 0x12, 0x01, 0x12, 0x01, 0x1C, 0x0D, 0x43, 0x86, 
	0x3F, 0x03, 0x42, 0x3F, 0x3F, 0x28, 0x81, 0x42, 0x04, 0x4B, 0x3C, 0x2C, 0x28, 0x41, 0x81, 0x3F, 
	0x04, 0x42, 0x3F, 0x3B, 0x18, 0x02, 0x80, 0x01, 0x05, 0x02, 0x22, 0x1E, 0x07, 0x07, 0x05, 0x80, 
	0x07, 0x09, 0x06, 0x07, 0x06, 0x06, 0x07, 0x06, 0x06, 0x04, 0x1A, 0x25, 0x84, 0x07, 0x00, 0x06, 
	0x81, 0x07, 0x06, 0x06, 0x07, 0x25, 0x1A, 0x0A, 0x06, 0x06, 0x80, 0x07, 0x00, 0x06, 0x83, 0x07, 
	0x01, 0x07, 0x06, 0x82, 0x07, 0x08, 0x24, 0x07, 0x06, 0x06, 0x07, 0x1B, 0x1B, 0x0A, 0x06, 0x82, 
	0x07, 0x00, 0x05, 0x81, 0x07, 0x08, 0x06, 0x0A, 0x1B, 0x1A, 0x14, 0x05, 0x07, 0x07, 0x05, 0x84, 
	0x07, 0x09, 0x06, 0x06, 0x0A, 0x1A, 0x1B, 0x06, 0x07, 0x05, 0x07, 0x05, 0x85, 0x07, 0x05, 0x14, 
	0x08, 0x03, 0x02, 0x01, 0x01, 0x82, 0x12, 0x01, 0x01, 0x12, 0x81, 0x01, 0x03, 0x1F, 0x08, 0x14, 
	0x06, 0x89, 0x07, 0x04, 0x1E, 0x17, 0x15, 0x06, 0x06, 0x88, 0x07, 0x0B, 0x06, 0x03, 0x0F, 0x1C, 
	0x12, 0x01, 0x12, 0x01, 0x01, 0x12, 0x01, 0x01, 0x82, 0x12, 0x08, 0x23, 0x08, 0x04, 0x06, 0x06, 
	0x07, 0x06, 0x07, 0x05, 0x80, 0x07, 0x00, 0x0B, 0x80, 0x07, 0x08, 0x06, 0x0F, 0x1D, 0x06, 0x06, 
	0x07, 0x07, 0x06, 0x06, 0x84, 0x07, 0x03, 0x06, 0x1E, 0x0C, 0x1C, 0x81, 0x12, 0x04, 0x1C, 0x12, 
	0x12, 0x01, 0x1C, 0x80, 0x12, 0x07, 0x01, 0x12, 0x0F, 0x08, 0x1C, 0x12, 0x12, 0x01, 0x86, 0x12, 
	0x1E, 0x01, 0x23, 0x1A, 0x06, 0x07, 0x14, 0x53, 0x51, 0x51, 0x52, 0x24, 0x14, 0x06, 0x07, 0x07, 
	0x0B, 0x1E, 0x31, 0x0F, 0x1F, 0x14, 0x50, 0x52, 0x51, 0x51, 0x52, 0x54, 0x52, 0x52, 0x24, 0x1E, 
	0x80, 0x07, 0x05, 0x1E, 0x1D, 0x02, 0x01, 0x12, 0x01, 0x81, 0x12, 0x03, 0x01, 0x02, 0x20, 0x43, 
	0x80, 0x3F, 0x80, 0x42, 0x03, 0x3F, 0x42, 0x3F, 0x42, 0x80, 0x3F, 0x00, 0x42, 0x80, 0x3F, 0x06, 
	0x4B, 0x59, 0x2F, 0x28, 0x41, 0x28, 0x42, 0x80, 0x3F, 0x02, 0x42, 0x43, 0x11, 0x81, 0x01, 0x02, 
	0x02, 0x15, 0x1A, 0x81, 0x07, 0x00, 0x06, 0x83, 0x07, 0x07, 0x05, 0x07, 0x07, 0x1B, 0x1A, 0x04, 
	0x06, 0x06, 0x88, 0x07, 0x03, 0x04, 0x19, 0x1B, 0x0A, 0x83, 0x06, 0x03, 0x07, 0x07, 0x06, 0x07, 
	0x84, 0x07, 0x05, 0x06, 0x06, 0x07, 0x1E, 0x1A, 0x14, 0x80, 0x06, 0x86, 0x07, 0x0B, 0x05, 0x1B, 
	0x19, 0x25, 0x07, 0x06, 0x07, 0x07, 0x05, 0x07, 0x07, 0x06, 0x80, 0x07, 0x0F, 0x05, 0x07, 0x06, 
	0x14, 0x22, 0x14, 0x06, 0x06, 0x07, 0x05, 0x07, 0x07, 0x05, 0x07, 0x07, 0x06, 0x80, 0x07, 0x03, 
	0x14, 0x1D, 0x08, 0x02, 0x80, 0x01, 0x85, 0x12, 0x05, 0x01, 0x1C, 0x11, 0x08, 0x1E, 0x0B, 0x8A, 
	0x07, 0x01, 0x17, 0x0C, 0x80, 0x07, 0x00, 0x05, 0x84, 0x07, 0x0E, 0x06, 0x07, 0x07, 0x04, 0x16, 
	0x0D, 0x01, 0x12, 0x01, 0x12, 0x01, 0x12, 0x12, 0x01, 0x01, 0x80, 0x12, 0x05, 0x01, 0x01, 0x0F, 
	0x15, 0x06, 0x06, 0x80, 0x07, 0x11, 0x05, 0x06, 0x07, 0x06, 0x07, 0x07, 0x05, 0x06, 0x06, 0x07, 
	0x0F, 0x15, 0x07, 0x06, 0x06, 0x07, 0x07, 0x24, 0x80, 0x07, 0x00, 0x05, 0x81, 0x07, 0x03, 0x1E, 
	0x0C, 0x02, 0x1C, 0x83, 0x12, 0x09, 0x01, 0x12, 0x01, 0x12, 0x1C, 0x01, 0x01, 0x13, 0x08, 0x1C, 
	0x89, 0x12, 0x15, 0x01, 0x0D, 0x0F, 0x05, 0x07, 0x1E, 0x53, 0x54, 0x51, 0x51, 0x24, 0x14, 0x06, 
	0x06, 0x07, 0x0A, 0x55, 0x36, 0x09, 0x51, 0x54, 0x51, 0x80, 0x52, 0x06, 0x51, 0x52, 0x54, 0x24, 
	0x1B, 0x0A, 0x06, 0x80, 0x07, 0x04, 0x19, 0x23, 0x01, 0x01, 0x1C, 0x83, 0x01, 0x03, 0x23, 0x00, 
	0x3F, 0x42, 0x80, 0x3F, 0x80, 0x42, 0x01, 0x3F, 0x3F, 0x80, 0x42, 0x11, 0x3F, 0x3F, 0x42, 0x3F, 
	0x3F, 0x4B, 0x3C, 0x2F, 0x28, 0x41, 0x3F, 0x42, 0x3F, 0x42, 0x3F, 0x00, 0x27, 0x1C, 0x80, 0x01, 
	0x08, 0x1C, 0x1C, 0x1F, 0x1A, 0x0A, 0x06, 0x05, 0x07, 0x06, 0x86, 0x07, 0x0B, 0x04, 0x1A, 0x25, 
	0x06, 0x07, 0x06, 0x07, 0x06, 0x06, 0x07, 0x07, 0x06, 0x82, 0x07, 0x03, 0x14, 0x19, 0x25, 0x07, 
	0x80, 0x06, 0x04, 0x07, 0x07, 0x06, 0x07, 0x07, 0x80, 0x06, 0x81, 0x07, 0x08, 0x06, 0x04, 0x1B, 
	0x1B, 0x10, 0x06, 0x06, 0x07, 0x06, 0x84, 0x07, 0x04, 0x05, 0x04, 0x1A, 0x19, 0x0A, 0x82, 0x06, 
	0x01, 0x07, 0x07, 0x83, 0x06, 0x04, 0x07, 0x1B, 0x19, 0x04, 0x06, 0x88, 0x07, 0x09, 0x06, 0x1E, 
	0x08, 0x03, 0x02, 0x1C, 0x01, 0x12, 0x01, 0x01, 0x83, 0x12, 0x08, 0x01, 0x1C, 0x0D, 0x08, 0x1B, 
	0x07, 0x05, 0x07, 0x05, 0x82, 0x07, 0x00, 0x05, 0x81, 0x07, 0x03, 0x0C, 0x17, 0x0A, 0x07, 0x81, 
	0x06, 0x00, 0x07, 0x80, 0x06, 0x08, 0x07, 0x07, 0x05, 0x07, 0x06, 0x13, 0x0F, 0x1C, 0x12, 0x80, 
	0x01, 0x0C, 0x12, 0x01, 0x01, 0x12, 0x01, 0x12, 0x01, 0x12, 0x01, 0x0D, 0x0F, 0x1E, 0x06, 0x80, 
	0x07, 0x87, 0x06, 0x02, 0x0A, 0x0F, 0x1E, 0x80, 0x07, 0x00, 0x06, 0x86, 0x07, 0x03, 0x06, 0x1E, 
	0x0C, 0x01, 0x80, 0x12, 0x00, 0x01, 0x80, 0x12, 0x08, 0x01, 0x01, 0x12, 0x12, 0x01, 0x12, 0x1C, 
	0x0E, 0x0C, 0x83, 0x12, 0x01, 0x01, 0x01, 0x83, 0x12, 0x13, 0x01, 0x0F, 0x25, 0x07, 0x11, 0x24, 
	0x54, 0x52, 0x54, 0x50, 0x14, 0x0B, 0x06, 0x06, 0x0A, 0x47, 0x38, 0x02, 0x52, 0x51, 0x81, 0x52, 
	0x03, 0x51, 0x53, 0x0D, 0x1E, 0x83, 0x07, 0x02, 0x0A, 0x08, 0x0D, 0x83, 0x01, 0x0C, 0x12, 0x01, 
	0x1F, 0x43, 0x42, 0x3F, 0x3F, 0x42, 0x3F, 0x42, 0x3F, 0x3F, 0x42, 0x85, 0x3F, 0x06, 0x42, 0x3F, 
	0x4B, 0x3C, 0x26, 0x3F, 0x42, 0x81, 0x3F, 0x02, 0x3B, 0x28, 0x09, 0x83, 0x01, 0x02, 0x11, 0x03, 
	0x0A, 0x83, 0x07, 0x0A, 0x05, 0x07, 0x06, 0x06, 0x07, 0x06, 0x07, 0x0A, 0x1B, 0x19, 0x0A, 0x80, 
	0x07, 0x00, 0x05, 0x80, 0x07, 0x02, 0x06, 0x07, 0x06, 0x80, 0x07, 0x05, 0x10, 0x1B, 0x22, 0x0A, 
	0x06, 0x06, 0x82, 0x07, 0x0F, 0x1B, 0x11, 0x1A, 0x19, 0x22, 0x22, 0x08, 0x03, 0x22, 0x04, 0x06, 
	0x07, 0x07, 0x06, 0x07, 0x06, 0x84, 0x07, 0x07, 0x1B, 0x21, 0x17, 0x22, 0x19, 0x22, 0x15, 0x19, 
	0x82, 0x22, 0x82, 0x19, 0x01, 0x08, 0x1A, 0x8B, 0x07, 0x07, 0x1E, 0x08, 0x0F, 0x13, 0x1F, 0x19, 
	0x11, 0x11, 0x80, 0x1F, 0x00, 0x0D, 0x80, 0x02, 0x04, 0x0D, 0x11, 0x15, 0x0F, 0x19, 0x86, 0x07, 
	0x0A, 0x06, 0x06, 0x07, 0x07, 0x06, 0x19, 0x17, 0x16, 0x1B, 0x19, 0x19, 0x80, 0x22, 0x00, 0x1A, 
	0x80, 0x19, 0x08, 0x22, 0x19, 0x22, 0x22, 0x08, 0x16, 0x09, 0x01, 0x01, 0x83, 0x12, 0x80, 0x01, 
	0x05, 0x12, 0x01, 0x12, 0x15, 0x20, 0x22, 0x81, 0x1B, 0x00, 0x25, 0x80, 0x1B, 0x09, 0x1A, 0x1B, 
	0x1A, 0x19, 0x1A, 0x25, 0x19, 0x0F, 0x0A, 0x06, 0x86, 0x07, 0x00, 0x05, 0x80, 0x07, 0x03, 0x1E, 
	0x0C, 0x09, 0x12, 0x81, 0x02, 0x0B, 0x12, 0x10, 0x09, 0x02, 0x02, 0x10, 0x02, 0x02, 0x12, 0x1F, 
	0x0F, 0x02, 0x8A, 0x12, 0x11, 0x01, 0x1F, 0x18, 0x22, 0x0F, 0x14, 0x54, 0x52, 0x52, 0x54, 0x1E, 
	0x0F, 0x03, 0x22, 0x08, 0x47, 0x38, 0x02, 0x80, 0x52, 0x14, 0x51, 0x52, 0x51, 0x10, 0x0E, 0x1E, 
	0x06, 0x07, 0x07, 0x05, 0x07, 0x06, 0x07, 0x06, 0x1E, 0x0F, 0x09, 0x02, 0x0D, 0x11, 0x11, 0x80, 
	0x1F, 0x01, 0x1D, 0x43, 0x83, 0x3F, 0x01, 0x42, 0x42, 0x80, 0x3F, 0x01, 0x42, 0x42, 0x81, 0x3F, 
	0x07, 0x42, 0x3F, 0x28, 0x00, 0x2A, 0x26, 0x41, 0x42, 0x81, 0x3F, 0x01, 0x00, 0x13, 0x80, 0x1C, 
	0x08, 0x02, 0x01, 0x02, 0x1C, 0x1F, 0x17, 0x25, 0x07, 0x06, 0x89, 0x07, 0x05, 0x1E, 0x22, 0x03, 
	0x22, 0x19, 0x1A, 0x81, 0x19, 0x80, 0x22, 0x00, 0x19, 0x80, 0x22, 0x08, 0x0C, 0x0C, 0x1B, 0x06, 
	0x07, 0x07, 0x06, 0x07, 0x07, 0x09, 0x02, 0x01, 0x02, 0x02, 0x0D, 0x13, 0x17, 0x1B, 0x07, 0x06, 
	0x87, 0x07, 0x06, 0x06, 0x07, 0x19, 0x17, 0x13, 0x11, 0x11, 0x82, 0x0D, 0x09, 0x09, 0x10, 0x09, 
	0x10, 0x09, 0x04, 0x09, 0x0E, 0x18, 0x19, 0x82, 0x07, 0x00, 0x06, 0x82, 0x07, 0x05, 0x06, 0x07, 
	0x07, 0x1B, 0x0F, 0x03, 0x81, 0x02, 0x04, 0x01, 0x02, 0x12, 0x02, 0x02, 0x81, 0x12, 0x05, 0x1C, 
	0x0D, 0x08, 0x22, 0x07, 0x06, 0x83, 0x07, 0x00, 0x05, 0x81, 0x07, 0x17, 0x05, 0x04, 0x17, 0x16, 
	0x15, 0x0E, 0x13, 0x13, 0x1D, 0x13, 0x1D, 0x13, 0x1D, 0x13, 0x13, 0x23, 0x1F, 0x0D, 0x09, 0x16, 
	0x0F, 0x1C, 0x12, 0x01, 0x86, 0x12, 0x05, 0x01, 0x01, 0x1C, 0x0F, 0x16, 0x1F, 0x81, 0x0D, 0x00, 
	0x11, 0x80, 0x0D, 0x07, 0x02, 0x09, 0x02, 0x10, 0x09, 0x11, 0x17, 0x0F, 0x8C, 0x07, 0x18, 0x04, 
	0x0C, 0x1D, 0x03, 0x13, 0x13, 0x15, 0x13, 0x03, 0x1D, 0x08, 0x0F, 0x0F, 0x1D, 0x03, 0x13, 0x03, 
	0x16, 0x0C, 0x11, 0x12, 0x12, 0x01, 0x12, 0x01, 0x83, 0x12, 0x1B, 0x01, 0x12, 0x01, 0x09, 0x18, 
	0x11, 0x02, 0x1F, 0x53, 0x53, 0x51, 0x54, 0x24, 0x13, 0x23, 0x0E, 0x08, 0x40, 0x37, 0x4E, 0x51, 
	0x52, 0x52, 0x51, 0x50, 0x1E, 0x1E, 0x05, 0x85, 0x07, 0x0D, 0x06, 0x24, 0x15, 0x18, 0x16, 0x1D, 
	0x15, 0x13, 0x15, 0x13, 0x15, 0x30, 0x3B, 0x42, 0x80, 0x3F, 0x02, 0x42, 0x42, 0x3F, 0x80, 0x42, 
	0x01, 0x3F, 0x42, 0x83, 0x3F, 0x08, 0x42, 0x42, 0x3F, 0x00, 0x2F, 0x26, 0x00, 0x3F, 0x3F, 0x80, 
	0x42, 0x00, 0x57, 0x80, 0x13, 0x08, 0x03, 0x03, 0x13, 0x03, 0x1D, 0x16, 0x0C, 0x1A, 0x06, 0x87, 
	0x07, 0x06, 0x05, 0x07, 0x07, 0x0A, 0x15, 0x0F, 0x09, 0x86, 0x02, 0x0B, 0x09, 0x10, 0x02, 0x09, 
	0x09, 0x15, 0x22, 0x05, 0x06, 0x05, 0x07, 0x07, 0x80, 0x01, 0x05, 0x02, 0x1F, 0x19, 0x0A, 0x07, 
	0x06, 0x87, 0x07, 0x08, 0x06, 0x0A, 0x19, 0x15, 0x02, 0x12, 0x01, 0x01, 0x1C, 0x84, 0x01, 0x05, 
	0x12, 0x01, 0x1C, 0x09, 0x03, 0x25, 0x86, 0x07, 0x00, 0x05, 0x80, 0x07, 0x0A, 0x06, 0x1B, 0x1D, 
	0x22, 0x1C, 0x01, 0x01, 0x12, 0x12, 0x01, 0x12, 0x80, 0x01, 0x06, 0x12, 0x01, 0x01, 0x12, 0x12, 
	0x08, 0x03, 0x85, 0x07, 0x00, 0x05, 0x81, 0x07, 0x06, 0x05, 0x06, 0x0C, 0x17, 0x02, 0x01, 0x12, 
	0x81, 0x01, 0x03, 0x12, 0x01, 0x01, 0x1C, 0x81, 0x01, 0x02, 0x02, 0x16, 0x0D, 0x81, 0x01, 0x81, 
	0x12, 0x13, 0x01, 0x01, 0x12, 0x12, 0x01, 0x01, 0x0D, 0x0F, 0x02, 0x01, 0x12, 0x01, 0x01, 0x12, 
	0x12, 0x01, 0x01, 0x12, 0x01, 0x12, 0x81, 0x01, 0x02, 0x1D, 0x08, 0x06, 0x81, 0x07, 0x02, 0x06, 
	0x07, 0x06, 0x83, 0x07, 0x0C, 0x06, 0x14, 0x0C, 0x10, 0x07, 0x0A, 0x07, 0x04, 0x07, 0x10, 0x07, 
	0x0A, 0x02, 0x82, 0x0A, 0x08, 0x04, 0x0F, 0x15, 0x12, 0x12, 0x01, 0x12, 0x12, 0x01, 0x81, 0x12, 
	0x1B, 0x01, 0x01, 0x12, 0x01, 0x12, 0x1D, 0x1F, 0x01, 0x09, 0x0A, 0x54, 0x51, 0x52, 0x51, 0x10, 
	0x02, 0x01, 0x09, 0x47, 0x37, 0x09, 0x51, 0x52, 0x52, 0x51, 0x11, 0x14, 0x06, 0x81, 0x07, 0x00, 
	0x06, 0x83, 0x07, 0x05, 0x0A, 0x17, 0x0D, 0x01, 0x01, 0x1C, 0x80, 0x01, 0x02, 0x23, 0x43, 0x42, 
	0x80, 0x3F, 0x03, 0x42, 0x3F, 0x3F, 0x42, 0x80, 0x3F, 0x03, 0x28, 0x3F, 0x3F, 0x42, 0x83, 0x3F, 
	0x04, 0x42, 0x00, 0x2E, 0x26, 0x00, 0x81, 0x3F, 0x0D, 0x43, 0x0E, 0x07, 0x0A, 0x07, 0x0A, 0x07, 
	0x07, 0x0A, 0x07, 0x10, 0x19, 0x22, 0x05, 0x85, 0x07, 0x0C, 0x06, 0x07, 0x07, 0x06, 0x06, 0x07, 
	0x1B, 0x15, 0x09, 0x01, 0x01, 0x12, 0x12, 0x86, 0x01, 0x06, 0x1C, 0x09, 0x22, 0x25, 0x05, 0x06, 
	0x05, 0x0A, 0x01, 0x1C, 0x0D, 0x15, 0x25, 0x07, 0x06, 0x07, 0x05, 0x07, 0x05, 0x83, 0x07, 0x0B, 
	0x06, 0x06, 0x04, 0x22, 0x1F, 0x02, 0x01, 0x01, 0x12, 0x1C, 0x01, 0x01, 0x80, 0x12, 0x0C, 0x01, 
	0x12, 0x12, 0x01, 0x01, 0x11, 0x22, 0x14, 0x06, 0x07, 0x05, 0x07, 0x05, 0x84, 0x07, 0x06, 0x05, 
	0x06, 0x19, 0x08, 0x15, 0x01, 0x12, 0x80, 0x01, 0x01, 0x12, 0x01, 0x80, 0x12, 0x01, 0x01, 0x12, 
	0x80, 0x01, 0x01, 0x15, 0x08, 0x87, 0x07, 0x08, 0x06, 0x07, 0x05, 0x05, 0x07, 0x22, 0x17, 0x0D, 
	0x01, 0x80, 0x12, 0x01, 0x01, 0x01, 0x80, 0x12, 0x80, 0x01, 0x08, 0x12, 0x12, 0x1C, 0x13, 0x13, 
	0x01, 0x01, 0x12, 0x01, 0x82, 0x12, 0x01, 0x01, 0x12, 0x81, 0x01, 0x02, 0x13, 0x03, 0x1C, 0x87, 
	0x12, 0x0A, 0x01, 0x12, 0x01, 0x01, 0x1C, 0x0F, 0x03, 0x06, 0x07, 0x07, 0x06, 0x88, 0x07, 0x09, 
	0x1E, 0x0F, 0x0A, 0x06, 0x05, 0x07, 0x06, 0x07, 0x07, 0x06, 0x83, 0x07, 0x07, 0x05, 0x06, 0x0C, 
	0x03, 0x01, 0x01, 0x12, 0x01, 0x86, 0x12, 0x12, 0x01, 0x01, 0x11, 0x0F, 0x1C, 0x12, 0x0D, 0x50, 
	0x52, 0x51, 0x52, 0x50, 0x11, 0x1C, 0x0D, 0x40, 0x37, 0x33, 0x50, 0x80, 0x51, 0x03, 0x24, 0x19, 
	0x07, 0x0B, 0x83, 0x07, 0x00, 0x06, 0x80, 0x07, 0x03, 0x24, 0x19, 0x13, 0x1C, 0x82, 0x01, 0x02, 
	0x23, 0x00, 0x42, 0x88, 0x3F, 0x00, 0x42, 0x82, 0x3F, 0x08, 0x42, 0x42, 0x3F, 0x3F, 0x42, 0x3B, 
	0x48, 0x30, 0x00, 0x80, 0x3F, 0x01, 0x43, 0x20, 0x84, 0x07, 0x05, 0x06, 0x06, 0x07, 0x1B, 0x22, 
	0x04, 0x80, 0x06, 0x81, 0x07, 0x02, 0x06, 0x07, 0x05, 0x80, 0x07, 0x04, 0x06, 0x04, 0x22, 0x11, 
	0x1C, 0x84, 0x01, 0x0A, 0x1C, 0x12, 0x01, 0x12, 0x01, 0x01, 0x02, 0x1F, 0x1A, 0x04, 0x07, 0x03, 
	0x02, 0x15, 0x19, 0x0A, 0x80, 0x07, 0x00, 0x05, 0x82, 0x07, 0x00, 0x06, 0x81, 0x07, 0x03, 0x1E, 
	0x22, 0x0D, 0x1C, 0x80, 0x12, 0x00, 0x01, 0x82, 0x12, 0x80, 0x01, 0x05, 0x12, 0x12, 0x0E, 0x22, 
	0x10, 0x06, 0x85, 0x07, 0x09, 0x05, 0x07, 0x07, 0x05, 0x06, 0x19, 0x08, 0x0E, 0x01, 0x01, 0x82, 
	0x12, 0x00, 0x01, 0x82, 0x12, 0x09, 0x01, 0x01, 0x15, 0x08, 0x0A, 0x06, 0x06, 0x07, 0x06, 0x06, 
	0x82, 0x07, 0x0C, 0x06, 0x07, 0x07, 0x06, 0x14, 0x17, 0x13, 0x12, 0x01, 0x01, 0x12, 0x12, 0x01, 
	0x83, 0x12, 0x09, 0x01, 0x01, 0x12, 0x10, 0x16, 0x09, 0x01, 0x01, 0x12, 0x01, 0x82, 0x12, 0x82, 
	0x01, 0x05, 0x12, 0x16, 0x1F, 0x01, 0x01, 0x12, 0x80, 0x01, 0x82, 0x12, 0x06, 0x01, 0x12, 0x01, 
	0x12, 0x1C, 0x0F, 0x19, 0x8C, 0x07, 0x01, 0x14, 0x0C, 0x80, 0x07, 0x00, 0x06, 0x81, 0x07, 0x00, 
	0x06, 0x84, 0x07, 0x07, 0x08, 0x0F, 0x12, 0x01, 0x01, 0x12, 0x12, 0x01, 0x83, 0x12, 0x13, 0x01, 
	0x12, 0x01, 0x02, 0x17, 0x09, 0x01, 0x10, 0x10, 0x54, 0x52, 0x51, 0x51, 0x10, 0x0D, 0x0D, 0x40, 
	0x37, 0x35, 0x0B, 0x80, 0x51, 0x04, 0x53, 0x19, 0x07, 0x06, 0x06, 0x82, 0x07, 0x00, 0x06, 0x82, 
	0x07, 0x01, 0x08, 0x1F, 0x80, 0x01, 0x0C, 0x1C, 0x01, 0x13, 0x43, 0x3F, 0x42, 0x3F, 0x3F, 0x42, 
	0x42, 0x3F, 0x3F, 0x42, 0x80, 0x3F, 0x00, 0x42, 0x81, 0x3F, 0x01, 0x42, 0x42, 0x80, 0x3F, 0x0A, 
	0x28, 0x4B, 0x59, 0x49, 0x2B, 0x41, 0x3F, 0x3F, 0x42, 0x3B, 0x1B, 0x86, 0x07, 0x08, 0x06, 0x14, 
	0x03, 0x25, 0x06, 0x06, 0x05, 0x07, 0x06, 0x84, 0x07, 0x16, 0x06, 0x07, 0x07, 0x19, 0x15, 0x02, 
	0x1C, 0x01, 0x01, 0x12, 0x12, 0x01, 0x12, 0x01, 0x12, 0x01, 0x01, 0x12, 0x01, 0x01, 0x09, 0x15, 
	0x19, 0x06, 0x15, 0x14, 0x24, 0x07, 0x07, 0x06, 0x05, 0x81, 0x07, 0x01, 0x05, 0x07, 0x80, 0x06, 
	0x05, 0x07, 0x19, 0x15, 0x02, 0x01, 0x01, 0x81, 0x12, 0x01, 0x01, 0x12, 0x81, 0x01, 0x09, 0x12, 
	0x12, 0x02, 0x13, 0x19, 0x07, 0x06, 0x07, 0x07, 0x05, 0x86, 0x07, 0x05, 0x06, 0x19, 0x08, 0x0E, 
	0x01, 0x01, 0x81, 0x12, 0x0D, 0x01, 0x01, 0x12, 0x12, 0x01, 0x01, 0x12, 0x01, 0x01, 0x0E, 0x08, 
	0x14, 0x06, 0x06, 0x83, 0x07, 0x10, 0x05, 0x06, 0x07, 0x06, 0x05, 0x07, 0x07, 0x0C, 0x16, 0x02, 
	0x01, 0x01, 0x12, 0x12, 0x01, 0x12, 0x01, 0x84, 0x12, 0x08, 0x01, 0x13, 0x03, 0x01, 0x01, 0x12, 
	0x01, 0x12, 0x01, 0x83, 0x12, 0x08, 0x01, 0x12, 0x01, 0x0D, 0x0F, 0x0D, 0x01, 0x01, 0x12, 0x80, 
	0x01, 0x80, 0x12, 0x80, 0x01, 0x05, 0x12, 0x12, 0x01, 0x09, 0x08, 0x14, 0x83, 0x07, 0x00, 0x06, 
	0x84, 0x07, 0x0C, 0x06, 0x14, 0x0C, 0x07, 0x07, 0x01, 0x05, 0x07, 0x07, 0x06, 0x07, 0x07, 0x06, 
	0x83, 0x07, 0x03, 0x15, 0x08, 0x12, 0x01, 0x80, 0x12, 0x03, 0x01, 0x12, 0x12, 0x01, 0x82, 0x12, 
	0x19, 0x01, 0x01, 0x13, 0x23, 0x01, 0x01, 0x1F, 0x50, 0x52, 0x54, 0x52, 0x53, 0x1E, 0x29, 0x55, 
	0x37, 0x39, 0x14, 0x52, 0x52, 0x51, 0x51, 0x24, 0x19, 0x24, 0x0B, 0x83, 0x07, 0x00, 0x06, 0x80, 
	0x07, 0x0B, 0x06, 0x04, 0x16, 0x09, 0x1C, 0x12, 0x01, 0x1C, 0x1D, 0x00, 0x42, 0x42, 0x84, 0x3F, 
	0x02, 0x42, 0x3F, 0x42, 0x82, 0x3F, 0x00, 0x42, 0x82, 0x3F, 0x0A, 0x28, 0x00, 0x2F, 0x31, 0x00, 
	0x3F, 0x42, 0x3F, 0x43, 0x0F, 0x24, 0x85, 0x07, 0x04, 0x05, 0x06, 0x04, 0x22, 0x19, 0x80, 0x06, 
	0x82, 0x07, 0x14, 0x06, 0x07, 0x07, 0x05, 0x05, 0x07, 0x07, 0x04, 0x03, 0x11, 0x1C, 0x1C, 0x12, 
	0x01, 0x01, 0x12, 0x12, 0x1C, 0x12, 0x12, 0x01, 0x81, 0x12, 0x00, 0x1F, 0x80, 0x07, 0x00, 0x05, 
	0x82, 0x07, 0x09, 0x05, 0x05, 0x07, 0x07, 0x06, 0x07, 0x1E, 0x22, 0x11, 0x12, 0x80, 0x01, 0x84, 
	0x12, 0x08, 0x01, 0x1C, 0x01, 0x01, 0x09, 0x03, 0x25, 0x07, 0x06, 0x82, 0x07, 0x00, 0x05, 0x80, 
	0x07, 0x06, 0x06, 0x07, 0x07, 0x06, 0x22, 0x03, 0x19, 0x80, 0x01, 0x87, 0x12, 0x05, 0x01, 0x12, 
	0x11, 0x0F, 0x1E, 0x06, 0x80, 0x07, 0x0D, 0x06, 0x07, 0x07, 0x05, 0x07, 0x06, 0x07, 0x07, 0x05, 
	0x07, 0x07, 0x08, 0x17, 0x11, 0x80, 0x01, 0x81, 0x12, 0x0C, 0x01, 0x12, 0x12, 0x01, 0x01, 0x12, 
	0x12, 0x01, 0x02, 0x16, 0x09, 0x01, 0x01, 0x80, 0x12, 0x02, 0x01, 0x12, 0x01, 0x81, 0x12, 0x08, 
	0x01, 0x12, 0x12, 0x15, 0x1D, 0x02, 0x12, 0x01, 0x01, 0x81, 0x12, 0x00, 0x01, 0x81, 0x12, 0x06, 
	0x1C, 0x12, 0x01, 0x1F, 0x0F, 0x07, 0x06, 0x8A, 0x07, 0x04, 0x06, 0x04, 0x0C, 0x0A, 0x06, 0x82, 
	0x07, 0x03, 0x06, 0x07, 0x07, 0x06, 0x82, 0x07, 0x08, 0x14, 0x0C, 0x02, 0x12, 0x12, 0x01, 0x12, 
	0x12, 0x01, 0x81, 0x12, 0x01, 0x01, 0x12, 0x80, 0x01, 0x1A, 0x0D, 0x20, 0x02, 0x01, 0x09, 0x1E, 
	0x53, 0x54, 0x52, 0x51, 0x50, 0x08, 0x32, 0x37, 0x37, 0x32, 0x50, 0x51, 0x52, 0x51, 0x51, 0x14, 
	0x04, 0x0B, 0x07, 0x07, 0x06, 0x82, 0x07, 0x0F, 0x06, 0x07, 0x07, 0x06, 0x1B, 0x0F, 0x02, 0x1C, 
	0x12, 0x1C, 0x0F, 0x43, 0x42, 0x3F, 0x3F, 0x42, 0x81, 0x3F, 0x05, 0x42, 0x3F, 0x42, 0x42, 0x3F, 
	0x42, 0x80, 0x3F, 0x00, 0x42, 0x81, 0x3F, 0x80, 0x42, 0x08, 0x00, 0x4F, 0x3C, 0x41, 0x3F, 0x3F, 
	0x42, 0x3F, 0x04, 0x85, 0x07, 0x00, 0x06, 0x80, 0x07, 0x04, 0x19, 0x1A, 0x0A, 0x06, 0x05, 0x82, 
	0x07, 0x00, 0x05, 0x83, 0x07, 0x0B, 0x0A, 0x19, 0x0E, 0x02, 0x01, 0x12, 0x01, 0x12, 0x12, 0x01, 
	0x01, 0x12, 0x80, 0x01, 0x80, 0x12, 0x01, 0x06, 0x0B, 0x80, 0x07, 0x01, 0x05, 0x05, 0x81, 0x07, 
	0x07, 0x06, 0x06, 0x0A, 0x1A, 0x19, 0x02, 0x12, 0x01, 0x80, 0x12, 0x80, 0x01, 0x0A, 0x12, 0x12, 
	0x01, 0x12, 0x01, 0x12, 0x01, 0x11, 0x03, 0x04, 0x06, 0x80, 0x07, 0x00, 0x05, 0x87, 0x07, 0x06, 
	0x22, 0x08, 0x1F, 0x01, 0x12, 0x01, 0x01, 0x80, 0x12, 0x02, 0x1C, 0x12, 0x01, 0x80, 0x12, 0x04, 
	0x01, 0x01, 0x0D, 0x08, 0x1B, 0x84, 0x07, 0x00, 0x06, 0x80, 0x07, 0x0A, 0x05, 0x05, 0x07, 0x07, 
	0x1B, 0x17, 0x1D, 0x01, 0x01, 0x12, 0x01, 0x83, 0x12, 0x00, 0x01, 0x82, 0x12, 0x06, 0x03, 0x13, 
	0x01, 0x12, 0x12, 0x01, 0x01, 0x85, 0x12, 0x08, 0x01, 0x12, 0x12, 0x0F, 0x0E, 0x01, 0x12, 0x12, 
	0x01, 0x83, 0x12, 0x83, 0x01, 0x02, 0x13, 0x08, 0x06, 0x8B, 0x07, 0x05, 0x06, 0x14, 0x0C, 0x07, 
	0x07, 0x06, 0x81, 0x07, 0x05, 0x06, 0x06, 0x07, 0x07, 0x06, 0x05, 0x80, 0x07, 0x03, 0x04, 0x0F, 
	0x1F, 0x01, 0x87, 0x12, 0x15, 0x01, 0x12, 0x12, 0x01, 0x12, 0x16, 0x0D, 0x01, 0x12, 0x1F, 0x07, 
	0x54, 0x51, 0x54, 0x52, 0x24, 0x2A, 0x36, 0x37, 0x36, 0x09, 0x53, 0x80, 0x51, 0x03, 0x53, 0x08, 
	0x14, 0x06, 0x80, 0x07, 0x00, 0x05, 0x85, 0x07, 0x0E, 0x22, 0x15, 0x1C, 0x12, 0x1C, 0x16, 0x43, 
	0x3F, 0x42, 0x42, 0x3F, 0x42, 0x3F, 0x3F, 0x42, 0x87, 0x3F, 0x03, 0x42, 0x3F, 0x3F, 0x42, 0x80, 
	0x3F, 0x0D, 0x41, 0x2B, 0x2A, 0x41, 0x42, 0x3F, 0x3F, 0x43, 0x03, 0x07, 0x07, 0x05, 0x07, 0x06, 
	0x85, 0x07, 0x05, 0x1F, 0x22, 0x0A, 0x06, 0x07, 0x06, 0x81, 0x07, 0x01, 0x05, 0x06, 0x82, 0x07, 
	0x10, 0x06, 0x25, 0x03, 0x0D, 0x01, 0x12, 0x01, 0x12, 0x12, 0x01, 0x1C, 0x12, 0x01, 0x01, 0x12, 
	0x01, 0x12, 0x10, 0x07, 0x07, 0x06, 0x07, 0x07, 0x06, 0x06, 0x07, 0x05, 0x07, 0x07, 0x05, 0x25, 
	0x15, 0x09, 0x01, 0x01, 0x80, 0x12, 0x06, 0x01, 0x12, 0x01, 0x01, 0x12, 0x01, 0x12, 0x80, 0x01, 
	0x04, 0x12, 0x1F, 0x03, 0x10, 0x06, 0x85, 0x07, 0x10, 0x05, 0x05, 0x07, 0x07, 0x06, 0x07, 0x22, 
	0x1D, 0x1F, 0x01, 0x01, 0x12, 0x12, 0x01, 0x01, 0x12, 0x01, 0x82, 0x12, 0x05, 0x01, 0x01, 0x0D, 
	0x03, 0x19, 0x06, 0x88, 0x07, 0x0A, 0x05, 0x07, 0x05, 0x05, 0x17, 0x16, 0x02, 0x12, 0x12, 0x01, 
	0x01, 0x86, 0x12, 0x0B, 0x01, 0x01, 0x09, 0x16, 0x02, 0x12, 0x01, 0x01, 0x12, 0x01, 0x12, 0x01, 
	0x83, 0x12, 0x05, 0x01, 0x12, 0x0D, 0x0F, 0x0D, 0x01, 0x86, 0x12, 0x00, 0x01, 0x81, 0x12, 0x03, 
	0x01, 0x03, 0x1D, 0x0B, 0x85, 0x07, 0x00, 0x06, 0x80, 0x07, 0x09, 0x05, 0x07, 0x07, 0x14, 0x0C, 
	0x07, 0x07, 0x06, 0x07, 0x06, 0x84, 0x07, 0x06, 0x06, 0x05, 0x07, 0x07, 0x05, 0x0C, 0x15, 0x80, 
	0x01, 0x01, 0x12, 0x01, 0x81, 0x12, 0x80, 0x01, 0x80, 0x12, 0x18, 0x01, 0x23, 0x13, 0x01, 0x01, 
	0x02, 0x1F, 0x54, 0x52, 0x52, 0x53, 0x54, 0x1E, 0x3E, 0x37, 0x37, 0x45, 0x4E, 0x06, 0x50, 0x0B, 
	0x09, 0x55, 0x3E, 0x04, 0x81, 0x07, 0x00, 0x05, 0x84, 0x07, 0x10, 0x10, 0x08, 0x0D, 0x01, 0x1C, 
	0x20, 0x3B, 0x42, 0x3F, 0x3F, 0x42, 0x3F, 0x3F, 0x42, 0x42, 0x3F, 0x42, 0x82, 0x3F, 0x02, 0x42, 
	0x3F, 0x42, 0x80, 0x3F, 0x02, 0x42, 0x3F, 0x3F, 0x80, 0x42, 0x08, 0x3F, 0x3F, 0x42, 0x42, 0x3F, 
	0x3B, 0x18, 0x04, 0x0B, 0x80, 0x07, 0x00, 0x05, 0x83, 0x07, 0x08, 0x06, 0x06, 0x1E, 0x03, 0x25, 
	0x06, 0x07, 0x06, 0x05, 0x87, 0x07, 0x05, 0x06, 0x10, 0x22, 0x23, 0x01, 0x01, 0x81, 0x12, 0x05, 
	0x01, 0x12, 0x01, 0x01, 0x12, 0x12, 0x00, 0x06, 0x82, 0x07, 0x08, 0x06, 0x05, 0x07, 0x07, 0x14, 
	0x15, 0x1F, 0x02, 0x01, 0x83, 0x12, 0x00, 0x01, 0x80, 0x12, 0x07, 0x01, 0x12, 0x01, 0x01, 0x02, 
	0x13, 0x19, 0x06, 0x82, 0x07, 0x04, 0x06, 0x06, 0x07, 0x05, 0x06, 0x80, 0x07, 0x04, 0x06, 0x07, 
	0x03, 0x03, 0x11, 0x82, 0x12, 0x00, 0x01, 0x82, 0x12, 0x07, 0x01, 0x12, 0x12, 0x01, 0x02, 0x08, 
	0x22, 0x06, 0x83, 0x07, 0x00, 0x05, 0x84, 0x07, 0x04, 0x06, 0x0F, 0x17, 0x0D, 0x1C, 0x80, 0x01, 
	0x83, 0x12, 0x01, 0x01, 0x01, 0x80, 0x12, 0x02, 0x01, 0x13, 0x13, 0x80, 0x12, 0x01, 0x01, 0x01, 
	0x84, 0x12, 0x07, 0x01, 0x01, 0x12, 0x12, 0x13, 0x0F, 0x1C, 0x12, 0x81, 0x01, 0x82, 0x12, 0x80, 
	0x01, 0x05, 0x12, 0x12, 0x1C, 0x0F, 0x15, 0x06, 0x84, 0x07, 0x00, 0x06, 0x84, 0x07, 0x03, 0x14, 
	0x0C, 0x0A, 0x06, 0x88, 0x07, 0x12, 0x06, 0x07, 0x07, 0x06, 0x08, 0x08, 0x12, 0x12, 0x01, 0x01, 
	0x12, 0x12, 0x01, 0x01, 0x12, 0x01, 0x12, 0x01, 0x12, 0x80, 0x01, 0x07, 0x09, 0x18, 0x02, 0x12, 
	0x01, 0x11, 0x24, 0x54, 0x80, 0x52, 0x0E, 0x53, 0x0E, 0x45, 0x37, 0x37, 0x38, 0x40, 0x3A, 0x3A, 
	0x38, 0x37, 0x37, 0x32, 0x58, 0x06, 0x80, 0x07, 0x00, 0x05, 0x84, 0x07, 0x06, 0x1E, 0x16, 0x02, 
	0x02, 0x18, 0x3B, 0x41, 0x81, 0x3F, 0x01, 0x42, 0x3F, 0x80, 0x42, 0x05, 0x3F, 0x42, 0x42, 0x3F, 
	0x42, 0x42, 0x82, 0x3F, 0x00, 0x42, 0x81, 0x3F, 0x03, 0x42, 0x3F, 0x3F, 0x42, 0x80, 0x3F, 0x04, 
	0x43, 0x0E, 0x07, 0x07, 0x06, 0x80, 0x07, 0x00, 0x06, 0x83, 0x07, 0x06, 0x06, 0x04, 0x03, 0x1B, 
	0x07, 0x07, 0x06, 0x84, 0x07, 0x09, 0x06, 0x06, 0x07, 0x07, 0x06, 0x07, 0x19, 0x15, 0x0D, 0x01, 
	0x80, 0x12, 0x05, 0x01, 0x01, 0x12, 0x12, 0x01, 0x12, 0x80, 0x06, 0x81, 0x07, 0x04, 0x06, 0x14, 
	0x19, 0x19, 0x02, 0x85, 0x12, 0x82, 0x01, 0x0E, 0x12, 0x12, 0x01, 0x09, 0x03, 0x19, 0x06, 0x06, 
	0x07, 0x07, 0x05, 0x06, 0x07, 0x07, 0x05, 0x84, 0x07, 0x04, 0x03, 0x03, 0x0D, 0x01, 0x01, 0x83, 
	0x12, 0x03, 0x01, 0x12, 0x01, 0x12, 0x80, 0x01, 0x03, 0x02, 0x08, 0x03, 0x06, 0x83, 0x07, 0x01, 
	0x05, 0x06, 0x82, 0x07, 0x0B, 0x06, 0x06, 0x19, 0x17, 0x0E, 0x12, 0x01, 0x12, 0x01, 0x12, 0x12, 
	0x01, 0x83, 0x12, 0x0B, 0x01, 0x12, 0x01, 0x0D, 0x16, 0x02, 0x01, 0x12, 0x01, 0x01, 0x12, 0x01, 
	0x85, 0x12, 0x06, 0x01, 0x12, 0x16, 0x23, 0x01, 0x01, 0x12, 0x80, 0x01, 0x11, 0x12, 0x12, 0x01, 
	0x01, 0x12, 0x01, 0x12, 0x12, 0x01, 0x12, 0x12, 0x0F, 0x19, 0x06, 0x06, 0x07, 0x07, 0x05, 0x84, 
	0x07, 0x07, 0x05, 0x07, 0x07, 0x06, 0x14, 0x0C, 0x07, 0x05, 0x81, 0x07, 0x03, 0x06, 0x07, 0x07, 
	0x06, 0x81, 0x07, 0x0A, 0x06, 0x07, 0x06, 0x03, 0x0F, 0x12, 0x12, 0x01, 0x01, 0x12, 0x01, 0x82, 
	0x12, 0x01, 0x01, 0x12, 0x81, 0x01, 0x06, 0x16, 0x1F, 0x01, 0x01, 0x11, 0x04, 0x51, 0x80, 0x52, 
	0x03, 0x51, 0x50, 0x31, 0x38, 0x85, 0x37, 0x02, 0x47, 0x1B, 0x0B, 0x84, 0x07, 0x00, 0x06, 0x81, 
	0x07, 0x03, 0x19, 0x1D, 0x1C, 0x18, 0x81, 0x2B, 0x0D, 0x28, 0x3F, 0x4B, 0x00, 0x4B, 0x4B, 0x42, 
	0x3F, 0x3F, 0x28, 0x42, 0x42, 0x3F, 0x42, 0x83, 0x3F, 0x00, 0x42, 0x80, 0x3F, 0x00, 0x42, 0x82, 
	0x3F, 0x01, 0x43, 0x20, 0x81, 0x07, 0x00, 0x06, 0x80, 0x07, 0x00, 0x06, 0x82, 0x07, 0x09, 0x06, 
	0x0A, 0x19, 0x22, 0x07, 0x06, 0x07, 0x06, 0x07, 0x05, 0x85, 0x07, 0x09, 0x06, 0x07, 0x04, 0x03, 
	0x1F, 0x12, 0x1C, 0x12, 0x01, 0x01, 0x81, 0x12, 0x80, 0x07, 0x09, 0x06, 0x06, 0x24, 0x0A, 0x19, 
	0x19, 0x09, 0x12, 0x01, 0x12, 0x80, 0x01, 0x82, 0x12, 0x09, 0x1C, 0x01, 0x12, 0x12, 0x01, 0x01, 
	0x11, 0x08, 0x14, 0x06, 0x8A, 0x07, 0x04, 0x06, 0x07, 0x03, 0x08, 0x0D, 0x80, 0x01, 0x01, 0x12, 
	0x01, 0x81, 0x12, 0x09, 0x01, 0x12, 0x01, 0x01, 0x12, 0x01, 0x01, 0x03, 0x08, 0x05, 0x83, 0x07, 
	0x01, 0x06, 0x05, 0x84, 0x07, 0x0D, 0x04, 0x17, 0x0F, 0x02, 0x01, 0x12, 0x01, 0x01, 0x12, 0x01, 
	0x01, 0x12, 0x12, 0x01, 0x82, 0x12, 0x03, 0x1C, 0x0F, 0x15, 0x01, 0x80, 0x12, 0x04, 0x1C, 0x12, 
	0x01, 0x12, 0x12, 0x81, 0x01, 0x06, 0x12, 0x12, 0x01, 0x1F, 0x16, 0x02, 0x12, 0x86, 0x01, 0x00, 
	0x12, 0x82, 0x01, 0x02, 0x02, 0x0F, 0x0A, 0x83, 0x07, 0x00, 0x05, 0x85, 0x07, 0x06, 0x06, 0x1E, 
	0x0C, 0x05, 0x06, 0x07, 0x06, 0x88, 0x07, 0x04, 0x06, 0x07, 0x19, 0x08, 0x01, 0x84, 0x12, 0x00, 
	0x01, 0x81, 0x12, 0x0A, 0x01, 0x12, 0x01, 0x01, 0x1F, 0x16, 0x4E, 0x0D, 0x0D, 0x53, 0x53, 0x81, 
	0x52, 0x02, 0x51, 0x0A, 0x32, 0x84, 0x37, 0x02, 0x38, 0x32, 0x0A, 0x8B, 0x07, 0x20, 0x08, 0x34, 
	0x33, 0x3D, 0x48, 0x31, 0x48, 0x34, 0x4F, 0x34, 0x2E, 0x2F, 0x3C, 0x2B, 0x3F, 0x4B, 0x42, 0x3F, 
	0x28, 0x42, 0x42, 0x3F, 0x42, 0x42, 0x3F, 0x3F, 0x42, 0x42, 0x3F, 0x42, 0x3F, 0x3F, 0x42, 0x80, 
	0x3F, 0x06, 0x42, 0x41, 0x28, 0x1B, 0x06, 0x07, 0x06, 0x86, 0x07, 0x08, 0x06, 0x07, 0x06, 0x06, 
	0x19, 0x03, 0x0A, 0x06, 0x06, 0x89, 0x07, 0x0B, 0x06, 0x0A, 0x19, 0x15, 0x02, 0x12, 0x01, 0x12, 
	0x01, 0x01, 0x12, 0x12, 0x09, 0x06, 0x07, 0x06, 0x07, 0x07, 0x25, 0x15, 0x0D, 0x1C, 0x12, 0x81, 
	0x01, 0x03, 0x12, 0x12, 0x01, 0x01, 0x82, 0x12, 0x05, 0x01, 0x01, 0x02, 0x0E, 0x03, 0x0A, 0x85, 
	0x07, 0x0C, 0x05, 0x06, 0x07, 0x07, 0x06, 0x07, 0x07, 0x0A, 0x08, 0x08, 0x09, 0x01, 0x01, 0x81, 
	0x12, 0x80, 0x01, 0x80, 0x12, 0x81, 0x01, 0x02, 0x22, 0x08, 0x0A, 0x80, 0x07, 0x00, 0x06, 0x87, 
	0x07, 0x05, 0x06, 0x07, 0x0C, 0x17, 0x02, 0x01, 0x80, 0x12, 0x16, 0x01, 0x01, 0x12, 0x01, 0x01, 
	0x12, 0x12, 0x01, 0x12, 0x12, 0x01, 0x01, 0x11, 0x16, 0x02, 0x01, 0x12, 0x12, 0x01, 0x01, 0x12, 
	0x01, 0x01, 0x80, 0x12, 0x0A, 0x01, 0x01, 0x12, 0x01, 0x12, 0x13, 0x0F, 0x12, 0x01, 0x01, 0x12, 
	0x82, 0x01, 0x84, 0x12, 0x04, 0x01, 0x1F, 0x0F, 0x07, 0x06, 0x85, 0x07, 0x00, 0x05, 0x82, 0x07, 
	0x03, 0x06, 0x14, 0x0C, 0x12, 0x8C, 0x07, 0x03, 0x06, 0x14, 0x0F, 0x0D, 0x80, 0x01, 0x80, 0x12, 
	0x01, 0x01, 0x01, 0x81, 0x12, 0x81, 0x01, 0x05, 0x02, 0x20, 0x15, 0x10, 0x54, 0x51, 0x80, 0x52, 
	0x0E, 0x51, 0x52, 0x52, 0x53, 0x0C, 0x3E, 0x47, 0x3A, 0x40, 0x3A, 0x55, 0x3D, 0x11, 0x0A, 0x06, 
	0x85, 0x07, 0x00, 0x06, 0x80, 0x07, 0x13, 0x06, 0x06, 0x15, 0x43, 0x28, 0x42, 0x41, 0x4B, 0x3F, 
	0x28, 0x2B, 0x2B, 0x3C, 0x2A, 0x26, 0x26, 0x2F, 0x3C, 0x57, 0x42, 0x81, 0x3F, 0x09, 0x42, 0x3F, 
	0x3F, 0x42, 0x42, 0x3F, 0x42, 0x3F, 0x3F, 0x42, 0x80, 0x3F, 0x06, 0x41, 0x4B, 0x2B, 0x2F, 0x30, 
	0x14, 0x06, 0x80, 0x07, 0x10, 0x06, 0x07, 0x07, 0x06, 0x07, 0x07, 0x05, 0x07, 0x07, 0x06, 0x07, 
	0x07, 0x1E, 0x08, 0x25, 0x06, 0x06, 0x84, 0x07, 0x00, 0x06, 0x81, 0x07, 0x0A, 0x06, 0x07, 0x1E, 
	0x03, 0x0D, 0x1C, 0x12, 0x01, 0x12, 0x12, 0x01, 0x80, 0x06, 0x06, 0x05, 0x19, 0x0E, 0x02, 0x01, 
	0x1C, 0x12, 0x80, 0x01, 0x80, 0x12, 0x00, 0x01, 0x80, 0x12, 0x09, 0x01, 0x12, 0x01, 0x1C, 0x11, 
	0x0F, 0x19, 0x07, 0x07, 0x06, 0x83, 0x07, 0x00, 0x06, 0x81, 0x07, 0x05, 0x05, 0x07, 0x04, 0x08, 
	0x08, 0x02, 0x81, 0x01, 0x05, 0x12, 0x12, 0x01, 0x12, 0x01, 0x12, 0x83, 0x01, 0x04, 0x0E, 0x08, 
	0x04, 0x06, 0x05, 0x8A, 0x07, 0x04, 0x06, 0x03, 0x17, 0x11, 0x01, 0x80, 0x12, 0x00, 0x01, 0x87, 
	0x12, 0x03, 0x01, 0x1C, 0x16, 0x13, 0x80, 0x01, 0x00, 0x12, 0x81, 0x01, 0x81, 0x12, 0x80, 0x01, 
	0x04, 0x12, 0x02, 0x16, 0x1F, 0x12, 0x82, 0x01, 0x05, 0x12, 0x01, 0x12, 0x12, 0x01, 0x01, 0x80, 
	0x12, 0x04, 0x01, 0x01, 0x15, 0x0F, 0x06, 0x88, 0x07, 0x06, 0x05, 0x07, 0x07, 0x05, 0x07, 0x14, 
	0x0C, 0x8B, 0x07, 0x0B, 0x05, 0x07, 0x07, 0x10, 0x0F, 0x0E, 0x01, 0x12, 0x01, 0x12, 0x12, 0x01, 
	0x82, 0x12, 0x1B, 0x01, 0x12, 0x12, 0x01, 0x09, 0x19, 0x10, 0x51, 0x54, 0x52, 0x52, 0x51, 0x52, 
	0x52, 0x51, 0x52, 0x54, 0x10, 0x33, 0x11, 0x10, 0x0D, 0x0D, 0x10, 0x10, 0x08, 0x22, 0x06, 0x89, 
	0x07, 0x13, 0x06, 0x07, 0x0A, 0x18, 0x00, 0x4B, 0x28, 0x2B, 0x28, 0x28, 0x4B, 0x00, 0x00, 0x4B, 
	0x00, 0x00, 0x4B, 0x2B, 0x20, 0x56, 0x80, 0x3F, 0x01, 0x42, 0x42, 0x80, 0x3F, 0x14, 0x42, 0x3F, 
	0x3F, 0x42, 0x3F, 0x3F, 0x42, 0x3F, 0x42, 0x3F, 0x2B, 0x3C, 0x2F, 0x2E, 0x3C, 0x17, 0x1E, 0x05, 
	0x07, 0x05, 0x06, 0x89, 0x07, 0x02, 0x04, 0x03, 0x1B, 0x83, 0x07, 0x03, 0x06, 0x05, 0x06, 0x06, 
	0x82, 0x07, 0x08, 0x06, 0x04, 0x15, 0x0E, 0x02, 0x12, 0x1C, 0x01, 0x01, 0x05, 0x06, 0x06, 0x04, 
	0x22, 0x0D, 0x01, 0x82, 0x12, 0x04, 0x01, 0x12, 0x1C, 0x12, 0x01, 0x81, 0x12, 0x05, 0x01, 0x12, 
	0x09, 0x1D, 0x08, 0x04, 0x89, 0x07, 0x81, 0x06, 0x08, 0x14, 0x08, 0x03, 0x02, 0x12, 0x01, 0x12, 
	0x01, 0x01, 0x80, 0x12, 0x01, 0x01, 0x12, 0x81, 0x01, 0x05, 0x1C, 0x01, 0x1F, 0x08, 0x1E, 0x06, 
	0x85, 0x07, 0x00, 0x06, 0x82, 0x07, 0x0D, 0x06, 0x1E, 0x17, 0x13, 0x12, 0x01, 0x12, 0x1C, 0x12, 
	0x12, 0x01, 0x01, 0x12, 0x01, 0x80, 0x12, 0x00, 0x01, 0x80, 0x12, 0x05, 0x11, 0x16, 0x02, 0x12, 
	0x12, 0x01, 0x81, 0x12, 0x00, 0x01, 0x82, 0x12, 0x80, 0x01, 0x03, 0x1F, 0x16, 0x02, 0x01, 0x80, 
	0x12, 0x05, 0x01, 0x12, 0x12, 0x01, 0x12, 0x12, 0x82, 0x01, 0x05, 0x12, 0x01, 0x1D, 0x08, 0x07, 
	0x06, 0x8C, 0x07, 0x03, 0x14, 0x0C, 0x0A, 0x06, 0x8D, 0x07, 0x04, 0x08, 0x03, 0x12, 0x12, 0x01, 
	0x84, 0x12, 0x80, 0x01, 0x04, 0x10, 0x15, 0x1B, 0x53, 0x54, 0x80, 0x51, 0x80, 0x52, 0x07, 0x51, 
	0x51, 0x50, 0x1E, 0x3A, 0x55, 0x10, 0x1C, 0x81, 0x01, 0x04, 0x02, 0x20, 0x14, 0x06, 0x06, 0x88, 
	0x07, 0x12, 0x06, 0x14, 0x2B, 0x2E, 0x49, 0x33, 0x33, 0x4A, 0x33, 0x48, 0x26, 0x3C, 0x28, 0x00, 
	0x4B, 0x42, 0x3F, 0x41, 0x42, 0x80, 0x3F, 0x01, 0x42, 0x42, 0x81, 0x3F, 0x02, 0x42, 0x3F, 0x42, 
	0x81, 0x3F, 0x09, 0x42, 0x2A, 0x2F, 0x2E, 0x26, 0x2C, 0x1D, 0x04, 0x08, 0x1B, 0x81, 0x07, 0x01, 
	0x06, 0x06, 0x82, 0x07, 0x00, 0x05, 0x80, 0x07, 0x09, 0x06, 0x10, 0x22, 0x22, 0x07, 0x06, 0x06, 
	0x07, 0x06, 0x06, 0x88, 0x07, 0x02, 0x1B, 0x08, 0x09, 0x80, 0x01, 0x06, 0x06, 0x1E, 0x15, 0x09, 
	0x01, 0x12, 0x01, 0x81, 0x12, 0x82, 0x01, 0x81, 0x12, 0x03, 0x1C, 0x1F, 0x0C, 0x1B, 0x84, 0x07, 
	0x01, 0x06, 0x06, 0x84, 0x07, 0x05, 0x06, 0x19, 0x03, 0x03, 0x1C, 0x12, 0x80, 0x01, 0x80, 0x12, 
	0x05, 0x01, 0x12, 0x12, 0x01, 0x12, 0x12, 0x80, 0x01, 0x03, 0x11, 0x08, 0x1B, 0x06, 0x89, 0x07, 
	0x07, 0x06, 0x07, 0x06, 0x05, 0x17, 0x16, 0x1C, 0x01, 0x80, 0x12, 0x03, 0x01, 0x01, 0x12, 0x01, 
	0x85, 0x12, 0x04, 0x1C, 0x16, 0x13, 0x01, 0x01, 0x84, 0x12, 0x00, 0x1C, 0x83, 0x12, 0x03, 0x01, 
	0x13, 0x1D, 0x01, 0x81, 0x12, 0x04, 0x01, 0x12, 0x01, 0x12, 0x01, 0x81, 0x12, 0x09, 0x01, 0x01, 
	0x12, 0x01, 0x0F, 0x15, 0x06, 0x07, 0x07, 0x06, 0x8A, 0x07, 0x0B, 0x04, 0x0C, 0x07, 0x07, 0x06, 
	0x07, 0x07, 0x06, 0x07, 0x07, 0x05, 0x05, 0x82, 0x07, 0x04, 0x06, 0x07, 0x07, 0x08, 0x0F, 0x80, 
	0x12, 0x00, 0x01, 0x85, 0x12, 0x11, 0x0D, 0x3E, 0x47, 0x33, 0x1E, 0x05, 0x50, 0x51, 0x51, 0x52, 
	0x52, 0x51, 0x52, 0x05, 0x09, 0x46, 0x46, 0x09, 0x82, 0x12, 0x03, 0x01, 0x01, 0x15, 0x03, 0x84, 
	0x07, 0x00, 0x06, 0x81, 0x07, 0x04, 0x06, 0x04, 0x0F, 0x26, 0x35, 0x80, 0x3E, 0x00, 0x4D, 0x81, 
	0x3E, 0x04, 0x33, 0x4F, 0x2A, 0x28, 0x41, 0x81, 0x3F, 0x80, 0x42, 0x82, 0x3F, 0x02, 0x28, 0x42, 
	0x42, 0x80, 0x3F, 0x0B, 0x3B, 0x2C, 0x26, 0x2C, 0x30, 0x0E, 0x07, 0x06, 0x04, 0x08, 0x19, 0x05, 
	0x82, 0x07, 0x01, 0x05, 0x06, 0x84, 0x07, 0x04, 0x06, 0x12, 0x19, 0x22, 0x04, 0x80, 0x06, 0x84, 
	0x07, 0x00, 0x06, 0x81, 0x07, 0x05, 0x24, 0x04, 0x22, 0x0E, 0x12, 0x12, 0x03, 0x14, 0x22, 0x02, 
	0x01, 0x85, 0x12, 0x82, 0x01, 0x07, 0x12, 0x1C, 0x1C, 0x13, 0x08, 0x04, 0x06, 0x06, 0x84, 0x07, 
	0x00, 0x06, 0x84, 0x07, 0x04, 0x19, 0x08, 0x13, 0x12, 0x01, 0x81, 0x12, 0x07, 0x01, 0x12, 0x01, 
	0x12, 0x12, 0x01, 0x12, 0x12, 0x80, 0x01, 0x03, 0x0D, 0x08, 0x19, 0x06, 0x87, 0x07, 0x80, 0x05, 
	0x0D, 0x07, 0x07, 0x06, 0x08, 0x17, 0x0D, 0x12, 0x01, 0x12, 0x12, 0x01, 0x12, 0x01, 0x01, 0x84, 
	0x12, 0x05, 0x01, 0x1C, 0x1F, 0x16, 0x02, 0x01, 0x83, 0x12, 0x01, 0x01, 0x01, 0x82, 0x12, 0x0C, 
	0x01, 0x12, 0x02, 0x16, 0x1F, 0x12, 0x01, 0x12, 0x12, 0x01, 0x12, 0x01, 0x01, 0x81, 0x12, 0x07, 
	0x01, 0x01, 0x12, 0x12, 0x01, 0x02, 0x0F, 0x1E, 0x8D, 0x07, 0x03, 0x06, 0x04, 0x0C, 0x0A, 0x84, 
	0x07, 0x00, 0x05, 0x81, 0x07, 0x0B, 0x06, 0x05, 0x07, 0x07, 0x06, 0x15, 0x08, 0x12, 0x01, 0x12, 
	0x12, 0x01, 0x83, 0x12, 0x01, 0x04, 0x4D, 0x80, 0x37, 0x10, 0x39, 0x40, 0x3E, 0x4E, 0x4E, 0x07, 
	0x0B, 0x05, 0x09, 0x35, 0x38, 0x45, 0x09, 0x12, 0x12, 0x01, 0x12, 0x81, 0x01, 0x03, 0x02, 0x17, 
	0x1E, 0x0B, 0x86, 0x07, 0x19, 0x06, 0x04, 0x3C, 0x2F, 0x2A, 0x4F, 0x3E, 0x3E, 0x4D, 0x3E, 0x3E, 
	0x4D, 0x3E, 0x4D, 0x3E, 0x35, 0x3E, 0x49, 0x3C, 0x00, 0x42, 0x42, 0x3F, 0x42, 0x3F, 0x42, 0x81, 
	0x3F, 0x00, 0x42, 0x82, 0x3F, 0x0F, 0x42, 0x3B, 0x3C, 0x27, 0x19, 0x04, 0x06, 0x06, 0x07, 0x06, 
	0x1E, 0x08, 0x1A, 0x07, 0x06, 0x06, 0x81, 0x07, 0x00, 0x06, 0x80, 0x07, 0x00, 0x06, 0x81, 0x07, 
	0x08, 0x06, 0x1B, 0x08, 0x19, 0x06, 0x06, 0x07, 0x07, 0x06, 0x84, 0x07, 0x07, 0x06, 0x07, 0x07, 
	0x06, 0x07, 0x19, 0x13, 0x09, 0x01, 0x03, 0x02, 0x80, 0x01, 0x11, 0x12, 0x01, 0x12, 0x01, 0x12, 
	0x12, 0x01, 0x01, 0x12, 0x01, 0x01, 0x12, 0x12, 0x02, 0x0F, 0x03, 0x07, 0x06, 0x88, 0x07, 0x08, 
	0x0B, 0x05, 0x07, 0x07, 0x06, 0x19, 0x08, 0x15, 0x01, 0x83, 0x12, 0x80, 0x01, 0x02, 0x12, 0x12, 
	0x01, 0x80, 0x12, 0x04, 0x01, 0x02, 0x0F, 0x22, 0x06, 0x89, 0x07, 0x00, 0x05, 0x80, 0x07, 0x04, 
	0x19, 0x17, 0x13, 0x01, 0x01, 0x82, 0x12, 0x01, 0x01, 0x01, 0x80, 0x12, 0x07, 0x01, 0x12, 0x01, 
	0x12, 0x12, 0x1C, 0x0F, 0x13, 0x83, 0x12, 0x01, 0x01, 0x01, 0x80, 0x12, 0x01, 0x01, 0x12, 0x81, 
	0x01, 0x04, 0x1F, 0x16, 0x02, 0x12, 0x01, 0x87, 0x12, 0x07, 0x01, 0x12, 0x12, 0x01, 0x01, 0x09, 
	0x0F, 0x0A, 0x82, 0x07, 0x00, 0x06, 0x87, 0x07, 0x02, 0x06, 0x1E, 0x0C, 0x84, 0x07, 0x00, 0x06, 
	0x86, 0x07, 0x03, 0x06, 0x1E, 0x0C, 0x02, 0x80, 0x01, 0x01, 0x12, 0x01, 0x82, 0x12, 0x01, 0x33, 
	0x38, 0x84, 0x37, 0x07, 0x38, 0x45, 0x46, 0x47, 0x36, 0x37, 0x47, 0x09, 0x81, 0x12, 0x02, 0x01, 
	0x01, 0x12, 0x80, 0x01, 0x05, 0x23, 0x08, 0x06, 0x07, 0x07, 0x05, 0x81, 0x07, 0x21, 0x06, 0x06, 
	0x07, 0x1D, 0x2F, 0x2E, 0x2D, 0x2A, 0x2A, 0x2E, 0x48, 0x49, 0x33, 0x33, 0x4A, 0x33, 0x49, 0x3D, 
	0x2E, 0x2F, 0x2A, 0x3C, 0x2B, 0x42, 0x4B, 0x42, 0x42, 0x3F, 0x42, 0x3F, 0x3F, 0x42, 0x3F, 0x28, 
	0x80, 0x3F, 0x05, 0x42, 0x43, 0x4C, 0x0D, 0x07, 0x06, 0x82, 0x07, 0x05, 0x06, 0x14, 0x08, 0x22, 
	0x07, 0x06, 0x8B, 0x07, 0x03, 0x06, 0x25, 0x08, 0x22, 0x81, 0x06, 0x04, 0x07, 0x07, 0x06, 0x07, 
	0x06, 0x84, 0x07, 0x02, 0x06, 0x1E, 0x03, 0x00, 0x02, 0x82, 0x01, 0x82, 0x12, 0x03, 0x01, 0x12, 
	0x01, 0x12, 0x80, 0x01, 0x01, 0x13, 0x03, 0x80, 0x07, 0x00, 0x05, 0x85, 0x07, 0x00, 0x06, 0x81, 
	0x07, 0x0C, 0x06, 0x19, 0x08, 0x15, 0x12, 0x01, 0x12, 0x12, 0x01, 0x01, 0x12, 0x01, 0x12, 0x81, 
	0x01, 0x0C, 0x12, 0x01, 0x01, 0x12, 0x02, 0x08, 0x03, 0x06, 0x07, 0x07, 0x05, 0x07, 0x06, 0x87, 
	0x07, 0x05, 0x06, 0x05, 0x17, 0x16, 0x02, 0x01, 0x80, 0x12, 0x02, 0x01, 0x12, 0x12, 0x80, 0x01, 
	0x00, 0x12, 0x80, 0x01, 0x08, 0x12, 0x12, 0x01, 0x0E, 0x16, 0x1C, 0x12, 0x12, 0x01, 0x81, 0x12, 
	0x0D, 0x01, 0x12, 0x12, 0x01, 0x12, 0x12, 0x01, 0x12, 0x01, 0x01, 0x0F, 0x1D, 0x1C, 0x01, 0x83, 
	0x12, 0x00, 0x01, 0x81, 0x12, 0x08, 0x01, 0x12, 0x12, 0x01, 0x01, 0x0E, 0x0F, 0x07, 0x06, 0x8C, 
	0x07, 0x07, 0x06, 0x1B, 0x0C, 0x07, 0x07, 0x05, 0x06, 0x05, 0x87, 0x07, 0x00, 0x06, 0x80, 0x07, 
	0x03, 0x0F, 0x1F, 0x01, 0x01, 0x84, 0x12, 0x02, 0x01, 0x09, 0x36, 0x89, 0x37, 0x01, 0x40, 0x11, 
	0x84, 0x12, 0x81, 0x01, 0x03, 0x02, 0x17, 0x1E, 0x06, 0x80, 0x07, 0x00, 0x06, 0x80, 0x07, 0x02, 
	0x06, 0x14, 0x2A, 0x81, 0x26, 0x03, 0x2F, 0x2C, 0x2A, 0x2A, 0x80, 0x2C, 0x04, 0x2A, 0x2C, 0x2A, 
	0x2C, 0x2F, 0x80, 0x26, 0x11, 0x2C, 0x3C, 0x2B, 0x41, 0x42, 0x42, 0x3B, 0x3B, 0x41, 0x3F, 0x3B, 
	0x43, 0x43, 0x00, 0x44, 0x16, 0x0D, 0x06, 0x85, 0x07, 0x03, 0x06, 0x14, 0x08, 0x22, 0x81, 0x07, 
	0x03, 0x05, 0x07, 0x07, 0x05, 0x85, 0x07, 0x08, 0x24, 0x04, 0x08, 0x03, 0x0A, 0x0B, 0x07, 0x06, 
	0x06, 0x82, 0x07, 0x07, 0x06, 0x07, 0x07, 0x06, 0x07, 0x06, 0x07, 0x0A, 0x80, 0x01, 0x02, 0x12, 
	0x12, 0x01, 0x85, 0x12, 0x80, 0x01, 0x06, 0x1F, 0x0F, 0x0A, 0x06, 0x07, 0x07, 0x06, 0x83, 0x07, 
	0x00, 0x06, 0x82, 0x07, 0x04, 0x06, 0x19, 0x08, 0x0E, 0x01, 0x83, 0x12, 0x00, 0x01, 0x80, 0x12, 
	0x84, 0x01, 0x01, 0x03, 0x08, 0x80, 0x07, 0x00, 0x06, 0x85, 0x07, 0x0A, 0x05, 0x07, 0x05, 0x07, 
	0x0B, 0x06, 0x0C, 0x17, 0x09, 0x01, 0x01, 0x82, 0x12, 0x00, 0x01, 0x82, 0x12, 0x0F, 0x01, 0x12, 
	0x12, 0x01, 0x02, 0x20, 0x15, 0x01, 0x01, 0x12, 0x12, 0x01, 0x01, 0x12, 0x01, 0x01, 0x80, 0x12, 
	0x00, 0x01, 0x80, 0x12, 0x04, 0x01, 0x02, 0x16, 0x0D, 0x01, 0x84, 0x12, 0x00, 0x01, 0x83, 0x12, 
	0x04, 0x01, 0x12, 0x01, 0x03, 0x08, 0x84, 0x07, 0x00, 0x05, 0x85, 0x07, 0x03, 0x06, 0x06, 0x1B, 
	0x0C, 0x8D, 0x07, 0x07, 0x06, 0x07, 0x06, 0x0F, 0x03, 0x01, 0x12, 0x01, 0x83, 0x12, 0x03, 0x01, 
	0x0D, 0x3D, 0x36, 0x86, 0x37, 0x05, 0x38, 0x3E, 0x0D, 0x12, 0x12, 0x01, 0x83, 0x12, 0x05, 0x01, 
	0x12, 0x01, 0x01, 0x1F, 0x16, 0x81, 0x07, 0x00, 0x06, 0x80, 0x07, 0x0B, 0x06, 0x11, 0x2A, 0x26, 
	0x2E, 0x26, 0x2F, 0x26, 0x2E, 0x26, 0x26, 0x2D, 0x81, 0x26, 0x01, 0x2E, 0x2D, 0x81, 0x26, 0x0E, 
	0x2E, 0x26, 0x2F, 0x2C, 0x2B, 0x3F, 0x18, 0x18, 0x2B, 0x3F, 0x18, 0x17, 0x0F, 0x15, 0x1E, 0x89, 
	0x07, 0x0A, 0x06, 0x04, 0x08, 0x22, 0x07, 0x06, 0x07, 0x06, 0x05, 0x07, 0x05, 0x80, 0x07, 0x0B, 
	0x06, 0x07, 0x07, 0x24, 0x07, 0x07, 0x06, 0x05, 0x03, 0x03, 0x14, 0x0B, 0x88, 0x07, 0x00, 0x06, 
	0x80, 0x07, 0x01, 0x01, 0x01, 0x80, 0x12, 0x10, 0x01, 0x01, 0x12, 0x01, 0x12, 0x12, 0x01, 0x12, 
	0x01, 0x01, 0x1C, 0x1F, 0x08, 0x14, 0x06, 0x07, 0x05, 0x83, 0x07, 0x00, 0x05, 0x81, 0x07, 0x0B, 
	0x05, 0x07, 0x06, 0x19, 0x03, 0x0E, 0x01, 0x12, 0x01, 0x12, 0x12, 0x01, 0x80, 0x12, 0x0B, 0x01, 
	0x12, 0x12, 0x01, 0x12, 0x12, 0x01, 0x01, 0x1C, 0x15, 0x08, 0x0A, 0x82, 0x07, 0x00, 0x05, 0x86, 
	0x07, 0x07, 0x06, 0x0B, 0x15, 0x17, 0x0E, 0x12, 0x01, 0x01, 0x81, 0x12, 0x07, 0x01, 0x12, 0x12, 
	0x01, 0x12, 0x01, 0x12, 0x12, 0x80, 0x01, 0x03, 0x13, 0x0F, 0x02, 0x01, 0x82, 0x12, 0x01, 0x01, 
	0x12, 0x80, 0x01, 0x82, 0x12, 0x04, 0x01, 0x1F, 0x0F, 0x02, 0x01, 0x85, 0x12, 0x00, 0x01, 0x80, 
	0x12, 0x00, 0x01, 0x80, 0x12, 0x03, 0x01, 0x1D, 0x03, 0x06, 0x84, 0x07, 0x0E, 0x05, 0x07, 0x07, 
	0x05, 0x07, 0x06, 0x07, 0x07, 0x06, 0x06, 0x1B, 0x0C, 0x06, 0x07, 0x05, 0x8B, 0x07, 0x05, 0x06, 
	0x07, 0x08, 0x08, 0x12, 0x01, 0x83, 0x12, 0x06, 0x01, 0x12, 0x01, 0x0D, 0x34, 0x35, 0x36, 0x81, 
	0x37, 0x05, 0x38, 0x39, 0x3A, 0x09, 0x02, 0x01, 0x86, 0x12, 0x81, 0x01, 0x03, 0x02, 0x16, 0x1B, 
	0x06, 0x83, 0x07, 0x06, 0x06, 0x1E, 0x3B, 0x3C, 0x2D, 0x26, 0x2E, 0x83, 0x26, 0x00, 0x2E, 0x83, 
	0x26, 0x07, 0x2E, 0x26, 0x2E, 0x2F, 0x2C, 0x30, 0x13, 0x09, 0x80, 0x02, 0x06, 0x1D, 0x15, 0x05, 
	0x06, 0x24, 0x06, 0x06, 0x80, 0x07, 0x06, 0x05, 0x07, 0x07, 0x06, 0x07, 0x07, 0x06, 0x80, 0x07, 
	0x06, 0x0A, 0x08, 0x03, 0x05, 0x24, 0x06, 0x06, 0x85, 0x07, 0x00, 0x06, 0x82, 0x07, 0x03, 0x22, 
	0x08, 0x1B, 0x05, 0x84, 0x07, 0x00, 0x05, 0x81, 0x07, 0x01, 0x06, 0x05, 0x01, 0x01, 0x01, 0x82, 
	0x12, 0x84, 0x01, 0x04, 0x1C, 0x19, 0x1D, 0x1B, 0x06, 0x82, 0x07, 0x05, 0x05, 0x07, 0x06, 0x07, 
	0x07, 0x05, 0x80, 0x07, 0x0E, 0x06, 0x06, 0x19, 0x08, 0x0E, 0x01, 0x01, 0x12, 0x01, 0x01, 0x12, 
	0x01, 0x12, 0x12, 0x01, 0x83, 0x12, 0x04, 0x01, 0x01, 0x19, 0x0F, 0x1E, 0x8C, 0x07, 0x08, 0x05, 
	0x07, 0x04, 0x17, 0x0F, 0x1C, 0x01, 0x12, 0x01, 0x81, 0x12, 0x02, 0x01, 0x12, 0x12, 0x81, 0x01, 
	0x0D, 0x12, 0x01, 0x01, 0x0D, 0x17, 0x13, 0x01, 0x12, 0x01, 0x12, 0x01, 0x12, 0x01, 0x01, 0x80, 
	0x12, 0x01, 0x01, 0x01, 0x81, 0x12, 0x02, 0x01, 0x0F, 0x13, 0x80, 0x01, 0x81, 0x12, 0x80, 0x01, 
	0x84, 0x12, 0x0A, 0x01, 0x01, 0x0F, 0x19, 0x06, 0x05, 0x07, 0x06, 0x07, 0x07, 0x05, 0x87, 0x07, 
	0x06, 0x06, 0x1B, 0x0C, 0x06, 0x07, 0x07, 0x06, 0x8B, 0x07, 0x05, 0x06, 0x1A, 0x0F, 0x01, 0x12, 
	0x01, 0x80, 0x12, 0x0F, 0x01, 0x01, 0x12, 0x01, 0x01, 0x12, 0x12, 0x11, 0x1F, 0x31, 0x32, 0x33, 
	0x33, 0x26, 0x16, 0x0D, 0x80, 0x01, 0x88, 0x12, 0x80, 0x01, 0x05, 0x11, 0x17, 0x05, 0x06, 0x07, 
	0x05, 0x80, 0x07, 0x0E, 0x06, 0x15, 0x28, 0x16, 0x30, 0x2D, 0x26, 0x2E, 0x2D, 0x26, 0x2D, 0x26, 
	0x26, 0x2F, 0x2E, 0x80, 0x26, 0x08, 0x2E, 0x2D, 0x26, 0x2C, 0x2A, 0x27, 0x11, 0x02, 0x12, 0x81, 
	0x01, 0x03, 0x02, 0x08, 0x19, 0x06, 0x8B, 0x07, 0x07, 0x05, 0x07, 0x07, 0x0A, 0x03, 0x08, 0x05, 
	0x06, 0x84, 0x07, 0x02, 0x06, 0x07, 0x06, 0x83, 0x07, 0x02, 0x1B, 0x08, 0x19, 0x83, 0x07, 0x00, 
	0x06, 0x82, 0x07, 0x01, 0x06, 0x07, 0x80, 0x01, 0x83, 0x12, 0x0D, 0x01, 0x12, 0x12, 0x01, 0x01, 
	0x03, 0x03, 0x04, 0x06, 0x07, 0x06, 0x07, 0x07, 0x06, 0x85, 0x07, 0x0C, 0x06, 0x07, 0x07, 0x19, 
	0x03, 0x23, 0x01, 0x01, 0x12, 0x01, 0x12, 0x12, 0x01, 0x84, 0x12, 0x09, 0x01, 0x12, 0x12, 0x01, 
	0x19, 0x0F, 0x1B, 0x07, 0x07, 0x06, 0x8B, 0x07, 0x03, 0x06, 0x17, 0x17, 0x02, 0x81, 0x01, 0x00, 
	0x12, 0x80, 0x01, 0x0C, 0x12, 0x01, 0x12, 0x01, 0x12, 0x01, 0x12, 0x12, 0x01, 0x01, 0x1D, 0x0F, 
	0x02, 0x80, 0x12, 0x12, 0x01, 0x01, 0x12, 0x01, 0x12, 0x12, 0x01, 0x12, 0x01, 0x01, 0x12, 0x12, 
	0x01, 0x12, 0x02, 0x16, 0x11, 0x01, 0x01, 0x81, 0x12, 0x01, 0x01, 0x01, 0x81, 0x12, 0x00, 0x01, 
	0x81, 0x12, 0x03, 0x01, 0x02, 0x0F, 0x14, 0x86, 0x07, 0x00, 0x06, 0x84, 0x07, 0x02, 0x06, 0x1B, 
	0x16, 0x80, 0x07, 0x00, 0x06, 0x83, 0x07, 0x00, 0x05, 0x81, 0x07, 0x06, 0x05, 0x07, 0x07, 0x06, 
	0x1E, 0x0C, 0x1C, 0x80, 0x01, 0x05, 0x12, 0x12, 0x01, 0x01, 0x12, 0x01, 0x81, 0x12, 0x08, 0x01, 
	0x12, 0x10, 0x10, 0x12, 0x11, 0x17, 0x09, 0x01, 0x83, 0x12, 0x00, 0x01, 0x82, 0x12, 0x01, 0x01, 
	0x12, 0x80, 0x01, 0x02, 0x16, 0x19, 0x06, 0x83, 0x07, 0x1B, 0x04, 0x04, 0x07, 0x0D, 0x1D, 0x2A, 
	0x2B, 0x2B, 0x2C, 0x2D, 0x26, 0x2E, 0x2E, 0x2F, 0x2B, 0x2A, 0x2C, 0x30, 0x27, 0x27, 0x11, 0x02, 
	0x02, 0x12, 0x01, 0x12, 0x01, 0x01, 0x80, 0x12, 0x03, 0x02, 0x1D, 0x03, 0x04, 0x83, 0x07, 0x00, 
	0x06, 0x87, 0x07, 0x04, 0x0A, 0x03, 0x08, 0x0A, 0x0B, 0x82, 0x07, 0x00, 0x06, 0x87, 0x07, 0x06, 
	0x14, 0x08, 0x03, 0x07, 0x0B, 0x07, 0x06, 0x86, 0x07, 0x01, 0x12, 0x01, 0x80, 0x12, 0x02, 0x01, 
	0x12, 0x12, 0x81, 0x01, 0x04, 0x09, 0x03, 0x03, 0x0A, 0x06, 0x84, 0x07, 0x00, 0x05, 0x81, 0x07, 
	0x0B, 0x06, 0x07, 0x07, 0x06, 0x19, 0x08, 0x0E, 0x01, 0x01, 0x12, 0x01, 0x1C, 0x80, 0x12, 0x0C, 
	0x01, 0x12, 0x12, 0x01, 0x12, 0x12, 0x01, 0x1C, 0x12, 0x01, 0x0D, 0x08, 0x19, 0x81, 0x07, 0x00, 
	0x05, 0x86, 0x07, 0x08, 0x05, 0x07, 0x06, 0x07, 0x03, 0x17, 0x0D, 0x01, 0x01, 0x83, 0x12, 0x81, 
	0x01, 0x01, 0x12, 0x12, 0x81, 0x01, 0x0F, 0x0D, 0x16, 0x1D, 0x01, 0x12, 0x01, 0x12, 0x12, 0x01, 
	0x01, 0x12, 0x12, 0x01, 0x01, 0x12, 0x12, 0x82, 0x01, 0x06, 0x1F, 0x0F, 0x10, 0x1C, 0x12, 0x01, 
	0x01, 0x86, 0x12, 0x08, 0x01, 0x12, 0x12, 0x01, 0x01, 0x11, 0x0F, 0x05, 0x05, 0x88, 0x07, 0x00, 
	0x06, 0x81, 0x07, 0x02, 0x06, 0x1B, 0x0C, 0x81, 0x07, 0x03, 0x05, 0x07, 0x07, 0x06, 0x82, 0x07, 
	0x00, 0x05, 0x81, 0x07, 0x05, 0x05, 0x0A, 0x0F, 0x0D, 0x01, 0x01, 0x81, 0x12, 0x00, 0x01, 0x85, 
	0x12, 0x80, 0x01, 0x05, 0x02, 0x20, 0x23, 0x01, 0x1C, 0x1C, 0x82, 0x01, 0x84, 0x12, 0x80, 0x01, 
	0x03, 0x11, 0x17, 0x0A, 0x06, 0x83, 0x07, 0x00, 0x06, 0x80, 0x07, 0x0D, 0x03, 0x00, 0x16, 0x13, 
	0x23, 0x26, 0x27, 0x27, 0x28, 0x18, 0x29, 0x09, 0x09, 0x02, 0x81, 0x01, 0x81, 0x12, 0x80, 0x01, 
	0x05, 0x12, 0x01, 0x02, 0x1D, 0x1D, 0x0A, 0x80, 0x07, 0x00, 0x05, 0x85, 0x07, 0x0A, 0x24, 0x07, 
	0x07, 0x06, 0x07, 0x07, 0x03, 0x08, 0x04, 0x06, 0x06, 0x8C, 0x07, 0x06, 0x0A, 0x03, 0x08, 0x04, 
	0x06, 0x06, 0x05, 0x82, 0x07, 0x02, 0x06, 0x07, 0x07, 0x83, 0x01, 0x07, 0x12, 0x01, 0x12, 0x12, 
	0x01, 0x0D, 0x08, 0x15, 0x85, 0x07, 0x00, 0x05, 0x82, 0x07, 0x09, 0x06, 0x06, 0x07, 0x06, 0x1A, 
	0x03, 0x15, 0x01, 0x01, 0x12, 0x81, 0x01, 0x01, 0x12, 0x12, 0x80, 0x01, 0x0C, 0x12, 0x12, 0x01, 
	0x12, 0x01, 0x01, 0x0D, 0x08, 0x22, 0x06, 0x06, 0x24, 0x06, 0x82, 0x07, 0x00, 0x05, 0x85, 0x07, 
	0x02, 0x1E, 0x17, 0x13, 0x80, 0x01, 0x03, 0x12, 0x01, 0x12, 0x01, 0x80, 0x12, 0x02, 0x01, 0x01, 
	0x12, 0x81, 0x01, 0x06, 0x12, 0x1C, 0x13, 0x0F, 0x10, 0x12, 0x01, 0x88, 0x12, 0x00, 0x01, 0x81, 
	0x12, 0x01, 0x16, 0x13, 0x81, 0x01, 0x88, 0x12, 0x81, 0x01, 0x02, 0x15, 0x0F, 0x05, 0x82, 0x07, 
	0x00, 0x06, 0x83, 0x07, 0x0B, 0x06, 0x07, 0x06, 0x07, 0x07, 0x06, 0x1B, 0x16, 0x06, 0x05, 0x07, 
	0x05, 0x80, 0x07, 0x02, 0x06, 0x07, 0x06, 0x84, 0x07, 0x04, 0x05, 0x07, 0x07, 0x0C, 0x15, 0x80, 
	0x01, 0x02, 0x12, 0x12, 0x01, 0x81, 0x12, 0x04, 0x01, 0x12, 0x01, 0x12, 0x12, 0x80, 0x01, 0x03, 
	0x1C, 0x16, 0x0F, 0x1C, 0x80, 0x12, 0x11, 0x01, 0x01, 0x12, 0x12, 0x01, 0x01, 0x12, 0x01, 0x01, 
	0x12, 0x12, 0x01, 0x01, 0x12, 0x1C, 0x16, 0x0E, 0x06, 0x87, 0x07, 0x01, 0x11, 0x19, 0x80, 0x07, 
	0x05, 0x05, 0x0A, 0x10, 0x20, 0x17, 0x10, 0x81, 0x01, 0x02, 0x12, 0x1C, 0x01, 0x81, 0x12, 0x80, 
	0x01, 0x06, 0x12, 0x01, 0x12, 0x10, 0x0F, 0x15, 0x06, 0x84, 0x07, 0x00, 0x06, 0x83, 0x07, 0x08, 
	0x06, 0x24, 0x06, 0x07, 0x03, 0x08, 0x14, 0x07, 0x05, 0x85, 0x07, 0x00, 0x06, 0x84, 0x07, 0x05, 
	0x22, 0x08, 0x1B, 0x06, 0x07, 0x06, 0x82, 0x07, 0x01, 0x06, 0x07, 0x04, 0x01, 0x12, 0x01, 0x01, 
	0x12, 0x80, 0x01, 0x04, 0x12, 0x01, 0x1F, 0x08, 0x19, 0x80, 0x07, 0x00, 0x06, 0x82, 0x07, 0x00, 
	0x06, 0x82, 0x07, 0x14, 0x06, 0x07, 0x06, 0x19, 0x08, 0x13, 0x01, 0x12, 0x01, 0x01, 0x1C, 0x01, 
	0x01, 0x12, 0x01, 0x01, 0x12, 0x12, 0x01, 0x12, 0x12, 0x80, 0x01, 0x02, 0x10, 0x0F, 0x22, 0x80, 
	0x07, 0x00, 0x06, 0x8A, 0x07, 0x03, 0x06, 0x06, 0x17, 0x16, 0x82, 0x01, 0x03, 0x12, 0x12, 0x01, 
	0x01, 0x80, 0x12, 0x0A, 0x01, 0x12, 0x12, 0x01, 0x12, 0x12, 0x01, 0x10, 0x0F, 0x13, 0x01, 0x81, 
	0x12, 0x12, 0x01, 0x01, 0x12, 0x12, 0x1C, 0x01, 0x12, 0x01, 0x12, 0x01, 0x01, 0x12, 0x01, 0x11, 
	0x0F, 0x11, 0x01, 0x01, 0x12, 0x80, 0x01, 0x83, 0x12, 0x02, 0x01, 0x12, 0x12, 0x81, 0x01, 0x02, 
	0x1D, 0x08, 0x06, 0x84, 0x07, 0x00, 0x05, 0x82, 0x07, 0x00, 0x05, 0x80, 0x07, 0x03, 0x06, 0x1B, 
	0x0C, 0x24, 0x86, 0x07, 0x00, 0x05, 0x83, 0x07, 0x05, 0x05, 0x07, 0x06, 0x08, 0x08, 0x01, 0x80, 
	0x12, 0x00, 0x01, 0x81, 0x12, 0x04, 0x01, 0x01, 0x12, 0x12, 0x01, 0x81, 0x12, 0x07, 0x01, 0x0E, 
	0x17, 0x02, 0x01, 0x12, 0x12, 0x01, 0x80, 0x12, 0x0E, 0x1C, 0x01, 0x12, 0x12, 0x01, 0x01, 0x12, 
	0x01, 0x1C, 0x12, 0x01, 0x11, 0x16, 0x04, 0x06, 0x80, 0x07, 0x00, 0x05, 0x81, 0x07, 0x02, 0x06, 
	0x07, 0x06, 0x82, 0x07, 0x03, 0x06, 0x04, 0x18, 0x17, 0x81, 0x01, 0x02, 0x12, 0x01, 0x01, 0x83, 
	0x12, 0x07, 0x01, 0x12, 0x12, 0x01, 0x01, 0x1F, 0x08, 0x0E, 0x8E, 0x07, 0x04, 0x06, 0x07, 0x22, 
	0x08, 0x14, 0x80, 0x07, 0x00, 0x06, 0x86, 0x07, 0x07, 0x06, 0x05, 0x07, 0x07, 0x06, 0x19, 0x08, 
	0x1A, 0x82, 0x07, 0x03, 0x05, 0x07, 0x06, 0x07, 0x04, 0x01, 0x12, 0x12, 0x01, 0x12, 0x81, 0x01, 
	0x02, 0x15, 0x08, 0x1B, 0x86, 0x07, 0x00, 0x06, 0x83, 0x07, 0x05, 0x06, 0x07, 0x15, 0x08, 0x13, 
	0x1C, 0x81, 0x01, 0x03, 0x12, 0x12, 0x01, 0x01, 0x80, 0x12, 0x81, 0x01, 0x04, 0x12, 0x01, 0x02, 
	0x08, 0x03, 0x81, 0x07, 0x06, 0x06, 0x07, 0x07, 0x06, 0x07, 0x07, 0x06, 0x83, 0x07, 0x04, 0x06, 
	0x06, 0x0C, 0x16, 0x09, 0x84, 0x01, 0x83, 0x12, 0x02, 0x01, 0x12, 0x12, 0x80, 0x01, 0x03, 0x1F, 
	0x0F, 0x09, 0x12, 0x80, 0x01, 0x04, 0x12, 0x12, 0x01, 0x01, 0x12, 0x82, 0x01, 0x0B, 0x12, 0x12, 
	0x01, 0x01, 0x1D, 0x0F, 0x02, 0x12, 0x01, 0x12, 0x12, 0x01, 0x81, 0x12, 0x01, 0x01, 0x01, 0x81, 
	0x12, 0x81, 0x01, 0x0C, 0x0F, 0x22, 0x07, 0x06, 0x07, 0x07, 0x06, 0x07, 0x07, 0x06, 0x07, 0x07, 
	0x05, 0x82, 0x07, 0x04, 0x06, 0x07, 0x06, 0x1B, 0x0C, 0x8A, 0x07, 0x00, 0x06, 0x80, 0x07, 0x04, 
	0x05, 0x07, 0x06, 0x03, 0x0F, 0x81, 0x01, 0x03, 0x12, 0x12, 0x01, 0x12, 0x80, 0x01, 0x83, 0x12, 
	0x07, 0x01, 0x01, 0x0D, 0x20, 0x1F, 0x1C, 0x12, 0x01, 0x83, 0x12, 0x00, 0x01, 0x81, 0x12, 0x80, 
	0x01, 0x04, 0x12, 0x1C, 0x16, 0x0F, 0x06, 0x83, 0x07, 0x02, 0x05, 0x07, 0x06, 0x85, 0x07, 0x03, 
	0x06, 0x0F, 0x20, 0x03, 0x81, 0x01, 0x01, 0x12, 0x01, 0x82, 0x12, 0x0C, 0x01, 0x12, 0x01, 0x12, 
	0x01, 0x01, 0x1C, 0x1D, 0x03, 0x1B, 0x07, 0x07, 0x05, 0x83, 0x07, 0x01, 0x06, 0x06, 0x82, 0x07, 
	0x07, 0x06, 0x07, 0x07, 0x22, 0x08, 0x25, 0x06, 0x05, 0x8A, 0x07, 0x80, 0x06, 0x04, 0x1E, 0x08, 
	0x22, 0x07, 0x06, 0x81, 0x07, 0x01, 0x06, 0x07, 0x84, 0x01, 0x04, 0x09, 0x03, 0x03, 0x0A, 0x05, 
	0x81, 0x07, 0x00, 0x05, 0x80, 0x07, 0x04, 0x06, 0x06, 0x07, 0x07, 0x05, 0x81, 0x07, 0x03, 0x15, 
	0x08, 0x23, 0x1C, 0x83, 0x01, 0x02, 0x12, 0x01, 0x01, 0x80, 0x12, 0x82, 0x01, 0x06, 0x02, 0x08, 
	0x03, 0x07, 0x06, 0x07, 0x05, 0x83, 0x07, 0x00, 0x06, 0x82, 0x07, 0x05, 0x05, 0x06, 0x06, 0x22, 
	0x17, 0x19, 0x81, 0x01, 0x00, 0x12, 0x81, 0x01, 0x11, 0x12, 0x01, 0x12, 0x01, 0x01, 0x12, 0x01, 
	0x12, 0x1C, 0x01, 0x02, 0x0F, 0x13, 0x12, 0x01, 0x12, 0x12, 0x01, 0x81, 0x12, 0x80, 0x01, 0x0C, 
	0x12, 0x12, 0x01, 0x01, 0x12, 0x01, 0x02, 0x0F, 0x23, 0x01, 0x01, 0x12, 0x12, 0x81, 0x01, 0x80, 
	0x12, 0x81, 0x01, 0x06, 0x12, 0x12, 0x01, 0x01, 0x1C, 0x0F, 0x1B, 0x85, 0x07, 0x04, 0x05, 0x07, 
	0x07, 0x06, 0x05, 0x81, 0x07, 0x08, 0x06, 0x06, 0x1B, 0x0C, 0x07, 0x07, 0x05, 0x07, 0x05, 0x80, 
	0x07, 0x00, 0x06, 0x83, 0x07, 0x01, 0x05, 0x06, 0x80, 0x07, 0x04, 0x1A, 0x0F, 0x02, 0x12, 0x01, 
	0x80, 0x12, 0x02, 0x01, 0x01, 0x12, 0x80, 0x01, 0x84, 0x12, 0x04, 0x1C, 0x17, 0x0F, 0x1C, 0x01, 
	0x85, 0x12, 0x00, 0x01, 0x85, 0x12, 0x08, 0x11, 0x17, 0x1E, 0x06, 0x06, 0x07, 0x05, 0x07, 0x05, 
	0x88, 0x07, 0x04, 0x06, 0x07, 0x17, 0x18, 0x0D, 0x80, 0x01, 0x05, 0x12, 0x01, 0x12, 0x01, 0x12, 
	0x12, 0x82, 0x01, 0x80, 0x12, 0x04, 0x02, 0x0F, 0x13, 0x14, 0x06, 0x83, 0x07, 0x05, 0x06, 0x06, 
	0x07, 0x07, 0x06, 0x05, 0x82, 0x07, 0x04, 0x06, 0x19, 0x08, 0x1E, 0x06, 0x80, 0x07, 0x00, 0x06, 
	0x82, 0x07, 0x00, 0x06, 0x82, 0x07, 0x08, 0x06, 0x06, 0x04, 0x08, 0x08, 0x04, 0x06, 0x05, 0x0B, 
	0x80, 0x07, 0x83, 0x01, 0x02, 0x11, 0x03, 0x22, 0x82, 0x07, 0x10, 0x05, 0x05, 0x06, 0x07, 0x07, 
	0x06, 0x05, 0x06, 0x07, 0x07, 0x06, 0x07, 0x07, 0x06, 0x03, 0x08, 0x11, 0x8F, 0x01, 0x04, 0x1C, 
	0x03, 0x08, 0x0A, 0x0B, 0x87, 0x07, 0x00, 0x06, 0x83, 0x07, 0x02, 0x1E, 0x0C, 0x0F, 0x87, 0x01, 
	0x81, 0x12, 0x83, 0x01, 0x05, 0x1F, 0x0F, 0x10, 0x1C, 0x12, 0x01, 0x81, 0x12, 0x81, 0x01, 0x00, 
	0x12, 0x83, 0x01, 0x02, 0x0E, 0x16, 0x1C, 0x80, 0x01, 0x04, 0x12, 0x12, 0x01, 0x12, 0x01, 0x81, 
	0x12, 0x00, 0x01, 0x80, 0x12, 0x80, 0x01, 0x03, 0x0D, 0x0F, 0x0A, 0x06, 0x83, 0x07, 0x00, 0x05, 
	0x84, 0x07, 0x05, 0x06, 0x07, 0x07, 0x06, 0x1E, 0x0C, 0x81, 0x07, 0x00, 0x06, 0x86, 0x07, 0x01, 
	0x06, 0x05, 0x81, 0x07, 0x04, 0x14, 0x0C, 0x02, 0x12, 0x12, 0x83, 0x01, 0x00, 0x12, 0x81, 0x01, 
	0x08, 0x12, 0x01, 0x01, 0x12, 0x01, 0x01, 0x23, 0x17, 0x02, 0x80, 0x01, 0x81, 0x12, 0x02, 0x01, 
	0x12, 0x01, 0x80, 0x12, 0x00, 0x01, 0x80, 0x12, 0x05, 0x01, 0x1C, 0x0F, 0x16, 0x24, 0x06, 0x81, 
	0x07, 0x03, 0x05, 0x07, 0x05, 0x05, 0x82, 0x07, 0x07, 0x06, 0x07, 0x07, 0x06, 0x1B, 0x20, 0x17, 
	0x02, 0x81, 0x01, 0x80, 0x12, 0x0F, 0x01, 0x12, 0x12, 0x01, 0x01, 0x12, 0x01, 0x12, 0x12, 0x01, 
	0x10, 0x16, 0x13, 0x04, 0x06, 0x06, 0x83, 0x07, 0x02, 0x06, 0x07, 0x06, 0x80, 0x07, 0x08, 0x06, 
	0x07, 0x05, 0x07, 0x06, 0x19, 0x08, 0x1B, 0x0B, 0x80, 0x07, 0x01, 0x06, 0x05, 0x80, 0x07, 0x0E, 
	0x05, 0x05, 0x07, 0x06, 0x06, 0x07, 0x07, 0x06, 0x06, 0x07, 0x22, 0x08, 0x14, 0x07, 0x05, 0x80, 
	0x07, 0x01, 0x01, 0x1C, 0x80, 0x01, 0x03, 0x13, 0x08, 0x1B, 0x06, 0x81, 0x07, 0x00, 0x05, 0x81, 
	0x07, 0x0B, 0x06, 0x07, 0x07, 0x06, 0x05, 0x07, 0x07, 0x06, 0x06, 0x03, 0x03, 0x09, 0x90, 0x01, 
	0x04, 0x08, 0x08, 0x0A, 0x06, 0x06, 0x82, 0x07, 0x0E, 0x0B, 0x07, 0x05, 0x07, 0x06, 0x07, 0x07, 
	0x06, 0x07, 0x07, 0x06, 0x07, 0x0C, 0x17, 0x1C, 0x90, 0x01, 0x02, 0x1C, 0x0F, 0x13, 0x80, 0x01, 
	0x80, 0x12, 0x08, 0x01, 0x01, 0x12, 0x01, 0x12, 0x01, 0x01, 0x12, 0x12, 0x80, 0x01, 0x02, 0x1C, 
	0x0F, 0x1D, 0x82, 0x01, 0x00, 0x12, 0x82, 0x01, 0x00, 0x12, 0x80, 0x01, 0x81, 0x12, 0x02, 0x1C, 
	0x0E, 0x0F, 0x83, 0x07, 0x00, 0x05, 0x84, 0x07, 0x07, 0x06, 0x07, 0x06, 0x07, 0x07, 0x06, 0x1E, 
	0x0C, 0x81, 0x07, 0x04, 0x06, 0x07, 0x05, 0x06, 0x06, 0x80, 0x07, 0x00, 0x06, 0x82, 0x07, 0x05, 
	0x06, 0x06, 0x0A, 0x0F, 0x1F, 0x01, 0x81, 0x12, 0x00, 0x01, 0x81, 0x12, 0x00, 0x01, 0x80, 0x12, 
	0x01, 0x01, 0x12, 0x80, 0x01, 0x08, 0x10, 0x20, 0x1F, 0x1C, 0x01, 0x12, 0x01, 0x01, 0x12, 0x85, 
	0x01, 0x81, 0x12, 0x05, 0x01, 0x09, 0x17, 0x1E, 0x06, 0x06, 0x82, 0x07, 0x00, 0x06, 0x80, 0x07, 
	0x03, 0x05, 0x07, 0x07, 0x06, 0x80, 0x07, 0x10, 0x06, 0x0F, 0x21, 0x0F, 0x1C, 0x01, 0x01, 0x12, 
	0x01, 0x12, 0x12, 0x01, 0x01, 0x12, 0x01, 0x01, 0x12, 0x82, 0x01, 0x03, 0x09, 0x0F, 0x13, 0x0A, 
	0x8A, 0x07, 0x00, 0x06, 0x82, 0x07, 0x0D, 0x19, 0x03, 0x1A, 0x06, 0x07, 0x07, 0x06, 0x07, 0x06, 
	0x07, 0x05, 0x06, 0x05, 0x05, 0x83, 0x07, 0x05, 0x06, 0x07, 0x22, 0x08, 0x1B, 0x05, 0x80, 0x07, 
	0x80, 0x01, 0x05, 0x02, 0x03, 0x03, 0x04, 0x05, 0x05, 0x85, 0x06, 0x03, 0x05, 0x06, 0x06, 0x07, 
	0x81, 0x06, 0x03, 0x05, 0x03, 0x08, 0x09, 0x90, 0x01, 0x03, 0x03, 0x03, 0x0A, 0x0B, 0x87, 0x06, 
	0x00, 0x07, 0x84, 0x06, 0x02, 0x08, 0x0C, 0x0D, 0x91, 0x01, 0x02, 0x0E, 0x0F, 0x02, 0x8F, 0x01, 
	0x02, 0x10, 0x0F, 0x11, 0x8C, 0x01, 0x80, 0x12, 0x03, 0x01, 0x01, 0x13, 0x0F, 0x82, 0x07, 0x00, 
	0x06, 0x81, 0x07, 0x06, 0x06, 0x07, 0x05, 0x06, 0x07, 0x07, 0x06, 0x80, 0x07, 0x03, 0x14, 0x0C, 
	0x0A, 0x06, 0x81, 0x07, 0x03, 0x05, 0x07, 0x07, 0x06, 0x80, 0x07, 0x00, 0x06, 0x83, 0x07, 0x02, 
	0x05, 0x0C, 0x15, 0x82, 0x01, 0x81, 0x12, 0x01, 0x01, 0x12, 0x83, 0x01, 0x08, 0x12, 0x01, 0x01, 
	0x16, 0x16, 0x01, 0x01, 0x12, 0x01, 0x81, 0x12, 0x84, 0x01, 0x81, 0x12, 0x02, 0x01, 0x0F, 0x16, 
	0x82, 0x06, 0x0B, 0x07, 0x07, 0x06, 0x07, 0x06, 0x07, 0x06, 0x06, 0x07, 0x06, 0x07, 0x06, 0x80, 
	0x07, 0x02, 0x17, 0x18, 0x11, 0x8F, 0x01, 0x12, 0x02, 0x0F, 0x16, 0x14, 0x06, 0x07, 0x06, 0x06, 
	0x07, 0x06, 0x07, 0x06, 0x07, 0x06, 0x07, 0x07, 0x06, 0x06, 0x07, 0x81, 0x06, 0x04, 0x19, 0x08, 
	0x1A, 0x06, 0x07, 0x80, 0x06, 0x08, 0x07, 0x06, 0x07, 0x06, 0x07, 0x06, 0x07, 0x06, 0x06, 0x80, 
	0x05, 0x04, 0x07, 0x05, 0x1B, 0x03, 0x14, 0x80, 0x05, 0xFF, 0x00, 0xFF, 0x00, 0xB9, 0x00, 0xFF, 
	0x00, 0xFF, 0x00, 0xB9, 0x00, 0xFF, 0x00, 0xFF, 0x00, 0xB9, 0x00, 0xFF, 0x00, 0xFF, 0x00, 0xB9, 
	0x00, 0xFF, 0x00, 0xFF, 0x00, 0xB9, 0x00, 0xFF, 0x00, 0xFF, 0x00, 0xB9, 0x00, 0xFF, 0x00, 0xFF, 
	0x00, 0xB9, 0x00, 0xFF, 0x00, 0xFF, 0x00, 0xB9, 0x00, 0xFF, 0x00, 0xFF, 0x00, 0xB9, 0x00, 0xFF, 
	0x00, 0xFF, 0x00, 0xB9, 0x00, 0xFF, 0x00, 0xFF, 0x00, 0xB9, 0x00, 0xFF, 0x00, 0xFF, 0x00, 0xB9, 
	0x00, 0xFF, 0x00, 0xFF, 0x00, 0xB9, 0x00, 0xFF, 0x00, 0xFF, 0x00, 0xB9, 0x00, 0xFF, 0x00, 0xFF, 
	0x00, 0xB9, 0x00, 0xFF, 0x00, 0xFF, 0x00, 0xB9, 0x00, 0xFF, 0x00, 0xFF, 0x00, 0xB9, 0x00, 0xFF, 
	0x00, 0xFF, 0x00, 0xB9, 0x00, 0xFF, 0x00, 0xFF, 0x00, 0xB9, 0x00, 0xFF, 0x00, 0xFF, 0x00, 0xB9, 
	0x00, 0xFF, 0x00, 0xFF, 0x00, 0xB9, 0x00, 0xFF, 0x00, 0xFF, 0x00, 0xB9, 0x00, 0xFF, 0x00, 0xFF, 
	0x00, 0xB9, 0x00, 0xFF, 0x00, 0xFF, 0x00, 0xB9, 0x00, 0xFF, 0x00, 0xFF, 0x00, 0xB9, 0x00, 0xFF, 
	0x00, 0xFF, 0x00, 0xB9, 0x00, 0xFF, 0x00, 0xFF, 0x00, 0xB9, 0x00, 0xFF, 0x00, 0xFF, 0x00, 0xB9, 
	0x00, 0xFF, 0x00, 0xFF, 0x00, 0xB9, 0x00, 0xFF, 0x00, 0xFF, 0x00, 0xB9, 0x00, 0xFF, 0x00, 0xFF, 
	0x00, 0xB9, 0x00, 0xFF, 0x00, 0xFF, 0x00, 0xB9, 0x00, 0xFF, 0x00, 0xFF, 0x00, 0xB9, 0x00, 0xFF, 
	0x00, 0xFF, 0x00, 0xB9, 0x00, 0xFF, 0x00, 0xFF, 0x00, 0xB9, 0x00, 0xFF, 0x00, 0xFF, 0x00, 0xB9, 
	0x00, 0xFF, 0x00, 0xFF, 0x00, 0xB9, 0x00, 0xFF, 0x00, 0xFF, 0x00, 0xB9, 0x00, 0xFF, 0x00, 0xFF, 
	0x00, 0xB9, 0x00, 0xFF, 0x00, 0xFF, 0x00, 0xB9, 0x00, 0xFF, 0x00, 0xFF, 0x00, 0xB9, 0x00, 0xFF, 
	0x00, 0xFF, 0x00, 0xB9, 0x00, 0xFF, 0x00, 0xFF, 0x00, 0xB9, 0x00, 0xFF, 0x00, 0xFF, 0x00, 0xB9, 
	0x00, 0xFF, 0x00, 0xFF, 0x00, 0xB9, 0x00, 0xFF, 0x00, 0xFF, 0x00, 0xB9, 0x00, 0xFF, 0x00, 0xFF, 
	0x00, 0xB9, 0x00, 0xFF, 0x00, 0xFF, 0x00, 0xB9, 0x00, 0xFF, 0x00, 0xFF, 0x00, 0xB9, 0x00, 0xFF, 
	0x00, 0xFF, 0x00, 0xB9, 0x00, 0xFF, 0x00, 0xFF, 0x00, 0xB9, 0x00, 0xFF, 0x00, 0xFF, 0x00, 0xB9, 
	0x00, 0xFF, 0x00, 0xFF, 0x00, 0xB9, 0x00, 0xFF, 0x00, 0xFF, 0x00, 0xB9, 0x00, 
};
